model_type,retrainer,exp_type,window,date_start,pre_retrain_f1,post_retrain_f1,f1_delta,in_stress_window
lr,adwin_delta_0.01,adwin,65,2022-05-06,0.2963,0.4952,0.199,True
lr,causal_tau_1_0.83_tau_2_0.72_lb_3,causal,7,2017-07-06,0.2835,0.3327,0.0492,False
lr,causal_tau_1_0.83_tau_2_0.72_lb_3,causal,11,2017-11-02,0.3327,0.5842,0.2515,False
lr,causal_tau_1_0.83_tau_2_0.72_lb_3,causal,16,2018-04-06,0.5428,0.4455,-0.0972,False
lr,causal_tau_1_0.83_tau_2_0.72_lb_3,causal,20,2018-08-06,0.4455,0.4041,-0.0415,False
lr,causal_tau_1_0.83_tau_2_0.72_lb_3,causal,24,2018-12-04,0.4041,0.3354,-0.0687,False
lr,causal_tau_1_0.83_tau_2_0.72_lb_3,causal,28,2019-04-08,0.3354,0.3787,0.0433,False
lr,causal_tau_1_0.83_tau_2_0.72_lb_3,causal,31,2019-07-09,0.3303,0.3681,0.0377,False
lr,causal_tau_1_0.83_tau_2_0.72_lb_3,causal,38,2020-02-06,0.5855,0.2827,-0.3028,True
lr,causal_tau_1_0.83_tau_2_0.72_lb_3,causal,42,2020-06-08,0.2827,0.4094,0.1267,False
lr,causal_tau_1_0.83_tau_2_0.72_lb_3,causal,46,2020-10-06,0.4094,0.3021,-0.1073,False
lr,causal_tau_1_0.83_tau_2_0.72_lb_3,causal,52,2021-04-08,0.2373,0.2863,0.0489,False
lr,causal_tau_1_0.83_tau_2_0.72_lb_3,causal,56,2021-08-06,0.2863,0.3898,0.1036,False
lr,causal_tau_1_0.83_tau_2_0.72_lb_3,causal,60,2021-12-06,0.3898,0.2663,-0.1235,False
lr,causal_tau_1_0.83_tau_2_0.72_lb_3,causal,64,2022-04-06,0.2663,0.5683,0.302,True
lr,causal_tau_1_0.83_tau_2_0.72_lb_3,causal,68,2022-08-08,0.5683,0.3417,-0.2266,False
lr,causal_tau_1_0.83_tau_2_0.72_lb_3,causal,74,2023-02-07,0.4346,0.2328,-0.2018,False
lr,causal_tau_1_0.83_tau_2_0.72_lb_3,causal,78,2023-06-08,0.2328,0.4374,0.2046,False
lr,causal_tau_1_0.83_tau_2_0.72_lb_4,causal,9,2017-09-05,0.3139,0.4803,0.1664,False
lr,causal_tau_1_0.83_tau_2_0.72_lb_4,causal,13,2018-01-04,0.4803,0.4727,-0.0076,False
lr,causal_tau_1_0.83_tau_2_0.72_lb_4,causal,16,2018-04-06,0.541,0.4455,-0.0955,False
lr,causal_tau_1_0.83_tau_2_0.72_lb_4,causal,20,2018-08-06,0.4455,0.4041,-0.0415,False
lr,causal_tau_1_0.83_tau_2_0.72_lb_4,causal,24,2018-12-04,0.4041,0.3354,-0.0687,False
lr,causal_tau_1_0.83_tau_2_0.72_lb_4,causal,28,2019-04-08,0.3354,0.3787,0.0433,False
lr,causal_tau_1_0.83_tau_2_0.72_lb_4,causal,32,2019-08-07,0.3787,0.4847,0.106,False
lr,causal_tau_1_0.83_tau_2_0.72_lb_4,causal,39,2020-03-09,0.4947,0.2798,-0.2149,True
lr,causal_tau_1_0.83_tau_2_0.72_lb_4,causal,43,2020-07-08,0.2798,0.4516,0.1718,False
lr,causal_tau_1_0.83_tau_2_0.72_lb_4,causal,47,2020-11-04,0.4516,0.4114,-0.0402,False
lr,causal_tau_1_0.83_tau_2_0.72_lb_4,causal,50,2021-02-05,0.313,0.3656,0.0526,False
lr,causal_tau_1_0.83_tau_2_0.72_lb_4,causal,54,2021-06-08,0.3656,0.2092,-0.1564,False
lr,causal_tau_1_0.83_tau_2_0.72_lb_4,causal,58,2021-10-06,0.2092,0.301,0.0918,False
lr,causal_tau_1_0.83_tau_2_0.72_lb_4,causal,62,2022-02-04,0.301,0.3462,0.0451,True
lr,causal_tau_1_0.83_tau_2_0.72_lb_4,causal,66,2022-06-07,0.3462,0.5215,0.1754,False
lr,causal_tau_1_0.83_tau_2_0.72_lb_4,causal,70,2022-10-06,0.5215,0.3638,-0.1577,False
lr,causal_tau_1_0.83_tau_2_0.72_lb_4,causal,74,2023-02-07,0.3638,0.2328,-0.1311,False
lr,causal_tau_1_0.83_tau_2_0.72_lb_4,causal,78,2023-06-08,0.2328,0.4374,0.2046,False
lr,causal_tau_1_0.83_tau_2_0.72_lb_6,causal,13,2018-01-04,0.3334,0.5179,0.1845,False
lr,causal_tau_1_0.83_tau_2_0.72_lb_6,causal,17,2018-05-07,0.5179,0.3787,-0.1392,False
lr,causal_tau_1_0.83_tau_2_0.72_lb_6,causal,21,2018-09-05,0.3787,0.3663,-0.0124,False
lr,causal_tau_1_0.83_tau_2_0.72_lb_6,causal,25,2019-01-07,0.3663,0.2894,-0.0769,False
lr,causal_tau_1_0.83_tau_2_0.72_lb_6,causal,29,2019-05-08,0.2894,0.3994,0.1101,False
lr,causal_tau_1_0.83_tau_2_0.72_lb_6,causal,33,2019-09-06,0.3994,0.5945,0.1951,False
lr,causal_tau_1_0.83_tau_2_0.72_lb_6,causal,37,2020-01-07,0.5945,0.424,-0.1705,True
lr,causal_tau_1_0.83_tau_2_0.72_lb_6,causal,41,2020-05-07,0.424,0.332,-0.092,False
lr,causal_tau_1_0.83_tau_2_0.72_lb_6,causal,45,2020-09-04,0.332,0.287,-0.045,False
lr,causal_tau_1_0.83_tau_2_0.72_lb_6,causal,49,2021-01-06,0.287,0.416,0.1289,False
lr,causal_tau_1_0.83_tau_2_0.72_lb_6,causal,53,2021-05-07,0.416,0.1928,-0.2232,False
lr,causal_tau_1_0.83_tau_2_0.72_lb_6,causal,57,2021-09-07,0.1928,0.3719,0.1792,False
lr,causal_tau_1_0.83_tau_2_0.72_lb_6,causal,61,2022-01-05,0.3719,0.3441,-0.0278,False
lr,causal_tau_1_0.83_tau_2_0.72_lb_6,causal,65,2022-05-06,0.3441,0.4952,0.1511,True
lr,causal_tau_1_0.83_tau_2_0.72_lb_6,causal,69,2022-09-07,0.4952,0.3328,-0.1625,False
lr,causal_tau_1_0.83_tau_2_0.72_lb_6,causal,73,2023-01-06,0.3328,0.329,-0.0038,False
lr,causal_tau_1_0.83_tau_2_0.72_lb_6,causal,77,2023-05-09,0.329,0.4125,0.0835,False
lr,causal_tau_1_0.83_tau_2_0.72_lb_6,causal,81,2023-09-08,0.4125,0.4212,0.0087,False
lr,causal_tau_1_0.83_tau_2_0.75_lb_3,causal,7,2017-07-06,0.2835,0.3327,0.0492,False
lr,causal_tau_1_0.83_tau_2_0.75_lb_3,causal,11,2017-11-02,0.3327,0.5842,0.2515,False
lr,causal_tau_1_0.83_tau_2_0.75_lb_3,causal,16,2018-04-06,0.5428,0.4455,-0.0972,False
lr,causal_tau_1_0.83_tau_2_0.75_lb_3,causal,20,2018-08-06,0.4455,0.4041,-0.0415,False
lr,causal_tau_1_0.83_tau_2_0.75_lb_3,causal,24,2018-12-04,0.4041,0.3354,-0.0687,False
lr,causal_tau_1_0.83_tau_2_0.75_lb_3,causal,28,2019-04-08,0.3354,0.3787,0.0433,False
lr,causal_tau_1_0.83_tau_2_0.75_lb_3,causal,31,2019-07-09,0.3303,0.3681,0.0377,False
lr,causal_tau_1_0.83_tau_2_0.75_lb_3,causal,38,2020-02-06,0.5855,0.2827,-0.3028,True
lr,causal_tau_1_0.83_tau_2_0.75_lb_3,causal,42,2020-06-08,0.2827,0.4094,0.1267,False
lr,causal_tau_1_0.83_tau_2_0.75_lb_3,causal,46,2020-10-06,0.4094,0.3021,-0.1073,False
lr,causal_tau_1_0.83_tau_2_0.75_lb_3,causal,52,2021-04-08,0.2373,0.2863,0.0489,False
lr,causal_tau_1_0.83_tau_2_0.75_lb_3,causal,56,2021-08-06,0.2863,0.3898,0.1036,False
lr,causal_tau_1_0.83_tau_2_0.75_lb_3,causal,60,2021-12-06,0.3898,0.2663,-0.1235,False
lr,causal_tau_1_0.83_tau_2_0.75_lb_3,causal,64,2022-04-06,0.2663,0.5683,0.302,True
lr,causal_tau_1_0.83_tau_2_0.75_lb_3,causal,68,2022-08-08,0.5683,0.3417,-0.2266,False
lr,causal_tau_1_0.83_tau_2_0.75_lb_3,causal,74,2023-02-07,0.4346,0.2328,-0.2018,False
lr,causal_tau_1_0.83_tau_2_0.75_lb_3,causal,78,2023-06-08,0.2328,0.4374,0.2046,False
lr,causal_tau_1_0.83_tau_2_0.75_lb_4,causal,9,2017-09-05,0.3139,0.4803,0.1664,False
lr,causal_tau_1_0.83_tau_2_0.75_lb_4,causal,13,2018-01-04,0.4803,0.4727,-0.0076,False
lr,causal_tau_1_0.83_tau_2_0.75_lb_4,causal,16,2018-04-06,0.541,0.4455,-0.0955,False
lr,causal_tau_1_0.83_tau_2_0.75_lb_4,causal,20,2018-08-06,0.4455,0.4041,-0.0415,False
lr,causal_tau_1_0.83_tau_2_0.75_lb_4,causal,24,2018-12-04,0.4041,0.3354,-0.0687,False
lr,causal_tau_1_0.83_tau_2_0.75_lb_4,causal,28,2019-04-08,0.3354,0.3787,0.0433,False
lr,causal_tau_1_0.83_tau_2_0.75_lb_4,causal,32,2019-08-07,0.3787,0.4847,0.106,False
lr,causal_tau_1_0.83_tau_2_0.75_lb_4,causal,39,2020-03-09,0.4947,0.2798,-0.2149,True
lr,causal_tau_1_0.83_tau_2_0.75_lb_4,causal,43,2020-07-08,0.2798,0.4516,0.1718,False
lr,causal_tau_1_0.83_tau_2_0.75_lb_4,causal,47,2020-11-04,0.4516,0.4114,-0.0402,False
lr,causal_tau_1_0.83_tau_2_0.75_lb_4,causal,50,2021-02-05,0.313,0.3656,0.0526,False
lr,causal_tau_1_0.83_tau_2_0.75_lb_4,causal,54,2021-06-08,0.3656,0.2092,-0.1564,False
lr,causal_tau_1_0.83_tau_2_0.75_lb_4,causal,58,2021-10-06,0.2092,0.301,0.0918,False
lr,causal_tau_1_0.83_tau_2_0.75_lb_4,causal,62,2022-02-04,0.301,0.3462,0.0451,True
lr,causal_tau_1_0.83_tau_2_0.75_lb_4,causal,66,2022-06-07,0.3462,0.5215,0.1754,False
lr,causal_tau_1_0.83_tau_2_0.75_lb_4,causal,70,2022-10-06,0.5215,0.3638,-0.1577,False
lr,causal_tau_1_0.83_tau_2_0.75_lb_4,causal,74,2023-02-07,0.3638,0.2328,-0.1311,False
lr,causal_tau_1_0.83_tau_2_0.75_lb_4,causal,78,2023-06-08,0.2328,0.4374,0.2046,False
lr,causal_tau_1_0.83_tau_2_0.75_lb_6,causal,13,2018-01-04,0.3334,0.5179,0.1845,False
lr,causal_tau_1_0.83_tau_2_0.75_lb_6,causal,17,2018-05-07,0.5179,0.3787,-0.1392,False
lr,causal_tau_1_0.83_tau_2_0.75_lb_6,causal,21,2018-09-05,0.3787,0.3663,-0.0124,False
lr,causal_tau_1_0.83_tau_2_0.75_lb_6,causal,25,2019-01-07,0.3663,0.2894,-0.0769,False
lr,causal_tau_1_0.83_tau_2_0.75_lb_6,causal,29,2019-05-08,0.2894,0.3994,0.1101,False
lr,causal_tau_1_0.83_tau_2_0.75_lb_6,causal,33,2019-09-06,0.3994,0.5945,0.1951,False
lr,causal_tau_1_0.83_tau_2_0.75_lb_6,causal,37,2020-01-07,0.5945,0.424,-0.1705,True
lr,causal_tau_1_0.83_tau_2_0.75_lb_6,causal,41,2020-05-07,0.424,0.332,-0.092,False
lr,causal_tau_1_0.83_tau_2_0.75_lb_6,causal,45,2020-09-04,0.332,0.287,-0.045,False
lr,causal_tau_1_0.83_tau_2_0.75_lb_6,causal,49,2021-01-06,0.287,0.416,0.1289,False
lr,causal_tau_1_0.83_tau_2_0.75_lb_6,causal,53,2021-05-07,0.416,0.1928,-0.2232,False
lr,causal_tau_1_0.83_tau_2_0.75_lb_6,causal,57,2021-09-07,0.1928,0.3719,0.1792,False
lr,causal_tau_1_0.83_tau_2_0.75_lb_6,causal,61,2022-01-05,0.3719,0.3441,-0.0278,False
lr,causal_tau_1_0.83_tau_2_0.75_lb_6,causal,65,2022-05-06,0.3441,0.4952,0.1511,True
lr,causal_tau_1_0.83_tau_2_0.75_lb_6,causal,69,2022-09-07,0.4952,0.3328,-0.1625,False
lr,causal_tau_1_0.83_tau_2_0.75_lb_6,causal,73,2023-01-06,0.3328,0.329,-0.0038,False
lr,causal_tau_1_0.83_tau_2_0.75_lb_6,causal,77,2023-05-09,0.329,0.4125,0.0835,False
lr,causal_tau_1_0.83_tau_2_0.75_lb_6,causal,81,2023-09-08,0.4125,0.4212,0.0087,False
lr,causal_tau_1_0.83_tau_2_0.78_lb_3,causal,7,2017-07-06,0.2835,0.3327,0.0492,False
lr,causal_tau_1_0.83_tau_2_0.78_lb_3,causal,11,2017-11-02,0.3327,0.5842,0.2515,False
lr,causal_tau_1_0.83_tau_2_0.78_lb_3,causal,16,2018-04-06,0.5428,0.4455,-0.0972,False
lr,causal_tau_1_0.83_tau_2_0.78_lb_3,causal,20,2018-08-06,0.4455,0.4041,-0.0415,False
lr,causal_tau_1_0.83_tau_2_0.78_lb_3,causal,24,2018-12-04,0.4041,0.3354,-0.0687,False
lr,causal_tau_1_0.83_tau_2_0.78_lb_3,causal,28,2019-04-08,0.3354,0.3787,0.0433,False
lr,causal_tau_1_0.83_tau_2_0.78_lb_3,causal,31,2019-07-09,0.3303,0.3681,0.0377,False
lr,causal_tau_1_0.83_tau_2_0.78_lb_3,causal,38,2020-02-06,0.5855,0.2827,-0.3028,True
lr,causal_tau_1_0.83_tau_2_0.78_lb_3,causal,42,2020-06-08,0.2827,0.4094,0.1267,False
lr,causal_tau_1_0.83_tau_2_0.78_lb_3,causal,46,2020-10-06,0.4094,0.3021,-0.1073,False
lr,causal_tau_1_0.83_tau_2_0.78_lb_3,causal,50,2021-02-05,0.3021,0.3656,0.0635,False
lr,causal_tau_1_0.83_tau_2_0.78_lb_3,causal,54,2021-06-08,0.3656,0.2092,-0.1564,False
lr,causal_tau_1_0.83_tau_2_0.78_lb_3,causal,58,2021-10-06,0.2092,0.301,0.0918,False
lr,causal_tau_1_0.83_tau_2_0.78_lb_3,causal,62,2022-02-04,0.301,0.3462,0.0451,True
lr,causal_tau_1_0.83_tau_2_0.78_lb_3,causal,68,2022-08-08,0.3736,0.3417,-0.0318,False
lr,causal_tau_1_0.83_tau_2_0.78_lb_3,causal,74,2023-02-07,0.4346,0.2328,-0.2018,False
lr,causal_tau_1_0.83_tau_2_0.78_lb_3,causal,78,2023-06-08,0.2328,0.4374,0.2046,False
lr,causal_tau_1_0.83_tau_2_0.78_lb_4,causal,9,2017-09-05,0.3139,0.4803,0.1664,False
lr,causal_tau_1_0.83_tau_2_0.78_lb_4,causal,13,2018-01-04,0.4803,0.4727,-0.0076,False
lr,causal_tau_1_0.83_tau_2_0.78_lb_4,causal,16,2018-04-06,0.541,0.4455,-0.0955,False
lr,causal_tau_1_0.83_tau_2_0.78_lb_4,causal,20,2018-08-06,0.4455,0.4041,-0.0415,False
lr,causal_tau_1_0.83_tau_2_0.78_lb_4,causal,24,2018-12-04,0.4041,0.3354,-0.0687,False
lr,causal_tau_1_0.83_tau_2_0.78_lb_4,causal,28,2019-04-08,0.3354,0.3787,0.0433,False
lr,causal_tau_1_0.83_tau_2_0.78_lb_4,causal,32,2019-08-07,0.3787,0.4847,0.106,False
lr,causal_tau_1_0.83_tau_2_0.78_lb_4,causal,39,2020-03-09,0.4947,0.2798,-0.2149,True
lr,causal_tau_1_0.83_tau_2_0.78_lb_4,causal,43,2020-07-08,0.2798,0.4516,0.1718,False
lr,causal_tau_1_0.83_tau_2_0.78_lb_4,causal,47,2020-11-04,0.4516,0.4114,-0.0402,False
lr,causal_tau_1_0.83_tau_2_0.78_lb_4,causal,50,2021-02-05,0.313,0.3656,0.0526,False
lr,causal_tau_1_0.83_tau_2_0.78_lb_4,causal,54,2021-06-08,0.3656,0.2092,-0.1564,False
lr,causal_tau_1_0.83_tau_2_0.78_lb_4,causal,58,2021-10-06,0.2092,0.301,0.0918,False
lr,causal_tau_1_0.83_tau_2_0.78_lb_4,causal,62,2022-02-04,0.301,0.3462,0.0451,True
lr,causal_tau_1_0.83_tau_2_0.78_lb_4,causal,66,2022-06-07,0.3462,0.5215,0.1754,False
lr,causal_tau_1_0.83_tau_2_0.78_lb_4,causal,70,2022-10-06,0.5215,0.3638,-0.1577,False
lr,causal_tau_1_0.83_tau_2_0.78_lb_4,causal,74,2023-02-07,0.3638,0.2328,-0.1311,False
lr,causal_tau_1_0.83_tau_2_0.78_lb_4,causal,78,2023-06-08,0.2328,0.4374,0.2046,False
lr,causal_tau_1_0.83_tau_2_0.78_lb_6,causal,13,2018-01-04,0.3334,0.5179,0.1845,False
lr,causal_tau_1_0.83_tau_2_0.78_lb_6,causal,17,2018-05-07,0.5179,0.3787,-0.1392,False
lr,causal_tau_1_0.83_tau_2_0.78_lb_6,causal,21,2018-09-05,0.3787,0.3663,-0.0124,False
lr,causal_tau_1_0.83_tau_2_0.78_lb_6,causal,25,2019-01-07,0.3663,0.2894,-0.0769,False
lr,causal_tau_1_0.83_tau_2_0.78_lb_6,causal,29,2019-05-08,0.2894,0.3994,0.1101,False
lr,causal_tau_1_0.83_tau_2_0.78_lb_6,causal,33,2019-09-06,0.3994,0.5945,0.1951,False
lr,causal_tau_1_0.83_tau_2_0.78_lb_6,causal,37,2020-01-07,0.5945,0.424,-0.1705,True
lr,causal_tau_1_0.83_tau_2_0.78_lb_6,causal,41,2020-05-07,0.424,0.332,-0.092,False
lr,causal_tau_1_0.83_tau_2_0.78_lb_6,causal,45,2020-09-04,0.332,0.287,-0.045,False
lr,causal_tau_1_0.83_tau_2_0.78_lb_6,causal,49,2021-01-06,0.287,0.416,0.1289,False
lr,causal_tau_1_0.83_tau_2_0.78_lb_6,causal,53,2021-05-07,0.416,0.1928,-0.2232,False
lr,causal_tau_1_0.83_tau_2_0.78_lb_6,causal,57,2021-09-07,0.1928,0.3719,0.1792,False
lr,causal_tau_1_0.83_tau_2_0.78_lb_6,causal,61,2022-01-05,0.3719,0.3441,-0.0278,False
lr,causal_tau_1_0.83_tau_2_0.78_lb_6,causal,65,2022-05-06,0.3441,0.4952,0.1511,True
lr,causal_tau_1_0.83_tau_2_0.78_lb_6,causal,69,2022-09-07,0.4952,0.3328,-0.1625,False
lr,causal_tau_1_0.83_tau_2_0.78_lb_6,causal,73,2023-01-06,0.3328,0.329,-0.0038,False
lr,causal_tau_1_0.83_tau_2_0.78_lb_6,causal,77,2023-05-09,0.329,0.4125,0.0835,False
lr,causal_tau_1_0.83_tau_2_0.78_lb_6,causal,81,2023-09-08,0.4125,0.4212,0.0087,False
lr,causal_tau_1_0.88_tau_2_0.72_lb_3,causal,7,2017-07-06,0.2835,0.3327,0.0492,False
lr,causal_tau_1_0.88_tau_2_0.72_lb_3,causal,11,2017-11-02,0.3327,0.5842,0.2515,False
lr,causal_tau_1_0.88_tau_2_0.72_lb_3,causal,15,2018-03-07,0.5842,0.4426,-0.1416,False
lr,causal_tau_1_0.88_tau_2_0.72_lb_3,causal,19,2018-07-06,0.4426,0.3543,-0.0883,False
lr,causal_tau_1_0.88_tau_2_0.72_lb_3,causal,23,2018-11-02,0.3543,0.2837,-0.0705,False
lr,causal_tau_1_0.88_tau_2_0.72_lb_3,causal,27,2019-03-08,0.2837,0.3188,0.035,False
lr,causal_tau_1_0.88_tau_2_0.72_lb_3,causal,31,2019-07-09,0.3188,0.3681,0.0493,False
lr,causal_tau_1_0.88_tau_2_0.72_lb_3,causal,38,2020-02-06,0.5855,0.2827,-0.3028,True
lr,causal_tau_1_0.88_tau_2_0.72_lb_3,causal,42,2020-06-08,0.2827,0.4094,0.1267,False
lr,causal_tau_1_0.88_tau_2_0.72_lb_3,causal,46,2020-10-06,0.4094,0.3516,-0.0577,False
lr,causal_tau_1_0.88_tau_2_0.72_lb_3,causal,49,2021-01-06,0.287,0.416,0.1289,False
lr,causal_tau_1_0.88_tau_2_0.72_lb_3,causal,53,2021-05-07,0.416,0.1928,-0.2232,False
lr,causal_tau_1_0.88_tau_2_0.72_lb_3,causal,57,2021-09-07,0.1928,0.3641,0.1713,False
lr,causal_tau_1_0.88_tau_2_0.72_lb_3,causal,60,2021-12-06,0.3924,0.2171,-0.1753,False
lr,causal_tau_1_0.88_tau_2_0.72_lb_3,causal,64,2022-04-06,0.2171,0.4083,0.1912,True
lr,causal_tau_1_0.88_tau_2_0.72_lb_3,causal,68,2022-08-08,0.4083,0.3417,-0.0666,False
lr,causal_tau_1_0.88_tau_2_0.72_lb_3,causal,72,2022-12-06,0.3417,0.4639,0.1222,False
lr,causal_tau_1_0.88_tau_2_0.72_lb_3,causal,76,2023-04-10,0.4639,0.1854,-0.2785,False
lr,causal_tau_1_0.88_tau_2_0.72_lb_4,causal,9,2017-09-05,0.3139,0.4803,0.1664,False
lr,causal_tau_1_0.88_tau_2_0.72_lb_4,causal,13,2018-01-04,0.4803,0.5179,0.0376,False
lr,causal_tau_1_0.88_tau_2_0.72_lb_4,causal,17,2018-05-07,0.5179,0.3787,-0.1392,False
lr,causal_tau_1_0.88_tau_2_0.72_lb_4,causal,21,2018-09-05,0.3787,0.3663,-0.0124,False
lr,causal_tau_1_0.88_tau_2_0.72_lb_4,causal,25,2019-01-07,0.3663,0.2894,-0.0769,False
lr,causal_tau_1_0.88_tau_2_0.72_lb_4,causal,29,2019-05-08,0.2894,0.3994,0.1101,False
lr,causal_tau_1_0.88_tau_2_0.72_lb_4,causal,33,2019-09-06,0.3994,0.5945,0.1951,False
lr,causal_tau_1_0.88_tau_2_0.72_lb_4,causal,38,2020-02-06,0.6283,0.2827,-0.3456,True
lr,causal_tau_1_0.88_tau_2_0.72_lb_4,causal,42,2020-06-08,0.2827,0.4094,0.1267,False
lr,causal_tau_1_0.88_tau_2_0.72_lb_4,causal,46,2020-10-06,0.4094,0.3021,-0.1073,False
lr,causal_tau_1_0.88_tau_2_0.72_lb_4,causal,50,2021-02-05,0.3021,0.3656,0.0635,False
lr,causal_tau_1_0.88_tau_2_0.72_lb_4,causal,54,2021-06-08,0.3656,0.2092,-0.1564,False
lr,causal_tau_1_0.88_tau_2_0.72_lb_4,causal,58,2021-10-06,0.2092,0.301,0.0918,False
lr,causal_tau_1_0.88_tau_2_0.72_lb_4,causal,62,2022-02-04,0.301,0.3462,0.0451,True
lr,causal_tau_1_0.88_tau_2_0.72_lb_4,causal,66,2022-06-07,0.3462,0.5215,0.1754,False
lr,causal_tau_1_0.88_tau_2_0.72_lb_4,causal,70,2022-10-06,0.5215,0.3638,-0.1577,False
lr,causal_tau_1_0.88_tau_2_0.72_lb_4,causal,74,2023-02-07,0.3638,0.2328,-0.1311,False
lr,causal_tau_1_0.88_tau_2_0.72_lb_4,causal,78,2023-06-08,0.2328,0.4374,0.2046,False
lr,causal_tau_1_0.88_tau_2_0.72_lb_6,causal,13,2018-01-04,0.3334,0.5179,0.1845,False
lr,causal_tau_1_0.88_tau_2_0.72_lb_6,causal,17,2018-05-07,0.5179,0.3787,-0.1392,False
lr,causal_tau_1_0.88_tau_2_0.72_lb_6,causal,21,2018-09-05,0.3787,0.3663,-0.0124,False
lr,causal_tau_1_0.88_tau_2_0.72_lb_6,causal,25,2019-01-07,0.3663,0.2894,-0.0769,False
lr,causal_tau_1_0.88_tau_2_0.72_lb_6,causal,29,2019-05-08,0.2894,0.3994,0.1101,False
lr,causal_tau_1_0.88_tau_2_0.72_lb_6,causal,33,2019-09-06,0.3994,0.5945,0.1951,False
lr,causal_tau_1_0.88_tau_2_0.72_lb_6,causal,37,2020-01-07,0.5945,0.424,-0.1705,True
lr,causal_tau_1_0.88_tau_2_0.72_lb_6,causal,41,2020-05-07,0.424,0.332,-0.092,False
lr,causal_tau_1_0.88_tau_2_0.72_lb_6,causal,45,2020-09-04,0.332,0.287,-0.045,False
lr,causal_tau_1_0.88_tau_2_0.72_lb_6,causal,49,2021-01-06,0.287,0.416,0.1289,False
lr,causal_tau_1_0.88_tau_2_0.72_lb_6,causal,53,2021-05-07,0.416,0.1928,-0.2232,False
lr,causal_tau_1_0.88_tau_2_0.72_lb_6,causal,57,2021-09-07,0.1928,0.3719,0.1792,False
lr,causal_tau_1_0.88_tau_2_0.72_lb_6,causal,61,2022-01-05,0.3719,0.3441,-0.0278,False
lr,causal_tau_1_0.88_tau_2_0.72_lb_6,causal,65,2022-05-06,0.3441,0.4952,0.1511,True
lr,causal_tau_1_0.88_tau_2_0.72_lb_6,causal,69,2022-09-07,0.4952,0.3328,-0.1625,False
lr,causal_tau_1_0.88_tau_2_0.72_lb_6,causal,73,2023-01-06,0.3328,0.329,-0.0038,False
lr,causal_tau_1_0.88_tau_2_0.72_lb_6,causal,77,2023-05-09,0.329,0.4125,0.0835,False
lr,causal_tau_1_0.88_tau_2_0.72_lb_6,causal,81,2023-09-08,0.4125,0.4212,0.0087,False
lr,causal_tau_1_0.88_tau_2_0.75_lb_3,causal,7,2017-07-06,0.2835,0.3327,0.0492,False
lr,causal_tau_1_0.88_tau_2_0.75_lb_3,causal,11,2017-11-02,0.3327,0.5842,0.2515,False
lr,causal_tau_1_0.88_tau_2_0.75_lb_3,causal,15,2018-03-07,0.5842,0.4426,-0.1416,False
lr,causal_tau_1_0.88_tau_2_0.75_lb_3,causal,19,2018-07-06,0.4426,0.3543,-0.0883,False
lr,causal_tau_1_0.88_tau_2_0.75_lb_3,causal,23,2018-11-02,0.3543,0.2837,-0.0705,False
lr,causal_tau_1_0.88_tau_2_0.75_lb_3,causal,27,2019-03-08,0.2837,0.3188,0.035,False
lr,causal_tau_1_0.88_tau_2_0.75_lb_3,causal,31,2019-07-09,0.3188,0.3681,0.0493,False
lr,causal_tau_1_0.88_tau_2_0.75_lb_3,causal,38,2020-02-06,0.5855,0.2827,-0.3028,True
lr,causal_tau_1_0.88_tau_2_0.75_lb_3,causal,42,2020-06-08,0.2827,0.4094,0.1267,False
lr,causal_tau_1_0.88_tau_2_0.75_lb_3,causal,46,2020-10-06,0.4094,0.3516,-0.0577,False
lr,causal_tau_1_0.88_tau_2_0.75_lb_3,causal,49,2021-01-06,0.287,0.416,0.1289,False
lr,causal_tau_1_0.88_tau_2_0.75_lb_3,causal,53,2021-05-07,0.416,0.1928,-0.2232,False
lr,causal_tau_1_0.88_tau_2_0.75_lb_3,causal,57,2021-09-07,0.1928,0.3641,0.1713,False
lr,causal_tau_1_0.88_tau_2_0.75_lb_3,causal,60,2021-12-06,0.3924,0.2171,-0.1753,False
lr,causal_tau_1_0.88_tau_2_0.75_lb_3,causal,64,2022-04-06,0.2171,0.4083,0.1912,True
lr,causal_tau_1_0.88_tau_2_0.75_lb_3,causal,68,2022-08-08,0.4083,0.3417,-0.0666,False
lr,causal_tau_1_0.88_tau_2_0.75_lb_3,causal,72,2022-12-06,0.3417,0.4639,0.1222,False
lr,causal_tau_1_0.88_tau_2_0.75_lb_3,causal,76,2023-04-10,0.4639,0.1854,-0.2785,False
lr,causal_tau_1_0.88_tau_2_0.75_lb_4,causal,9,2017-09-05,0.3139,0.4803,0.1664,False
lr,causal_tau_1_0.88_tau_2_0.75_lb_4,causal,13,2018-01-04,0.4803,0.5179,0.0376,False
lr,causal_tau_1_0.88_tau_2_0.75_lb_4,causal,17,2018-05-07,0.5179,0.3787,-0.1392,False
lr,causal_tau_1_0.88_tau_2_0.75_lb_4,causal,21,2018-09-05,0.3787,0.3663,-0.0124,False
lr,causal_tau_1_0.88_tau_2_0.75_lb_4,causal,25,2019-01-07,0.3663,0.2894,-0.0769,False
lr,causal_tau_1_0.88_tau_2_0.75_lb_4,causal,29,2019-05-08,0.2894,0.3994,0.1101,False
lr,causal_tau_1_0.88_tau_2_0.75_lb_4,causal,33,2019-09-06,0.3994,0.5945,0.1951,False
lr,causal_tau_1_0.88_tau_2_0.75_lb_4,causal,38,2020-02-06,0.6283,0.2827,-0.3456,True
lr,causal_tau_1_0.88_tau_2_0.75_lb_4,causal,42,2020-06-08,0.2827,0.4094,0.1267,False
lr,causal_tau_1_0.88_tau_2_0.75_lb_4,causal,46,2020-10-06,0.4094,0.3021,-0.1073,False
lr,causal_tau_1_0.88_tau_2_0.75_lb_4,causal,50,2021-02-05,0.3021,0.3656,0.0635,False
lr,causal_tau_1_0.88_tau_2_0.75_lb_4,causal,54,2021-06-08,0.3656,0.2092,-0.1564,False
lr,causal_tau_1_0.88_tau_2_0.75_lb_4,causal,58,2021-10-06,0.2092,0.301,0.0918,False
lr,causal_tau_1_0.88_tau_2_0.75_lb_4,causal,62,2022-02-04,0.301,0.3462,0.0451,True
lr,causal_tau_1_0.88_tau_2_0.75_lb_4,causal,66,2022-06-07,0.3462,0.5215,0.1754,False
lr,causal_tau_1_0.88_tau_2_0.75_lb_4,causal,70,2022-10-06,0.5215,0.3638,-0.1577,False
lr,causal_tau_1_0.88_tau_2_0.75_lb_4,causal,74,2023-02-07,0.3638,0.2328,-0.1311,False
lr,causal_tau_1_0.88_tau_2_0.75_lb_4,causal,78,2023-06-08,0.2328,0.4374,0.2046,False
lr,causal_tau_1_0.88_tau_2_0.75_lb_6,causal,13,2018-01-04,0.3334,0.5179,0.1845,False
lr,causal_tau_1_0.88_tau_2_0.75_lb_6,causal,17,2018-05-07,0.5179,0.3787,-0.1392,False
lr,causal_tau_1_0.88_tau_2_0.75_lb_6,causal,21,2018-09-05,0.3787,0.3663,-0.0124,False
lr,causal_tau_1_0.88_tau_2_0.75_lb_6,causal,25,2019-01-07,0.3663,0.2894,-0.0769,False
lr,causal_tau_1_0.88_tau_2_0.75_lb_6,causal,29,2019-05-08,0.2894,0.3994,0.1101,False
lr,causal_tau_1_0.88_tau_2_0.75_lb_6,causal,33,2019-09-06,0.3994,0.5945,0.1951,False
lr,causal_tau_1_0.88_tau_2_0.75_lb_6,causal,37,2020-01-07,0.5945,0.424,-0.1705,True
lr,causal_tau_1_0.88_tau_2_0.75_lb_6,causal,41,2020-05-07,0.424,0.332,-0.092,False
lr,causal_tau_1_0.88_tau_2_0.75_lb_6,causal,45,2020-09-04,0.332,0.287,-0.045,False
lr,causal_tau_1_0.88_tau_2_0.75_lb_6,causal,49,2021-01-06,0.287,0.416,0.1289,False
lr,causal_tau_1_0.88_tau_2_0.75_lb_6,causal,53,2021-05-07,0.416,0.1928,-0.2232,False
lr,causal_tau_1_0.88_tau_2_0.75_lb_6,causal,57,2021-09-07,0.1928,0.3719,0.1792,False
lr,causal_tau_1_0.88_tau_2_0.75_lb_6,causal,61,2022-01-05,0.3719,0.3441,-0.0278,False
lr,causal_tau_1_0.88_tau_2_0.75_lb_6,causal,65,2022-05-06,0.3441,0.4952,0.1511,True
lr,causal_tau_1_0.88_tau_2_0.75_lb_6,causal,69,2022-09-07,0.4952,0.3328,-0.1625,False
lr,causal_tau_1_0.88_tau_2_0.75_lb_6,causal,73,2023-01-06,0.3328,0.329,-0.0038,False
lr,causal_tau_1_0.88_tau_2_0.75_lb_6,causal,77,2023-05-09,0.329,0.4125,0.0835,False
lr,causal_tau_1_0.88_tau_2_0.75_lb_6,causal,81,2023-09-08,0.4125,0.4212,0.0087,False
lr,causal_tau_1_0.88_tau_2_0.78_lb_3,causal,7,2017-07-06,0.2835,0.3327,0.0492,False
lr,causal_tau_1_0.88_tau_2_0.78_lb_3,causal,11,2017-11-02,0.3327,0.5842,0.2515,False
lr,causal_tau_1_0.88_tau_2_0.78_lb_3,causal,15,2018-03-07,0.5842,0.4426,-0.1416,False
lr,causal_tau_1_0.88_tau_2_0.78_lb_3,causal,19,2018-07-06,0.4426,0.3543,-0.0883,False
lr,causal_tau_1_0.88_tau_2_0.78_lb_3,causal,23,2018-11-02,0.3543,0.2837,-0.0705,False
lr,causal_tau_1_0.88_tau_2_0.78_lb_3,causal,27,2019-03-08,0.2837,0.3188,0.035,False
lr,causal_tau_1_0.88_tau_2_0.78_lb_3,causal,31,2019-07-09,0.3188,0.3681,0.0493,False
lr,causal_tau_1_0.88_tau_2_0.78_lb_3,causal,38,2020-02-06,0.5855,0.2827,-0.3028,True
lr,causal_tau_1_0.88_tau_2_0.78_lb_3,causal,42,2020-06-08,0.2827,0.4094,0.1267,False
lr,causal_tau_1_0.88_tau_2_0.78_lb_3,causal,46,2020-10-06,0.4094,0.3516,-0.0577,False
lr,causal_tau_1_0.88_tau_2_0.78_lb_3,causal,49,2021-01-06,0.287,0.416,0.1289,False
lr,causal_tau_1_0.88_tau_2_0.78_lb_3,causal,53,2021-05-07,0.416,0.1928,-0.2232,False
lr,causal_tau_1_0.88_tau_2_0.78_lb_3,causal,57,2021-09-07,0.1928,0.3641,0.1713,False
lr,causal_tau_1_0.88_tau_2_0.78_lb_3,causal,60,2021-12-06,0.3924,0.2171,-0.1753,False
lr,causal_tau_1_0.88_tau_2_0.78_lb_3,causal,64,2022-04-06,0.2171,0.4083,0.1912,True
lr,causal_tau_1_0.88_tau_2_0.78_lb_3,causal,68,2022-08-08,0.4083,0.3417,-0.0666,False
lr,causal_tau_1_0.88_tau_2_0.78_lb_3,causal,72,2022-12-06,0.3417,0.4639,0.1222,False
lr,causal_tau_1_0.88_tau_2_0.78_lb_3,causal,76,2023-04-10,0.4639,0.1854,-0.2785,False
lr,causal_tau_1_0.88_tau_2_0.78_lb_4,causal,9,2017-09-05,0.3139,0.4803,0.1664,False
lr,causal_tau_1_0.88_tau_2_0.78_lb_4,causal,13,2018-01-04,0.4803,0.5179,0.0376,False
lr,causal_tau_1_0.88_tau_2_0.78_lb_4,causal,17,2018-05-07,0.5179,0.3787,-0.1392,False
lr,causal_tau_1_0.88_tau_2_0.78_lb_4,causal,21,2018-09-05,0.3787,0.3663,-0.0124,False
lr,causal_tau_1_0.88_tau_2_0.78_lb_4,causal,25,2019-01-07,0.3663,0.2894,-0.0769,False
lr,causal_tau_1_0.88_tau_2_0.78_lb_4,causal,29,2019-05-08,0.2894,0.3994,0.1101,False
lr,causal_tau_1_0.88_tau_2_0.78_lb_4,causal,33,2019-09-06,0.3994,0.5945,0.1951,False
lr,causal_tau_1_0.88_tau_2_0.78_lb_4,causal,37,2020-01-07,0.5945,0.424,-0.1705,True
lr,causal_tau_1_0.88_tau_2_0.78_lb_4,causal,41,2020-05-07,0.424,0.332,-0.092,False
lr,causal_tau_1_0.88_tau_2_0.78_lb_4,causal,45,2020-09-04,0.332,0.287,-0.045,False
lr,causal_tau_1_0.88_tau_2_0.78_lb_4,causal,49,2021-01-06,0.287,0.416,0.1289,False
lr,causal_tau_1_0.88_tau_2_0.78_lb_4,causal,53,2021-05-07,0.416,0.1928,-0.2232,False
lr,causal_tau_1_0.88_tau_2_0.78_lb_4,causal,57,2021-09-07,0.1928,0.3719,0.1792,False
lr,causal_tau_1_0.88_tau_2_0.78_lb_4,causal,61,2022-01-05,0.3719,0.3441,-0.0278,False
lr,causal_tau_1_0.88_tau_2_0.78_lb_4,causal,65,2022-05-06,0.3441,0.4952,0.1511,True
lr,causal_tau_1_0.88_tau_2_0.78_lb_4,causal,69,2022-09-07,0.4952,0.3328,-0.1625,False
lr,causal_tau_1_0.88_tau_2_0.78_lb_4,causal,73,2023-01-06,0.3328,0.329,-0.0038,False
lr,causal_tau_1_0.88_tau_2_0.78_lb_4,causal,77,2023-05-09,0.329,0.4125,0.0835,False
lr,causal_tau_1_0.88_tau_2_0.78_lb_6,causal,13,2018-01-04,0.3334,0.5179,0.1845,False
lr,causal_tau_1_0.88_tau_2_0.78_lb_6,causal,17,2018-05-07,0.5179,0.3787,-0.1392,False
lr,causal_tau_1_0.88_tau_2_0.78_lb_6,causal,21,2018-09-05,0.3787,0.3663,-0.0124,False
lr,causal_tau_1_0.88_tau_2_0.78_lb_6,causal,25,2019-01-07,0.3663,0.2894,-0.0769,False
lr,causal_tau_1_0.88_tau_2_0.78_lb_6,causal,29,2019-05-08,0.2894,0.3994,0.1101,False
lr,causal_tau_1_0.88_tau_2_0.78_lb_6,causal,33,2019-09-06,0.3994,0.5945,0.1951,False
lr,causal_tau_1_0.88_tau_2_0.78_lb_6,causal,37,2020-01-07,0.5945,0.424,-0.1705,True
lr,causal_tau_1_0.88_tau_2_0.78_lb_6,causal,41,2020-05-07,0.424,0.332,-0.092,False
lr,causal_tau_1_0.88_tau_2_0.78_lb_6,causal,45,2020-09-04,0.332,0.287,-0.045,False
lr,causal_tau_1_0.88_tau_2_0.78_lb_6,causal,49,2021-01-06,0.287,0.416,0.1289,False
lr,causal_tau_1_0.88_tau_2_0.78_lb_6,causal,53,2021-05-07,0.416,0.1928,-0.2232,False
lr,causal_tau_1_0.88_tau_2_0.78_lb_6,causal,57,2021-09-07,0.1928,0.3719,0.1792,False
lr,causal_tau_1_0.88_tau_2_0.78_lb_6,causal,61,2022-01-05,0.3719,0.3441,-0.0278,False
lr,causal_tau_1_0.88_tau_2_0.78_lb_6,causal,65,2022-05-06,0.3441,0.4952,0.1511,True
lr,causal_tau_1_0.88_tau_2_0.78_lb_6,causal,69,2022-09-07,0.4952,0.3328,-0.1625,False
lr,causal_tau_1_0.88_tau_2_0.78_lb_6,causal,73,2023-01-06,0.3328,0.329,-0.0038,False
lr,causal_tau_1_0.88_tau_2_0.78_lb_6,causal,77,2023-05-09,0.329,0.4125,0.0835,False
lr,causal_tau_1_0.88_tau_2_0.78_lb_6,causal,81,2023-09-08,0.4125,0.4212,0.0087,False
lr,causal_tau_1_0.8_tau_2_0.72_lb_3,causal,8,2017-08-04,0.2902,0.2801,-0.01,False
lr,causal_tau_1_0.8_tau_2_0.72_lb_3,causal,12,2017-12-04,0.2801,0.5482,0.2681,False
lr,causal_tau_1_0.8_tau_2_0.72_lb_3,causal,16,2018-04-06,0.5482,0.4455,-0.1027,False
lr,causal_tau_1_0.8_tau_2_0.72_lb_3,causal,20,2018-08-06,0.4455,0.4041,-0.0415,False
lr,causal_tau_1_0.8_tau_2_0.72_lb_3,causal,24,2018-12-04,0.4041,0.3354,-0.0687,False
lr,causal_tau_1_0.8_tau_2_0.72_lb_3,causal,28,2019-04-08,0.3354,0.3787,0.0433,False
lr,causal_tau_1_0.8_tau_2_0.72_lb_3,causal,39,2020-03-09,0.5179,0.2798,-0.2381,True
lr,causal_tau_1_0.8_tau_2_0.72_lb_3,causal,44,2020-08-06,0.3396,0.546,0.2064,False
lr,causal_tau_1_0.8_tau_2_0.72_lb_3,causal,52,2021-04-08,0.4273,0.2863,-0.141,False
lr,causal_tau_1_0.8_tau_2_0.72_lb_3,causal,57,2021-09-07,0.2389,0.3641,0.1252,False
lr,causal_tau_1_0.8_tau_2_0.72_lb_3,causal,60,2021-12-06,0.3924,0.2196,-0.1728,False
lr,causal_tau_1_0.8_tau_2_0.72_lb_3,causal,63,2022-03-08,0.2526,0.4078,0.1553,True
lr,causal_tau_1_0.8_tau_2_0.72_lb_3,causal,68,2022-08-08,0.3547,0.3417,-0.013,False
lr,causal_tau_1_0.8_tau_2_0.72_lb_3,causal,75,2023-03-09,0.4885,0.2948,-0.1937,False
lr,causal_tau_1_0.8_tau_2_0.72_lb_3,causal,79,2023-07-11,0.2948,0.4455,0.1507,False
lr,causal_tau_1_0.8_tau_2_0.72_lb_4,causal,9,2017-09-05,0.3139,0.4803,0.1664,False
lr,causal_tau_1_0.8_tau_2_0.72_lb_4,causal,13,2018-01-04,0.4803,0.4727,-0.0076,False
lr,causal_tau_1_0.8_tau_2_0.72_lb_4,causal,16,2018-04-06,0.541,0.4455,-0.0955,False
lr,causal_tau_1_0.8_tau_2_0.72_lb_4,causal,20,2018-08-06,0.4455,0.4041,-0.0415,False
lr,causal_tau_1_0.8_tau_2_0.72_lb_4,causal,24,2018-12-04,0.4041,0.3354,-0.0687,False
lr,causal_tau_1_0.8_tau_2_0.72_lb_4,causal,28,2019-04-08,0.3354,0.3787,0.0433,False
lr,causal_tau_1_0.8_tau_2_0.72_lb_4,causal,32,2019-08-07,0.3787,0.4847,0.106,False
lr,causal_tau_1_0.8_tau_2_0.72_lb_4,causal,39,2020-03-09,0.4947,0.2798,-0.2149,True
lr,causal_tau_1_0.8_tau_2_0.72_lb_4,causal,43,2020-07-08,0.2798,0.4516,0.1718,False
lr,causal_tau_1_0.8_tau_2_0.72_lb_4,causal,47,2020-11-04,0.4516,0.4114,-0.0402,False
lr,causal_tau_1_0.8_tau_2_0.72_lb_4,causal,50,2021-02-05,0.313,0.3656,0.0526,False
lr,causal_tau_1_0.8_tau_2_0.72_lb_4,causal,54,2021-06-08,0.3656,0.2092,-0.1564,False
lr,causal_tau_1_0.8_tau_2_0.72_lb_4,causal,58,2021-10-06,0.2092,0.301,0.0918,False
lr,causal_tau_1_0.8_tau_2_0.72_lb_4,causal,62,2022-02-04,0.301,0.3462,0.0451,True
lr,causal_tau_1_0.8_tau_2_0.72_lb_4,causal,66,2022-06-07,0.3462,0.5215,0.1754,False
lr,causal_tau_1_0.8_tau_2_0.72_lb_4,causal,70,2022-10-06,0.5215,0.3638,-0.1577,False
lr,causal_tau_1_0.8_tau_2_0.72_lb_4,causal,74,2023-02-07,0.3638,0.2328,-0.1311,False
lr,causal_tau_1_0.8_tau_2_0.72_lb_4,causal,78,2023-06-08,0.2328,0.4374,0.2046,False
lr,causal_tau_1_0.8_tau_2_0.72_lb_6,causal,13,2018-01-04,0.3334,0.5179,0.1845,False
lr,causal_tau_1_0.8_tau_2_0.72_lb_6,causal,17,2018-05-07,0.5179,0.3787,-0.1392,False
lr,causal_tau_1_0.8_tau_2_0.72_lb_6,causal,21,2018-09-05,0.3787,0.3663,-0.0124,False
lr,causal_tau_1_0.8_tau_2_0.72_lb_6,causal,25,2019-01-07,0.3663,0.2894,-0.0769,False
lr,causal_tau_1_0.8_tau_2_0.72_lb_6,causal,29,2019-05-08,0.2894,0.3994,0.1101,False
lr,causal_tau_1_0.8_tau_2_0.72_lb_6,causal,33,2019-09-06,0.3994,0.5945,0.1951,False
lr,causal_tau_1_0.8_tau_2_0.72_lb_6,causal,37,2020-01-07,0.5945,0.424,-0.1705,True
lr,causal_tau_1_0.8_tau_2_0.72_lb_6,causal,41,2020-05-07,0.424,0.332,-0.092,False
lr,causal_tau_1_0.8_tau_2_0.72_lb_6,causal,45,2020-09-04,0.332,0.287,-0.045,False
lr,causal_tau_1_0.8_tau_2_0.72_lb_6,causal,49,2021-01-06,0.287,0.416,0.1289,False
lr,causal_tau_1_0.8_tau_2_0.72_lb_6,causal,53,2021-05-07,0.416,0.1928,-0.2232,False
lr,causal_tau_1_0.8_tau_2_0.72_lb_6,causal,57,2021-09-07,0.1928,0.3719,0.1792,False
lr,causal_tau_1_0.8_tau_2_0.72_lb_6,causal,61,2022-01-05,0.3719,0.3441,-0.0278,False
lr,causal_tau_1_0.8_tau_2_0.72_lb_6,causal,65,2022-05-06,0.3441,0.4952,0.1511,True
lr,causal_tau_1_0.8_tau_2_0.72_lb_6,causal,69,2022-09-07,0.4952,0.3328,-0.1625,False
lr,causal_tau_1_0.8_tau_2_0.72_lb_6,causal,73,2023-01-06,0.3328,0.329,-0.0038,False
lr,causal_tau_1_0.8_tau_2_0.72_lb_6,causal,77,2023-05-09,0.329,0.4125,0.0835,False
lr,causal_tau_1_0.8_tau_2_0.72_lb_6,causal,81,2023-09-08,0.4125,0.4212,0.0087,False
lr,causal_tau_1_0.8_tau_2_0.75_lb_3,causal,8,2017-08-04,0.2902,0.2801,-0.01,False
lr,causal_tau_1_0.8_tau_2_0.75_lb_3,causal,12,2017-12-04,0.2801,0.5482,0.2681,False
lr,causal_tau_1_0.8_tau_2_0.75_lb_3,causal,16,2018-04-06,0.5482,0.4455,-0.1027,False
lr,causal_tau_1_0.8_tau_2_0.75_lb_3,causal,20,2018-08-06,0.4455,0.4041,-0.0415,False
lr,causal_tau_1_0.8_tau_2_0.75_lb_3,causal,24,2018-12-04,0.4041,0.3354,-0.0687,False
lr,causal_tau_1_0.8_tau_2_0.75_lb_3,causal,28,2019-04-08,0.3354,0.3787,0.0433,False
lr,causal_tau_1_0.8_tau_2_0.75_lb_3,causal,39,2020-03-09,0.5179,0.2798,-0.2381,True
lr,causal_tau_1_0.8_tau_2_0.75_lb_3,causal,44,2020-08-06,0.3396,0.546,0.2064,False
lr,causal_tau_1_0.8_tau_2_0.75_lb_3,causal,52,2021-04-08,0.4273,0.2863,-0.141,False
lr,causal_tau_1_0.8_tau_2_0.75_lb_3,causal,57,2021-09-07,0.2389,0.3641,0.1252,False
lr,causal_tau_1_0.8_tau_2_0.75_lb_3,causal,60,2021-12-06,0.3924,0.2196,-0.1728,False
lr,causal_tau_1_0.8_tau_2_0.75_lb_3,causal,63,2022-03-08,0.2526,0.4078,0.1553,True
lr,causal_tau_1_0.8_tau_2_0.75_lb_3,causal,68,2022-08-08,0.3547,0.3417,-0.013,False
lr,causal_tau_1_0.8_tau_2_0.75_lb_3,causal,75,2023-03-09,0.4885,0.2948,-0.1937,False
lr,causal_tau_1_0.8_tau_2_0.75_lb_3,causal,79,2023-07-11,0.2948,0.4455,0.1507,False
lr,causal_tau_1_0.8_tau_2_0.75_lb_4,causal,9,2017-09-05,0.3139,0.4803,0.1664,False
lr,causal_tau_1_0.8_tau_2_0.75_lb_4,causal,13,2018-01-04,0.4803,0.4727,-0.0076,False
lr,causal_tau_1_0.8_tau_2_0.75_lb_4,causal,16,2018-04-06,0.541,0.4455,-0.0955,False
lr,causal_tau_1_0.8_tau_2_0.75_lb_4,causal,20,2018-08-06,0.4455,0.4041,-0.0415,False
lr,causal_tau_1_0.8_tau_2_0.75_lb_4,causal,24,2018-12-04,0.4041,0.3354,-0.0687,False
lr,causal_tau_1_0.8_tau_2_0.75_lb_4,causal,28,2019-04-08,0.3354,0.3787,0.0433,False
lr,causal_tau_1_0.8_tau_2_0.75_lb_4,causal,32,2019-08-07,0.3787,0.4847,0.106,False
lr,causal_tau_1_0.8_tau_2_0.75_lb_4,causal,39,2020-03-09,0.4947,0.2798,-0.2149,True
lr,causal_tau_1_0.8_tau_2_0.75_lb_4,causal,43,2020-07-08,0.2798,0.4516,0.1718,False
lr,causal_tau_1_0.8_tau_2_0.75_lb_4,causal,47,2020-11-04,0.4516,0.4114,-0.0402,False
lr,causal_tau_1_0.8_tau_2_0.75_lb_4,causal,50,2021-02-05,0.313,0.3656,0.0526,False
lr,causal_tau_1_0.8_tau_2_0.75_lb_4,causal,54,2021-06-08,0.3656,0.2092,-0.1564,False
lr,causal_tau_1_0.8_tau_2_0.75_lb_4,causal,58,2021-10-06,0.2092,0.301,0.0918,False
lr,causal_tau_1_0.8_tau_2_0.75_lb_4,causal,62,2022-02-04,0.301,0.3462,0.0451,True
lr,causal_tau_1_0.8_tau_2_0.75_lb_4,causal,66,2022-06-07,0.3462,0.5215,0.1754,False
lr,causal_tau_1_0.8_tau_2_0.75_lb_4,causal,70,2022-10-06,0.5215,0.3638,-0.1577,False
lr,causal_tau_1_0.8_tau_2_0.75_lb_4,causal,74,2023-02-07,0.3638,0.2328,-0.1311,False
lr,causal_tau_1_0.8_tau_2_0.75_lb_4,causal,78,2023-06-08,0.2328,0.4374,0.2046,False
lr,causal_tau_1_0.8_tau_2_0.75_lb_6,causal,13,2018-01-04,0.3334,0.5179,0.1845,False
lr,causal_tau_1_0.8_tau_2_0.75_lb_6,causal,17,2018-05-07,0.5179,0.3787,-0.1392,False
lr,causal_tau_1_0.8_tau_2_0.75_lb_6,causal,21,2018-09-05,0.3787,0.3663,-0.0124,False
lr,causal_tau_1_0.8_tau_2_0.75_lb_6,causal,25,2019-01-07,0.3663,0.2894,-0.0769,False
lr,causal_tau_1_0.8_tau_2_0.75_lb_6,causal,29,2019-05-08,0.2894,0.3994,0.1101,False
lr,causal_tau_1_0.8_tau_2_0.75_lb_6,causal,33,2019-09-06,0.3994,0.5945,0.1951,False
lr,causal_tau_1_0.8_tau_2_0.75_lb_6,causal,37,2020-01-07,0.5945,0.424,-0.1705,True
lr,causal_tau_1_0.8_tau_2_0.75_lb_6,causal,41,2020-05-07,0.424,0.332,-0.092,False
lr,causal_tau_1_0.8_tau_2_0.75_lb_6,causal,45,2020-09-04,0.332,0.287,-0.045,False
lr,causal_tau_1_0.8_tau_2_0.75_lb_6,causal,49,2021-01-06,0.287,0.416,0.1289,False
lr,causal_tau_1_0.8_tau_2_0.75_lb_6,causal,53,2021-05-07,0.416,0.1928,-0.2232,False
lr,causal_tau_1_0.8_tau_2_0.75_lb_6,causal,57,2021-09-07,0.1928,0.3719,0.1792,False
lr,causal_tau_1_0.8_tau_2_0.75_lb_6,causal,61,2022-01-05,0.3719,0.3441,-0.0278,False
lr,causal_tau_1_0.8_tau_2_0.75_lb_6,causal,65,2022-05-06,0.3441,0.4952,0.1511,True
lr,causal_tau_1_0.8_tau_2_0.75_lb_6,causal,69,2022-09-07,0.4952,0.3328,-0.1625,False
lr,causal_tau_1_0.8_tau_2_0.75_lb_6,causal,73,2023-01-06,0.3328,0.329,-0.0038,False
lr,causal_tau_1_0.8_tau_2_0.75_lb_6,causal,77,2023-05-09,0.329,0.4125,0.0835,False
lr,causal_tau_1_0.8_tau_2_0.75_lb_6,causal,81,2023-09-08,0.4125,0.4212,0.0087,False
lr,fixed_12,fixed,13,2018-01-04,0.5876,0.5179,-0.0697,False
lr,fixed_12,fixed,25,2019-01-07,0.3829,0.4128,0.0299,False
lr,fixed_12,fixed,37,2020-01-07,0.5288,0.3708,-0.1581,True
lr,fixed_12,fixed,49,2021-01-06,0.3604,0.416,0.0556,False
lr,fixed_12,fixed,61,2022-01-05,0.3396,0.339,-0.0006,False
lr,fixed_12,fixed,73,2023-01-06,0.3244,0.329,0.0046,False
lr,fixed_3,fixed,4,2017-04-05,0.4472,0.3991,-0.0481,False
lr,fixed_3,fixed,7,2017-07-06,0.4576,0.4138,-0.0437,False
lr,fixed_3,fixed,10,2017-10-04,0.3823,0.4643,0.082,False
lr,fixed_3,fixed,13,2018-01-04,0.4672,0.5282,0.061,False
lr,fixed_3,fixed,16,2018-04-06,0.541,0.423,-0.118,False
lr,fixed_3,fixed,19,2018-07-06,0.4341,0.3657,-0.0684,False
lr,fixed_3,fixed,22,2018-10-04,0.3741,0.344,-0.0301,False
lr,fixed_3,fixed,25,2019-01-07,0.3541,0.4128,0.0587,False
lr,fixed_3,fixed,28,2019-04-08,0.3493,0.3395,-0.0098,False
lr,fixed_3,fixed,31,2019-07-09,0.3757,0.4422,0.0666,False
lr,fixed_3,fixed,34,2019-10-07,0.4509,0.4474,-0.0036,False
lr,fixed_3,fixed,37,2020-01-07,0.4796,0.4063,-0.0733,True
lr,fixed_3,fixed,40,2020-04-07,0.379,0.4271,0.0481,True
lr,fixed_3,fixed,43,2020-07-08,0.4156,0.428,0.0124,False
lr,fixed_3,fixed,46,2020-10-06,0.4055,0.516,0.1104,False
lr,fixed_3,fixed,49,2021-01-06,0.5045,0.416,-0.0885,False
lr,fixed_3,fixed,52,2021-04-08,0.4606,0.3087,-0.1519,False
lr,fixed_3,fixed,55,2021-07-08,0.3178,0.3562,0.0384,False
lr,fixed_3,fixed,58,2021-10-06,0.343,0.2962,-0.0468,False
lr,fixed_3,fixed,61,2022-01-05,0.3592,0.3743,0.0151,False
lr,fixed_3,fixed,64,2022-04-06,0.2441,0.4467,0.2026,True
lr,fixed_3,fixed,67,2022-07-08,0.4923,0.4154,-0.077,False
lr,fixed_3,fixed,70,2022-10-06,0.4996,0.3827,-0.1168,False
lr,fixed_3,fixed,73,2023-01-06,0.3197,0.329,0.0093,False
lr,fixed_3,fixed,76,2023-04-10,0.3955,0.3625,-0.033,False
lr,fixed_3,fixed,79,2023-07-11,0.2886,0.4391,0.1505,False
lr,fixed_3,fixed,82,2023-10-09,0.4793,0.5115,0.0322,False
lr,fixed_6,fixed,7,2017-07-06,0.5304,0.4568,-0.0736,False
lr,fixed_6,fixed,13,2018-01-04,0.5483,0.5179,-0.0304,False
lr,fixed_6,fixed,19,2018-07-06,0.3997,0.3543,-0.0455,False
lr,fixed_6,fixed,25,2019-01-07,0.386,0.4128,0.0269,False
lr,fixed_6,fixed,31,2019-07-09,0.4214,0.4442,0.0227,False
lr,fixed_6,fixed,37,2020-01-07,0.5056,0.3708,-0.1348,True
lr,fixed_6,fixed,43,2020-07-08,0.2923,0.4426,0.1503,False
lr,fixed_6,fixed,49,2021-01-06,0.5558,0.416,-0.1398,False
lr,fixed_6,fixed,55,2021-07-08,0.364,0.3186,-0.0454,False
lr,fixed_6,fixed,61,2022-01-05,0.328,0.3441,0.0161,False
lr,fixed_6,fixed,67,2022-07-08,0.4928,0.3931,-0.0997,False
lr,fixed_6,fixed,73,2023-01-06,0.3513,0.3981,0.0468,False
lr,fixed_6,fixed,79,2023-07-11,0.3221,0.4455,0.1234,False
lr,fixed_9,fixed,10,2017-10-04,0.3998,0.4629,0.0631,False
lr,fixed_9,fixed,19,2018-07-06,0.3581,0.3543,-0.0038,False
lr,fixed_9,fixed,28,2019-04-08,0.3779,0.3703,-0.0077,False
lr,fixed_9,fixed,37,2020-01-07,0.5952,0.3708,-0.2244,True
lr,fixed_9,fixed,46,2020-10-06,0.4416,0.516,0.0743,False
lr,fixed_9,fixed,55,2021-07-08,0.311,0.3483,0.0373,False
lr,fixed_9,fixed,64,2022-04-06,0.2171,0.4083,0.1912,True
lr,fixed_9,fixed,73,2023-01-06,0.346,0.329,-0.017,False
lr,fixed_9,fixed,82,2023-10-09,0.32,0.4686,0.1486,False
lr,msm_tau_1_0.83_tau_2_0.72_lb_3,msm,7,2017-07-06,0.5304,0.4568,-0.0736,False
lr,msm_tau_1_0.83_tau_2_0.72_lb_3,msm,11,2017-11-02,0.4568,0.5842,0.1274,False
lr,msm_tau_1_0.83_tau_2_0.72_lb_3,msm,16,2018-04-06,0.5428,0.4199,-0.1229,False
lr,msm_tau_1_0.83_tau_2_0.72_lb_3,msm,20,2018-08-06,0.4199,0.3927,-0.0272,False
lr,msm_tau_1_0.83_tau_2_0.72_lb_3,msm,24,2018-12-04,0.3927,0.3354,-0.0573,False
lr,msm_tau_1_0.83_tau_2_0.72_lb_3,msm,28,2019-04-08,0.3354,0.3395,0.0041,False
lr,msm_tau_1_0.83_tau_2_0.72_lb_3,msm,31,2019-07-09,0.3757,0.4442,0.0685,False
lr,msm_tau_1_0.83_tau_2_0.72_lb_3,msm,38,2020-02-06,0.5055,0.3715,-0.134,True
lr,msm_tau_1_0.83_tau_2_0.72_lb_3,msm,42,2020-06-08,0.3715,0.4094,0.0379,False
lr,msm_tau_1_0.83_tau_2_0.72_lb_3,msm,46,2020-10-06,0.4094,0.516,0.1066,False
lr,msm_tau_1_0.83_tau_2_0.72_lb_3,msm,52,2021-04-08,0.4277,0.2863,-0.1415,False
lr,msm_tau_1_0.83_tau_2_0.72_lb_3,msm,56,2021-08-06,0.2863,0.4416,0.1554,False
lr,msm_tau_1_0.83_tau_2_0.72_lb_3,msm,60,2021-12-06,0.4416,0.2171,-0.2245,False
lr,msm_tau_1_0.83_tau_2_0.72_lb_3,msm,64,2022-04-06,0.2171,0.4083,0.1912,True
lr,msm_tau_1_0.83_tau_2_0.72_lb_3,msm,68,2022-08-08,0.4083,0.3441,-0.0642,False
lr,msm_tau_1_0.83_tau_2_0.72_lb_3,msm,74,2023-02-07,0.4032,0.2839,-0.1193,False
lr,msm_tau_1_0.83_tau_2_0.72_lb_3,msm,78,2023-06-08,0.2839,0.4395,0.1556,False
lr,msm_tau_1_0.83_tau_2_0.72_lb_4,msm,9,2017-09-05,0.4003,0.4803,0.08,False
lr,msm_tau_1_0.83_tau_2_0.72_lb_4,msm,13,2018-01-04,0.4803,0.5282,0.048,False
lr,msm_tau_1_0.83_tau_2_0.72_lb_4,msm,16,2018-04-06,0.541,0.4199,-0.1212,False
lr,msm_tau_1_0.83_tau_2_0.72_lb_4,msm,20,2018-08-06,0.4199,0.3927,-0.0272,False
lr,msm_tau_1_0.83_tau_2_0.72_lb_4,msm,24,2018-12-04,0.3927,0.3354,-0.0573,False
lr,msm_tau_1_0.83_tau_2_0.72_lb_4,msm,28,2019-04-08,0.3354,0.3703,0.0349,False
lr,msm_tau_1_0.83_tau_2_0.72_lb_4,msm,32,2019-08-07,0.3703,0.501,0.1307,False
lr,msm_tau_1_0.83_tau_2_0.72_lb_4,msm,39,2020-03-09,0.4578,0.3403,-0.1174,True
lr,msm_tau_1_0.83_tau_2_0.72_lb_4,msm,43,2020-07-08,0.3403,0.4426,0.1023,False
lr,msm_tau_1_0.83_tau_2_0.72_lb_4,msm,47,2020-11-04,0.4426,0.4691,0.0264,False
lr,msm_tau_1_0.83_tau_2_0.72_lb_4,msm,50,2021-02-05,0.4958,0.3656,-0.1302,False
lr,msm_tau_1_0.83_tau_2_0.72_lb_4,msm,54,2021-06-08,0.3656,0.3133,-0.0523,False
lr,msm_tau_1_0.83_tau_2_0.72_lb_4,msm,58,2021-10-06,0.3133,0.3291,0.0158,False
lr,msm_tau_1_0.83_tau_2_0.72_lb_4,msm,62,2022-02-04,0.3291,0.3551,0.0259,True
lr,msm_tau_1_0.83_tau_2_0.72_lb_4,msm,66,2022-06-07,0.3551,0.5299,0.1749,False
lr,msm_tau_1_0.83_tau_2_0.72_lb_4,msm,70,2022-10-06,0.5299,0.3638,-0.1661,False
lr,msm_tau_1_0.83_tau_2_0.72_lb_4,msm,74,2023-02-07,0.3638,0.2839,-0.0799,False
lr,msm_tau_1_0.83_tau_2_0.72_lb_4,msm,78,2023-06-08,0.2839,0.4395,0.1556,False
lr,msm_tau_1_0.83_tau_2_0.72_lb_6,msm,13,2018-01-04,0.5876,0.5179,-0.0697,False
lr,msm_tau_1_0.83_tau_2_0.72_lb_6,msm,17,2018-05-07,0.5179,0.3787,-0.1392,False
lr,msm_tau_1_0.83_tau_2_0.72_lb_6,msm,21,2018-09-05,0.3787,0.3782,-0.0005,False
lr,msm_tau_1_0.83_tau_2_0.72_lb_6,msm,25,2019-01-07,0.3782,0.4128,0.0347,False
lr,msm_tau_1_0.83_tau_2_0.72_lb_6,msm,29,2019-05-08,0.4128,0.4784,0.0656,False
lr,msm_tau_1_0.83_tau_2_0.72_lb_6,msm,33,2019-09-06,0.4784,0.5557,0.0773,False
lr,msm_tau_1_0.83_tau_2_0.72_lb_6,msm,37,2020-01-07,0.5557,0.3666,-0.1891,True
lr,msm_tau_1_0.83_tau_2_0.72_lb_6,msm,41,2020-05-07,0.3666,0.4136,0.047,False
lr,msm_tau_1_0.83_tau_2_0.72_lb_6,msm,45,2020-09-04,0.4136,0.5095,0.0959,False
lr,msm_tau_1_0.83_tau_2_0.72_lb_6,msm,49,2021-01-06,0.5095,0.4178,-0.0917,False
lr,msm_tau_1_0.83_tau_2_0.72_lb_6,msm,53,2021-05-07,0.4178,0.3038,-0.1139,False
lr,msm_tau_1_0.83_tau_2_0.72_lb_6,msm,57,2021-09-07,0.3038,0.3719,0.0681,False
lr,msm_tau_1_0.83_tau_2_0.72_lb_6,msm,61,2022-01-05,0.3719,0.3441,-0.0278,False
lr,msm_tau_1_0.83_tau_2_0.72_lb_6,msm,65,2022-05-06,0.3441,0.4952,0.1511,True
lr,msm_tau_1_0.83_tau_2_0.72_lb_6,msm,69,2022-09-07,0.4952,0.3328,-0.1625,False
lr,msm_tau_1_0.83_tau_2_0.72_lb_6,msm,73,2023-01-06,0.3328,0.329,-0.0038,False
lr,msm_tau_1_0.83_tau_2_0.72_lb_6,msm,77,2023-05-09,0.329,0.4125,0.0835,False
lr,msm_tau_1_0.83_tau_2_0.72_lb_6,msm,81,2023-09-08,0.4125,0.4212,0.0087,False
lr,msm_tau_1_0.83_tau_2_0.75_lb_3,msm,7,2017-07-06,0.5304,0.4568,-0.0736,False
lr,msm_tau_1_0.83_tau_2_0.75_lb_3,msm,11,2017-11-02,0.4568,0.5842,0.1274,False
lr,msm_tau_1_0.83_tau_2_0.75_lb_3,msm,16,2018-04-06,0.5428,0.4199,-0.1229,False
lr,msm_tau_1_0.83_tau_2_0.75_lb_3,msm,20,2018-08-06,0.4199,0.3927,-0.0272,False
lr,msm_tau_1_0.83_tau_2_0.75_lb_3,msm,24,2018-12-04,0.3927,0.3354,-0.0573,False
lr,msm_tau_1_0.83_tau_2_0.75_lb_3,msm,28,2019-04-08,0.3354,0.3395,0.0041,False
lr,msm_tau_1_0.83_tau_2_0.75_lb_3,msm,31,2019-07-09,0.3757,0.4442,0.0685,False
lr,msm_tau_1_0.83_tau_2_0.75_lb_3,msm,38,2020-02-06,0.5055,0.3715,-0.134,True
lr,msm_tau_1_0.83_tau_2_0.75_lb_3,msm,42,2020-06-08,0.3715,0.4094,0.0379,False
lr,msm_tau_1_0.83_tau_2_0.75_lb_3,msm,46,2020-10-06,0.4094,0.516,0.1066,False
lr,msm_tau_1_0.83_tau_2_0.75_lb_3,msm,52,2021-04-08,0.4277,0.2863,-0.1415,False
lr,msm_tau_1_0.83_tau_2_0.75_lb_3,msm,56,2021-08-06,0.2863,0.4416,0.1554,False
lr,msm_tau_1_0.83_tau_2_0.75_lb_3,msm,60,2021-12-06,0.4416,0.2171,-0.2245,False
lr,msm_tau_1_0.83_tau_2_0.75_lb_3,msm,64,2022-04-06,0.2171,0.4083,0.1912,True
lr,msm_tau_1_0.83_tau_2_0.75_lb_3,msm,68,2022-08-08,0.4083,0.3441,-0.0642,False
lr,msm_tau_1_0.83_tau_2_0.75_lb_3,msm,74,2023-02-07,0.4032,0.2839,-0.1193,False
lr,msm_tau_1_0.83_tau_2_0.75_lb_3,msm,78,2023-06-08,0.2839,0.4395,0.1556,False
lr,msm_tau_1_0.83_tau_2_0.75_lb_4,msm,9,2017-09-05,0.4003,0.4803,0.08,False
lr,msm_tau_1_0.83_tau_2_0.75_lb_4,msm,13,2018-01-04,0.4803,0.5282,0.048,False
lr,msm_tau_1_0.83_tau_2_0.75_lb_4,msm,16,2018-04-06,0.541,0.4199,-0.1212,False
lr,msm_tau_1_0.83_tau_2_0.75_lb_4,msm,20,2018-08-06,0.4199,0.3927,-0.0272,False
lr,msm_tau_1_0.83_tau_2_0.75_lb_4,msm,24,2018-12-04,0.3927,0.3354,-0.0573,False
lr,msm_tau_1_0.83_tau_2_0.75_lb_4,msm,28,2019-04-08,0.3354,0.3703,0.0349,False
lr,msm_tau_1_0.83_tau_2_0.75_lb_4,msm,32,2019-08-07,0.3703,0.501,0.1307,False
lr,msm_tau_1_0.83_tau_2_0.75_lb_4,msm,39,2020-03-09,0.4578,0.3403,-0.1174,True
lr,msm_tau_1_0.83_tau_2_0.75_lb_4,msm,43,2020-07-08,0.3403,0.4426,0.1023,False
lr,msm_tau_1_0.83_tau_2_0.75_lb_4,msm,47,2020-11-04,0.4426,0.4691,0.0264,False
lr,msm_tau_1_0.83_tau_2_0.75_lb_4,msm,50,2021-02-05,0.4958,0.3656,-0.1302,False
lr,msm_tau_1_0.83_tau_2_0.75_lb_4,msm,54,2021-06-08,0.3656,0.3133,-0.0523,False
lr,msm_tau_1_0.83_tau_2_0.75_lb_4,msm,58,2021-10-06,0.3133,0.3291,0.0158,False
lr,msm_tau_1_0.83_tau_2_0.75_lb_4,msm,62,2022-02-04,0.3291,0.3551,0.0259,True
lr,msm_tau_1_0.83_tau_2_0.75_lb_4,msm,66,2022-06-07,0.3551,0.5299,0.1749,False
lr,msm_tau_1_0.83_tau_2_0.75_lb_4,msm,70,2022-10-06,0.5299,0.3638,-0.1661,False
lr,msm_tau_1_0.83_tau_2_0.75_lb_4,msm,74,2023-02-07,0.3638,0.2839,-0.0799,False
lr,msm_tau_1_0.83_tau_2_0.75_lb_4,msm,78,2023-06-08,0.2839,0.4395,0.1556,False
lr,msm_tau_1_0.83_tau_2_0.75_lb_6,msm,13,2018-01-04,0.5876,0.5179,-0.0697,False
lr,msm_tau_1_0.83_tau_2_0.75_lb_6,msm,17,2018-05-07,0.5179,0.3787,-0.1392,False
lr,msm_tau_1_0.83_tau_2_0.75_lb_6,msm,21,2018-09-05,0.3787,0.3782,-0.0005,False
lr,msm_tau_1_0.83_tau_2_0.75_lb_6,msm,25,2019-01-07,0.3782,0.4128,0.0347,False
lr,msm_tau_1_0.83_tau_2_0.75_lb_6,msm,29,2019-05-08,0.4128,0.4784,0.0656,False
lr,msm_tau_1_0.83_tau_2_0.75_lb_6,msm,33,2019-09-06,0.4784,0.5557,0.0773,False
lr,msm_tau_1_0.83_tau_2_0.75_lb_6,msm,37,2020-01-07,0.5557,0.3666,-0.1891,True
lr,msm_tau_1_0.83_tau_2_0.75_lb_6,msm,41,2020-05-07,0.3666,0.4136,0.047,False
lr,msm_tau_1_0.83_tau_2_0.75_lb_6,msm,45,2020-09-04,0.4136,0.5095,0.0959,False
lr,msm_tau_1_0.83_tau_2_0.75_lb_6,msm,49,2021-01-06,0.5095,0.4178,-0.0917,False
lr,msm_tau_1_0.83_tau_2_0.75_lb_6,msm,53,2021-05-07,0.4178,0.3038,-0.1139,False
lr,msm_tau_1_0.83_tau_2_0.75_lb_6,msm,57,2021-09-07,0.3038,0.3719,0.0681,False
lr,msm_tau_1_0.83_tau_2_0.75_lb_6,msm,61,2022-01-05,0.3719,0.3441,-0.0278,False
lr,msm_tau_1_0.83_tau_2_0.75_lb_6,msm,65,2022-05-06,0.3441,0.4952,0.1511,True
lr,msm_tau_1_0.83_tau_2_0.75_lb_6,msm,69,2022-09-07,0.4952,0.3328,-0.1625,False
lr,msm_tau_1_0.83_tau_2_0.75_lb_6,msm,73,2023-01-06,0.3328,0.329,-0.0038,False
lr,msm_tau_1_0.83_tau_2_0.75_lb_6,msm,77,2023-05-09,0.329,0.4125,0.0835,False
lr,msm_tau_1_0.83_tau_2_0.75_lb_6,msm,81,2023-09-08,0.4125,0.4212,0.0087,False
lr,msm_tau_1_0.83_tau_2_0.78_lb_3,msm,7,2017-07-06,0.5304,0.4568,-0.0736,False
lr,msm_tau_1_0.83_tau_2_0.78_lb_3,msm,11,2017-11-02,0.4568,0.5842,0.1274,False
lr,msm_tau_1_0.83_tau_2_0.78_lb_3,msm,16,2018-04-06,0.5428,0.4199,-0.1229,False
lr,msm_tau_1_0.83_tau_2_0.78_lb_3,msm,20,2018-08-06,0.4199,0.3927,-0.0272,False
lr,msm_tau_1_0.83_tau_2_0.78_lb_3,msm,24,2018-12-04,0.3927,0.3354,-0.0573,False
lr,msm_tau_1_0.83_tau_2_0.78_lb_3,msm,28,2019-04-08,0.3354,0.3395,0.0041,False
lr,msm_tau_1_0.83_tau_2_0.78_lb_3,msm,31,2019-07-09,0.3757,0.4442,0.0685,False
lr,msm_tau_1_0.83_tau_2_0.78_lb_3,msm,38,2020-02-06,0.5055,0.3715,-0.134,True
lr,msm_tau_1_0.83_tau_2_0.78_lb_3,msm,42,2020-06-08,0.3715,0.4094,0.0379,False
lr,msm_tau_1_0.83_tau_2_0.78_lb_3,msm,46,2020-10-06,0.4094,0.516,0.1066,False
lr,msm_tau_1_0.83_tau_2_0.78_lb_3,msm,50,2021-02-05,0.516,0.3656,-0.1504,False
lr,msm_tau_1_0.83_tau_2_0.78_lb_3,msm,54,2021-06-08,0.3656,0.3133,-0.0523,False
lr,msm_tau_1_0.83_tau_2_0.78_lb_3,msm,58,2021-10-06,0.3133,0.3291,0.0158,False
lr,msm_tau_1_0.83_tau_2_0.78_lb_3,msm,62,2022-02-04,0.3291,0.3551,0.0259,True
lr,msm_tau_1_0.83_tau_2_0.78_lb_3,msm,68,2022-08-08,0.3393,0.3441,0.0049,False
lr,msm_tau_1_0.83_tau_2_0.78_lb_3,msm,74,2023-02-07,0.4032,0.2839,-0.1193,False
lr,msm_tau_1_0.83_tau_2_0.78_lb_3,msm,78,2023-06-08,0.2839,0.4395,0.1556,False
lr,msm_tau_1_0.83_tau_2_0.78_lb_4,msm,9,2017-09-05,0.4003,0.4803,0.08,False
lr,msm_tau_1_0.83_tau_2_0.78_lb_4,msm,13,2018-01-04,0.4803,0.5282,0.048,False
lr,msm_tau_1_0.83_tau_2_0.78_lb_4,msm,16,2018-04-06,0.541,0.4199,-0.1212,False
lr,msm_tau_1_0.83_tau_2_0.78_lb_4,msm,20,2018-08-06,0.4199,0.3927,-0.0272,False
lr,msm_tau_1_0.83_tau_2_0.78_lb_4,msm,24,2018-12-04,0.3927,0.3354,-0.0573,False
lr,msm_tau_1_0.83_tau_2_0.78_lb_4,msm,28,2019-04-08,0.3354,0.3703,0.0349,False
lr,msm_tau_1_0.83_tau_2_0.78_lb_4,msm,32,2019-08-07,0.3703,0.501,0.1307,False
lr,msm_tau_1_0.83_tau_2_0.78_lb_4,msm,39,2020-03-09,0.4578,0.3403,-0.1174,True
lr,msm_tau_1_0.83_tau_2_0.78_lb_4,msm,43,2020-07-08,0.3403,0.4426,0.1023,False
lr,msm_tau_1_0.83_tau_2_0.78_lb_4,msm,47,2020-11-04,0.4426,0.4691,0.0264,False
lr,msm_tau_1_0.83_tau_2_0.78_lb_4,msm,50,2021-02-05,0.4958,0.3656,-0.1302,False
lr,msm_tau_1_0.83_tau_2_0.78_lb_4,msm,54,2021-06-08,0.3656,0.3133,-0.0523,False
lr,msm_tau_1_0.83_tau_2_0.78_lb_4,msm,58,2021-10-06,0.3133,0.3291,0.0158,False
lr,msm_tau_1_0.83_tau_2_0.78_lb_4,msm,62,2022-02-04,0.3291,0.3551,0.0259,True
lr,msm_tau_1_0.83_tau_2_0.78_lb_4,msm,66,2022-06-07,0.3551,0.5299,0.1749,False
lr,msm_tau_1_0.83_tau_2_0.78_lb_4,msm,70,2022-10-06,0.5299,0.3638,-0.1661,False
lr,msm_tau_1_0.83_tau_2_0.78_lb_4,msm,74,2023-02-07,0.3638,0.2839,-0.0799,False
lr,msm_tau_1_0.83_tau_2_0.78_lb_4,msm,78,2023-06-08,0.2839,0.4395,0.1556,False
lr,msm_tau_1_0.83_tau_2_0.78_lb_6,msm,13,2018-01-04,0.5876,0.5179,-0.0697,False
lr,msm_tau_1_0.83_tau_2_0.78_lb_6,msm,17,2018-05-07,0.5179,0.3787,-0.1392,False
lr,msm_tau_1_0.83_tau_2_0.78_lb_6,msm,21,2018-09-05,0.3787,0.3782,-0.0005,False
lr,msm_tau_1_0.83_tau_2_0.78_lb_6,msm,25,2019-01-07,0.3782,0.4128,0.0347,False
lr,msm_tau_1_0.83_tau_2_0.78_lb_6,msm,29,2019-05-08,0.4128,0.4784,0.0656,False
lr,msm_tau_1_0.83_tau_2_0.78_lb_6,msm,33,2019-09-06,0.4784,0.5557,0.0773,False
lr,msm_tau_1_0.83_tau_2_0.78_lb_6,msm,37,2020-01-07,0.5557,0.3666,-0.1891,True
lr,msm_tau_1_0.83_tau_2_0.78_lb_6,msm,41,2020-05-07,0.3666,0.4136,0.047,False
lr,msm_tau_1_0.83_tau_2_0.78_lb_6,msm,45,2020-09-04,0.4136,0.5095,0.0959,False
lr,msm_tau_1_0.83_tau_2_0.78_lb_6,msm,49,2021-01-06,0.5095,0.4178,-0.0917,False
lr,msm_tau_1_0.83_tau_2_0.78_lb_6,msm,53,2021-05-07,0.4178,0.3038,-0.1139,False
lr,msm_tau_1_0.83_tau_2_0.78_lb_6,msm,57,2021-09-07,0.3038,0.3719,0.0681,False
lr,msm_tau_1_0.83_tau_2_0.78_lb_6,msm,61,2022-01-05,0.3719,0.3441,-0.0278,False
lr,msm_tau_1_0.83_tau_2_0.78_lb_6,msm,65,2022-05-06,0.3441,0.4952,0.1511,True
lr,msm_tau_1_0.83_tau_2_0.78_lb_6,msm,69,2022-09-07,0.4952,0.3328,-0.1625,False
lr,msm_tau_1_0.83_tau_2_0.78_lb_6,msm,73,2023-01-06,0.3328,0.329,-0.0038,False
lr,msm_tau_1_0.83_tau_2_0.78_lb_6,msm,77,2023-05-09,0.329,0.4125,0.0835,False
lr,msm_tau_1_0.83_tau_2_0.78_lb_6,msm,81,2023-09-08,0.4125,0.4212,0.0087,False
lr,msm_tau_1_0.88_tau_2_0.72_lb_3,msm,7,2017-07-06,0.5304,0.4568,-0.0736,False
lr,msm_tau_1_0.88_tau_2_0.72_lb_3,msm,11,2017-11-02,0.4568,0.5842,0.1274,False
lr,msm_tau_1_0.88_tau_2_0.72_lb_3,msm,15,2018-03-07,0.5842,0.3586,-0.2256,False
lr,msm_tau_1_0.88_tau_2_0.72_lb_3,msm,19,2018-07-06,0.3586,0.3543,-0.0043,False
lr,msm_tau_1_0.88_tau_2_0.72_lb_3,msm,23,2018-11-02,0.3543,0.2837,-0.0705,False
lr,msm_tau_1_0.88_tau_2_0.72_lb_3,msm,27,2019-03-08,0.2837,0.4132,0.1294,False
lr,msm_tau_1_0.88_tau_2_0.72_lb_3,msm,31,2019-07-09,0.4132,0.5469,0.1337,False
lr,msm_tau_1_0.88_tau_2_0.72_lb_3,msm,38,2020-02-06,0.4825,0.3528,-0.1296,True
lr,msm_tau_1_0.88_tau_2_0.72_lb_3,msm,42,2020-06-08,0.3528,0.4094,0.0565,False
lr,msm_tau_1_0.88_tau_2_0.72_lb_3,msm,46,2020-10-06,0.4094,0.516,0.1066,False
lr,msm_tau_1_0.88_tau_2_0.72_lb_3,msm,49,2021-01-06,0.5045,0.4178,-0.0867,False
lr,msm_tau_1_0.88_tau_2_0.72_lb_3,msm,53,2021-05-07,0.4178,0.3038,-0.1139,False
lr,msm_tau_1_0.88_tau_2_0.72_lb_3,msm,57,2021-09-07,0.3038,0.3641,0.0603,False
lr,msm_tau_1_0.88_tau_2_0.72_lb_3,msm,60,2021-12-06,0.3924,0.2171,-0.1753,False
lr,msm_tau_1_0.88_tau_2_0.72_lb_3,msm,64,2022-04-06,0.2171,0.4083,0.1912,True
lr,msm_tau_1_0.88_tau_2_0.72_lb_3,msm,68,2022-08-08,0.4083,0.3441,-0.0642,False
lr,msm_tau_1_0.88_tau_2_0.72_lb_3,msm,72,2022-12-06,0.3441,0.4266,0.0825,False
lr,msm_tau_1_0.88_tau_2_0.72_lb_3,msm,76,2023-04-10,0.4266,0.312,-0.1146,False
lr,msm_tau_1_0.88_tau_2_0.72_lb_4,msm,9,2017-09-05,0.4003,0.4803,0.08,False
lr,msm_tau_1_0.88_tau_2_0.72_lb_4,msm,13,2018-01-04,0.4803,0.5179,0.0376,False
lr,msm_tau_1_0.88_tau_2_0.72_lb_4,msm,17,2018-05-07,0.5179,0.3787,-0.1392,False
lr,msm_tau_1_0.88_tau_2_0.72_lb_4,msm,21,2018-09-05,0.3787,0.3782,-0.0005,False
lr,msm_tau_1_0.88_tau_2_0.72_lb_4,msm,25,2019-01-07,0.3782,0.4128,0.0347,False
lr,msm_tau_1_0.88_tau_2_0.72_lb_4,msm,29,2019-05-08,0.4128,0.4784,0.0656,False
lr,msm_tau_1_0.88_tau_2_0.72_lb_4,msm,33,2019-09-06,0.4784,0.5557,0.0773,False
lr,msm_tau_1_0.88_tau_2_0.72_lb_4,msm,38,2020-02-06,0.5621,0.3528,-0.2093,True
lr,msm_tau_1_0.88_tau_2_0.72_lb_4,msm,42,2020-06-08,0.3528,0.4094,0.0565,False
lr,msm_tau_1_0.88_tau_2_0.72_lb_4,msm,46,2020-10-06,0.4094,0.516,0.1066,False
lr,msm_tau_1_0.88_tau_2_0.72_lb_4,msm,50,2021-02-05,0.516,0.3656,-0.1504,False
lr,msm_tau_1_0.88_tau_2_0.72_lb_4,msm,54,2021-06-08,0.3656,0.3133,-0.0523,False
lr,msm_tau_1_0.88_tau_2_0.72_lb_4,msm,58,2021-10-06,0.3133,0.3291,0.0158,False
lr,msm_tau_1_0.88_tau_2_0.72_lb_4,msm,62,2022-02-04,0.3291,0.3551,0.0259,True
lr,msm_tau_1_0.88_tau_2_0.72_lb_4,msm,66,2022-06-07,0.3551,0.5299,0.1749,False
lr,msm_tau_1_0.88_tau_2_0.72_lb_4,msm,70,2022-10-06,0.5299,0.3638,-0.1661,False
lr,msm_tau_1_0.88_tau_2_0.72_lb_4,msm,74,2023-02-07,0.3638,0.2839,-0.0799,False
lr,msm_tau_1_0.88_tau_2_0.72_lb_4,msm,78,2023-06-08,0.2839,0.4395,0.1556,False
lr,msm_tau_1_0.88_tau_2_0.72_lb_6,msm,13,2018-01-04,0.5876,0.5179,-0.0697,False
lr,msm_tau_1_0.88_tau_2_0.72_lb_6,msm,17,2018-05-07,0.5179,0.3787,-0.1392,False
lr,msm_tau_1_0.88_tau_2_0.72_lb_6,msm,21,2018-09-05,0.3787,0.3782,-0.0005,False
lr,msm_tau_1_0.88_tau_2_0.72_lb_6,msm,25,2019-01-07,0.3782,0.4128,0.0347,False
lr,msm_tau_1_0.88_tau_2_0.72_lb_6,msm,29,2019-05-08,0.4128,0.4784,0.0656,False
lr,msm_tau_1_0.88_tau_2_0.72_lb_6,msm,33,2019-09-06,0.4784,0.5557,0.0773,False
lr,msm_tau_1_0.88_tau_2_0.72_lb_6,msm,37,2020-01-07,0.5557,0.3666,-0.1891,True
lr,msm_tau_1_0.88_tau_2_0.72_lb_6,msm,41,2020-05-07,0.3666,0.4136,0.047,False
lr,msm_tau_1_0.88_tau_2_0.72_lb_6,msm,45,2020-09-04,0.4136,0.5095,0.0959,False
lr,msm_tau_1_0.88_tau_2_0.72_lb_6,msm,49,2021-01-06,0.5095,0.4178,-0.0917,False
lr,msm_tau_1_0.88_tau_2_0.72_lb_6,msm,53,2021-05-07,0.4178,0.3038,-0.1139,False
lr,msm_tau_1_0.88_tau_2_0.72_lb_6,msm,57,2021-09-07,0.3038,0.3719,0.0681,False
lr,msm_tau_1_0.88_tau_2_0.72_lb_6,msm,61,2022-01-05,0.3719,0.3441,-0.0278,False
lr,msm_tau_1_0.88_tau_2_0.72_lb_6,msm,65,2022-05-06,0.3441,0.4952,0.1511,True
lr,msm_tau_1_0.88_tau_2_0.72_lb_6,msm,69,2022-09-07,0.4952,0.3328,-0.1625,False
lr,msm_tau_1_0.88_tau_2_0.72_lb_6,msm,73,2023-01-06,0.3328,0.329,-0.0038,False
lr,msm_tau_1_0.88_tau_2_0.72_lb_6,msm,77,2023-05-09,0.329,0.4125,0.0835,False
lr,msm_tau_1_0.88_tau_2_0.72_lb_6,msm,81,2023-09-08,0.4125,0.4212,0.0087,False
lr,msm_tau_1_0.88_tau_2_0.75_lb_3,msm,7,2017-07-06,0.5304,0.4568,-0.0736,False
lr,msm_tau_1_0.88_tau_2_0.75_lb_3,msm,11,2017-11-02,0.4568,0.5842,0.1274,False
lr,msm_tau_1_0.88_tau_2_0.75_lb_3,msm,15,2018-03-07,0.5842,0.3586,-0.2256,False
lr,msm_tau_1_0.88_tau_2_0.75_lb_3,msm,19,2018-07-06,0.3586,0.3543,-0.0043,False
lr,msm_tau_1_0.88_tau_2_0.75_lb_3,msm,23,2018-11-02,0.3543,0.2837,-0.0705,False
lr,msm_tau_1_0.88_tau_2_0.75_lb_3,msm,27,2019-03-08,0.2837,0.4132,0.1294,False
lr,msm_tau_1_0.88_tau_2_0.75_lb_3,msm,31,2019-07-09,0.4132,0.5469,0.1337,False
lr,msm_tau_1_0.88_tau_2_0.75_lb_3,msm,38,2020-02-06,0.4825,0.3528,-0.1296,True
lr,msm_tau_1_0.88_tau_2_0.75_lb_3,msm,42,2020-06-08,0.3528,0.4094,0.0565,False
lr,msm_tau_1_0.88_tau_2_0.75_lb_3,msm,46,2020-10-06,0.4094,0.516,0.1066,False
lr,msm_tau_1_0.88_tau_2_0.75_lb_3,msm,49,2021-01-06,0.5045,0.4178,-0.0867,False
lr,msm_tau_1_0.88_tau_2_0.75_lb_3,msm,53,2021-05-07,0.4178,0.3038,-0.1139,False
lr,msm_tau_1_0.88_tau_2_0.75_lb_3,msm,57,2021-09-07,0.3038,0.3641,0.0603,False
lr,msm_tau_1_0.88_tau_2_0.75_lb_3,msm,60,2021-12-06,0.3924,0.2171,-0.1753,False
lr,msm_tau_1_0.88_tau_2_0.75_lb_3,msm,64,2022-04-06,0.2171,0.4083,0.1912,True
lr,msm_tau_1_0.88_tau_2_0.75_lb_3,msm,68,2022-08-08,0.4083,0.3441,-0.0642,False
lr,msm_tau_1_0.88_tau_2_0.75_lb_3,msm,72,2022-12-06,0.3441,0.4266,0.0825,False
lr,msm_tau_1_0.88_tau_2_0.75_lb_3,msm,76,2023-04-10,0.4266,0.312,-0.1146,False
lr,msm_tau_1_0.88_tau_2_0.75_lb_4,msm,9,2017-09-05,0.4003,0.4803,0.08,False
lr,msm_tau_1_0.88_tau_2_0.75_lb_4,msm,13,2018-01-04,0.4803,0.5179,0.0376,False
lr,msm_tau_1_0.88_tau_2_0.75_lb_4,msm,17,2018-05-07,0.5179,0.3787,-0.1392,False
lr,msm_tau_1_0.88_tau_2_0.75_lb_4,msm,21,2018-09-05,0.3787,0.3782,-0.0005,False
lr,msm_tau_1_0.88_tau_2_0.75_lb_4,msm,25,2019-01-07,0.3782,0.4128,0.0347,False
lr,msm_tau_1_0.88_tau_2_0.75_lb_4,msm,29,2019-05-08,0.4128,0.4784,0.0656,False
lr,msm_tau_1_0.88_tau_2_0.75_lb_4,msm,33,2019-09-06,0.4784,0.5557,0.0773,False
lr,msm_tau_1_0.88_tau_2_0.75_lb_4,msm,38,2020-02-06,0.5621,0.3528,-0.2093,True
lr,msm_tau_1_0.88_tau_2_0.75_lb_4,msm,42,2020-06-08,0.3528,0.4094,0.0565,False
lr,msm_tau_1_0.88_tau_2_0.75_lb_4,msm,46,2020-10-06,0.4094,0.516,0.1066,False
lr,msm_tau_1_0.88_tau_2_0.75_lb_4,msm,50,2021-02-05,0.516,0.3656,-0.1504,False
lr,msm_tau_1_0.88_tau_2_0.75_lb_4,msm,54,2021-06-08,0.3656,0.3133,-0.0523,False
lr,msm_tau_1_0.88_tau_2_0.75_lb_4,msm,58,2021-10-06,0.3133,0.3291,0.0158,False
lr,msm_tau_1_0.88_tau_2_0.75_lb_4,msm,62,2022-02-04,0.3291,0.3551,0.0259,True
lr,msm_tau_1_0.88_tau_2_0.75_lb_4,msm,66,2022-06-07,0.3551,0.5299,0.1749,False
lr,msm_tau_1_0.88_tau_2_0.75_lb_4,msm,70,2022-10-06,0.5299,0.3638,-0.1661,False
lr,msm_tau_1_0.88_tau_2_0.75_lb_4,msm,74,2023-02-07,0.3638,0.2839,-0.0799,False
lr,msm_tau_1_0.88_tau_2_0.75_lb_4,msm,78,2023-06-08,0.2839,0.4395,0.1556,False
lr,msm_tau_1_0.88_tau_2_0.75_lb_6,msm,13,2018-01-04,0.5876,0.5179,-0.0697,False
lr,msm_tau_1_0.88_tau_2_0.75_lb_6,msm,17,2018-05-07,0.5179,0.3787,-0.1392,False
lr,msm_tau_1_0.88_tau_2_0.75_lb_6,msm,21,2018-09-05,0.3787,0.3782,-0.0005,False
lr,msm_tau_1_0.88_tau_2_0.75_lb_6,msm,25,2019-01-07,0.3782,0.4128,0.0347,False
lr,msm_tau_1_0.88_tau_2_0.75_lb_6,msm,29,2019-05-08,0.4128,0.4784,0.0656,False
lr,msm_tau_1_0.88_tau_2_0.75_lb_6,msm,33,2019-09-06,0.4784,0.5557,0.0773,False
lr,msm_tau_1_0.88_tau_2_0.75_lb_6,msm,37,2020-01-07,0.5557,0.3666,-0.1891,True
lr,msm_tau_1_0.88_tau_2_0.75_lb_6,msm,41,2020-05-07,0.3666,0.4136,0.047,False
lr,msm_tau_1_0.88_tau_2_0.75_lb_6,msm,45,2020-09-04,0.4136,0.5095,0.0959,False
lr,msm_tau_1_0.88_tau_2_0.75_lb_6,msm,49,2021-01-06,0.5095,0.4178,-0.0917,False
lr,msm_tau_1_0.88_tau_2_0.75_lb_6,msm,53,2021-05-07,0.4178,0.3038,-0.1139,False
lr,msm_tau_1_0.88_tau_2_0.75_lb_6,msm,57,2021-09-07,0.3038,0.3719,0.0681,False
lr,msm_tau_1_0.88_tau_2_0.75_lb_6,msm,61,2022-01-05,0.3719,0.3441,-0.0278,False
lr,msm_tau_1_0.88_tau_2_0.75_lb_6,msm,65,2022-05-06,0.3441,0.4952,0.1511,True
lr,msm_tau_1_0.88_tau_2_0.75_lb_6,msm,69,2022-09-07,0.4952,0.3328,-0.1625,False
lr,msm_tau_1_0.88_tau_2_0.75_lb_6,msm,73,2023-01-06,0.3328,0.329,-0.0038,False
lr,msm_tau_1_0.88_tau_2_0.75_lb_6,msm,77,2023-05-09,0.329,0.4125,0.0835,False
lr,msm_tau_1_0.88_tau_2_0.75_lb_6,msm,81,2023-09-08,0.4125,0.4212,0.0087,False
lr,msm_tau_1_0.88_tau_2_0.78_lb_3,msm,7,2017-07-06,0.5304,0.4568,-0.0736,False
lr,msm_tau_1_0.88_tau_2_0.78_lb_3,msm,11,2017-11-02,0.4568,0.5842,0.1274,False
lr,msm_tau_1_0.88_tau_2_0.78_lb_3,msm,15,2018-03-07,0.5842,0.3586,-0.2256,False
lr,msm_tau_1_0.88_tau_2_0.78_lb_3,msm,19,2018-07-06,0.3586,0.3543,-0.0043,False
lr,msm_tau_1_0.88_tau_2_0.78_lb_3,msm,23,2018-11-02,0.3543,0.2837,-0.0705,False
lr,msm_tau_1_0.88_tau_2_0.78_lb_3,msm,27,2019-03-08,0.2837,0.4132,0.1294,False
lr,msm_tau_1_0.88_tau_2_0.78_lb_3,msm,31,2019-07-09,0.4132,0.5469,0.1337,False
lr,msm_tau_1_0.88_tau_2_0.78_lb_3,msm,38,2020-02-06,0.4825,0.3528,-0.1296,True
lr,msm_tau_1_0.88_tau_2_0.78_lb_3,msm,42,2020-06-08,0.3528,0.4094,0.0565,False
lr,msm_tau_1_0.88_tau_2_0.78_lb_3,msm,46,2020-10-06,0.4094,0.516,0.1066,False
lr,msm_tau_1_0.88_tau_2_0.78_lb_3,msm,49,2021-01-06,0.5045,0.4178,-0.0867,False
lr,msm_tau_1_0.88_tau_2_0.78_lb_3,msm,53,2021-05-07,0.4178,0.3038,-0.1139,False
lr,msm_tau_1_0.88_tau_2_0.78_lb_3,msm,57,2021-09-07,0.3038,0.3641,0.0603,False
lr,msm_tau_1_0.88_tau_2_0.78_lb_3,msm,60,2021-12-06,0.3924,0.2171,-0.1753,False
lr,msm_tau_1_0.88_tau_2_0.78_lb_3,msm,64,2022-04-06,0.2171,0.4083,0.1912,True
lr,msm_tau_1_0.88_tau_2_0.78_lb_3,msm,68,2022-08-08,0.4083,0.3441,-0.0642,False
lr,msm_tau_1_0.88_tau_2_0.78_lb_3,msm,72,2022-12-06,0.3441,0.4266,0.0825,False
lr,msm_tau_1_0.88_tau_2_0.78_lb_3,msm,76,2023-04-10,0.4266,0.312,-0.1146,False
lr,msm_tau_1_0.88_tau_2_0.78_lb_4,msm,9,2017-09-05,0.4003,0.4803,0.08,False
lr,msm_tau_1_0.88_tau_2_0.78_lb_4,msm,13,2018-01-04,0.4803,0.5179,0.0376,False
lr,msm_tau_1_0.88_tau_2_0.78_lb_4,msm,17,2018-05-07,0.5179,0.3787,-0.1392,False
lr,msm_tau_1_0.88_tau_2_0.78_lb_4,msm,21,2018-09-05,0.3787,0.3782,-0.0005,False
lr,msm_tau_1_0.88_tau_2_0.78_lb_4,msm,25,2019-01-07,0.3782,0.4128,0.0347,False
lr,msm_tau_1_0.88_tau_2_0.78_lb_4,msm,29,2019-05-08,0.4128,0.4784,0.0656,False
lr,msm_tau_1_0.88_tau_2_0.78_lb_4,msm,33,2019-09-06,0.4784,0.5557,0.0773,False
lr,msm_tau_1_0.88_tau_2_0.78_lb_4,msm,37,2020-01-07,0.5557,0.3666,-0.1891,True
lr,msm_tau_1_0.88_tau_2_0.78_lb_4,msm,41,2020-05-07,0.3666,0.4136,0.047,False
lr,msm_tau_1_0.88_tau_2_0.78_lb_4,msm,45,2020-09-04,0.4136,0.5095,0.0959,False
lr,msm_tau_1_0.88_tau_2_0.78_lb_4,msm,49,2021-01-06,0.5095,0.4178,-0.0917,False
lr,msm_tau_1_0.88_tau_2_0.78_lb_4,msm,53,2021-05-07,0.4178,0.3038,-0.1139,False
lr,msm_tau_1_0.88_tau_2_0.78_lb_4,msm,57,2021-09-07,0.3038,0.3719,0.0681,False
lr,msm_tau_1_0.88_tau_2_0.78_lb_4,msm,61,2022-01-05,0.3719,0.3441,-0.0278,False
lr,msm_tau_1_0.88_tau_2_0.78_lb_4,msm,65,2022-05-06,0.3441,0.4952,0.1511,True
lr,msm_tau_1_0.88_tau_2_0.78_lb_4,msm,69,2022-09-07,0.4952,0.3328,-0.1625,False
lr,msm_tau_1_0.88_tau_2_0.78_lb_4,msm,73,2023-01-06,0.3328,0.329,-0.0038,False
lr,msm_tau_1_0.88_tau_2_0.78_lb_4,msm,77,2023-05-09,0.329,0.4125,0.0835,False
lr,msm_tau_1_0.88_tau_2_0.78_lb_6,msm,13,2018-01-04,0.5876,0.5179,-0.0697,False
lr,msm_tau_1_0.88_tau_2_0.78_lb_6,msm,17,2018-05-07,0.5179,0.3787,-0.1392,False
lr,msm_tau_1_0.88_tau_2_0.78_lb_6,msm,21,2018-09-05,0.3787,0.3782,-0.0005,False
lr,msm_tau_1_0.88_tau_2_0.78_lb_6,msm,25,2019-01-07,0.3782,0.4128,0.0347,False
lr,msm_tau_1_0.88_tau_2_0.78_lb_6,msm,29,2019-05-08,0.4128,0.4784,0.0656,False
lr,msm_tau_1_0.88_tau_2_0.78_lb_6,msm,33,2019-09-06,0.4784,0.5557,0.0773,False
lr,msm_tau_1_0.88_tau_2_0.78_lb_6,msm,37,2020-01-07,0.5557,0.3666,-0.1891,True
lr,msm_tau_1_0.88_tau_2_0.78_lb_6,msm,41,2020-05-07,0.3666,0.4136,0.047,False
lr,msm_tau_1_0.88_tau_2_0.78_lb_6,msm,45,2020-09-04,0.4136,0.5095,0.0959,False
lr,msm_tau_1_0.88_tau_2_0.78_lb_6,msm,49,2021-01-06,0.5095,0.4178,-0.0917,False
lr,msm_tau_1_0.88_tau_2_0.78_lb_6,msm,53,2021-05-07,0.4178,0.3038,-0.1139,False
lr,msm_tau_1_0.88_tau_2_0.78_lb_6,msm,57,2021-09-07,0.3038,0.3719,0.0681,False
lr,msm_tau_1_0.88_tau_2_0.78_lb_6,msm,61,2022-01-05,0.3719,0.3441,-0.0278,False
lr,msm_tau_1_0.88_tau_2_0.78_lb_6,msm,65,2022-05-06,0.3441,0.4952,0.1511,True
lr,msm_tau_1_0.88_tau_2_0.78_lb_6,msm,69,2022-09-07,0.4952,0.3328,-0.1625,False
lr,msm_tau_1_0.88_tau_2_0.78_lb_6,msm,73,2023-01-06,0.3328,0.329,-0.0038,False
lr,msm_tau_1_0.88_tau_2_0.78_lb_6,msm,77,2023-05-09,0.329,0.4125,0.0835,False
lr,msm_tau_1_0.88_tau_2_0.78_lb_6,msm,81,2023-09-08,0.4125,0.4212,0.0087,False
lr,msm_tau_1_0.8_tau_2_0.72_lb_3,msm,8,2017-08-04,0.4925,0.3735,-0.119,False
lr,msm_tau_1_0.8_tau_2_0.72_lb_3,msm,12,2017-12-04,0.3735,0.5482,0.1747,False
lr,msm_tau_1_0.8_tau_2_0.72_lb_3,msm,16,2018-04-06,0.5482,0.4199,-0.1284,False
lr,msm_tau_1_0.8_tau_2_0.72_lb_3,msm,20,2018-08-06,0.4199,0.3927,-0.0272,False
lr,msm_tau_1_0.8_tau_2_0.72_lb_3,msm,24,2018-12-04,0.3927,0.3354,-0.0573,False
lr,msm_tau_1_0.8_tau_2_0.72_lb_3,msm,28,2019-04-08,0.3354,0.3703,0.0349,False
lr,msm_tau_1_0.8_tau_2_0.72_lb_3,msm,39,2020-03-09,0.4841,0.3403,-0.1437,True
lr,msm_tau_1_0.8_tau_2_0.72_lb_3,msm,44,2020-08-06,0.4628,0.546,0.0832,False
lr,msm_tau_1_0.8_tau_2_0.72_lb_3,msm,52,2021-04-08,0.4273,0.2863,-0.141,False
lr,msm_tau_1_0.8_tau_2_0.72_lb_3,msm,57,2021-09-07,0.2389,0.3964,0.1575,False
lr,msm_tau_1_0.8_tau_2_0.72_lb_3,msm,60,2021-12-06,0.4247,0.2196,-0.2051,False
lr,msm_tau_1_0.8_tau_2_0.72_lb_3,msm,63,2022-03-08,0.2526,0.4078,0.1553,True
lr,msm_tau_1_0.8_tau_2_0.72_lb_3,msm,68,2022-08-08,0.3547,0.3441,-0.0106,False
lr,msm_tau_1_0.8_tau_2_0.72_lb_3,msm,75,2023-03-09,0.4716,0.3121,-0.1596,False
lr,msm_tau_1_0.8_tau_2_0.72_lb_3,msm,79,2023-07-11,0.3121,0.4793,0.1672,False
lr,msm_tau_1_0.8_tau_2_0.72_lb_4,msm,9,2017-09-05,0.4003,0.4803,0.08,False
lr,msm_tau_1_0.8_tau_2_0.72_lb_4,msm,13,2018-01-04,0.4803,0.5282,0.048,False
lr,msm_tau_1_0.8_tau_2_0.72_lb_4,msm,16,2018-04-06,0.541,0.4199,-0.1212,False
lr,msm_tau_1_0.8_tau_2_0.72_lb_4,msm,20,2018-08-06,0.4199,0.3927,-0.0272,False
lr,msm_tau_1_0.8_tau_2_0.72_lb_4,msm,24,2018-12-04,0.3927,0.3354,-0.0573,False
lr,msm_tau_1_0.8_tau_2_0.72_lb_4,msm,28,2019-04-08,0.3354,0.3703,0.0349,False
lr,msm_tau_1_0.8_tau_2_0.72_lb_4,msm,32,2019-08-07,0.3703,0.501,0.1307,False
lr,msm_tau_1_0.8_tau_2_0.72_lb_4,msm,39,2020-03-09,0.4578,0.3403,-0.1174,True
lr,msm_tau_1_0.8_tau_2_0.72_lb_4,msm,43,2020-07-08,0.3403,0.4426,0.1023,False
lr,msm_tau_1_0.8_tau_2_0.72_lb_4,msm,47,2020-11-04,0.4426,0.4691,0.0264,False
lr,msm_tau_1_0.8_tau_2_0.72_lb_4,msm,50,2021-02-05,0.4958,0.3656,-0.1302,False
lr,msm_tau_1_0.8_tau_2_0.72_lb_4,msm,54,2021-06-08,0.3656,0.3133,-0.0523,False
lr,msm_tau_1_0.8_tau_2_0.72_lb_4,msm,58,2021-10-06,0.3133,0.3291,0.0158,False
lr,msm_tau_1_0.8_tau_2_0.72_lb_4,msm,62,2022-02-04,0.3291,0.3551,0.0259,True
lr,msm_tau_1_0.8_tau_2_0.72_lb_4,msm,66,2022-06-07,0.3551,0.5299,0.1749,False
lr,msm_tau_1_0.8_tau_2_0.72_lb_4,msm,70,2022-10-06,0.5299,0.3638,-0.1661,False
lr,msm_tau_1_0.8_tau_2_0.72_lb_4,msm,74,2023-02-07,0.3638,0.2839,-0.0799,False
lr,msm_tau_1_0.8_tau_2_0.72_lb_4,msm,78,2023-06-08,0.2839,0.4395,0.1556,False
lr,msm_tau_1_0.8_tau_2_0.72_lb_6,msm,13,2018-01-04,0.5876,0.5179,-0.0697,False
lr,msm_tau_1_0.8_tau_2_0.72_lb_6,msm,17,2018-05-07,0.5179,0.3787,-0.1392,False
lr,msm_tau_1_0.8_tau_2_0.72_lb_6,msm,21,2018-09-05,0.3787,0.3782,-0.0005,False
lr,msm_tau_1_0.8_tau_2_0.72_lb_6,msm,25,2019-01-07,0.3782,0.4128,0.0347,False
lr,msm_tau_1_0.8_tau_2_0.72_lb_6,msm,29,2019-05-08,0.4128,0.4784,0.0656,False
lr,msm_tau_1_0.8_tau_2_0.72_lb_6,msm,33,2019-09-06,0.4784,0.5557,0.0773,False
lr,msm_tau_1_0.8_tau_2_0.72_lb_6,msm,37,2020-01-07,0.5557,0.3666,-0.1891,True
lr,msm_tau_1_0.8_tau_2_0.72_lb_6,msm,41,2020-05-07,0.3666,0.4136,0.047,False
lr,msm_tau_1_0.8_tau_2_0.72_lb_6,msm,45,2020-09-04,0.4136,0.5095,0.0959,False
lr,msm_tau_1_0.8_tau_2_0.72_lb_6,msm,49,2021-01-06,0.5095,0.4178,-0.0917,False
lr,msm_tau_1_0.8_tau_2_0.72_lb_6,msm,53,2021-05-07,0.4178,0.3038,-0.1139,False
lr,msm_tau_1_0.8_tau_2_0.72_lb_6,msm,57,2021-09-07,0.3038,0.3719,0.0681,False
lr,msm_tau_1_0.8_tau_2_0.72_lb_6,msm,61,2022-01-05,0.3719,0.3441,-0.0278,False
lr,msm_tau_1_0.8_tau_2_0.72_lb_6,msm,65,2022-05-06,0.3441,0.4952,0.1511,True
lr,msm_tau_1_0.8_tau_2_0.72_lb_6,msm,69,2022-09-07,0.4952,0.3328,-0.1625,False
lr,msm_tau_1_0.8_tau_2_0.72_lb_6,msm,73,2023-01-06,0.3328,0.329,-0.0038,False
lr,msm_tau_1_0.8_tau_2_0.72_lb_6,msm,77,2023-05-09,0.329,0.4125,0.0835,False
lr,msm_tau_1_0.8_tau_2_0.72_lb_6,msm,81,2023-09-08,0.4125,0.4212,0.0087,False
lr,msm_tau_1_0.8_tau_2_0.75_lb_3,msm,8,2017-08-04,0.4925,0.3735,-0.119,False
lr,msm_tau_1_0.8_tau_2_0.75_lb_3,msm,12,2017-12-04,0.3735,0.5482,0.1747,False
lr,msm_tau_1_0.8_tau_2_0.75_lb_3,msm,16,2018-04-06,0.5482,0.4199,-0.1284,False
lr,msm_tau_1_0.8_tau_2_0.75_lb_3,msm,20,2018-08-06,0.4199,0.3927,-0.0272,False
lr,msm_tau_1_0.8_tau_2_0.75_lb_3,msm,24,2018-12-04,0.3927,0.3354,-0.0573,False
lr,msm_tau_1_0.8_tau_2_0.75_lb_3,msm,28,2019-04-08,0.3354,0.3703,0.0349,False
lr,msm_tau_1_0.8_tau_2_0.75_lb_3,msm,39,2020-03-09,0.4841,0.3403,-0.1437,True
lr,msm_tau_1_0.8_tau_2_0.75_lb_3,msm,44,2020-08-06,0.4628,0.546,0.0832,False
lr,msm_tau_1_0.8_tau_2_0.75_lb_3,msm,52,2021-04-08,0.4273,0.2863,-0.141,False
lr,msm_tau_1_0.8_tau_2_0.75_lb_3,msm,57,2021-09-07,0.2389,0.3964,0.1575,False
lr,msm_tau_1_0.8_tau_2_0.75_lb_3,msm,60,2021-12-06,0.4247,0.2196,-0.2051,False
lr,msm_tau_1_0.8_tau_2_0.75_lb_3,msm,63,2022-03-08,0.2526,0.4078,0.1553,True
lr,msm_tau_1_0.8_tau_2_0.75_lb_3,msm,68,2022-08-08,0.3547,0.3441,-0.0106,False
lr,msm_tau_1_0.8_tau_2_0.75_lb_3,msm,75,2023-03-09,0.4716,0.3121,-0.1596,False
lr,msm_tau_1_0.8_tau_2_0.75_lb_3,msm,79,2023-07-11,0.3121,0.4793,0.1672,False
lr,msm_tau_1_0.8_tau_2_0.75_lb_4,msm,9,2017-09-05,0.4003,0.4803,0.08,False
lr,msm_tau_1_0.8_tau_2_0.75_lb_4,msm,13,2018-01-04,0.4803,0.5282,0.048,False
lr,msm_tau_1_0.8_tau_2_0.75_lb_4,msm,16,2018-04-06,0.541,0.4199,-0.1212,False
lr,msm_tau_1_0.8_tau_2_0.75_lb_4,msm,20,2018-08-06,0.4199,0.3927,-0.0272,False
lr,msm_tau_1_0.8_tau_2_0.75_lb_4,msm,24,2018-12-04,0.3927,0.3354,-0.0573,False
lr,msm_tau_1_0.8_tau_2_0.75_lb_4,msm,28,2019-04-08,0.3354,0.3703,0.0349,False
lr,msm_tau_1_0.8_tau_2_0.75_lb_4,msm,32,2019-08-07,0.3703,0.501,0.1307,False
lr,msm_tau_1_0.8_tau_2_0.75_lb_4,msm,39,2020-03-09,0.4578,0.3403,-0.1174,True
lr,msm_tau_1_0.8_tau_2_0.75_lb_4,msm,43,2020-07-08,0.3403,0.4426,0.1023,False
lr,msm_tau_1_0.8_tau_2_0.75_lb_4,msm,47,2020-11-04,0.4426,0.4691,0.0264,False
lr,msm_tau_1_0.8_tau_2_0.75_lb_4,msm,50,2021-02-05,0.4958,0.3656,-0.1302,False
lr,msm_tau_1_0.8_tau_2_0.75_lb_4,msm,54,2021-06-08,0.3656,0.3133,-0.0523,False
lr,msm_tau_1_0.8_tau_2_0.75_lb_4,msm,58,2021-10-06,0.3133,0.3291,0.0158,False
lr,msm_tau_1_0.8_tau_2_0.75_lb_4,msm,62,2022-02-04,0.3291,0.3551,0.0259,True
lr,msm_tau_1_0.8_tau_2_0.75_lb_4,msm,66,2022-06-07,0.3551,0.5299,0.1749,False
lr,msm_tau_1_0.8_tau_2_0.75_lb_4,msm,70,2022-10-06,0.5299,0.3638,-0.1661,False
lr,msm_tau_1_0.8_tau_2_0.75_lb_4,msm,74,2023-02-07,0.3638,0.2839,-0.0799,False
lr,msm_tau_1_0.8_tau_2_0.75_lb_4,msm,78,2023-06-08,0.2839,0.4395,0.1556,False
lr,msm_tau_1_0.8_tau_2_0.75_lb_6,msm,13,2018-01-04,0.5876,0.5179,-0.0697,False
lr,msm_tau_1_0.8_tau_2_0.75_lb_6,msm,17,2018-05-07,0.5179,0.3787,-0.1392,False
lr,msm_tau_1_0.8_tau_2_0.75_lb_6,msm,21,2018-09-05,0.3787,0.3782,-0.0005,False
lr,msm_tau_1_0.8_tau_2_0.75_lb_6,msm,25,2019-01-07,0.3782,0.4128,0.0347,False
lr,msm_tau_1_0.8_tau_2_0.75_lb_6,msm,29,2019-05-08,0.4128,0.4784,0.0656,False
lr,msm_tau_1_0.8_tau_2_0.75_lb_6,msm,33,2019-09-06,0.4784,0.5557,0.0773,False
lr,msm_tau_1_0.8_tau_2_0.75_lb_6,msm,37,2020-01-07,0.5557,0.3666,-0.1891,True
lr,msm_tau_1_0.8_tau_2_0.75_lb_6,msm,41,2020-05-07,0.3666,0.4136,0.047,False
lr,msm_tau_1_0.8_tau_2_0.75_lb_6,msm,45,2020-09-04,0.4136,0.5095,0.0959,False
lr,msm_tau_1_0.8_tau_2_0.75_lb_6,msm,49,2021-01-06,0.5095,0.4178,-0.0917,False
lr,msm_tau_1_0.8_tau_2_0.75_lb_6,msm,53,2021-05-07,0.4178,0.3038,-0.1139,False
lr,msm_tau_1_0.8_tau_2_0.75_lb_6,msm,57,2021-09-07,0.3038,0.3719,0.0681,False
lr,msm_tau_1_0.8_tau_2_0.75_lb_6,msm,61,2022-01-05,0.3719,0.3441,-0.0278,False
lr,msm_tau_1_0.8_tau_2_0.75_lb_6,msm,65,2022-05-06,0.3441,0.4952,0.1511,True
lr,msm_tau_1_0.8_tau_2_0.75_lb_6,msm,69,2022-09-07,0.4952,0.3328,-0.1625,False
lr,msm_tau_1_0.8_tau_2_0.75_lb_6,msm,73,2023-01-06,0.3328,0.329,-0.0038,False
lr,msm_tau_1_0.8_tau_2_0.75_lb_6,msm,77,2023-05-09,0.329,0.4125,0.0835,False
lr,msm_tau_1_0.8_tau_2_0.75_lb_6,msm,81,2023-09-08,0.4125,0.4212,0.0087,False
lr,perf_drop_0.03_lookback_3,perf,7,2017-07-06,0.5304,0.4377,-0.0927,False
lr,perf_drop_0.03_lookback_3,perf,10,2017-10-04,0.3802,0.4629,0.0826,False
lr,perf_drop_0.03_lookback_3,perf,16,2018-04-06,0.5334,0.4199,-0.1135,False
lr,perf_drop_0.03_lookback_3,perf,20,2018-08-06,0.4199,0.3927,-0.0272,False
lr,perf_drop_0.03_lookback_3,perf,25,2019-01-07,0.3663,0.4128,0.0465,False
lr,perf_drop_0.03_lookback_3,perf,30,2019-06-07,0.4388,0.5529,0.1141,False
lr,perf_drop_0.03_lookback_3,perf,34,2019-10-07,0.5529,0.56,0.0071,False
lr,perf_drop_0.03_lookback_3,perf,39,2020-03-09,0.5208,0.3403,-0.1805,True
lr,perf_drop_0.03_lookback_3,perf,43,2020-07-08,0.3403,0.4426,0.1023,False
lr,perf_drop_0.03_lookback_3,perf,51,2021-03-09,0.5193,0.36,-0.1593,False
lr,perf_drop_0.03_lookback_3,perf,55,2021-07-08,0.36,0.3483,-0.0117,False
lr,perf_drop_0.03_lookback_3,perf,61,2022-01-05,0.3416,0.3441,0.0025,False
lr,perf_drop_0.03_lookback_3,perf,68,2022-08-08,0.4107,0.3935,-0.0172,False
lr,perf_drop_0.03_lookback_3,perf,71,2022-11-04,0.4328,0.4771,0.0443,False
lr,perf_drop_0.03_lookback_3,perf,74,2023-02-07,0.4367,0.2868,-0.1499,False
lr,perf_drop_0.03_lookback_3,perf,77,2023-05-09,0.3824,0.4125,0.0301,False
lr,perf_drop_0.03_lookback_4,perf,8,2017-08-04,0.4925,0.3215,-0.1711,False
lr,perf_drop_0.03_lookback_4,perf,11,2017-11-02,0.3918,0.5842,0.1924,False
lr,perf_drop_0.03_lookback_4,perf,17,2018-05-07,0.4892,0.3763,-0.1129,False
lr,perf_drop_0.03_lookback_4,perf,20,2018-08-06,0.3981,0.3927,-0.0054,False
lr,perf_drop_0.03_lookback_4,perf,27,2019-03-08,0.306,0.4132,0.1071,False
lr,perf_drop_0.03_lookback_4,perf,31,2019-07-09,0.4132,0.5469,0.1337,False
lr,perf_drop_0.03_lookback_4,perf,38,2020-02-06,0.4825,0.3657,-0.1168,True
lr,perf_drop_0.03_lookback_4,perf,41,2020-05-07,0.422,0.4136,-0.0084,False
lr,perf_drop_0.03_lookback_4,perf,46,2020-10-06,0.4418,0.516,0.0742,False
lr,perf_drop_0.03_lookback_4,perf,52,2021-04-08,0.4277,0.3087,-0.119,False
lr,perf_drop_0.03_lookback_4,perf,55,2021-07-08,0.3178,0.3483,0.0305,False
lr,perf_drop_0.03_lookback_4,perf,61,2022-01-05,0.3416,0.3743,0.0327,False
lr,perf_drop_0.03_lookback_4,perf,64,2022-04-06,0.2441,0.4083,0.1642,True
lr,perf_drop_0.03_lookback_4,perf,71,2022-11-04,0.4898,0.4771,-0.0127,False
lr,perf_drop_0.03_lookback_4,perf,74,2023-02-07,0.4367,0.2868,-0.1499,False
lr,perf_drop_0.03_lookback_4,perf,77,2023-05-09,0.3824,0.4125,0.0301,False
lr,perf_drop_0.03_lookback_6,perf,10,2017-10-04,0.3998,0.4629,0.0631,False
lr,perf_drop_0.03_lookback_6,perf,18,2018-06-06,0.3434,0.3625,0.0191,False
lr,perf_drop_0.03_lookback_6,perf,21,2018-09-05,0.391,0.3782,-0.0128,False
lr,perf_drop_0.03_lookback_6,perf,27,2019-03-08,0.306,0.4132,0.1071,False
lr,perf_drop_0.03_lookback_6,perf,39,2020-03-09,0.4872,0.3632,-0.1241,True
lr,perf_drop_0.03_lookback_6,perf,42,2020-06-08,0.3371,0.4032,0.0661,False
lr,perf_drop_0.03_lookback_6,perf,45,2020-09-04,0.3712,0.5095,0.1383,False
lr,perf_drop_0.03_lookback_6,perf,51,2021-03-09,0.4238,0.36,-0.0638,False
lr,perf_drop_0.03_lookback_6,perf,54,2021-06-08,0.3683,0.3133,-0.055,False
lr,perf_drop_0.03_lookback_6,perf,57,2021-09-07,0.2835,0.3683,0.0848,False
lr,perf_drop_0.03_lookback_6,perf,63,2022-03-08,0.2244,0.4078,0.1834,True
lr,perf_drop_0.03_lookback_6,perf,72,2022-12-06,0.3417,0.4266,0.0849,False
lr,perf_drop_0.03_lookback_6,perf,77,2023-05-09,0.3712,0.4125,0.0413,False
lr,perf_drop_0.05_lookback_3,perf,7,2017-07-06,0.5304,0.4377,-0.0927,False
lr,perf_drop_0.05_lookback_3,perf,10,2017-10-04,0.3802,0.4629,0.0826,False
lr,perf_drop_0.05_lookback_3,perf,16,2018-04-06,0.5334,0.4199,-0.1135,False
lr,perf_drop_0.05_lookback_3,perf,21,2018-09-05,0.4015,0.3782,-0.0233,False
lr,perf_drop_0.05_lookback_3,perf,25,2019-01-07,0.3782,0.4128,0.0347,False
lr,perf_drop_0.05_lookback_3,perf,30,2019-06-07,0.4388,0.5529,0.1141,False
lr,perf_drop_0.05_lookback_3,perf,34,2019-10-07,0.5529,0.56,0.0071,False
lr,perf_drop_0.05_lookback_3,perf,39,2020-03-09,0.5208,0.3403,-0.1805,True
lr,perf_drop_0.05_lookback_3,perf,45,2020-09-04,0.4316,0.5095,0.0779,False
lr,perf_drop_0.05_lookback_3,perf,49,2021-01-06,0.5095,0.4178,-0.0917,False
lr,perf_drop_0.05_lookback_3,perf,53,2021-05-07,0.4178,0.3038,-0.1139,False
lr,perf_drop_0.05_lookback_3,perf,57,2021-09-07,0.3038,0.3719,0.0681,False
lr,perf_drop_0.05_lookback_3,perf,62,2022-02-04,0.3396,0.3462,0.0066,True
lr,perf_drop_0.05_lookback_3,perf,68,2022-08-08,0.3736,0.3935,0.0199,False
lr,perf_drop_0.05_lookback_3,perf,71,2022-11-04,0.4328,0.4771,0.0443,False
lr,perf_drop_0.05_lookback_3,perf,74,2023-02-07,0.4367,0.2868,-0.1499,False
lr,perf_drop_0.05_lookback_3,perf,77,2023-05-09,0.3824,0.4125,0.0301,False
lr,perf_drop_0.05_lookback_4,perf,8,2017-08-04,0.4925,0.3215,-0.1711,False
lr,perf_drop_0.05_lookback_4,perf,11,2017-11-02,0.3918,0.5842,0.1924,False
lr,perf_drop_0.05_lookback_4,perf,17,2018-05-07,0.4892,0.3787,-0.1105,False
lr,perf_drop_0.05_lookback_4,perf,21,2018-09-05,0.3787,0.3782,-0.0005,False
lr,perf_drop_0.05_lookback_4,perf,27,2019-03-08,0.306,0.4132,0.1071,False
lr,perf_drop_0.05_lookback_4,perf,31,2019-07-09,0.4132,0.5469,0.1337,False
lr,perf_drop_0.05_lookback_4,perf,38,2020-02-06,0.4825,0.3657,-0.1168,True
lr,perf_drop_0.05_lookback_4,perf,41,2020-05-07,0.422,0.4136,-0.0084,False
lr,perf_drop_0.05_lookback_4,perf,46,2020-10-06,0.4418,0.516,0.0742,False
lr,perf_drop_0.05_lookback_4,perf,52,2021-04-08,0.4277,0.3087,-0.119,False
lr,perf_drop_0.05_lookback_4,perf,55,2021-07-08,0.3178,0.3483,0.0305,False
lr,perf_drop_0.05_lookback_4,perf,62,2022-02-04,0.2866,0.3551,0.0685,True
lr,perf_drop_0.05_lookback_4,perf,72,2022-12-06,0.3373,0.4266,0.0893,False
lr,perf_drop_0.05_lookback_4,perf,77,2023-05-09,0.3712,0.4125,0.0413,False
lr,perf_drop_0.05_lookback_6,perf,10,2017-10-04,0.3998,0.4629,0.0631,False
lr,perf_drop_0.05_lookback_6,perf,18,2018-06-06,0.3434,0.3625,0.0191,False
lr,perf_drop_0.05_lookback_6,perf,21,2018-09-05,0.391,0.3782,-0.0128,False
lr,perf_drop_0.05_lookback_6,perf,27,2019-03-08,0.306,0.4132,0.1071,False
lr,perf_drop_0.05_lookback_6,perf,39,2020-03-09,0.4872,0.3632,-0.1241,True
lr,perf_drop_0.05_lookback_6,perf,42,2020-06-08,0.3371,0.4094,0.0723,False
lr,perf_drop_0.05_lookback_6,perf,55,2021-07-08,0.3981,0.3562,-0.0419,False
lr,perf_drop_0.05_lookback_6,perf,58,2021-10-06,0.343,0.301,-0.042,False
lr,perf_drop_0.05_lookback_6,perf,63,2022-03-08,0.2754,0.435,0.1596,True
lr,perf_drop_0.05_lookback_6,perf,72,2022-12-06,0.3218,0.4266,0.1048,False
lr,perf_drop_0.05_lookback_6,perf,81,2023-09-08,0.3292,0.4212,0.092,False
lr,perf_drop_0.15_lookback_3,perf,7,2017-07-06,0.5304,0.4568,-0.0736,False
lr,perf_drop_0.15_lookback_3,perf,18,2018-06-06,0.4007,0.3455,-0.0552,False
lr,perf_drop_0.15_lookback_3,perf,34,2019-10-07,0.4142,0.56,0.1459,False
lr,perf_drop_0.15_lookback_3,perf,40,2020-04-07,0.4416,0.4593,0.0177,True
lr,perf_drop_0.15_lookback_3,perf,45,2020-09-04,0.4141,0.5095,0.0954,False
lr,perf_drop_0.15_lookback_3,perf,49,2021-01-06,0.5095,0.4178,-0.0917,False
lr,perf_drop_0.15_lookback_3,perf,57,2021-09-07,0.2595,0.3683,0.1087,False
lr,perf_drop_0.15_lookback_3,perf,61,2022-01-05,0.3683,0.3441,-0.0241,False
lr,perf_drop_0.15_lookback_3,perf,68,2022-08-08,0.4107,0.3935,-0.0172,False
lr,perf_drop_0.15_lookback_3,perf,71,2022-11-04,0.4328,0.4308,-0.002,False
lr,perf_drop_0.15_lookback_3,perf,77,2023-05-09,0.3452,0.4125,0.0673,False
lr,perf_drop_0.15_lookback_4,perf,8,2017-08-04,0.4925,0.3735,-0.119,False
lr,perf_drop_0.15_lookback_4,perf,18,2018-06-06,0.4012,0.3455,-0.0557,False
lr,perf_drop_0.15_lookback_4,perf,59,2021-11-04,0.2655,0.3299,0.0644,False
lr,perf_drop_0.15_lookback_4,perf,72,2022-12-06,0.3657,0.4266,0.0609,False
lr,perf_drop_0.15_lookback_4,perf,78,2023-06-08,0.3332,0.4395,0.1063,False
lr,perf_drop_0.15_lookback_6,perf,18,2018-06-06,0.355,0.3455,-0.0095,False
lr,perf_drop_0.15_lookback_6,perf,60,2021-12-06,0.1945,0.2171,0.0227,False
lr,perf_drop_0.1_lookback_3,perf,7,2017-07-06,0.5304,0.4568,-0.0736,False
lr,perf_drop_0.1_lookback_3,perf,14,2018-02-05,0.5057,0.4131,-0.0926,False
lr,perf_drop_0.1_lookback_3,perf,17,2018-05-07,0.5084,0.3787,-0.1297,False
lr,perf_drop_0.1_lookback_3,perf,21,2018-09-05,0.3787,0.3782,-0.0005,False
lr,perf_drop_0.1_lookback_3,perf,27,2019-03-08,0.306,0.4181,0.112,False
lr,perf_drop_0.1_lookback_3,perf,30,2019-06-07,0.4537,0.5529,0.0992,False
lr,perf_drop_0.1_lookback_3,perf,34,2019-10-07,0.5529,0.56,0.0071,False
lr,perf_drop_0.1_lookback_3,perf,40,2020-04-07,0.4416,0.4593,0.0177,True
lr,perf_drop_0.1_lookback_3,perf,45,2020-09-04,0.4141,0.5095,0.0954,False
lr,perf_drop_0.1_lookback_3,perf,49,2021-01-06,0.5095,0.4178,-0.0917,False
lr,perf_drop_0.1_lookback_3,perf,57,2021-09-07,0.2595,0.3683,0.1087,False
lr,perf_drop_0.1_lookback_3,perf,61,2022-01-05,0.3683,0.3441,-0.0241,False
lr,perf_drop_0.1_lookback_3,perf,68,2022-08-08,0.4107,0.3935,-0.0172,False
lr,perf_drop_0.1_lookback_3,perf,71,2022-11-04,0.4328,0.4308,-0.002,False
lr,perf_drop_0.1_lookback_3,perf,77,2023-05-09,0.3452,0.4125,0.0673,False
lr,perf_drop_0.1_lookback_4,perf,8,2017-08-04,0.4925,0.3215,-0.1711,False
lr,perf_drop_0.1_lookback_4,perf,11,2017-11-02,0.3918,0.5842,0.1924,False
lr,perf_drop_0.1_lookback_4,perf,17,2018-05-07,0.4892,0.3787,-0.1105,False
lr,perf_drop_0.1_lookback_4,perf,41,2020-05-07,0.3804,0.4136,0.0332,False
lr,perf_drop_0.1_lookback_4,perf,50,2021-02-05,0.5242,0.3656,-0.1586,False
lr,perf_drop_0.1_lookback_4,perf,53,2021-05-07,0.4154,0.3038,-0.1115,False
lr,perf_drop_0.1_lookback_4,perf,62,2022-02-04,0.2488,0.3551,0.1063,True
lr,perf_drop_0.1_lookback_4,perf,72,2022-12-06,0.3373,0.4266,0.0893,False
lr,perf_drop_0.1_lookback_4,perf,78,2023-06-08,0.3332,0.4395,0.1063,False
lr,perf_drop_0.1_lookback_6,perf,18,2018-06-06,0.355,0.3455,-0.0095,False
lr,perf_drop_0.1_lookback_6,perf,45,2020-09-04,0.3063,0.5095,0.2032,False
lr,perf_drop_0.1_lookback_6,perf,55,2021-07-08,0.311,0.3483,0.0373,False
lr,perf_drop_0.1_lookback_6,perf,63,2022-03-08,0.2074,0.4078,0.2004,True
lr,perf_drop_0.1_lookback_6,perf,73,2023-01-06,0.3401,0.329,-0.0111,False
lr,perf_drop_0.2_lookback_3,perf,7,2017-07-06,0.5304,0.4568,-0.0736,False
lr,perf_drop_0.2_lookback_3,perf,57,2021-09-07,0.3381,0.3719,0.0339,False
lr,perf_drop_0.2_lookback_3,perf,77,2023-05-09,0.4808,0.4125,-0.0683,False
lr,perf_drop_0.2_lookback_4,perf,18,2018-06-06,0.355,0.3455,-0.0095,False
lr,perf_drop_0.2_lookback_4,perf,74,2023-02-07,0.3607,0.2839,-0.0768,False
lr,random,random,6,2017-06-06,0.5933,0.4366,-0.1567,False
lr,random,random,19,2018-07-06,0.3321,0.3543,0.0221,False
lr,random,random,29,2019-05-08,0.4005,0.5269,0.1264,False
lr,random,random,53,2021-05-07,0.6023,0.3038,-0.2984,False
lr,random,random,70,2022-10-06,0.3481,0.3638,0.0158,False
lr,random,random,76,2023-04-10,0.4215,0.312,-0.1095,False
lr,spy_msm_tau_1_0.83_tau_2_0.72_lb_3,spy_msm,7,2017-07-06,0.5304,0.4568,-0.0736,False
lr,spy_msm_tau_1_0.83_tau_2_0.72_lb_3,spy_msm,11,2017-11-02,0.4568,0.5842,0.1274,False
lr,spy_msm_tau_1_0.83_tau_2_0.72_lb_3,spy_msm,15,2018-03-07,0.5842,0.3586,-0.2256,False
lr,spy_msm_tau_1_0.83_tau_2_0.72_lb_3,spy_msm,21,2018-09-05,0.3917,0.3782,-0.0136,False
lr,spy_msm_tau_1_0.83_tau_2_0.72_lb_3,spy_msm,26,2019-02-06,0.3782,0.4165,0.0383,False
lr,spy_msm_tau_1_0.83_tau_2_0.72_lb_3,spy_msm,31,2019-07-09,0.4212,0.4442,0.0229,False
lr,spy_msm_tau_1_0.83_tau_2_0.72_lb_3,spy_msm,38,2020-02-06,0.493,0.3673,-0.1257,True
lr,spy_msm_tau_1_0.83_tau_2_0.72_lb_3,spy_msm,42,2020-06-08,0.3673,0.419,0.0516,False
lr,spy_msm_tau_1_0.83_tau_2_0.72_lb_3,spy_msm,46,2020-10-06,0.419,0.516,0.097,False
lr,spy_msm_tau_1_0.83_tau_2_0.72_lb_3,spy_msm,51,2021-03-09,0.4472,0.36,-0.0871,False
lr,spy_msm_tau_1_0.83_tau_2_0.72_lb_3,spy_msm,55,2021-07-08,0.36,0.3186,-0.0414,False
lr,spy_msm_tau_1_0.83_tau_2_0.72_lb_3,spy_msm,68,2022-08-08,0.2771,0.3441,0.067,False
lr,spy_msm_tau_1_0.83_tau_2_0.72_lb_3,spy_msm,75,2023-03-09,0.4716,0.3057,-0.1659,False
lr,spy_msm_tau_1_0.83_tau_2_0.72_lb_3,spy_msm,78,2023-06-08,0.2813,0.4395,0.1582,False
lr,spy_msm_tau_1_0.83_tau_2_0.72_lb_4,spy_msm,9,2017-09-05,0.4003,0.4803,0.08,False
lr,spy_msm_tau_1_0.83_tau_2_0.72_lb_4,spy_msm,15,2018-03-07,0.5499,0.3586,-0.1913,False
lr,spy_msm_tau_1_0.83_tau_2_0.72_lb_4,spy_msm,19,2018-07-06,0.3586,0.3543,-0.0043,False
lr,spy_msm_tau_1_0.83_tau_2_0.72_lb_4,spy_msm,23,2018-11-02,0.3543,0.2895,-0.0648,False
lr,spy_msm_tau_1_0.83_tau_2_0.72_lb_4,spy_msm,26,2019-02-06,0.344,0.4165,0.0725,False
lr,spy_msm_tau_1_0.83_tau_2_0.72_lb_4,spy_msm,31,2019-07-09,0.4212,0.4442,0.0229,False
lr,spy_msm_tau_1_0.83_tau_2_0.72_lb_4,spy_msm,38,2020-02-06,0.493,0.3673,-0.1257,True
lr,spy_msm_tau_1_0.83_tau_2_0.72_lb_4,spy_msm,42,2020-06-08,0.3673,0.419,0.0516,False
lr,spy_msm_tau_1_0.83_tau_2_0.72_lb_4,spy_msm,46,2020-10-06,0.419,0.516,0.097,False
lr,spy_msm_tau_1_0.83_tau_2_0.72_lb_4,spy_msm,51,2021-03-09,0.4472,0.36,-0.0871,False
lr,spy_msm_tau_1_0.83_tau_2_0.72_lb_4,spy_msm,55,2021-07-08,0.36,0.3186,-0.0414,False
lr,spy_msm_tau_1_0.83_tau_2_0.72_lb_4,spy_msm,59,2021-11-04,0.3186,0.3077,-0.0109,False
lr,spy_msm_tau_1_0.83_tau_2_0.72_lb_4,spy_msm,68,2022-08-08,0.4196,0.3441,-0.0755,False
lr,spy_msm_tau_1_0.83_tau_2_0.72_lb_4,spy_msm,75,2023-03-09,0.4716,0.3121,-0.1596,False
lr,spy_msm_tau_1_0.83_tau_2_0.72_lb_4,spy_msm,79,2023-07-11,0.3121,0.4793,0.1672,False
lr,spy_msm_tau_1_0.83_tau_2_0.72_lb_6,spy_msm,13,2018-01-04,0.5876,0.5179,-0.0697,False
lr,spy_msm_tau_1_0.83_tau_2_0.72_lb_6,spy_msm,17,2018-05-07,0.5179,0.3787,-0.1392,False
lr,spy_msm_tau_1_0.83_tau_2_0.72_lb_6,spy_msm,21,2018-09-05,0.3787,0.3782,-0.0005,False
lr,spy_msm_tau_1_0.83_tau_2_0.72_lb_6,spy_msm,25,2019-01-07,0.3782,0.4128,0.0347,False
lr,spy_msm_tau_1_0.83_tau_2_0.72_lb_6,spy_msm,29,2019-05-08,0.4128,0.4784,0.0656,False
lr,spy_msm_tau_1_0.83_tau_2_0.72_lb_6,spy_msm,39,2020-03-09,0.4901,0.3403,-0.1498,True
lr,spy_msm_tau_1_0.83_tau_2_0.72_lb_6,spy_msm,43,2020-07-08,0.3403,0.4426,0.1023,False
lr,spy_msm_tau_1_0.83_tau_2_0.72_lb_6,spy_msm,47,2020-11-04,0.4426,0.4247,-0.018,False
lr,spy_msm_tau_1_0.83_tau_2_0.72_lb_6,spy_msm,52,2021-04-08,0.4222,0.2863,-0.1359,False
lr,spy_msm_tau_1_0.83_tau_2_0.72_lb_6,spy_msm,56,2021-08-06,0.2863,0.4416,0.1554,False
lr,spy_msm_tau_1_0.83_tau_2_0.72_lb_6,spy_msm,60,2021-12-06,0.4416,0.2171,-0.2245,False
lr,spy_msm_tau_1_0.83_tau_2_0.72_lb_6,spy_msm,68,2022-08-08,0.4107,0.3441,-0.0666,False
lr,spy_msm_tau_1_0.83_tau_2_0.72_lb_6,spy_msm,72,2022-12-06,0.3441,0.3972,0.053,False
lr,spy_msm_tau_1_0.83_tau_2_0.72_lb_6,spy_msm,75,2023-03-09,0.4418,0.3121,-0.1297,False
lr,spy_msm_tau_1_0.83_tau_2_0.72_lb_6,spy_msm,79,2023-07-11,0.3121,0.4793,0.1672,False
lr,spy_msm_tau_1_0.83_tau_2_0.75_lb_3,spy_msm,7,2017-07-06,0.5304,0.4568,-0.0736,False
lr,spy_msm_tau_1_0.83_tau_2_0.75_lb_3,spy_msm,11,2017-11-02,0.4568,0.5842,0.1274,False
lr,spy_msm_tau_1_0.83_tau_2_0.75_lb_3,spy_msm,15,2018-03-07,0.5842,0.3586,-0.2256,False
lr,spy_msm_tau_1_0.83_tau_2_0.75_lb_3,spy_msm,21,2018-09-05,0.3917,0.3782,-0.0136,False
lr,spy_msm_tau_1_0.83_tau_2_0.75_lb_3,spy_msm,26,2019-02-06,0.3782,0.4165,0.0383,False
lr,spy_msm_tau_1_0.83_tau_2_0.75_lb_3,spy_msm,31,2019-07-09,0.4212,0.4442,0.0229,False
lr,spy_msm_tau_1_0.83_tau_2_0.75_lb_3,spy_msm,38,2020-02-06,0.493,0.3673,-0.1257,True
lr,spy_msm_tau_1_0.83_tau_2_0.75_lb_3,spy_msm,42,2020-06-08,0.3673,0.419,0.0516,False
lr,spy_msm_tau_1_0.83_tau_2_0.75_lb_3,spy_msm,46,2020-10-06,0.419,0.516,0.097,False
lr,spy_msm_tau_1_0.83_tau_2_0.75_lb_3,spy_msm,51,2021-03-09,0.4472,0.36,-0.0871,False
lr,spy_msm_tau_1_0.83_tau_2_0.75_lb_3,spy_msm,55,2021-07-08,0.36,0.3186,-0.0414,False
lr,spy_msm_tau_1_0.83_tau_2_0.75_lb_3,spy_msm,68,2022-08-08,0.2771,0.3441,0.067,False
lr,spy_msm_tau_1_0.83_tau_2_0.75_lb_3,spy_msm,75,2023-03-09,0.4716,0.3057,-0.1659,False
lr,spy_msm_tau_1_0.83_tau_2_0.75_lb_3,spy_msm,78,2023-06-08,0.2813,0.4395,0.1582,False
lr,spy_msm_tau_1_0.83_tau_2_0.75_lb_4,spy_msm,9,2017-09-05,0.4003,0.4803,0.08,False
lr,spy_msm_tau_1_0.83_tau_2_0.75_lb_4,spy_msm,15,2018-03-07,0.5499,0.3586,-0.1913,False
lr,spy_msm_tau_1_0.83_tau_2_0.75_lb_4,spy_msm,19,2018-07-06,0.3586,0.3543,-0.0043,False
lr,spy_msm_tau_1_0.83_tau_2_0.75_lb_4,spy_msm,23,2018-11-02,0.3543,0.2895,-0.0648,False
lr,spy_msm_tau_1_0.83_tau_2_0.75_lb_4,spy_msm,26,2019-02-06,0.344,0.4165,0.0725,False
lr,spy_msm_tau_1_0.83_tau_2_0.75_lb_4,spy_msm,31,2019-07-09,0.4212,0.4442,0.0229,False
lr,spy_msm_tau_1_0.83_tau_2_0.75_lb_4,spy_msm,38,2020-02-06,0.493,0.3673,-0.1257,True
lr,spy_msm_tau_1_0.83_tau_2_0.75_lb_4,spy_msm,42,2020-06-08,0.3673,0.419,0.0516,False
lr,spy_msm_tau_1_0.83_tau_2_0.75_lb_4,spy_msm,46,2020-10-06,0.419,0.516,0.097,False
lr,spy_msm_tau_1_0.83_tau_2_0.75_lb_4,spy_msm,51,2021-03-09,0.4472,0.36,-0.0871,False
lr,spy_msm_tau_1_0.83_tau_2_0.75_lb_4,spy_msm,55,2021-07-08,0.36,0.3186,-0.0414,False
lr,spy_msm_tau_1_0.83_tau_2_0.75_lb_4,spy_msm,59,2021-11-04,0.3186,0.3077,-0.0109,False
lr,spy_msm_tau_1_0.83_tau_2_0.75_lb_4,spy_msm,68,2022-08-08,0.4196,0.3441,-0.0755,False
lr,spy_msm_tau_1_0.83_tau_2_0.75_lb_4,spy_msm,75,2023-03-09,0.4716,0.3121,-0.1596,False
lr,spy_msm_tau_1_0.83_tau_2_0.75_lb_4,spy_msm,79,2023-07-11,0.3121,0.4793,0.1672,False
lr,spy_msm_tau_1_0.83_tau_2_0.75_lb_6,spy_msm,13,2018-01-04,0.5876,0.5179,-0.0697,False
lr,spy_msm_tau_1_0.83_tau_2_0.75_lb_6,spy_msm,17,2018-05-07,0.5179,0.3787,-0.1392,False
lr,spy_msm_tau_1_0.83_tau_2_0.75_lb_6,spy_msm,21,2018-09-05,0.3787,0.3782,-0.0005,False
lr,spy_msm_tau_1_0.83_tau_2_0.75_lb_6,spy_msm,25,2019-01-07,0.3782,0.4128,0.0347,False
lr,spy_msm_tau_1_0.83_tau_2_0.75_lb_6,spy_msm,29,2019-05-08,0.4128,0.4784,0.0656,False
lr,spy_msm_tau_1_0.83_tau_2_0.75_lb_6,spy_msm,39,2020-03-09,0.4901,0.3403,-0.1498,True
lr,spy_msm_tau_1_0.83_tau_2_0.75_lb_6,spy_msm,43,2020-07-08,0.3403,0.4426,0.1023,False
lr,spy_msm_tau_1_0.83_tau_2_0.75_lb_6,spy_msm,47,2020-11-04,0.4426,0.4247,-0.018,False
lr,spy_msm_tau_1_0.83_tau_2_0.75_lb_6,spy_msm,52,2021-04-08,0.4222,0.2863,-0.1359,False
lr,spy_msm_tau_1_0.83_tau_2_0.75_lb_6,spy_msm,56,2021-08-06,0.2863,0.4416,0.1554,False
lr,spy_msm_tau_1_0.83_tau_2_0.75_lb_6,spy_msm,60,2021-12-06,0.4416,0.2171,-0.2245,False
lr,spy_msm_tau_1_0.83_tau_2_0.75_lb_6,spy_msm,68,2022-08-08,0.4107,0.3441,-0.0666,False
lr,spy_msm_tau_1_0.83_tau_2_0.75_lb_6,spy_msm,72,2022-12-06,0.3441,0.3972,0.053,False
lr,spy_msm_tau_1_0.83_tau_2_0.75_lb_6,spy_msm,75,2023-03-09,0.4418,0.3121,-0.1297,False
lr,spy_msm_tau_1_0.83_tau_2_0.75_lb_6,spy_msm,79,2023-07-11,0.3121,0.4793,0.1672,False
lr,spy_msm_tau_1_0.83_tau_2_0.78_lb_3,spy_msm,7,2017-07-06,0.5304,0.4568,-0.0736,False
lr,spy_msm_tau_1_0.83_tau_2_0.78_lb_3,spy_msm,11,2017-11-02,0.4568,0.5842,0.1274,False
lr,spy_msm_tau_1_0.83_tau_2_0.78_lb_3,spy_msm,15,2018-03-07,0.5842,0.3586,-0.2256,False
lr,spy_msm_tau_1_0.83_tau_2_0.78_lb_3,spy_msm,21,2018-09-05,0.3917,0.3782,-0.0136,False
lr,spy_msm_tau_1_0.83_tau_2_0.78_lb_3,spy_msm,26,2019-02-06,0.3782,0.4165,0.0383,False
lr,spy_msm_tau_1_0.83_tau_2_0.78_lb_3,spy_msm,31,2019-07-09,0.4212,0.4442,0.0229,False
lr,spy_msm_tau_1_0.83_tau_2_0.78_lb_3,spy_msm,38,2020-02-06,0.493,0.3673,-0.1257,True
lr,spy_msm_tau_1_0.83_tau_2_0.78_lb_3,spy_msm,42,2020-06-08,0.3673,0.419,0.0516,False
lr,spy_msm_tau_1_0.83_tau_2_0.78_lb_3,spy_msm,46,2020-10-06,0.419,0.516,0.097,False
lr,spy_msm_tau_1_0.83_tau_2_0.78_lb_3,spy_msm,51,2021-03-09,0.4472,0.36,-0.0871,False
lr,spy_msm_tau_1_0.83_tau_2_0.78_lb_3,spy_msm,55,2021-07-08,0.36,0.3186,-0.0414,False
lr,spy_msm_tau_1_0.83_tau_2_0.78_lb_3,spy_msm,68,2022-08-08,0.2771,0.3441,0.067,False
lr,spy_msm_tau_1_0.83_tau_2_0.78_lb_3,spy_msm,75,2023-03-09,0.4716,0.3057,-0.1659,False
lr,spy_msm_tau_1_0.83_tau_2_0.78_lb_3,spy_msm,78,2023-06-08,0.2813,0.4395,0.1582,False
lr,spy_msm_tau_1_0.83_tau_2_0.78_lb_4,spy_msm,9,2017-09-05,0.4003,0.4803,0.08,False
lr,spy_msm_tau_1_0.83_tau_2_0.78_lb_4,spy_msm,15,2018-03-07,0.5499,0.3586,-0.1913,False
lr,spy_msm_tau_1_0.83_tau_2_0.78_lb_4,spy_msm,19,2018-07-06,0.3586,0.3543,-0.0043,False
lr,spy_msm_tau_1_0.83_tau_2_0.78_lb_4,spy_msm,23,2018-11-02,0.3543,0.2895,-0.0648,False
lr,spy_msm_tau_1_0.83_tau_2_0.78_lb_4,spy_msm,26,2019-02-06,0.344,0.4165,0.0725,False
lr,spy_msm_tau_1_0.83_tau_2_0.78_lb_4,spy_msm,31,2019-07-09,0.4212,0.4442,0.0229,False
lr,spy_msm_tau_1_0.83_tau_2_0.78_lb_4,spy_msm,38,2020-02-06,0.493,0.3673,-0.1257,True
lr,spy_msm_tau_1_0.83_tau_2_0.78_lb_4,spy_msm,42,2020-06-08,0.3673,0.419,0.0516,False
lr,spy_msm_tau_1_0.83_tau_2_0.78_lb_4,spy_msm,46,2020-10-06,0.419,0.516,0.097,False
lr,spy_msm_tau_1_0.83_tau_2_0.78_lb_4,spy_msm,51,2021-03-09,0.4472,0.36,-0.0871,False
lr,spy_msm_tau_1_0.83_tau_2_0.78_lb_4,spy_msm,55,2021-07-08,0.36,0.3186,-0.0414,False
lr,spy_msm_tau_1_0.83_tau_2_0.78_lb_4,spy_msm,59,2021-11-04,0.3186,0.3077,-0.0109,False
lr,spy_msm_tau_1_0.83_tau_2_0.78_lb_4,spy_msm,68,2022-08-08,0.4196,0.3441,-0.0755,False
lr,spy_msm_tau_1_0.83_tau_2_0.78_lb_4,spy_msm,75,2023-03-09,0.4716,0.3121,-0.1596,False
lr,spy_msm_tau_1_0.83_tau_2_0.78_lb_4,spy_msm,79,2023-07-11,0.3121,0.4793,0.1672,False
lr,spy_msm_tau_1_0.83_tau_2_0.78_lb_6,spy_msm,13,2018-01-04,0.5876,0.5179,-0.0697,False
lr,spy_msm_tau_1_0.83_tau_2_0.78_lb_6,spy_msm,17,2018-05-07,0.5179,0.3787,-0.1392,False
lr,spy_msm_tau_1_0.83_tau_2_0.78_lb_6,spy_msm,21,2018-09-05,0.3787,0.3782,-0.0005,False
lr,spy_msm_tau_1_0.83_tau_2_0.78_lb_6,spy_msm,25,2019-01-07,0.3782,0.4128,0.0347,False
lr,spy_msm_tau_1_0.83_tau_2_0.78_lb_6,spy_msm,29,2019-05-08,0.4128,0.4784,0.0656,False
lr,spy_msm_tau_1_0.83_tau_2_0.78_lb_6,spy_msm,39,2020-03-09,0.4901,0.3403,-0.1498,True
lr,spy_msm_tau_1_0.83_tau_2_0.78_lb_6,spy_msm,43,2020-07-08,0.3403,0.4426,0.1023,False
lr,spy_msm_tau_1_0.83_tau_2_0.78_lb_6,spy_msm,47,2020-11-04,0.4426,0.4247,-0.018,False
lr,spy_msm_tau_1_0.83_tau_2_0.78_lb_6,spy_msm,52,2021-04-08,0.4222,0.2863,-0.1359,False
lr,spy_msm_tau_1_0.83_tau_2_0.78_lb_6,spy_msm,56,2021-08-06,0.2863,0.4416,0.1554,False
lr,spy_msm_tau_1_0.83_tau_2_0.78_lb_6,spy_msm,60,2021-12-06,0.4416,0.2171,-0.2245,False
lr,spy_msm_tau_1_0.83_tau_2_0.78_lb_6,spy_msm,68,2022-08-08,0.4107,0.3441,-0.0666,False
lr,spy_msm_tau_1_0.83_tau_2_0.78_lb_6,spy_msm,72,2022-12-06,0.3441,0.3972,0.053,False
lr,spy_msm_tau_1_0.83_tau_2_0.78_lb_6,spy_msm,75,2023-03-09,0.4418,0.3121,-0.1297,False
lr,spy_msm_tau_1_0.83_tau_2_0.78_lb_6,spy_msm,79,2023-07-11,0.3121,0.4793,0.1672,False
lr,spy_msm_tau_1_0.88_tau_2_0.72_lb_3,spy_msm,7,2017-07-06,0.5304,0.4568,-0.0736,False
lr,spy_msm_tau_1_0.88_tau_2_0.72_lb_3,spy_msm,11,2017-11-02,0.4568,0.5842,0.1274,False
lr,spy_msm_tau_1_0.88_tau_2_0.72_lb_3,spy_msm,15,2018-03-07,0.5842,0.3586,-0.2256,False
lr,spy_msm_tau_1_0.88_tau_2_0.72_lb_3,spy_msm,20,2018-08-06,0.3856,0.3927,0.0071,False
lr,spy_msm_tau_1_0.88_tau_2_0.72_lb_3,spy_msm,26,2019-02-06,0.3663,0.4165,0.0502,False
lr,spy_msm_tau_1_0.88_tau_2_0.72_lb_3,spy_msm,30,2019-06-07,0.4165,0.5529,0.1364,False
lr,spy_msm_tau_1_0.88_tau_2_0.72_lb_3,spy_msm,38,2020-02-06,0.5406,0.3528,-0.1878,True
lr,spy_msm_tau_1_0.88_tau_2_0.72_lb_3,spy_msm,42,2020-06-08,0.3528,0.4094,0.0565,False
lr,spy_msm_tau_1_0.88_tau_2_0.72_lb_3,spy_msm,46,2020-10-06,0.4094,0.516,0.1066,False
lr,spy_msm_tau_1_0.88_tau_2_0.72_lb_3,spy_msm,51,2021-03-09,0.4472,0.36,-0.0871,False
lr,spy_msm_tau_1_0.88_tau_2_0.72_lb_3,spy_msm,55,2021-07-08,0.36,0.3483,-0.0117,False
lr,spy_msm_tau_1_0.88_tau_2_0.72_lb_3,spy_msm,68,2022-08-08,0.2771,0.3441,0.067,False
lr,spy_msm_tau_1_0.88_tau_2_0.72_lb_3,spy_msm,75,2023-03-09,0.4716,0.3121,-0.1596,False
lr,spy_msm_tau_1_0.88_tau_2_0.72_lb_3,spy_msm,79,2023-07-11,0.3121,0.4793,0.1672,False
lr,spy_msm_tau_1_0.88_tau_2_0.72_lb_4,spy_msm,9,2017-09-05,0.4003,0.4803,0.08,False
lr,spy_msm_tau_1_0.88_tau_2_0.72_lb_4,spy_msm,15,2018-03-07,0.5499,0.3586,-0.1913,False
lr,spy_msm_tau_1_0.88_tau_2_0.72_lb_4,spy_msm,19,2018-07-06,0.3586,0.3543,-0.0043,False
lr,spy_msm_tau_1_0.88_tau_2_0.72_lb_4,spy_msm,23,2018-11-02,0.3543,0.2895,-0.0648,False
lr,spy_msm_tau_1_0.88_tau_2_0.72_lb_4,spy_msm,26,2019-02-06,0.344,0.4165,0.0725,False
lr,spy_msm_tau_1_0.88_tau_2_0.72_lb_4,spy_msm,30,2019-06-07,0.4165,0.5529,0.1364,False
lr,spy_msm_tau_1_0.88_tau_2_0.72_lb_4,spy_msm,34,2019-10-07,0.5529,0.56,0.0071,False
lr,spy_msm_tau_1_0.88_tau_2_0.72_lb_4,spy_msm,38,2020-02-06,0.56,0.3528,-0.2072,True
lr,spy_msm_tau_1_0.88_tau_2_0.72_lb_4,spy_msm,42,2020-06-08,0.3528,0.4094,0.0565,False
lr,spy_msm_tau_1_0.88_tau_2_0.72_lb_4,spy_msm,46,2020-10-06,0.4094,0.516,0.1066,False
lr,spy_msm_tau_1_0.88_tau_2_0.72_lb_4,spy_msm,50,2021-02-05,0.516,0.3656,-0.1504,False
lr,spy_msm_tau_1_0.88_tau_2_0.72_lb_4,spy_msm,54,2021-06-08,0.3656,0.3133,-0.0523,False
lr,spy_msm_tau_1_0.88_tau_2_0.72_lb_4,spy_msm,58,2021-10-06,0.3133,0.3291,0.0158,False
lr,spy_msm_tau_1_0.88_tau_2_0.72_lb_4,spy_msm,68,2022-08-08,0.3875,0.3441,-0.0434,False
lr,spy_msm_tau_1_0.88_tau_2_0.72_lb_4,spy_msm,75,2023-03-09,0.4716,0.3121,-0.1596,False
lr,spy_msm_tau_1_0.88_tau_2_0.72_lb_4,spy_msm,79,2023-07-11,0.3121,0.4793,0.1672,False
lr,spy_msm_tau_1_0.88_tau_2_0.72_lb_6,spy_msm,13,2018-01-04,0.5876,0.5179,-0.0697,False
lr,spy_msm_tau_1_0.88_tau_2_0.72_lb_6,spy_msm,17,2018-05-07,0.5179,0.3787,-0.1392,False
lr,spy_msm_tau_1_0.88_tau_2_0.72_lb_6,spy_msm,21,2018-09-05,0.3787,0.3782,-0.0005,False
lr,spy_msm_tau_1_0.88_tau_2_0.72_lb_6,spy_msm,25,2019-01-07,0.3782,0.4128,0.0347,False
lr,spy_msm_tau_1_0.88_tau_2_0.72_lb_6,spy_msm,29,2019-05-08,0.4128,0.4784,0.0656,False
lr,spy_msm_tau_1_0.88_tau_2_0.72_lb_6,spy_msm,33,2019-09-06,0.4784,0.5557,0.0773,False
lr,spy_msm_tau_1_0.88_tau_2_0.72_lb_6,spy_msm,38,2020-02-06,0.5621,0.3528,-0.2093,True
lr,spy_msm_tau_1_0.88_tau_2_0.72_lb_6,spy_msm,42,2020-06-08,0.3528,0.4094,0.0565,False
lr,spy_msm_tau_1_0.88_tau_2_0.72_lb_6,spy_msm,46,2020-10-06,0.4094,0.516,0.1066,False
lr,spy_msm_tau_1_0.88_tau_2_0.72_lb_6,spy_msm,50,2021-02-05,0.516,0.3656,-0.1504,False
lr,spy_msm_tau_1_0.88_tau_2_0.72_lb_6,spy_msm,54,2021-06-08,0.3656,0.3133,-0.0523,False
lr,spy_msm_tau_1_0.88_tau_2_0.72_lb_6,spy_msm,58,2021-10-06,0.3133,0.3291,0.0158,False
lr,spy_msm_tau_1_0.88_tau_2_0.72_lb_6,spy_msm,68,2022-08-08,0.3875,0.3441,-0.0434,False
lr,spy_msm_tau_1_0.88_tau_2_0.72_lb_6,spy_msm,72,2022-12-06,0.3441,0.3972,0.053,False
lr,spy_msm_tau_1_0.88_tau_2_0.72_lb_6,spy_msm,75,2023-03-09,0.4418,0.3121,-0.1297,False
lr,spy_msm_tau_1_0.88_tau_2_0.72_lb_6,spy_msm,79,2023-07-11,0.3121,0.4793,0.1672,False
lr,spy_msm_tau_1_0.88_tau_2_0.75_lb_3,spy_msm,7,2017-07-06,0.5304,0.4568,-0.0736,False
lr,spy_msm_tau_1_0.88_tau_2_0.75_lb_3,spy_msm,11,2017-11-02,0.4568,0.5842,0.1274,False
lr,spy_msm_tau_1_0.88_tau_2_0.75_lb_3,spy_msm,15,2018-03-07,0.5842,0.3586,-0.2256,False
lr,spy_msm_tau_1_0.88_tau_2_0.75_lb_3,spy_msm,20,2018-08-06,0.3856,0.3927,0.0071,False
lr,spy_msm_tau_1_0.88_tau_2_0.75_lb_3,spy_msm,26,2019-02-06,0.3663,0.4165,0.0502,False
lr,spy_msm_tau_1_0.88_tau_2_0.75_lb_3,spy_msm,30,2019-06-07,0.4165,0.5529,0.1364,False
lr,spy_msm_tau_1_0.88_tau_2_0.75_lb_3,spy_msm,38,2020-02-06,0.5406,0.3528,-0.1878,True
lr,spy_msm_tau_1_0.88_tau_2_0.75_lb_3,spy_msm,42,2020-06-08,0.3528,0.4094,0.0565,False
lr,spy_msm_tau_1_0.88_tau_2_0.75_lb_3,spy_msm,46,2020-10-06,0.4094,0.516,0.1066,False
lr,spy_msm_tau_1_0.88_tau_2_0.75_lb_3,spy_msm,51,2021-03-09,0.4472,0.36,-0.0871,False
lr,spy_msm_tau_1_0.88_tau_2_0.75_lb_3,spy_msm,55,2021-07-08,0.36,0.3483,-0.0117,False
lr,spy_msm_tau_1_0.88_tau_2_0.75_lb_3,spy_msm,68,2022-08-08,0.2771,0.3441,0.067,False
lr,spy_msm_tau_1_0.88_tau_2_0.75_lb_3,spy_msm,75,2023-03-09,0.4716,0.3121,-0.1596,False
lr,spy_msm_tau_1_0.88_tau_2_0.75_lb_3,spy_msm,79,2023-07-11,0.3121,0.4793,0.1672,False
lr,spy_msm_tau_1_0.88_tau_2_0.75_lb_4,spy_msm,9,2017-09-05,0.4003,0.4803,0.08,False
lr,spy_msm_tau_1_0.88_tau_2_0.75_lb_4,spy_msm,15,2018-03-07,0.5499,0.3586,-0.1913,False
lr,spy_msm_tau_1_0.88_tau_2_0.75_lb_4,spy_msm,19,2018-07-06,0.3586,0.3543,-0.0043,False
lr,spy_msm_tau_1_0.88_tau_2_0.75_lb_4,spy_msm,23,2018-11-02,0.3543,0.2895,-0.0648,False
lr,spy_msm_tau_1_0.88_tau_2_0.75_lb_4,spy_msm,26,2019-02-06,0.344,0.4165,0.0725,False
lr,spy_msm_tau_1_0.88_tau_2_0.75_lb_4,spy_msm,30,2019-06-07,0.4165,0.5529,0.1364,False
lr,spy_msm_tau_1_0.88_tau_2_0.75_lb_4,spy_msm,34,2019-10-07,0.5529,0.56,0.0071,False
lr,spy_msm_tau_1_0.88_tau_2_0.75_lb_4,spy_msm,38,2020-02-06,0.56,0.3528,-0.2072,True
lr,spy_msm_tau_1_0.88_tau_2_0.75_lb_4,spy_msm,42,2020-06-08,0.3528,0.4094,0.0565,False
lr,spy_msm_tau_1_0.88_tau_2_0.75_lb_4,spy_msm,46,2020-10-06,0.4094,0.516,0.1066,False
lr,spy_msm_tau_1_0.88_tau_2_0.75_lb_4,spy_msm,50,2021-02-05,0.516,0.3656,-0.1504,False
lr,spy_msm_tau_1_0.88_tau_2_0.75_lb_4,spy_msm,54,2021-06-08,0.3656,0.3133,-0.0523,False
lr,spy_msm_tau_1_0.88_tau_2_0.75_lb_4,spy_msm,58,2021-10-06,0.3133,0.3291,0.0158,False
lr,spy_msm_tau_1_0.88_tau_2_0.75_lb_4,spy_msm,68,2022-08-08,0.3875,0.3441,-0.0434,False
lr,spy_msm_tau_1_0.88_tau_2_0.75_lb_4,spy_msm,75,2023-03-09,0.4716,0.3121,-0.1596,False
lr,spy_msm_tau_1_0.88_tau_2_0.75_lb_4,spy_msm,79,2023-07-11,0.3121,0.4793,0.1672,False
lr,spy_msm_tau_1_0.88_tau_2_0.75_lb_6,spy_msm,13,2018-01-04,0.5876,0.5179,-0.0697,False
lr,spy_msm_tau_1_0.88_tau_2_0.75_lb_6,spy_msm,17,2018-05-07,0.5179,0.3787,-0.1392,False
lr,spy_msm_tau_1_0.88_tau_2_0.75_lb_6,spy_msm,21,2018-09-05,0.3787,0.3782,-0.0005,False
lr,spy_msm_tau_1_0.88_tau_2_0.75_lb_6,spy_msm,25,2019-01-07,0.3782,0.4128,0.0347,False
lr,spy_msm_tau_1_0.88_tau_2_0.75_lb_6,spy_msm,29,2019-05-08,0.4128,0.4784,0.0656,False
lr,spy_msm_tau_1_0.88_tau_2_0.75_lb_6,spy_msm,33,2019-09-06,0.4784,0.5557,0.0773,False
lr,spy_msm_tau_1_0.88_tau_2_0.75_lb_6,spy_msm,38,2020-02-06,0.5621,0.3528,-0.2093,True
lr,spy_msm_tau_1_0.88_tau_2_0.75_lb_6,spy_msm,42,2020-06-08,0.3528,0.4094,0.0565,False
lr,spy_msm_tau_1_0.88_tau_2_0.75_lb_6,spy_msm,46,2020-10-06,0.4094,0.516,0.1066,False
lr,spy_msm_tau_1_0.88_tau_2_0.75_lb_6,spy_msm,50,2021-02-05,0.516,0.3656,-0.1504,False
lr,spy_msm_tau_1_0.88_tau_2_0.75_lb_6,spy_msm,54,2021-06-08,0.3656,0.3133,-0.0523,False
lr,spy_msm_tau_1_0.88_tau_2_0.75_lb_6,spy_msm,58,2021-10-06,0.3133,0.3291,0.0158,False
lr,spy_msm_tau_1_0.88_tau_2_0.75_lb_6,spy_msm,68,2022-08-08,0.3875,0.3441,-0.0434,False
lr,spy_msm_tau_1_0.88_tau_2_0.75_lb_6,spy_msm,72,2022-12-06,0.3441,0.3972,0.053,False
lr,spy_msm_tau_1_0.88_tau_2_0.75_lb_6,spy_msm,75,2023-03-09,0.4418,0.3121,-0.1297,False
lr,spy_msm_tau_1_0.88_tau_2_0.75_lb_6,spy_msm,79,2023-07-11,0.3121,0.4793,0.1672,False
lr,spy_msm_tau_1_0.88_tau_2_0.78_lb_3,spy_msm,7,2017-07-06,0.5304,0.4568,-0.0736,False
lr,spy_msm_tau_1_0.88_tau_2_0.78_lb_3,spy_msm,11,2017-11-02,0.4568,0.5842,0.1274,False
lr,spy_msm_tau_1_0.88_tau_2_0.78_lb_3,spy_msm,15,2018-03-07,0.5842,0.3586,-0.2256,False
lr,spy_msm_tau_1_0.88_tau_2_0.78_lb_3,spy_msm,20,2018-08-06,0.3856,0.3927,0.0071,False
lr,spy_msm_tau_1_0.88_tau_2_0.78_lb_3,spy_msm,26,2019-02-06,0.3663,0.4165,0.0502,False
lr,spy_msm_tau_1_0.88_tau_2_0.78_lb_3,spy_msm,30,2019-06-07,0.4165,0.5529,0.1364,False
lr,spy_msm_tau_1_0.88_tau_2_0.78_lb_3,spy_msm,38,2020-02-06,0.5406,0.3528,-0.1878,True
lr,spy_msm_tau_1_0.88_tau_2_0.78_lb_3,spy_msm,42,2020-06-08,0.3528,0.4094,0.0565,False
lr,spy_msm_tau_1_0.88_tau_2_0.78_lb_3,spy_msm,46,2020-10-06,0.4094,0.516,0.1066,False
lr,spy_msm_tau_1_0.88_tau_2_0.78_lb_3,spy_msm,50,2021-02-05,0.516,0.3656,-0.1504,False
lr,spy_msm_tau_1_0.88_tau_2_0.78_lb_3,spy_msm,54,2021-06-08,0.3656,0.3133,-0.0523,False
lr,spy_msm_tau_1_0.88_tau_2_0.78_lb_3,spy_msm,57,2021-09-07,0.2835,0.3683,0.0848,False
lr,spy_msm_tau_1_0.88_tau_2_0.78_lb_3,spy_msm,68,2022-08-08,0.3729,0.3441,-0.0288,False
lr,spy_msm_tau_1_0.88_tau_2_0.78_lb_3,spy_msm,75,2023-03-09,0.4716,0.3121,-0.1596,False
lr,spy_msm_tau_1_0.88_tau_2_0.78_lb_3,spy_msm,79,2023-07-11,0.3121,0.4793,0.1672,False
lr,spy_msm_tau_1_0.88_tau_2_0.78_lb_4,spy_msm,9,2017-09-05,0.4003,0.4803,0.08,False
lr,spy_msm_tau_1_0.88_tau_2_0.78_lb_4,spy_msm,15,2018-03-07,0.5499,0.3586,-0.1913,False
lr,spy_msm_tau_1_0.88_tau_2_0.78_lb_4,spy_msm,19,2018-07-06,0.3586,0.3543,-0.0043,False
lr,spy_msm_tau_1_0.88_tau_2_0.78_lb_4,spy_msm,23,2018-11-02,0.3543,0.2895,-0.0648,False
lr,spy_msm_tau_1_0.88_tau_2_0.78_lb_4,spy_msm,26,2019-02-06,0.344,0.4165,0.0725,False
lr,spy_msm_tau_1_0.88_tau_2_0.78_lb_4,spy_msm,30,2019-06-07,0.4165,0.5529,0.1364,False
lr,spy_msm_tau_1_0.88_tau_2_0.78_lb_4,spy_msm,34,2019-10-07,0.5529,0.5256,-0.0273,False
lr,spy_msm_tau_1_0.88_tau_2_0.78_lb_4,spy_msm,37,2020-01-07,0.5055,0.3666,-0.1388,True
lr,spy_msm_tau_1_0.88_tau_2_0.78_lb_4,spy_msm,41,2020-05-07,0.3666,0.4136,0.047,False
lr,spy_msm_tau_1_0.88_tau_2_0.78_lb_4,spy_msm,45,2020-09-04,0.4136,0.5095,0.0959,False
lr,spy_msm_tau_1_0.88_tau_2_0.78_lb_4,spy_msm,50,2021-02-05,0.5047,0.3656,-0.1391,False
lr,spy_msm_tau_1_0.88_tau_2_0.78_lb_4,spy_msm,54,2021-06-08,0.3656,0.3133,-0.0523,False
lr,spy_msm_tau_1_0.88_tau_2_0.78_lb_4,spy_msm,58,2021-10-06,0.3133,0.3291,0.0158,False
lr,spy_msm_tau_1_0.88_tau_2_0.78_lb_4,spy_msm,68,2022-08-08,0.3875,0.3441,-0.0434,False
lr,spy_msm_tau_1_0.88_tau_2_0.78_lb_4,spy_msm,75,2023-03-09,0.4716,0.3121,-0.1596,False
lr,spy_msm_tau_1_0.88_tau_2_0.78_lb_4,spy_msm,79,2023-07-11,0.3121,0.4793,0.1672,False
lr,spy_msm_tau_1_0.88_tau_2_0.78_lb_6,spy_msm,13,2018-01-04,0.5876,0.5179,-0.0697,False
lr,spy_msm_tau_1_0.88_tau_2_0.78_lb_6,spy_msm,17,2018-05-07,0.5179,0.3787,-0.1392,False
lr,spy_msm_tau_1_0.88_tau_2_0.78_lb_6,spy_msm,21,2018-09-05,0.3787,0.3782,-0.0005,False
lr,spy_msm_tau_1_0.88_tau_2_0.78_lb_6,spy_msm,25,2019-01-07,0.3782,0.4128,0.0347,False
lr,spy_msm_tau_1_0.88_tau_2_0.78_lb_6,spy_msm,29,2019-05-08,0.4128,0.4784,0.0656,False
lr,spy_msm_tau_1_0.88_tau_2_0.78_lb_6,spy_msm,33,2019-09-06,0.4784,0.5557,0.0773,False
lr,spy_msm_tau_1_0.88_tau_2_0.78_lb_6,spy_msm,38,2020-02-06,0.5621,0.3528,-0.2093,True
lr,spy_msm_tau_1_0.88_tau_2_0.78_lb_6,spy_msm,42,2020-06-08,0.3528,0.4094,0.0565,False
lr,spy_msm_tau_1_0.88_tau_2_0.78_lb_6,spy_msm,46,2020-10-06,0.4094,0.516,0.1066,False
lr,spy_msm_tau_1_0.88_tau_2_0.78_lb_6,spy_msm,50,2021-02-05,0.516,0.3656,-0.1504,False
lr,spy_msm_tau_1_0.88_tau_2_0.78_lb_6,spy_msm,54,2021-06-08,0.3656,0.3133,-0.0523,False
lr,spy_msm_tau_1_0.88_tau_2_0.78_lb_6,spy_msm,58,2021-10-06,0.3133,0.3291,0.0158,False
lr,spy_msm_tau_1_0.88_tau_2_0.78_lb_6,spy_msm,68,2022-08-08,0.3875,0.3441,-0.0434,False
lr,spy_msm_tau_1_0.88_tau_2_0.78_lb_6,spy_msm,72,2022-12-06,0.3441,0.3972,0.053,False
lr,spy_msm_tau_1_0.88_tau_2_0.78_lb_6,spy_msm,75,2023-03-09,0.4418,0.3121,-0.1297,False
lr,spy_msm_tau_1_0.88_tau_2_0.78_lb_6,spy_msm,79,2023-07-11,0.3121,0.4793,0.1672,False
lr,spy_msm_tau_1_0.8_tau_2_0.72_lb_3,spy_msm,7,2017-07-06,0.5304,0.4568,-0.0736,False
lr,spy_msm_tau_1_0.8_tau_2_0.72_lb_3,spy_msm,11,2017-11-02,0.4568,0.5842,0.1274,False
lr,spy_msm_tau_1_0.8_tau_2_0.72_lb_3,spy_msm,15,2018-03-07,0.5842,0.3586,-0.2256,False
lr,spy_msm_tau_1_0.8_tau_2_0.72_lb_3,spy_msm,21,2018-09-05,0.3917,0.3782,-0.0136,False
lr,spy_msm_tau_1_0.8_tau_2_0.72_lb_3,spy_msm,26,2019-02-06,0.3782,0.4165,0.0383,False
lr,spy_msm_tau_1_0.8_tau_2_0.72_lb_3,spy_msm,31,2019-07-09,0.4212,0.4442,0.0229,False
lr,spy_msm_tau_1_0.8_tau_2_0.72_lb_3,spy_msm,38,2020-02-06,0.493,0.3673,-0.1257,True
lr,spy_msm_tau_1_0.8_tau_2_0.72_lb_3,spy_msm,42,2020-06-08,0.3673,0.419,0.0516,False
lr,spy_msm_tau_1_0.8_tau_2_0.72_lb_3,spy_msm,46,2020-10-06,0.419,0.516,0.097,False
lr,spy_msm_tau_1_0.8_tau_2_0.72_lb_3,spy_msm,51,2021-03-09,0.4472,0.36,-0.0871,False
lr,spy_msm_tau_1_0.8_tau_2_0.72_lb_3,spy_msm,55,2021-07-08,0.36,0.3186,-0.0414,False
lr,spy_msm_tau_1_0.8_tau_2_0.72_lb_3,spy_msm,68,2022-08-08,0.2771,0.3441,0.067,False
lr,spy_msm_tau_1_0.8_tau_2_0.72_lb_3,spy_msm,75,2023-03-09,0.4716,0.3057,-0.1659,False
lr,spy_msm_tau_1_0.8_tau_2_0.72_lb_3,spy_msm,78,2023-06-08,0.2813,0.4395,0.1582,False
lr,spy_msm_tau_1_0.8_tau_2_0.72_lb_4,spy_msm,9,2017-09-05,0.4003,0.4803,0.08,False
lr,spy_msm_tau_1_0.8_tau_2_0.72_lb_4,spy_msm,15,2018-03-07,0.5499,0.3586,-0.1913,False
lr,spy_msm_tau_1_0.8_tau_2_0.72_lb_4,spy_msm,19,2018-07-06,0.3586,0.3543,-0.0043,False
lr,spy_msm_tau_1_0.8_tau_2_0.72_lb_4,spy_msm,23,2018-11-02,0.3543,0.2895,-0.0648,False
lr,spy_msm_tau_1_0.8_tau_2_0.72_lb_4,spy_msm,26,2019-02-06,0.344,0.4165,0.0725,False
lr,spy_msm_tau_1_0.8_tau_2_0.72_lb_4,spy_msm,31,2019-07-09,0.4212,0.4442,0.0229,False
lr,spy_msm_tau_1_0.8_tau_2_0.72_lb_4,spy_msm,38,2020-02-06,0.493,0.3673,-0.1257,True
lr,spy_msm_tau_1_0.8_tau_2_0.72_lb_4,spy_msm,42,2020-06-08,0.3673,0.419,0.0516,False
lr,spy_msm_tau_1_0.8_tau_2_0.72_lb_4,spy_msm,46,2020-10-06,0.419,0.516,0.097,False
lr,spy_msm_tau_1_0.8_tau_2_0.72_lb_4,spy_msm,51,2021-03-09,0.4472,0.36,-0.0871,False
lr,spy_msm_tau_1_0.8_tau_2_0.72_lb_4,spy_msm,55,2021-07-08,0.36,0.3186,-0.0414,False
lr,spy_msm_tau_1_0.8_tau_2_0.72_lb_4,spy_msm,59,2021-11-04,0.3186,0.3077,-0.0109,False
lr,spy_msm_tau_1_0.8_tau_2_0.72_lb_4,spy_msm,68,2022-08-08,0.4196,0.3441,-0.0755,False
lr,spy_msm_tau_1_0.8_tau_2_0.72_lb_4,spy_msm,75,2023-03-09,0.4716,0.3121,-0.1596,False
lr,spy_msm_tau_1_0.8_tau_2_0.72_lb_4,spy_msm,79,2023-07-11,0.3121,0.4793,0.1672,False
lr,spy_msm_tau_1_0.8_tau_2_0.72_lb_6,spy_msm,13,2018-01-04,0.5876,0.5179,-0.0697,False
lr,spy_msm_tau_1_0.8_tau_2_0.72_lb_6,spy_msm,17,2018-05-07,0.5179,0.3787,-0.1392,False
lr,spy_msm_tau_1_0.8_tau_2_0.72_lb_6,spy_msm,21,2018-09-05,0.3787,0.3782,-0.0005,False
lr,spy_msm_tau_1_0.8_tau_2_0.72_lb_6,spy_msm,25,2019-01-07,0.3782,0.4128,0.0347,False
lr,spy_msm_tau_1_0.8_tau_2_0.72_lb_6,spy_msm,29,2019-05-08,0.4128,0.4784,0.0656,False
lr,spy_msm_tau_1_0.8_tau_2_0.72_lb_6,spy_msm,39,2020-03-09,0.4901,0.3403,-0.1498,True
lr,spy_msm_tau_1_0.8_tau_2_0.72_lb_6,spy_msm,43,2020-07-08,0.3403,0.4426,0.1023,False
lr,spy_msm_tau_1_0.8_tau_2_0.72_lb_6,spy_msm,47,2020-11-04,0.4426,0.4247,-0.018,False
lr,spy_msm_tau_1_0.8_tau_2_0.72_lb_6,spy_msm,52,2021-04-08,0.4222,0.2863,-0.1359,False
lr,spy_msm_tau_1_0.8_tau_2_0.72_lb_6,spy_msm,56,2021-08-06,0.2863,0.4416,0.1554,False
lr,spy_msm_tau_1_0.8_tau_2_0.72_lb_6,spy_msm,60,2021-12-06,0.4416,0.2171,-0.2245,False
lr,spy_msm_tau_1_0.8_tau_2_0.72_lb_6,spy_msm,68,2022-08-08,0.4107,0.3441,-0.0666,False
lr,spy_msm_tau_1_0.8_tau_2_0.72_lb_6,spy_msm,72,2022-12-06,0.3441,0.3972,0.053,False
lr,spy_msm_tau_1_0.8_tau_2_0.72_lb_6,spy_msm,75,2023-03-09,0.4418,0.3121,-0.1297,False
lr,spy_msm_tau_1_0.8_tau_2_0.72_lb_6,spy_msm,79,2023-07-11,0.3121,0.4793,0.1672,False
lr,spy_msm_tau_1_0.8_tau_2_0.75_lb_3,spy_msm,7,2017-07-06,0.5304,0.4568,-0.0736,False
lr,spy_msm_tau_1_0.8_tau_2_0.75_lb_3,spy_msm,11,2017-11-02,0.4568,0.5842,0.1274,False
lr,spy_msm_tau_1_0.8_tau_2_0.75_lb_3,spy_msm,15,2018-03-07,0.5842,0.3586,-0.2256,False
lr,spy_msm_tau_1_0.8_tau_2_0.75_lb_3,spy_msm,21,2018-09-05,0.3917,0.3782,-0.0136,False
lr,spy_msm_tau_1_0.8_tau_2_0.75_lb_3,spy_msm,26,2019-02-06,0.3782,0.4165,0.0383,False
lr,spy_msm_tau_1_0.8_tau_2_0.75_lb_3,spy_msm,31,2019-07-09,0.4212,0.4442,0.0229,False
lr,spy_msm_tau_1_0.8_tau_2_0.75_lb_3,spy_msm,38,2020-02-06,0.493,0.3673,-0.1257,True
lr,spy_msm_tau_1_0.8_tau_2_0.75_lb_3,spy_msm,42,2020-06-08,0.3673,0.419,0.0516,False
lr,spy_msm_tau_1_0.8_tau_2_0.75_lb_3,spy_msm,46,2020-10-06,0.419,0.516,0.097,False
lr,spy_msm_tau_1_0.8_tau_2_0.75_lb_3,spy_msm,51,2021-03-09,0.4472,0.36,-0.0871,False
lr,spy_msm_tau_1_0.8_tau_2_0.75_lb_3,spy_msm,55,2021-07-08,0.36,0.3186,-0.0414,False
lr,spy_msm_tau_1_0.8_tau_2_0.75_lb_3,spy_msm,68,2022-08-08,0.2771,0.3441,0.067,False
lr,spy_msm_tau_1_0.8_tau_2_0.75_lb_3,spy_msm,75,2023-03-09,0.4716,0.3057,-0.1659,False
lr,spy_msm_tau_1_0.8_tau_2_0.75_lb_3,spy_msm,78,2023-06-08,0.2813,0.4395,0.1582,False
lr,spy_msm_tau_1_0.8_tau_2_0.75_lb_4,spy_msm,9,2017-09-05,0.4003,0.4803,0.08,False
lr,spy_msm_tau_1_0.8_tau_2_0.75_lb_4,spy_msm,15,2018-03-07,0.5499,0.3586,-0.1913,False
lr,spy_msm_tau_1_0.8_tau_2_0.75_lb_4,spy_msm,19,2018-07-06,0.3586,0.3543,-0.0043,False
lr,spy_msm_tau_1_0.8_tau_2_0.75_lb_4,spy_msm,23,2018-11-02,0.3543,0.2895,-0.0648,False
lr,spy_msm_tau_1_0.8_tau_2_0.75_lb_4,spy_msm,26,2019-02-06,0.344,0.4165,0.0725,False
lr,spy_msm_tau_1_0.8_tau_2_0.75_lb_4,spy_msm,31,2019-07-09,0.4212,0.4442,0.0229,False
lr,spy_msm_tau_1_0.8_tau_2_0.75_lb_4,spy_msm,38,2020-02-06,0.493,0.3673,-0.1257,True
lr,spy_msm_tau_1_0.8_tau_2_0.75_lb_4,spy_msm,42,2020-06-08,0.3673,0.419,0.0516,False
lr,spy_msm_tau_1_0.8_tau_2_0.75_lb_4,spy_msm,46,2020-10-06,0.419,0.516,0.097,False
lr,spy_msm_tau_1_0.8_tau_2_0.75_lb_4,spy_msm,51,2021-03-09,0.4472,0.36,-0.0871,False
lr,spy_msm_tau_1_0.8_tau_2_0.75_lb_4,spy_msm,55,2021-07-08,0.36,0.3186,-0.0414,False
lr,spy_msm_tau_1_0.8_tau_2_0.75_lb_4,spy_msm,59,2021-11-04,0.3186,0.3077,-0.0109,False
lr,spy_msm_tau_1_0.8_tau_2_0.75_lb_4,spy_msm,68,2022-08-08,0.4196,0.3441,-0.0755,False
lr,spy_msm_tau_1_0.8_tau_2_0.75_lb_4,spy_msm,75,2023-03-09,0.4716,0.3121,-0.1596,False
lr,spy_msm_tau_1_0.8_tau_2_0.75_lb_4,spy_msm,79,2023-07-11,0.3121,0.4793,0.1672,False
lr,spy_msm_tau_1_0.8_tau_2_0.75_lb_6,spy_msm,13,2018-01-04,0.5876,0.5179,-0.0697,False
lr,spy_msm_tau_1_0.8_tau_2_0.75_lb_6,spy_msm,17,2018-05-07,0.5179,0.3787,-0.1392,False
lr,spy_msm_tau_1_0.8_tau_2_0.75_lb_6,spy_msm,21,2018-09-05,0.3787,0.3782,-0.0005,False
lr,spy_msm_tau_1_0.8_tau_2_0.75_lb_6,spy_msm,25,2019-01-07,0.3782,0.4128,0.0347,False
lr,spy_msm_tau_1_0.8_tau_2_0.75_lb_6,spy_msm,29,2019-05-08,0.4128,0.4784,0.0656,False
lr,spy_msm_tau_1_0.8_tau_2_0.75_lb_6,spy_msm,39,2020-03-09,0.4901,0.3403,-0.1498,True
lr,spy_msm_tau_1_0.8_tau_2_0.75_lb_6,spy_msm,43,2020-07-08,0.3403,0.4426,0.1023,False
lr,spy_msm_tau_1_0.8_tau_2_0.75_lb_6,spy_msm,47,2020-11-04,0.4426,0.4247,-0.018,False
lr,spy_msm_tau_1_0.8_tau_2_0.75_lb_6,spy_msm,52,2021-04-08,0.4222,0.2863,-0.1359,False
lr,spy_msm_tau_1_0.8_tau_2_0.75_lb_6,spy_msm,56,2021-08-06,0.2863,0.4416,0.1554,False
lr,spy_msm_tau_1_0.8_tau_2_0.75_lb_6,spy_msm,60,2021-12-06,0.4416,0.2171,-0.2245,False
lr,spy_msm_tau_1_0.8_tau_2_0.75_lb_6,spy_msm,68,2022-08-08,0.4107,0.3441,-0.0666,False
lr,spy_msm_tau_1_0.8_tau_2_0.75_lb_6,spy_msm,72,2022-12-06,0.3441,0.3972,0.053,False
lr,spy_msm_tau_1_0.8_tau_2_0.75_lb_6,spy_msm,75,2023-03-09,0.4418,0.3121,-0.1297,False
lr,spy_msm_tau_1_0.8_tau_2_0.75_lb_6,spy_msm,79,2023-07-11,0.3121,0.4793,0.1672,False
lr,timeout_msm_tau_1_0.83_tau_2_0.72_lb_3,timeout_msm,7,2017-07-06,0.5304,0.4568,-0.0736,False
lr,timeout_msm_tau_1_0.83_tau_2_0.72_lb_3,timeout_msm,11,2017-11-02,0.4568,0.5842,0.1274,False
lr,timeout_msm_tau_1_0.83_tau_2_0.72_lb_3,timeout_msm,16,2018-04-06,0.5428,0.4199,-0.1229,False
lr,timeout_msm_tau_1_0.83_tau_2_0.72_lb_3,timeout_msm,20,2018-08-06,0.4199,0.3927,-0.0272,False
lr,timeout_msm_tau_1_0.83_tau_2_0.72_lb_3,timeout_msm,24,2018-12-04,0.3927,0.3354,-0.0573,False
lr,timeout_msm_tau_1_0.83_tau_2_0.72_lb_3,timeout_msm,28,2019-04-08,0.3354,0.3395,0.0041,False
lr,timeout_msm_tau_1_0.83_tau_2_0.72_lb_3,timeout_msm,31,2019-07-09,0.3757,0.4442,0.0685,False
lr,timeout_msm_tau_1_0.83_tau_2_0.72_lb_3,timeout_msm,38,2020-02-06,0.5055,0.3715,-0.134,True
lr,timeout_msm_tau_1_0.83_tau_2_0.72_lb_3,timeout_msm,42,2020-06-08,0.3715,0.4094,0.0379,False
lr,timeout_msm_tau_1_0.83_tau_2_0.72_lb_3,timeout_msm,46,2020-10-06,0.4094,0.516,0.1066,False
lr,timeout_msm_tau_1_0.83_tau_2_0.72_lb_3,timeout_msm,52,2021-04-08,0.4277,0.2863,-0.1415,False
lr,timeout_msm_tau_1_0.83_tau_2_0.72_lb_3,timeout_msm,56,2021-08-06,0.2863,0.4416,0.1554,False
lr,timeout_msm_tau_1_0.83_tau_2_0.72_lb_3,timeout_msm,60,2021-12-06,0.4416,0.2171,-0.2245,False
lr,timeout_msm_tau_1_0.83_tau_2_0.72_lb_3,timeout_msm,64,2022-04-06,0.2171,0.4083,0.1912,True
lr,timeout_msm_tau_1_0.83_tau_2_0.72_lb_3,timeout_msm,68,2022-08-08,0.4083,0.3441,-0.0642,False
lr,timeout_msm_tau_1_0.83_tau_2_0.72_lb_3,timeout_msm,74,2023-02-07,0.4032,0.2839,-0.1193,False
lr,timeout_msm_tau_1_0.83_tau_2_0.72_lb_3,timeout_msm,78,2023-06-08,0.2839,0.4395,0.1556,False
lr,timeout_msm_tau_1_0.83_tau_2_0.72_lb_4,timeout_msm,8,2017-08-04,0.4925,0.3735,-0.119,False
lr,timeout_msm_tau_1_0.83_tau_2_0.72_lb_4,timeout_msm,12,2017-12-04,0.3735,0.5482,0.1747,False
lr,timeout_msm_tau_1_0.83_tau_2_0.72_lb_4,timeout_msm,16,2018-04-06,0.5482,0.4199,-0.1284,False
lr,timeout_msm_tau_1_0.83_tau_2_0.72_lb_4,timeout_msm,20,2018-08-06,0.4199,0.3927,-0.0272,False
lr,timeout_msm_tau_1_0.83_tau_2_0.72_lb_4,timeout_msm,24,2018-12-04,0.3927,0.3354,-0.0573,False
lr,timeout_msm_tau_1_0.83_tau_2_0.72_lb_4,timeout_msm,28,2019-04-08,0.3354,0.3703,0.0349,False
lr,timeout_msm_tau_1_0.83_tau_2_0.72_lb_4,timeout_msm,32,2019-08-07,0.3703,0.501,0.1307,False
lr,timeout_msm_tau_1_0.83_tau_2_0.72_lb_4,timeout_msm,39,2020-03-09,0.4578,0.3403,-0.1174,True
lr,timeout_msm_tau_1_0.83_tau_2_0.72_lb_4,timeout_msm,43,2020-07-08,0.3403,0.4426,0.1023,False
lr,timeout_msm_tau_1_0.83_tau_2_0.72_lb_4,timeout_msm,47,2020-11-04,0.4426,0.4691,0.0264,False
lr,timeout_msm_tau_1_0.83_tau_2_0.72_lb_4,timeout_msm,50,2021-02-05,0.4958,0.3656,-0.1302,False
lr,timeout_msm_tau_1_0.83_tau_2_0.72_lb_4,timeout_msm,54,2021-06-08,0.3656,0.3133,-0.0523,False
lr,timeout_msm_tau_1_0.83_tau_2_0.72_lb_4,timeout_msm,58,2021-10-06,0.3133,0.3291,0.0158,False
lr,timeout_msm_tau_1_0.83_tau_2_0.72_lb_4,timeout_msm,62,2022-02-04,0.3291,0.3551,0.0259,True
lr,timeout_msm_tau_1_0.83_tau_2_0.72_lb_4,timeout_msm,66,2022-06-07,0.3551,0.5299,0.1749,False
lr,timeout_msm_tau_1_0.83_tau_2_0.72_lb_4,timeout_msm,70,2022-10-06,0.5299,0.3638,-0.1661,False
lr,timeout_msm_tau_1_0.83_tau_2_0.72_lb_4,timeout_msm,74,2023-02-07,0.3638,0.2839,-0.0799,False
lr,timeout_msm_tau_1_0.83_tau_2_0.72_lb_4,timeout_msm,78,2023-06-08,0.2839,0.4395,0.1556,False
lr,timeout_msm_tau_1_0.83_tau_2_0.72_lb_6,timeout_msm,10,2017-10-04,0.3998,0.4643,0.0645,False
lr,timeout_msm_tau_1_0.83_tau_2_0.72_lb_6,timeout_msm,13,2018-01-04,0.4672,0.5179,0.0507,False
lr,timeout_msm_tau_1_0.83_tau_2_0.72_lb_6,timeout_msm,17,2018-05-07,0.5179,0.3787,-0.1392,False
lr,timeout_msm_tau_1_0.83_tau_2_0.72_lb_6,timeout_msm,21,2018-09-05,0.3787,0.3782,-0.0005,False
lr,timeout_msm_tau_1_0.83_tau_2_0.72_lb_6,timeout_msm,25,2019-01-07,0.3782,0.4128,0.0347,False
lr,timeout_msm_tau_1_0.83_tau_2_0.72_lb_6,timeout_msm,29,2019-05-08,0.4128,0.4784,0.0656,False
lr,timeout_msm_tau_1_0.83_tau_2_0.72_lb_6,timeout_msm,33,2019-09-06,0.4784,0.5557,0.0773,False
lr,timeout_msm_tau_1_0.83_tau_2_0.72_lb_6,timeout_msm,37,2020-01-07,0.5557,0.3666,-0.1891,True
lr,timeout_msm_tau_1_0.83_tau_2_0.72_lb_6,timeout_msm,41,2020-05-07,0.3666,0.4136,0.047,False
lr,timeout_msm_tau_1_0.83_tau_2_0.72_lb_6,timeout_msm,45,2020-09-04,0.4136,0.5095,0.0959,False
lr,timeout_msm_tau_1_0.83_tau_2_0.72_lb_6,timeout_msm,49,2021-01-06,0.5095,0.4178,-0.0917,False
lr,timeout_msm_tau_1_0.83_tau_2_0.72_lb_6,timeout_msm,53,2021-05-07,0.4178,0.3038,-0.1139,False
lr,timeout_msm_tau_1_0.83_tau_2_0.72_lb_6,timeout_msm,57,2021-09-07,0.3038,0.3719,0.0681,False
lr,timeout_msm_tau_1_0.83_tau_2_0.72_lb_6,timeout_msm,61,2022-01-05,0.3719,0.3441,-0.0278,False
lr,timeout_msm_tau_1_0.83_tau_2_0.72_lb_6,timeout_msm,65,2022-05-06,0.3441,0.4952,0.1511,True
lr,timeout_msm_tau_1_0.83_tau_2_0.72_lb_6,timeout_msm,69,2022-09-07,0.4952,0.3328,-0.1625,False
lr,timeout_msm_tau_1_0.83_tau_2_0.72_lb_6,timeout_msm,73,2023-01-06,0.3328,0.329,-0.0038,False
lr,timeout_msm_tau_1_0.83_tau_2_0.72_lb_6,timeout_msm,77,2023-05-09,0.329,0.4125,0.0835,False
lr,timeout_msm_tau_1_0.83_tau_2_0.72_lb_6,timeout_msm,81,2023-09-08,0.4125,0.4212,0.0087,False
lr,timeout_msm_tau_1_0.83_tau_2_0.75_lb_3,timeout_msm,7,2017-07-06,0.5304,0.4568,-0.0736,False
lr,timeout_msm_tau_1_0.83_tau_2_0.75_lb_3,timeout_msm,11,2017-11-02,0.4568,0.5842,0.1274,False
lr,timeout_msm_tau_1_0.83_tau_2_0.75_lb_3,timeout_msm,16,2018-04-06,0.5428,0.4199,-0.1229,False
lr,timeout_msm_tau_1_0.83_tau_2_0.75_lb_3,timeout_msm,20,2018-08-06,0.4199,0.3927,-0.0272,False
lr,timeout_msm_tau_1_0.83_tau_2_0.75_lb_3,timeout_msm,24,2018-12-04,0.3927,0.3354,-0.0573,False
lr,timeout_msm_tau_1_0.83_tau_2_0.75_lb_3,timeout_msm,28,2019-04-08,0.3354,0.3395,0.0041,False
lr,timeout_msm_tau_1_0.83_tau_2_0.75_lb_3,timeout_msm,31,2019-07-09,0.3757,0.4442,0.0685,False
lr,timeout_msm_tau_1_0.83_tau_2_0.75_lb_3,timeout_msm,38,2020-02-06,0.5055,0.3715,-0.134,True
lr,timeout_msm_tau_1_0.83_tau_2_0.75_lb_3,timeout_msm,42,2020-06-08,0.3715,0.4094,0.0379,False
lr,timeout_msm_tau_1_0.83_tau_2_0.75_lb_3,timeout_msm,46,2020-10-06,0.4094,0.516,0.1066,False
lr,timeout_msm_tau_1_0.83_tau_2_0.75_lb_3,timeout_msm,52,2021-04-08,0.4277,0.2863,-0.1415,False
lr,timeout_msm_tau_1_0.83_tau_2_0.75_lb_3,timeout_msm,56,2021-08-06,0.2863,0.4416,0.1554,False
lr,timeout_msm_tau_1_0.83_tau_2_0.75_lb_3,timeout_msm,60,2021-12-06,0.4416,0.2171,-0.2245,False
lr,timeout_msm_tau_1_0.83_tau_2_0.75_lb_3,timeout_msm,64,2022-04-06,0.2171,0.4083,0.1912,True
lr,timeout_msm_tau_1_0.83_tau_2_0.75_lb_3,timeout_msm,68,2022-08-08,0.4083,0.3441,-0.0642,False
lr,timeout_msm_tau_1_0.83_tau_2_0.75_lb_3,timeout_msm,74,2023-02-07,0.4032,0.2839,-0.1193,False
lr,timeout_msm_tau_1_0.83_tau_2_0.75_lb_3,timeout_msm,78,2023-06-08,0.2839,0.4395,0.1556,False
lr,timeout_msm_tau_1_0.83_tau_2_0.75_lb_4,timeout_msm,8,2017-08-04,0.4925,0.3735,-0.119,False
lr,timeout_msm_tau_1_0.83_tau_2_0.75_lb_4,timeout_msm,12,2017-12-04,0.3735,0.5482,0.1747,False
lr,timeout_msm_tau_1_0.83_tau_2_0.75_lb_4,timeout_msm,16,2018-04-06,0.5482,0.4199,-0.1284,False
lr,timeout_msm_tau_1_0.83_tau_2_0.75_lb_4,timeout_msm,20,2018-08-06,0.4199,0.3927,-0.0272,False
lr,timeout_msm_tau_1_0.83_tau_2_0.75_lb_4,timeout_msm,24,2018-12-04,0.3927,0.3354,-0.0573,False
lr,timeout_msm_tau_1_0.83_tau_2_0.75_lb_4,timeout_msm,28,2019-04-08,0.3354,0.3703,0.0349,False
lr,timeout_msm_tau_1_0.83_tau_2_0.75_lb_4,timeout_msm,32,2019-08-07,0.3703,0.501,0.1307,False
lr,timeout_msm_tau_1_0.83_tau_2_0.75_lb_4,timeout_msm,39,2020-03-09,0.4578,0.3403,-0.1174,True
lr,timeout_msm_tau_1_0.83_tau_2_0.75_lb_4,timeout_msm,43,2020-07-08,0.3403,0.4426,0.1023,False
lr,timeout_msm_tau_1_0.83_tau_2_0.75_lb_4,timeout_msm,47,2020-11-04,0.4426,0.4691,0.0264,False
lr,timeout_msm_tau_1_0.83_tau_2_0.75_lb_4,timeout_msm,50,2021-02-05,0.4958,0.3656,-0.1302,False
lr,timeout_msm_tau_1_0.83_tau_2_0.75_lb_4,timeout_msm,54,2021-06-08,0.3656,0.3133,-0.0523,False
lr,timeout_msm_tau_1_0.83_tau_2_0.75_lb_4,timeout_msm,58,2021-10-06,0.3133,0.3291,0.0158,False
lr,timeout_msm_tau_1_0.83_tau_2_0.75_lb_4,timeout_msm,62,2022-02-04,0.3291,0.3551,0.0259,True
lr,timeout_msm_tau_1_0.83_tau_2_0.75_lb_4,timeout_msm,66,2022-06-07,0.3551,0.5299,0.1749,False
lr,timeout_msm_tau_1_0.83_tau_2_0.75_lb_4,timeout_msm,70,2022-10-06,0.5299,0.3638,-0.1661,False
lr,timeout_msm_tau_1_0.83_tau_2_0.75_lb_4,timeout_msm,74,2023-02-07,0.3638,0.2839,-0.0799,False
lr,timeout_msm_tau_1_0.83_tau_2_0.75_lb_4,timeout_msm,78,2023-06-08,0.2839,0.4395,0.1556,False
lr,timeout_msm_tau_1_0.83_tau_2_0.75_lb_6,timeout_msm,10,2017-10-04,0.3998,0.4643,0.0645,False
lr,timeout_msm_tau_1_0.83_tau_2_0.75_lb_6,timeout_msm,13,2018-01-04,0.4672,0.5179,0.0507,False
lr,timeout_msm_tau_1_0.83_tau_2_0.75_lb_6,timeout_msm,17,2018-05-07,0.5179,0.3787,-0.1392,False
lr,timeout_msm_tau_1_0.83_tau_2_0.75_lb_6,timeout_msm,21,2018-09-05,0.3787,0.3782,-0.0005,False
lr,timeout_msm_tau_1_0.83_tau_2_0.75_lb_6,timeout_msm,25,2019-01-07,0.3782,0.4128,0.0347,False
lr,timeout_msm_tau_1_0.83_tau_2_0.75_lb_6,timeout_msm,29,2019-05-08,0.4128,0.4784,0.0656,False
lr,timeout_msm_tau_1_0.83_tau_2_0.75_lb_6,timeout_msm,33,2019-09-06,0.4784,0.5557,0.0773,False
lr,timeout_msm_tau_1_0.83_tau_2_0.75_lb_6,timeout_msm,37,2020-01-07,0.5557,0.3666,-0.1891,True
lr,timeout_msm_tau_1_0.83_tau_2_0.75_lb_6,timeout_msm,41,2020-05-07,0.3666,0.4136,0.047,False
lr,timeout_msm_tau_1_0.83_tau_2_0.75_lb_6,timeout_msm,45,2020-09-04,0.4136,0.5095,0.0959,False
lr,timeout_msm_tau_1_0.83_tau_2_0.75_lb_6,timeout_msm,49,2021-01-06,0.5095,0.4178,-0.0917,False
lr,timeout_msm_tau_1_0.83_tau_2_0.75_lb_6,timeout_msm,53,2021-05-07,0.4178,0.3038,-0.1139,False
lr,timeout_msm_tau_1_0.83_tau_2_0.75_lb_6,timeout_msm,57,2021-09-07,0.3038,0.3719,0.0681,False
lr,timeout_msm_tau_1_0.83_tau_2_0.75_lb_6,timeout_msm,61,2022-01-05,0.3719,0.3441,-0.0278,False
lr,timeout_msm_tau_1_0.83_tau_2_0.75_lb_6,timeout_msm,65,2022-05-06,0.3441,0.4952,0.1511,True
lr,timeout_msm_tau_1_0.83_tau_2_0.75_lb_6,timeout_msm,69,2022-09-07,0.4952,0.3328,-0.1625,False
lr,timeout_msm_tau_1_0.83_tau_2_0.75_lb_6,timeout_msm,73,2023-01-06,0.3328,0.329,-0.0038,False
lr,timeout_msm_tau_1_0.83_tau_2_0.75_lb_6,timeout_msm,77,2023-05-09,0.329,0.4125,0.0835,False
lr,timeout_msm_tau_1_0.83_tau_2_0.75_lb_6,timeout_msm,81,2023-09-08,0.4125,0.4212,0.0087,False
lr,timeout_msm_tau_1_0.83_tau_2_0.78_lb_3,timeout_msm,7,2017-07-06,0.5304,0.4568,-0.0736,False
lr,timeout_msm_tau_1_0.83_tau_2_0.78_lb_3,timeout_msm,11,2017-11-02,0.4568,0.5842,0.1274,False
lr,timeout_msm_tau_1_0.83_tau_2_0.78_lb_3,timeout_msm,16,2018-04-06,0.5428,0.4199,-0.1229,False
lr,timeout_msm_tau_1_0.83_tau_2_0.78_lb_3,timeout_msm,20,2018-08-06,0.4199,0.3927,-0.0272,False
lr,timeout_msm_tau_1_0.83_tau_2_0.78_lb_3,timeout_msm,24,2018-12-04,0.3927,0.3354,-0.0573,False
lr,timeout_msm_tau_1_0.83_tau_2_0.78_lb_3,timeout_msm,28,2019-04-08,0.3354,0.3395,0.0041,False
lr,timeout_msm_tau_1_0.83_tau_2_0.78_lb_3,timeout_msm,31,2019-07-09,0.3757,0.4442,0.0685,False
lr,timeout_msm_tau_1_0.83_tau_2_0.78_lb_3,timeout_msm,38,2020-02-06,0.5055,0.3715,-0.134,True
lr,timeout_msm_tau_1_0.83_tau_2_0.78_lb_3,timeout_msm,42,2020-06-08,0.3715,0.4094,0.0379,False
lr,timeout_msm_tau_1_0.83_tau_2_0.78_lb_3,timeout_msm,46,2020-10-06,0.4094,0.516,0.1066,False
lr,timeout_msm_tau_1_0.83_tau_2_0.78_lb_3,timeout_msm,50,2021-02-05,0.516,0.3656,-0.1504,False
lr,timeout_msm_tau_1_0.83_tau_2_0.78_lb_3,timeout_msm,54,2021-06-08,0.3656,0.3133,-0.0523,False
lr,timeout_msm_tau_1_0.83_tau_2_0.78_lb_3,timeout_msm,58,2021-10-06,0.3133,0.3291,0.0158,False
lr,timeout_msm_tau_1_0.83_tau_2_0.78_lb_3,timeout_msm,62,2022-02-04,0.3291,0.3551,0.0259,True
lr,timeout_msm_tau_1_0.83_tau_2_0.78_lb_3,timeout_msm,68,2022-08-08,0.3393,0.3441,0.0049,False
lr,timeout_msm_tau_1_0.83_tau_2_0.78_lb_3,timeout_msm,74,2023-02-07,0.4032,0.2839,-0.1193,False
lr,timeout_msm_tau_1_0.83_tau_2_0.78_lb_3,timeout_msm,78,2023-06-08,0.2839,0.4395,0.1556,False
lr,timeout_msm_tau_1_0.83_tau_2_0.78_lb_4,timeout_msm,8,2017-08-04,0.4925,0.3735,-0.119,False
lr,timeout_msm_tau_1_0.83_tau_2_0.78_lb_4,timeout_msm,12,2017-12-04,0.3735,0.5482,0.1747,False
lr,timeout_msm_tau_1_0.83_tau_2_0.78_lb_4,timeout_msm,16,2018-04-06,0.5482,0.4199,-0.1284,False
lr,timeout_msm_tau_1_0.83_tau_2_0.78_lb_4,timeout_msm,20,2018-08-06,0.4199,0.3927,-0.0272,False
lr,timeout_msm_tau_1_0.83_tau_2_0.78_lb_4,timeout_msm,24,2018-12-04,0.3927,0.3354,-0.0573,False
lr,timeout_msm_tau_1_0.83_tau_2_0.78_lb_4,timeout_msm,28,2019-04-08,0.3354,0.3703,0.0349,False
lr,timeout_msm_tau_1_0.83_tau_2_0.78_lb_4,timeout_msm,32,2019-08-07,0.3703,0.501,0.1307,False
lr,timeout_msm_tau_1_0.83_tau_2_0.78_lb_4,timeout_msm,39,2020-03-09,0.4578,0.3403,-0.1174,True
lr,timeout_msm_tau_1_0.83_tau_2_0.78_lb_4,timeout_msm,43,2020-07-08,0.3403,0.4426,0.1023,False
lr,timeout_msm_tau_1_0.83_tau_2_0.78_lb_4,timeout_msm,47,2020-11-04,0.4426,0.4691,0.0264,False
lr,timeout_msm_tau_1_0.83_tau_2_0.78_lb_4,timeout_msm,50,2021-02-05,0.4958,0.3656,-0.1302,False
lr,timeout_msm_tau_1_0.83_tau_2_0.78_lb_4,timeout_msm,54,2021-06-08,0.3656,0.3133,-0.0523,False
lr,timeout_msm_tau_1_0.83_tau_2_0.78_lb_4,timeout_msm,58,2021-10-06,0.3133,0.3291,0.0158,False
lr,timeout_msm_tau_1_0.83_tau_2_0.78_lb_4,timeout_msm,62,2022-02-04,0.3291,0.3551,0.0259,True
lr,timeout_msm_tau_1_0.83_tau_2_0.78_lb_4,timeout_msm,66,2022-06-07,0.3551,0.5299,0.1749,False
lr,timeout_msm_tau_1_0.83_tau_2_0.78_lb_4,timeout_msm,70,2022-10-06,0.5299,0.3638,-0.1661,False
lr,timeout_msm_tau_1_0.83_tau_2_0.78_lb_4,timeout_msm,74,2023-02-07,0.3638,0.2839,-0.0799,False
lr,timeout_msm_tau_1_0.83_tau_2_0.78_lb_4,timeout_msm,78,2023-06-08,0.2839,0.4395,0.1556,False
lr,timeout_msm_tau_1_0.83_tau_2_0.78_lb_6,timeout_msm,10,2017-10-04,0.3998,0.4643,0.0645,False
lr,timeout_msm_tau_1_0.83_tau_2_0.78_lb_6,timeout_msm,13,2018-01-04,0.4672,0.5179,0.0507,False
lr,timeout_msm_tau_1_0.83_tau_2_0.78_lb_6,timeout_msm,17,2018-05-07,0.5179,0.3787,-0.1392,False
lr,timeout_msm_tau_1_0.83_tau_2_0.78_lb_6,timeout_msm,21,2018-09-05,0.3787,0.3782,-0.0005,False
lr,timeout_msm_tau_1_0.83_tau_2_0.78_lb_6,timeout_msm,25,2019-01-07,0.3782,0.4128,0.0347,False
lr,timeout_msm_tau_1_0.83_tau_2_0.78_lb_6,timeout_msm,29,2019-05-08,0.4128,0.4784,0.0656,False
lr,timeout_msm_tau_1_0.83_tau_2_0.78_lb_6,timeout_msm,33,2019-09-06,0.4784,0.5557,0.0773,False
lr,timeout_msm_tau_1_0.83_tau_2_0.78_lb_6,timeout_msm,37,2020-01-07,0.5557,0.3666,-0.1891,True
lr,timeout_msm_tau_1_0.83_tau_2_0.78_lb_6,timeout_msm,41,2020-05-07,0.3666,0.4136,0.047,False
lr,timeout_msm_tau_1_0.83_tau_2_0.78_lb_6,timeout_msm,45,2020-09-04,0.4136,0.5095,0.0959,False
lr,timeout_msm_tau_1_0.83_tau_2_0.78_lb_6,timeout_msm,49,2021-01-06,0.5095,0.4178,-0.0917,False
lr,timeout_msm_tau_1_0.83_tau_2_0.78_lb_6,timeout_msm,53,2021-05-07,0.4178,0.3038,-0.1139,False
lr,timeout_msm_tau_1_0.83_tau_2_0.78_lb_6,timeout_msm,57,2021-09-07,0.3038,0.3719,0.0681,False
lr,timeout_msm_tau_1_0.83_tau_2_0.78_lb_6,timeout_msm,61,2022-01-05,0.3719,0.3441,-0.0278,False
lr,timeout_msm_tau_1_0.83_tau_2_0.78_lb_6,timeout_msm,65,2022-05-06,0.3441,0.4952,0.1511,True
lr,timeout_msm_tau_1_0.83_tau_2_0.78_lb_6,timeout_msm,69,2022-09-07,0.4952,0.3328,-0.1625,False
lr,timeout_msm_tau_1_0.83_tau_2_0.78_lb_6,timeout_msm,73,2023-01-06,0.3328,0.329,-0.0038,False
lr,timeout_msm_tau_1_0.83_tau_2_0.78_lb_6,timeout_msm,77,2023-05-09,0.329,0.4125,0.0835,False
lr,timeout_msm_tau_1_0.83_tau_2_0.78_lb_6,timeout_msm,81,2023-09-08,0.4125,0.4212,0.0087,False
lr,timeout_msm_tau_1_0.88_tau_2_0.72_lb_3,timeout_msm,7,2017-07-06,0.5304,0.4568,-0.0736,False
lr,timeout_msm_tau_1_0.88_tau_2_0.72_lb_3,timeout_msm,11,2017-11-02,0.4568,0.5842,0.1274,False
lr,timeout_msm_tau_1_0.88_tau_2_0.72_lb_3,timeout_msm,15,2018-03-07,0.5842,0.3586,-0.2256,False
lr,timeout_msm_tau_1_0.88_tau_2_0.72_lb_3,timeout_msm,19,2018-07-06,0.3586,0.3543,-0.0043,False
lr,timeout_msm_tau_1_0.88_tau_2_0.72_lb_3,timeout_msm,23,2018-11-02,0.3543,0.2837,-0.0705,False
lr,timeout_msm_tau_1_0.88_tau_2_0.72_lb_3,timeout_msm,27,2019-03-08,0.2837,0.4132,0.1294,False
lr,timeout_msm_tau_1_0.88_tau_2_0.72_lb_3,timeout_msm,31,2019-07-09,0.4132,0.5469,0.1337,False
lr,timeout_msm_tau_1_0.88_tau_2_0.72_lb_3,timeout_msm,38,2020-02-06,0.4825,0.3528,-0.1296,True
lr,timeout_msm_tau_1_0.88_tau_2_0.72_lb_3,timeout_msm,42,2020-06-08,0.3528,0.4094,0.0565,False
lr,timeout_msm_tau_1_0.88_tau_2_0.72_lb_3,timeout_msm,46,2020-10-06,0.4094,0.516,0.1066,False
lr,timeout_msm_tau_1_0.88_tau_2_0.72_lb_3,timeout_msm,49,2021-01-06,0.5045,0.4178,-0.0867,False
lr,timeout_msm_tau_1_0.88_tau_2_0.72_lb_3,timeout_msm,53,2021-05-07,0.4178,0.3038,-0.1139,False
lr,timeout_msm_tau_1_0.88_tau_2_0.72_lb_3,timeout_msm,57,2021-09-07,0.3038,0.3641,0.0603,False
lr,timeout_msm_tau_1_0.88_tau_2_0.72_lb_3,timeout_msm,60,2021-12-06,0.3924,0.2171,-0.1753,False
lr,timeout_msm_tau_1_0.88_tau_2_0.72_lb_3,timeout_msm,64,2022-04-06,0.2171,0.4083,0.1912,True
lr,timeout_msm_tau_1_0.88_tau_2_0.72_lb_3,timeout_msm,68,2022-08-08,0.4083,0.3441,-0.0642,False
lr,timeout_msm_tau_1_0.88_tau_2_0.72_lb_3,timeout_msm,72,2022-12-06,0.3441,0.4266,0.0825,False
lr,timeout_msm_tau_1_0.88_tau_2_0.72_lb_3,timeout_msm,76,2023-04-10,0.4266,0.312,-0.1146,False
lr,timeout_msm_tau_1_0.88_tau_2_0.72_lb_4,timeout_msm,8,2017-08-04,0.4925,0.3735,-0.119,False
lr,timeout_msm_tau_1_0.88_tau_2_0.72_lb_4,timeout_msm,12,2017-12-04,0.3735,0.5482,0.1747,False
lr,timeout_msm_tau_1_0.88_tau_2_0.72_lb_4,timeout_msm,16,2018-04-06,0.5482,0.4199,-0.1284,False
lr,timeout_msm_tau_1_0.88_tau_2_0.72_lb_4,timeout_msm,20,2018-08-06,0.4199,0.3927,-0.0272,False
lr,timeout_msm_tau_1_0.88_tau_2_0.72_lb_4,timeout_msm,24,2018-12-04,0.3927,0.3354,-0.0573,False
lr,timeout_msm_tau_1_0.88_tau_2_0.72_lb_4,timeout_msm,28,2019-04-08,0.3354,0.3703,0.0349,False
lr,timeout_msm_tau_1_0.88_tau_2_0.72_lb_4,timeout_msm,32,2019-08-07,0.3703,0.501,0.1307,False
lr,timeout_msm_tau_1_0.88_tau_2_0.72_lb_4,timeout_msm,38,2020-02-06,0.54,0.3528,-0.1872,True
lr,timeout_msm_tau_1_0.88_tau_2_0.72_lb_4,timeout_msm,42,2020-06-08,0.3528,0.4094,0.0565,False
lr,timeout_msm_tau_1_0.88_tau_2_0.72_lb_4,timeout_msm,46,2020-10-06,0.4094,0.516,0.1066,False
lr,timeout_msm_tau_1_0.88_tau_2_0.72_lb_4,timeout_msm,50,2021-02-05,0.516,0.3656,-0.1504,False
lr,timeout_msm_tau_1_0.88_tau_2_0.72_lb_4,timeout_msm,54,2021-06-08,0.3656,0.3133,-0.0523,False
lr,timeout_msm_tau_1_0.88_tau_2_0.72_lb_4,timeout_msm,58,2021-10-06,0.3133,0.3291,0.0158,False
lr,timeout_msm_tau_1_0.88_tau_2_0.72_lb_4,timeout_msm,62,2022-02-04,0.3291,0.3551,0.0259,True
lr,timeout_msm_tau_1_0.88_tau_2_0.72_lb_4,timeout_msm,66,2022-06-07,0.3551,0.5299,0.1749,False
lr,timeout_msm_tau_1_0.88_tau_2_0.72_lb_4,timeout_msm,70,2022-10-06,0.5299,0.3638,-0.1661,False
lr,timeout_msm_tau_1_0.88_tau_2_0.72_lb_4,timeout_msm,74,2023-02-07,0.3638,0.2839,-0.0799,False
lr,timeout_msm_tau_1_0.88_tau_2_0.72_lb_4,timeout_msm,78,2023-06-08,0.2839,0.4395,0.1556,False
lr,timeout_msm_tau_1_0.88_tau_2_0.72_lb_6,timeout_msm,10,2017-10-04,0.3998,0.4643,0.0645,False
lr,timeout_msm_tau_1_0.88_tau_2_0.72_lb_6,timeout_msm,13,2018-01-04,0.4672,0.5179,0.0507,False
lr,timeout_msm_tau_1_0.88_tau_2_0.72_lb_6,timeout_msm,17,2018-05-07,0.5179,0.3787,-0.1392,False
lr,timeout_msm_tau_1_0.88_tau_2_0.72_lb_6,timeout_msm,21,2018-09-05,0.3787,0.3782,-0.0005,False
lr,timeout_msm_tau_1_0.88_tau_2_0.72_lb_6,timeout_msm,25,2019-01-07,0.3782,0.4128,0.0347,False
lr,timeout_msm_tau_1_0.88_tau_2_0.72_lb_6,timeout_msm,29,2019-05-08,0.4128,0.4784,0.0656,False
lr,timeout_msm_tau_1_0.88_tau_2_0.72_lb_6,timeout_msm,33,2019-09-06,0.4784,0.5557,0.0773,False
lr,timeout_msm_tau_1_0.88_tau_2_0.72_lb_6,timeout_msm,37,2020-01-07,0.5557,0.3666,-0.1891,True
lr,timeout_msm_tau_1_0.88_tau_2_0.72_lb_6,timeout_msm,41,2020-05-07,0.3666,0.4136,0.047,False
lr,timeout_msm_tau_1_0.88_tau_2_0.72_lb_6,timeout_msm,45,2020-09-04,0.4136,0.5095,0.0959,False
lr,timeout_msm_tau_1_0.88_tau_2_0.72_lb_6,timeout_msm,49,2021-01-06,0.5095,0.4178,-0.0917,False
lr,timeout_msm_tau_1_0.88_tau_2_0.72_lb_6,timeout_msm,53,2021-05-07,0.4178,0.3038,-0.1139,False
lr,timeout_msm_tau_1_0.88_tau_2_0.72_lb_6,timeout_msm,57,2021-09-07,0.3038,0.3719,0.0681,False
lr,timeout_msm_tau_1_0.88_tau_2_0.72_lb_6,timeout_msm,61,2022-01-05,0.3719,0.3441,-0.0278,False
lr,timeout_msm_tau_1_0.88_tau_2_0.72_lb_6,timeout_msm,65,2022-05-06,0.3441,0.4952,0.1511,True
lr,timeout_msm_tau_1_0.88_tau_2_0.72_lb_6,timeout_msm,69,2022-09-07,0.4952,0.3328,-0.1625,False
lr,timeout_msm_tau_1_0.88_tau_2_0.72_lb_6,timeout_msm,73,2023-01-06,0.3328,0.329,-0.0038,False
lr,timeout_msm_tau_1_0.88_tau_2_0.72_lb_6,timeout_msm,77,2023-05-09,0.329,0.4125,0.0835,False
lr,timeout_msm_tau_1_0.88_tau_2_0.72_lb_6,timeout_msm,81,2023-09-08,0.4125,0.4212,0.0087,False
lr,timeout_msm_tau_1_0.88_tau_2_0.75_lb_3,timeout_msm,7,2017-07-06,0.5304,0.4568,-0.0736,False
lr,timeout_msm_tau_1_0.88_tau_2_0.75_lb_3,timeout_msm,11,2017-11-02,0.4568,0.5842,0.1274,False
lr,timeout_msm_tau_1_0.88_tau_2_0.75_lb_3,timeout_msm,15,2018-03-07,0.5842,0.3586,-0.2256,False
lr,timeout_msm_tau_1_0.88_tau_2_0.75_lb_3,timeout_msm,19,2018-07-06,0.3586,0.3543,-0.0043,False
lr,timeout_msm_tau_1_0.88_tau_2_0.75_lb_3,timeout_msm,23,2018-11-02,0.3543,0.2837,-0.0705,False
lr,timeout_msm_tau_1_0.88_tau_2_0.75_lb_3,timeout_msm,27,2019-03-08,0.2837,0.4132,0.1294,False
lr,timeout_msm_tau_1_0.88_tau_2_0.75_lb_3,timeout_msm,31,2019-07-09,0.4132,0.5469,0.1337,False
lr,timeout_msm_tau_1_0.88_tau_2_0.75_lb_3,timeout_msm,38,2020-02-06,0.4825,0.3528,-0.1296,True
lr,timeout_msm_tau_1_0.88_tau_2_0.75_lb_3,timeout_msm,42,2020-06-08,0.3528,0.4094,0.0565,False
lr,timeout_msm_tau_1_0.88_tau_2_0.75_lb_3,timeout_msm,46,2020-10-06,0.4094,0.516,0.1066,False
lr,timeout_msm_tau_1_0.88_tau_2_0.75_lb_3,timeout_msm,49,2021-01-06,0.5045,0.4178,-0.0867,False
lr,timeout_msm_tau_1_0.88_tau_2_0.75_lb_3,timeout_msm,53,2021-05-07,0.4178,0.3038,-0.1139,False
lr,timeout_msm_tau_1_0.88_tau_2_0.75_lb_3,timeout_msm,57,2021-09-07,0.3038,0.3641,0.0603,False
lr,timeout_msm_tau_1_0.88_tau_2_0.75_lb_3,timeout_msm,60,2021-12-06,0.3924,0.2171,-0.1753,False
lr,timeout_msm_tau_1_0.88_tau_2_0.75_lb_3,timeout_msm,64,2022-04-06,0.2171,0.4083,0.1912,True
lr,timeout_msm_tau_1_0.88_tau_2_0.75_lb_3,timeout_msm,68,2022-08-08,0.4083,0.3441,-0.0642,False
lr,timeout_msm_tau_1_0.88_tau_2_0.75_lb_3,timeout_msm,72,2022-12-06,0.3441,0.4266,0.0825,False
lr,timeout_msm_tau_1_0.88_tau_2_0.75_lb_3,timeout_msm,76,2023-04-10,0.4266,0.312,-0.1146,False
lr,timeout_msm_tau_1_0.88_tau_2_0.75_lb_4,timeout_msm,8,2017-08-04,0.4925,0.3735,-0.119,False
lr,timeout_msm_tau_1_0.88_tau_2_0.75_lb_4,timeout_msm,12,2017-12-04,0.3735,0.5482,0.1747,False
lr,timeout_msm_tau_1_0.88_tau_2_0.75_lb_4,timeout_msm,16,2018-04-06,0.5482,0.4199,-0.1284,False
lr,timeout_msm_tau_1_0.88_tau_2_0.75_lb_4,timeout_msm,20,2018-08-06,0.4199,0.3927,-0.0272,False
lr,timeout_msm_tau_1_0.88_tau_2_0.75_lb_4,timeout_msm,24,2018-12-04,0.3927,0.3354,-0.0573,False
lr,timeout_msm_tau_1_0.88_tau_2_0.75_lb_4,timeout_msm,28,2019-04-08,0.3354,0.3703,0.0349,False
lr,timeout_msm_tau_1_0.88_tau_2_0.75_lb_4,timeout_msm,32,2019-08-07,0.3703,0.501,0.1307,False
lr,timeout_msm_tau_1_0.88_tau_2_0.75_lb_4,timeout_msm,36,2019-12-05,0.501,0.3193,-0.1817,False
lr,timeout_msm_tau_1_0.88_tau_2_0.75_lb_4,timeout_msm,40,2020-04-07,0.3193,0.5265,0.2072,True
lr,timeout_msm_tau_1_0.88_tau_2_0.75_lb_4,timeout_msm,44,2020-08-06,0.5265,0.546,0.0195,False
lr,timeout_msm_tau_1_0.88_tau_2_0.75_lb_4,timeout_msm,48,2020-12-04,0.546,0.4226,-0.1233,False
lr,timeout_msm_tau_1_0.88_tau_2_0.75_lb_4,timeout_msm,52,2021-04-08,0.4226,0.2863,-0.1364,False
lr,timeout_msm_tau_1_0.88_tau_2_0.75_lb_4,timeout_msm,56,2021-08-06,0.2863,0.4416,0.1554,False
lr,timeout_msm_tau_1_0.88_tau_2_0.75_lb_4,timeout_msm,60,2021-12-06,0.4416,0.2171,-0.2245,False
lr,timeout_msm_tau_1_0.88_tau_2_0.75_lb_4,timeout_msm,64,2022-04-06,0.2171,0.4083,0.1912,True
lr,timeout_msm_tau_1_0.88_tau_2_0.75_lb_4,timeout_msm,68,2022-08-08,0.4083,0.3441,-0.0642,False
lr,timeout_msm_tau_1_0.88_tau_2_0.75_lb_4,timeout_msm,72,2022-12-06,0.3441,0.4266,0.0825,False
lr,timeout_msm_tau_1_0.88_tau_2_0.75_lb_4,timeout_msm,76,2023-04-10,0.4266,0.312,-0.1146,False
lr,timeout_msm_tau_1_0.88_tau_2_0.75_lb_4,timeout_msm,80,2023-08-09,0.312,0.4545,0.1425,False
lr,timeout_msm_tau_1_0.88_tau_2_0.75_lb_6,timeout_msm,10,2017-10-04,0.3998,0.4643,0.0645,False
lr,timeout_msm_tau_1_0.88_tau_2_0.75_lb_6,timeout_msm,13,2018-01-04,0.4672,0.5179,0.0507,False
lr,timeout_msm_tau_1_0.88_tau_2_0.75_lb_6,timeout_msm,17,2018-05-07,0.5179,0.3787,-0.1392,False
lr,timeout_msm_tau_1_0.88_tau_2_0.75_lb_6,timeout_msm,21,2018-09-05,0.3787,0.3782,-0.0005,False
lr,timeout_msm_tau_1_0.88_tau_2_0.75_lb_6,timeout_msm,25,2019-01-07,0.3782,0.4128,0.0347,False
lr,timeout_msm_tau_1_0.88_tau_2_0.75_lb_6,timeout_msm,29,2019-05-08,0.4128,0.4784,0.0656,False
lr,timeout_msm_tau_1_0.88_tau_2_0.75_lb_6,timeout_msm,33,2019-09-06,0.4784,0.5557,0.0773,False
lr,timeout_msm_tau_1_0.88_tau_2_0.75_lb_6,timeout_msm,37,2020-01-07,0.5557,0.3666,-0.1891,True
lr,timeout_msm_tau_1_0.88_tau_2_0.75_lb_6,timeout_msm,41,2020-05-07,0.3666,0.4136,0.047,False
lr,timeout_msm_tau_1_0.88_tau_2_0.75_lb_6,timeout_msm,45,2020-09-04,0.4136,0.5095,0.0959,False
lr,timeout_msm_tau_1_0.88_tau_2_0.75_lb_6,timeout_msm,49,2021-01-06,0.5095,0.4178,-0.0917,False
lr,timeout_msm_tau_1_0.88_tau_2_0.75_lb_6,timeout_msm,53,2021-05-07,0.4178,0.3038,-0.1139,False
lr,timeout_msm_tau_1_0.88_tau_2_0.75_lb_6,timeout_msm,57,2021-09-07,0.3038,0.3719,0.0681,False
lr,timeout_msm_tau_1_0.88_tau_2_0.75_lb_6,timeout_msm,61,2022-01-05,0.3719,0.3441,-0.0278,False
lr,timeout_msm_tau_1_0.88_tau_2_0.75_lb_6,timeout_msm,65,2022-05-06,0.3441,0.4952,0.1511,True
lr,timeout_msm_tau_1_0.88_tau_2_0.75_lb_6,timeout_msm,69,2022-09-07,0.4952,0.3328,-0.1625,False
lr,timeout_msm_tau_1_0.88_tau_2_0.75_lb_6,timeout_msm,73,2023-01-06,0.3328,0.329,-0.0038,False
lr,timeout_msm_tau_1_0.88_tau_2_0.75_lb_6,timeout_msm,77,2023-05-09,0.329,0.4125,0.0835,False
lr,timeout_msm_tau_1_0.88_tau_2_0.75_lb_6,timeout_msm,81,2023-09-08,0.4125,0.4212,0.0087,False
lr,timeout_msm_tau_1_0.88_tau_2_0.78_lb_3,timeout_msm,7,2017-07-06,0.5304,0.4568,-0.0736,False
lr,timeout_msm_tau_1_0.88_tau_2_0.78_lb_3,timeout_msm,11,2017-11-02,0.4568,0.5842,0.1274,False
lr,timeout_msm_tau_1_0.88_tau_2_0.78_lb_3,timeout_msm,15,2018-03-07,0.5842,0.3586,-0.2256,False
lr,timeout_msm_tau_1_0.88_tau_2_0.78_lb_3,timeout_msm,19,2018-07-06,0.3586,0.3543,-0.0043,False
lr,timeout_msm_tau_1_0.88_tau_2_0.78_lb_3,timeout_msm,23,2018-11-02,0.3543,0.2837,-0.0705,False
lr,timeout_msm_tau_1_0.88_tau_2_0.78_lb_3,timeout_msm,27,2019-03-08,0.2837,0.4132,0.1294,False
lr,timeout_msm_tau_1_0.88_tau_2_0.78_lb_3,timeout_msm,31,2019-07-09,0.4132,0.5469,0.1337,False
lr,timeout_msm_tau_1_0.88_tau_2_0.78_lb_3,timeout_msm,38,2020-02-06,0.4825,0.3528,-0.1296,True
lr,timeout_msm_tau_1_0.88_tau_2_0.78_lb_3,timeout_msm,42,2020-06-08,0.3528,0.4094,0.0565,False
lr,timeout_msm_tau_1_0.88_tau_2_0.78_lb_3,timeout_msm,46,2020-10-06,0.4094,0.516,0.1066,False
lr,timeout_msm_tau_1_0.88_tau_2_0.78_lb_3,timeout_msm,49,2021-01-06,0.5045,0.4178,-0.0867,False
lr,timeout_msm_tau_1_0.88_tau_2_0.78_lb_3,timeout_msm,53,2021-05-07,0.4178,0.3038,-0.1139,False
lr,timeout_msm_tau_1_0.88_tau_2_0.78_lb_3,timeout_msm,57,2021-09-07,0.3038,0.3641,0.0603,False
lr,timeout_msm_tau_1_0.88_tau_2_0.78_lb_3,timeout_msm,60,2021-12-06,0.3924,0.2171,-0.1753,False
lr,timeout_msm_tau_1_0.88_tau_2_0.78_lb_3,timeout_msm,64,2022-04-06,0.2171,0.4083,0.1912,True
lr,timeout_msm_tau_1_0.88_tau_2_0.78_lb_3,timeout_msm,68,2022-08-08,0.4083,0.3441,-0.0642,False
lr,timeout_msm_tau_1_0.88_tau_2_0.78_lb_3,timeout_msm,72,2022-12-06,0.3441,0.4266,0.0825,False
lr,timeout_msm_tau_1_0.88_tau_2_0.78_lb_3,timeout_msm,76,2023-04-10,0.4266,0.312,-0.1146,False
lr,timeout_msm_tau_1_0.88_tau_2_0.78_lb_4,timeout_msm,8,2017-08-04,0.4925,0.3735,-0.119,False
lr,timeout_msm_tau_1_0.88_tau_2_0.78_lb_4,timeout_msm,12,2017-12-04,0.3735,0.5482,0.1747,False
lr,timeout_msm_tau_1_0.88_tau_2_0.78_lb_4,timeout_msm,16,2018-04-06,0.5482,0.4199,-0.1284,False
lr,timeout_msm_tau_1_0.88_tau_2_0.78_lb_4,timeout_msm,20,2018-08-06,0.4199,0.3927,-0.0272,False
lr,timeout_msm_tau_1_0.88_tau_2_0.78_lb_4,timeout_msm,24,2018-12-04,0.3927,0.3354,-0.0573,False
lr,timeout_msm_tau_1_0.88_tau_2_0.78_lb_4,timeout_msm,28,2019-04-08,0.3354,0.3703,0.0349,False
lr,timeout_msm_tau_1_0.88_tau_2_0.78_lb_4,timeout_msm,32,2019-08-07,0.3703,0.501,0.1307,False
lr,timeout_msm_tau_1_0.88_tau_2_0.78_lb_4,timeout_msm,36,2019-12-05,0.501,0.3193,-0.1817,False
lr,timeout_msm_tau_1_0.88_tau_2_0.78_lb_4,timeout_msm,40,2020-04-07,0.3193,0.5265,0.2072,True
lr,timeout_msm_tau_1_0.88_tau_2_0.78_lb_4,timeout_msm,44,2020-08-06,0.5265,0.546,0.0195,False
lr,timeout_msm_tau_1_0.88_tau_2_0.78_lb_4,timeout_msm,48,2020-12-04,0.546,0.4226,-0.1233,False
lr,timeout_msm_tau_1_0.88_tau_2_0.78_lb_4,timeout_msm,52,2021-04-08,0.4226,0.2863,-0.1364,False
lr,timeout_msm_tau_1_0.88_tau_2_0.78_lb_4,timeout_msm,56,2021-08-06,0.2863,0.4416,0.1554,False
lr,timeout_msm_tau_1_0.88_tau_2_0.78_lb_4,timeout_msm,60,2021-12-06,0.4416,0.2171,-0.2245,False
lr,timeout_msm_tau_1_0.88_tau_2_0.78_lb_4,timeout_msm,64,2022-04-06,0.2171,0.4083,0.1912,True
lr,timeout_msm_tau_1_0.88_tau_2_0.78_lb_4,timeout_msm,68,2022-08-08,0.4083,0.3441,-0.0642,False
lr,timeout_msm_tau_1_0.88_tau_2_0.78_lb_4,timeout_msm,72,2022-12-06,0.3441,0.4266,0.0825,False
lr,timeout_msm_tau_1_0.88_tau_2_0.78_lb_4,timeout_msm,76,2023-04-10,0.4266,0.312,-0.1146,False
lr,timeout_msm_tau_1_0.88_tau_2_0.78_lb_4,timeout_msm,80,2023-08-09,0.312,0.4545,0.1425,False
lr,timeout_msm_tau_1_0.88_tau_2_0.78_lb_6,timeout_msm,10,2017-10-04,0.3998,0.4643,0.0645,False
lr,timeout_msm_tau_1_0.88_tau_2_0.78_lb_6,timeout_msm,13,2018-01-04,0.4672,0.5179,0.0507,False
lr,timeout_msm_tau_1_0.88_tau_2_0.78_lb_6,timeout_msm,17,2018-05-07,0.5179,0.3787,-0.1392,False
lr,timeout_msm_tau_1_0.88_tau_2_0.78_lb_6,timeout_msm,21,2018-09-05,0.3787,0.3782,-0.0005,False
lr,timeout_msm_tau_1_0.88_tau_2_0.78_lb_6,timeout_msm,25,2019-01-07,0.3782,0.4128,0.0347,False
lr,timeout_msm_tau_1_0.88_tau_2_0.78_lb_6,timeout_msm,29,2019-05-08,0.4128,0.4784,0.0656,False
lr,timeout_msm_tau_1_0.88_tau_2_0.78_lb_6,timeout_msm,33,2019-09-06,0.4784,0.5557,0.0773,False
lr,timeout_msm_tau_1_0.88_tau_2_0.78_lb_6,timeout_msm,37,2020-01-07,0.5557,0.3666,-0.1891,True
lr,timeout_msm_tau_1_0.88_tau_2_0.78_lb_6,timeout_msm,41,2020-05-07,0.3666,0.4136,0.047,False
lr,timeout_msm_tau_1_0.88_tau_2_0.78_lb_6,timeout_msm,45,2020-09-04,0.4136,0.5095,0.0959,False
lr,timeout_msm_tau_1_0.88_tau_2_0.78_lb_6,timeout_msm,49,2021-01-06,0.5095,0.4178,-0.0917,False
lr,timeout_msm_tau_1_0.88_tau_2_0.78_lb_6,timeout_msm,53,2021-05-07,0.4178,0.3038,-0.1139,False
lr,timeout_msm_tau_1_0.88_tau_2_0.78_lb_6,timeout_msm,57,2021-09-07,0.3038,0.3719,0.0681,False
lr,timeout_msm_tau_1_0.88_tau_2_0.78_lb_6,timeout_msm,61,2022-01-05,0.3719,0.3441,-0.0278,False
lr,timeout_msm_tau_1_0.88_tau_2_0.78_lb_6,timeout_msm,65,2022-05-06,0.3441,0.4952,0.1511,True
lr,timeout_msm_tau_1_0.88_tau_2_0.78_lb_6,timeout_msm,69,2022-09-07,0.4952,0.3328,-0.1625,False
lr,timeout_msm_tau_1_0.88_tau_2_0.78_lb_6,timeout_msm,73,2023-01-06,0.3328,0.329,-0.0038,False
lr,timeout_msm_tau_1_0.88_tau_2_0.78_lb_6,timeout_msm,77,2023-05-09,0.329,0.4125,0.0835,False
lr,timeout_msm_tau_1_0.88_tau_2_0.78_lb_6,timeout_msm,81,2023-09-08,0.4125,0.4212,0.0087,False
lr,timeout_msm_tau_1_0.8_tau_2_0.72_lb_3,timeout_msm,8,2017-08-04,0.4925,0.3735,-0.119,False
lr,timeout_msm_tau_1_0.8_tau_2_0.72_lb_3,timeout_msm,12,2017-12-04,0.3735,0.5482,0.1747,False
lr,timeout_msm_tau_1_0.8_tau_2_0.72_lb_3,timeout_msm,16,2018-04-06,0.5482,0.4199,-0.1284,False
lr,timeout_msm_tau_1_0.8_tau_2_0.72_lb_3,timeout_msm,20,2018-08-06,0.4199,0.3927,-0.0272,False
lr,timeout_msm_tau_1_0.8_tau_2_0.72_lb_3,timeout_msm,24,2018-12-04,0.3927,0.3354,-0.0573,False
lr,timeout_msm_tau_1_0.8_tau_2_0.72_lb_3,timeout_msm,28,2019-04-08,0.3354,0.3703,0.0349,False
lr,timeout_msm_tau_1_0.8_tau_2_0.72_lb_3,timeout_msm,39,2020-03-09,0.4841,0.3403,-0.1437,True
lr,timeout_msm_tau_1_0.8_tau_2_0.72_lb_3,timeout_msm,44,2020-08-06,0.4628,0.546,0.0832,False
lr,timeout_msm_tau_1_0.8_tau_2_0.72_lb_3,timeout_msm,52,2021-04-08,0.4273,0.2863,-0.141,False
lr,timeout_msm_tau_1_0.8_tau_2_0.72_lb_3,timeout_msm,57,2021-09-07,0.2389,0.3964,0.1575,False
lr,timeout_msm_tau_1_0.8_tau_2_0.72_lb_3,timeout_msm,60,2021-12-06,0.4247,0.2196,-0.2051,False
lr,timeout_msm_tau_1_0.8_tau_2_0.72_lb_3,timeout_msm,63,2022-03-08,0.2526,0.4078,0.1553,True
lr,timeout_msm_tau_1_0.8_tau_2_0.72_lb_3,timeout_msm,68,2022-08-08,0.3547,0.3441,-0.0106,False
lr,timeout_msm_tau_1_0.8_tau_2_0.72_lb_3,timeout_msm,75,2023-03-09,0.4716,0.3121,-0.1596,False
lr,timeout_msm_tau_1_0.8_tau_2_0.72_lb_3,timeout_msm,79,2023-07-11,0.3121,0.4793,0.1672,False
lr,timeout_msm_tau_1_0.8_tau_2_0.72_lb_4,timeout_msm,8,2017-08-04,0.4925,0.3735,-0.119,False
lr,timeout_msm_tau_1_0.8_tau_2_0.72_lb_4,timeout_msm,12,2017-12-04,0.3735,0.5482,0.1747,False
lr,timeout_msm_tau_1_0.8_tau_2_0.72_lb_4,timeout_msm,16,2018-04-06,0.5482,0.4199,-0.1284,False
lr,timeout_msm_tau_1_0.8_tau_2_0.72_lb_4,timeout_msm,20,2018-08-06,0.4199,0.3927,-0.0272,False
lr,timeout_msm_tau_1_0.8_tau_2_0.72_lb_4,timeout_msm,24,2018-12-04,0.3927,0.3354,-0.0573,False
lr,timeout_msm_tau_1_0.8_tau_2_0.72_lb_4,timeout_msm,28,2019-04-08,0.3354,0.3703,0.0349,False
lr,timeout_msm_tau_1_0.8_tau_2_0.72_lb_4,timeout_msm,32,2019-08-07,0.3703,0.501,0.1307,False
lr,timeout_msm_tau_1_0.8_tau_2_0.72_lb_4,timeout_msm,39,2020-03-09,0.4578,0.3403,-0.1174,True
lr,timeout_msm_tau_1_0.8_tau_2_0.72_lb_4,timeout_msm,43,2020-07-08,0.3403,0.4426,0.1023,False
lr,timeout_msm_tau_1_0.8_tau_2_0.72_lb_4,timeout_msm,47,2020-11-04,0.4426,0.4691,0.0264,False
lr,timeout_msm_tau_1_0.8_tau_2_0.72_lb_4,timeout_msm,50,2021-02-05,0.4958,0.3656,-0.1302,False
lr,timeout_msm_tau_1_0.8_tau_2_0.72_lb_4,timeout_msm,54,2021-06-08,0.3656,0.3133,-0.0523,False
lr,timeout_msm_tau_1_0.8_tau_2_0.72_lb_4,timeout_msm,58,2021-10-06,0.3133,0.3291,0.0158,False
lr,timeout_msm_tau_1_0.8_tau_2_0.72_lb_4,timeout_msm,62,2022-02-04,0.3291,0.3551,0.0259,True
lr,timeout_msm_tau_1_0.8_tau_2_0.72_lb_4,timeout_msm,66,2022-06-07,0.3551,0.5299,0.1749,False
lr,timeout_msm_tau_1_0.8_tau_2_0.72_lb_4,timeout_msm,70,2022-10-06,0.5299,0.3638,-0.1661,False
lr,timeout_msm_tau_1_0.8_tau_2_0.72_lb_4,timeout_msm,74,2023-02-07,0.3638,0.2839,-0.0799,False
lr,timeout_msm_tau_1_0.8_tau_2_0.72_lb_4,timeout_msm,78,2023-06-08,0.2839,0.4395,0.1556,False
lr,timeout_msm_tau_1_0.8_tau_2_0.72_lb_6,timeout_msm,10,2017-10-04,0.3998,0.4643,0.0645,False
lr,timeout_msm_tau_1_0.8_tau_2_0.72_lb_6,timeout_msm,13,2018-01-04,0.4672,0.5179,0.0507,False
lr,timeout_msm_tau_1_0.8_tau_2_0.72_lb_6,timeout_msm,17,2018-05-07,0.5179,0.3787,-0.1392,False
lr,timeout_msm_tau_1_0.8_tau_2_0.72_lb_6,timeout_msm,21,2018-09-05,0.3787,0.3782,-0.0005,False
lr,timeout_msm_tau_1_0.8_tau_2_0.72_lb_6,timeout_msm,25,2019-01-07,0.3782,0.4128,0.0347,False
lr,timeout_msm_tau_1_0.8_tau_2_0.72_lb_6,timeout_msm,29,2019-05-08,0.4128,0.4784,0.0656,False
lr,timeout_msm_tau_1_0.8_tau_2_0.72_lb_6,timeout_msm,33,2019-09-06,0.4784,0.5557,0.0773,False
lr,timeout_msm_tau_1_0.8_tau_2_0.72_lb_6,timeout_msm,37,2020-01-07,0.5557,0.3666,-0.1891,True
lr,timeout_msm_tau_1_0.8_tau_2_0.72_lb_6,timeout_msm,41,2020-05-07,0.3666,0.4136,0.047,False
lr,timeout_msm_tau_1_0.8_tau_2_0.72_lb_6,timeout_msm,45,2020-09-04,0.4136,0.5095,0.0959,False
lr,timeout_msm_tau_1_0.8_tau_2_0.72_lb_6,timeout_msm,49,2021-01-06,0.5095,0.4178,-0.0917,False
lr,timeout_msm_tau_1_0.8_tau_2_0.72_lb_6,timeout_msm,53,2021-05-07,0.4178,0.3038,-0.1139,False
lr,timeout_msm_tau_1_0.8_tau_2_0.72_lb_6,timeout_msm,57,2021-09-07,0.3038,0.3719,0.0681,False
lr,timeout_msm_tau_1_0.8_tau_2_0.72_lb_6,timeout_msm,61,2022-01-05,0.3719,0.3441,-0.0278,False
lr,timeout_msm_tau_1_0.8_tau_2_0.72_lb_6,timeout_msm,65,2022-05-06,0.3441,0.4952,0.1511,True
lr,timeout_msm_tau_1_0.8_tau_2_0.72_lb_6,timeout_msm,69,2022-09-07,0.4952,0.3328,-0.1625,False
lr,timeout_msm_tau_1_0.8_tau_2_0.72_lb_6,timeout_msm,73,2023-01-06,0.3328,0.329,-0.0038,False
lr,timeout_msm_tau_1_0.8_tau_2_0.72_lb_6,timeout_msm,77,2023-05-09,0.329,0.4125,0.0835,False
lr,timeout_msm_tau_1_0.8_tau_2_0.72_lb_6,timeout_msm,81,2023-09-08,0.4125,0.4212,0.0087,False
lr,timeout_msm_tau_1_0.8_tau_2_0.75_lb_3,timeout_msm,8,2017-08-04,0.4925,0.3735,-0.119,False
lr,timeout_msm_tau_1_0.8_tau_2_0.75_lb_3,timeout_msm,12,2017-12-04,0.3735,0.5482,0.1747,False
lr,timeout_msm_tau_1_0.8_tau_2_0.75_lb_3,timeout_msm,16,2018-04-06,0.5482,0.4199,-0.1284,False
lr,timeout_msm_tau_1_0.8_tau_2_0.75_lb_3,timeout_msm,20,2018-08-06,0.4199,0.3927,-0.0272,False
lr,timeout_msm_tau_1_0.8_tau_2_0.75_lb_3,timeout_msm,24,2018-12-04,0.3927,0.3354,-0.0573,False
lr,timeout_msm_tau_1_0.8_tau_2_0.75_lb_3,timeout_msm,28,2019-04-08,0.3354,0.3703,0.0349,False
lr,timeout_msm_tau_1_0.8_tau_2_0.75_lb_3,timeout_msm,39,2020-03-09,0.4841,0.3403,-0.1437,True
lr,timeout_msm_tau_1_0.8_tau_2_0.75_lb_3,timeout_msm,44,2020-08-06,0.4628,0.546,0.0832,False
lr,timeout_msm_tau_1_0.8_tau_2_0.75_lb_3,timeout_msm,52,2021-04-08,0.4273,0.2863,-0.141,False
lr,timeout_msm_tau_1_0.8_tau_2_0.75_lb_3,timeout_msm,57,2021-09-07,0.2389,0.3964,0.1575,False
lr,timeout_msm_tau_1_0.8_tau_2_0.75_lb_3,timeout_msm,60,2021-12-06,0.4247,0.2196,-0.2051,False
lr,timeout_msm_tau_1_0.8_tau_2_0.75_lb_3,timeout_msm,63,2022-03-08,0.2526,0.4078,0.1553,True
lr,timeout_msm_tau_1_0.8_tau_2_0.75_lb_3,timeout_msm,68,2022-08-08,0.3547,0.3441,-0.0106,False
lr,timeout_msm_tau_1_0.8_tau_2_0.75_lb_3,timeout_msm,75,2023-03-09,0.4716,0.3121,-0.1596,False
lr,timeout_msm_tau_1_0.8_tau_2_0.75_lb_3,timeout_msm,79,2023-07-11,0.3121,0.4793,0.1672,False
lr,timeout_msm_tau_1_0.8_tau_2_0.75_lb_4,timeout_msm,8,2017-08-04,0.4925,0.3735,-0.119,False
lr,timeout_msm_tau_1_0.8_tau_2_0.75_lb_4,timeout_msm,12,2017-12-04,0.3735,0.5482,0.1747,False
lr,timeout_msm_tau_1_0.8_tau_2_0.75_lb_4,timeout_msm,16,2018-04-06,0.5482,0.4199,-0.1284,False
lr,timeout_msm_tau_1_0.8_tau_2_0.75_lb_4,timeout_msm,20,2018-08-06,0.4199,0.3927,-0.0272,False
lr,timeout_msm_tau_1_0.8_tau_2_0.75_lb_4,timeout_msm,24,2018-12-04,0.3927,0.3354,-0.0573,False
lr,timeout_msm_tau_1_0.8_tau_2_0.75_lb_4,timeout_msm,28,2019-04-08,0.3354,0.3703,0.0349,False
lr,timeout_msm_tau_1_0.8_tau_2_0.75_lb_4,timeout_msm,32,2019-08-07,0.3703,0.501,0.1307,False
lr,timeout_msm_tau_1_0.8_tau_2_0.75_lb_4,timeout_msm,39,2020-03-09,0.4578,0.3403,-0.1174,True
lr,timeout_msm_tau_1_0.8_tau_2_0.75_lb_4,timeout_msm,43,2020-07-08,0.3403,0.4426,0.1023,False
lr,timeout_msm_tau_1_0.8_tau_2_0.75_lb_4,timeout_msm,47,2020-11-04,0.4426,0.4691,0.0264,False
lr,timeout_msm_tau_1_0.8_tau_2_0.75_lb_4,timeout_msm,50,2021-02-05,0.4958,0.3656,-0.1302,False
lr,timeout_msm_tau_1_0.8_tau_2_0.75_lb_4,timeout_msm,54,2021-06-08,0.3656,0.3133,-0.0523,False
lr,timeout_msm_tau_1_0.8_tau_2_0.75_lb_4,timeout_msm,58,2021-10-06,0.3133,0.3291,0.0158,False
lr,timeout_msm_tau_1_0.8_tau_2_0.75_lb_4,timeout_msm,62,2022-02-04,0.3291,0.3551,0.0259,True
lr,timeout_msm_tau_1_0.8_tau_2_0.75_lb_4,timeout_msm,66,2022-06-07,0.3551,0.5299,0.1749,False
lr,timeout_msm_tau_1_0.8_tau_2_0.75_lb_4,timeout_msm,70,2022-10-06,0.5299,0.3638,-0.1661,False
lr,timeout_msm_tau_1_0.8_tau_2_0.75_lb_4,timeout_msm,74,2023-02-07,0.3638,0.2839,-0.0799,False
lr,timeout_msm_tau_1_0.8_tau_2_0.75_lb_4,timeout_msm,78,2023-06-08,0.2839,0.4395,0.1556,False
lr,timeout_msm_tau_1_0.8_tau_2_0.75_lb_6,timeout_msm,10,2017-10-04,0.3998,0.4643,0.0645,False
lr,timeout_msm_tau_1_0.8_tau_2_0.75_lb_6,timeout_msm,13,2018-01-04,0.4672,0.5179,0.0507,False
lr,timeout_msm_tau_1_0.8_tau_2_0.75_lb_6,timeout_msm,17,2018-05-07,0.5179,0.3787,-0.1392,False
lr,timeout_msm_tau_1_0.8_tau_2_0.75_lb_6,timeout_msm,21,2018-09-05,0.3787,0.3782,-0.0005,False
lr,timeout_msm_tau_1_0.8_tau_2_0.75_lb_6,timeout_msm,25,2019-01-07,0.3782,0.4128,0.0347,False
lr,timeout_msm_tau_1_0.8_tau_2_0.75_lb_6,timeout_msm,29,2019-05-08,0.4128,0.4784,0.0656,False
lr,timeout_msm_tau_1_0.8_tau_2_0.75_lb_6,timeout_msm,33,2019-09-06,0.4784,0.5557,0.0773,False
lr,timeout_msm_tau_1_0.8_tau_2_0.75_lb_6,timeout_msm,37,2020-01-07,0.5557,0.3666,-0.1891,True
lr,timeout_msm_tau_1_0.8_tau_2_0.75_lb_6,timeout_msm,41,2020-05-07,0.3666,0.4136,0.047,False
lr,timeout_msm_tau_1_0.8_tau_2_0.75_lb_6,timeout_msm,45,2020-09-04,0.4136,0.5095,0.0959,False
lr,timeout_msm_tau_1_0.8_tau_2_0.75_lb_6,timeout_msm,49,2021-01-06,0.5095,0.4178,-0.0917,False
lr,timeout_msm_tau_1_0.8_tau_2_0.75_lb_6,timeout_msm,53,2021-05-07,0.4178,0.3038,-0.1139,False
lr,timeout_msm_tau_1_0.8_tau_2_0.75_lb_6,timeout_msm,57,2021-09-07,0.3038,0.3719,0.0681,False
lr,timeout_msm_tau_1_0.8_tau_2_0.75_lb_6,timeout_msm,61,2022-01-05,0.3719,0.3441,-0.0278,False
lr,timeout_msm_tau_1_0.8_tau_2_0.75_lb_6,timeout_msm,65,2022-05-06,0.3441,0.4952,0.1511,True
lr,timeout_msm_tau_1_0.8_tau_2_0.75_lb_6,timeout_msm,69,2022-09-07,0.4952,0.3328,-0.1625,False
lr,timeout_msm_tau_1_0.8_tau_2_0.75_lb_6,timeout_msm,73,2023-01-06,0.3328,0.329,-0.0038,False
lr,timeout_msm_tau_1_0.8_tau_2_0.75_lb_6,timeout_msm,77,2023-05-09,0.329,0.4125,0.0835,False
lr,timeout_msm_tau_1_0.8_tau_2_0.75_lb_6,timeout_msm,81,2023-09-08,0.4125,0.4212,0.0087,False
rf,causal_tau_1_0.83_tau_2_0.72_lb_3,causal,7,2017-07-06,0.3737,0.3327,-0.041,False
rf,causal_tau_1_0.83_tau_2_0.72_lb_3,causal,11,2017-11-02,0.3327,0.6091,0.2765,False
rf,causal_tau_1_0.83_tau_2_0.72_lb_3,causal,16,2018-04-06,0.5913,0.4276,-0.1638,False
rf,causal_tau_1_0.83_tau_2_0.72_lb_3,causal,20,2018-08-06,0.4276,0.3283,-0.0993,False
rf,causal_tau_1_0.83_tau_2_0.72_lb_3,causal,24,2018-12-04,0.3283,0.36,0.0317,False
rf,causal_tau_1_0.83_tau_2_0.72_lb_3,causal,28,2019-04-08,0.36,0.3759,0.0159,False
rf,causal_tau_1_0.83_tau_2_0.72_lb_3,causal,31,2019-07-09,0.3594,0.4225,0.0632,False
rf,causal_tau_1_0.83_tau_2_0.72_lb_3,causal,38,2020-02-06,0.5183,0.3913,-0.1269,True
rf,causal_tau_1_0.83_tau_2_0.72_lb_3,causal,42,2020-06-08,0.3913,0.3372,-0.0541,False
rf,causal_tau_1_0.83_tau_2_0.72_lb_3,causal,46,2020-10-06,0.3372,0.3118,-0.0254,False
rf,causal_tau_1_0.83_tau_2_0.72_lb_3,causal,52,2021-04-08,0.3471,0.3435,-0.0036,False
rf,causal_tau_1_0.83_tau_2_0.72_lb_3,causal,56,2021-08-06,0.3435,0.3741,0.0305,False
rf,causal_tau_1_0.83_tau_2_0.72_lb_3,causal,60,2021-12-06,0.3741,0.3029,-0.0712,False
rf,causal_tau_1_0.83_tau_2_0.72_lb_3,causal,64,2022-04-06,0.3029,0.5621,0.2592,True
rf,causal_tau_1_0.83_tau_2_0.72_lb_3,causal,68,2022-08-08,0.5621,0.3467,-0.2153,False
rf,causal_tau_1_0.83_tau_2_0.72_lb_3,causal,74,2023-02-07,0.4523,0.2197,-0.2326,False
rf,causal_tau_1_0.83_tau_2_0.72_lb_3,causal,78,2023-06-08,0.2197,0.3732,0.1535,False
rf,causal_tau_1_0.83_tau_2_0.72_lb_4,causal,9,2017-09-05,0.3253,0.5076,0.1822,False
rf,causal_tau_1_0.83_tau_2_0.72_lb_4,causal,13,2018-01-04,0.5076,0.5568,0.0492,False
rf,causal_tau_1_0.83_tau_2_0.72_lb_4,causal,16,2018-04-06,0.5839,0.4276,-0.1563,False
rf,causal_tau_1_0.83_tau_2_0.72_lb_4,causal,20,2018-08-06,0.4276,0.3283,-0.0993,False
rf,causal_tau_1_0.83_tau_2_0.72_lb_4,causal,24,2018-12-04,0.3283,0.36,0.0317,False
rf,causal_tau_1_0.83_tau_2_0.72_lb_4,causal,28,2019-04-08,0.36,0.389,0.029,False
rf,causal_tau_1_0.83_tau_2_0.72_lb_4,causal,32,2019-08-07,0.389,0.507,0.1181,False
rf,causal_tau_1_0.83_tau_2_0.72_lb_4,causal,39,2020-03-09,0.4958,0.2633,-0.2324,True
rf,causal_tau_1_0.83_tau_2_0.72_lb_4,causal,43,2020-07-08,0.2633,0.5148,0.2515,False
rf,causal_tau_1_0.83_tau_2_0.72_lb_4,causal,47,2020-11-04,0.5148,0.3663,-0.1485,False
rf,causal_tau_1_0.83_tau_2_0.72_lb_4,causal,50,2021-02-05,0.2972,0.3735,0.0763,False
rf,causal_tau_1_0.83_tau_2_0.72_lb_4,causal,54,2021-06-08,0.3735,0.2174,-0.1561,False
rf,causal_tau_1_0.83_tau_2_0.72_lb_4,causal,58,2021-10-06,0.2174,0.2718,0.0543,False
rf,causal_tau_1_0.83_tau_2_0.72_lb_4,causal,62,2022-02-04,0.2718,0.4343,0.1625,True
rf,causal_tau_1_0.83_tau_2_0.72_lb_4,causal,66,2022-06-07,0.4343,0.4904,0.0561,False
rf,causal_tau_1_0.83_tau_2_0.72_lb_4,causal,70,2022-10-06,0.4904,0.4051,-0.0853,False
rf,causal_tau_1_0.83_tau_2_0.72_lb_4,causal,74,2023-02-07,0.4051,0.2197,-0.1854,False
rf,causal_tau_1_0.83_tau_2_0.72_lb_4,causal,78,2023-06-08,0.2197,0.3732,0.1535,False
rf,causal_tau_1_0.83_tau_2_0.72_lb_6,causal,13,2018-01-04,0.3545,0.5374,0.1828,False
rf,causal_tau_1_0.83_tau_2_0.72_lb_6,causal,17,2018-05-07,0.5374,0.3707,-0.1667,False
rf,causal_tau_1_0.83_tau_2_0.72_lb_6,causal,21,2018-09-05,0.3707,0.276,-0.0946,False
rf,causal_tau_1_0.83_tau_2_0.72_lb_6,causal,25,2019-01-07,0.276,0.2813,0.0053,False
rf,causal_tau_1_0.83_tau_2_0.72_lb_6,causal,29,2019-05-08,0.2813,0.5152,0.2338,False
rf,causal_tau_1_0.83_tau_2_0.72_lb_6,causal,33,2019-09-06,0.5152,0.5391,0.0239,False
rf,causal_tau_1_0.83_tau_2_0.72_lb_6,causal,37,2020-01-07,0.5391,0.3369,-0.2021,True
rf,causal_tau_1_0.83_tau_2_0.72_lb_6,causal,41,2020-05-07,0.3369,0.2756,-0.0614,False
rf,causal_tau_1_0.83_tau_2_0.72_lb_6,causal,45,2020-09-04,0.2756,0.3338,0.0582,False
rf,causal_tau_1_0.83_tau_2_0.72_lb_6,causal,49,2021-01-06,0.3338,0.3353,0.0015,False
rf,causal_tau_1_0.83_tau_2_0.72_lb_6,causal,53,2021-05-07,0.3353,0.2921,-0.0431,False
rf,causal_tau_1_0.83_tau_2_0.72_lb_6,causal,57,2021-09-07,0.2921,0.4308,0.1387,False
rf,causal_tau_1_0.83_tau_2_0.72_lb_6,causal,61,2022-01-05,0.4308,0.4953,0.0644,False
rf,causal_tau_1_0.83_tau_2_0.72_lb_6,causal,65,2022-05-06,0.4953,0.5223,0.027,True
rf,causal_tau_1_0.83_tau_2_0.72_lb_6,causal,69,2022-09-07,0.5223,0.3407,-0.1816,False
rf,causal_tau_1_0.83_tau_2_0.72_lb_6,causal,73,2023-01-06,0.3407,0.3966,0.0559,False
rf,causal_tau_1_0.83_tau_2_0.72_lb_6,causal,77,2023-05-09,0.3966,0.4398,0.0431,False
rf,causal_tau_1_0.83_tau_2_0.72_lb_6,causal,81,2023-09-08,0.4398,0.4782,0.0384,False
rf,causal_tau_1_0.83_tau_2_0.75_lb_3,causal,7,2017-07-06,0.3737,0.3327,-0.041,False
rf,causal_tau_1_0.83_tau_2_0.75_lb_3,causal,11,2017-11-02,0.3327,0.6091,0.2765,False
rf,causal_tau_1_0.83_tau_2_0.75_lb_3,causal,16,2018-04-06,0.5913,0.4276,-0.1638,False
rf,causal_tau_1_0.83_tau_2_0.75_lb_3,causal,20,2018-08-06,0.4276,0.3283,-0.0993,False
rf,causal_tau_1_0.83_tau_2_0.75_lb_3,causal,24,2018-12-04,0.3283,0.36,0.0317,False
rf,causal_tau_1_0.83_tau_2_0.75_lb_3,causal,28,2019-04-08,0.36,0.3759,0.0159,False
rf,causal_tau_1_0.83_tau_2_0.75_lb_3,causal,31,2019-07-09,0.3594,0.4225,0.0632,False
rf,causal_tau_1_0.83_tau_2_0.75_lb_3,causal,38,2020-02-06,0.5183,0.3913,-0.1269,True
rf,causal_tau_1_0.83_tau_2_0.75_lb_3,causal,42,2020-06-08,0.3913,0.3372,-0.0541,False
rf,causal_tau_1_0.83_tau_2_0.75_lb_3,causal,46,2020-10-06,0.3372,0.3118,-0.0254,False
rf,causal_tau_1_0.83_tau_2_0.75_lb_3,causal,52,2021-04-08,0.3471,0.3435,-0.0036,False
rf,causal_tau_1_0.83_tau_2_0.75_lb_3,causal,56,2021-08-06,0.3435,0.3741,0.0305,False
rf,causal_tau_1_0.83_tau_2_0.75_lb_3,causal,60,2021-12-06,0.3741,0.3029,-0.0712,False
rf,causal_tau_1_0.83_tau_2_0.75_lb_3,causal,64,2022-04-06,0.3029,0.5621,0.2592,True
rf,causal_tau_1_0.83_tau_2_0.75_lb_3,causal,68,2022-08-08,0.5621,0.3467,-0.2153,False
rf,causal_tau_1_0.83_tau_2_0.75_lb_3,causal,74,2023-02-07,0.4523,0.2197,-0.2326,False
rf,causal_tau_1_0.83_tau_2_0.75_lb_3,causal,78,2023-06-08,0.2197,0.3732,0.1535,False
rf,causal_tau_1_0.83_tau_2_0.75_lb_4,causal,9,2017-09-05,0.3253,0.5076,0.1822,False
rf,causal_tau_1_0.83_tau_2_0.75_lb_4,causal,13,2018-01-04,0.5076,0.5568,0.0492,False
rf,causal_tau_1_0.83_tau_2_0.75_lb_4,causal,16,2018-04-06,0.5839,0.4276,-0.1563,False
rf,causal_tau_1_0.83_tau_2_0.75_lb_4,causal,20,2018-08-06,0.4276,0.3283,-0.0993,False
rf,causal_tau_1_0.83_tau_2_0.75_lb_4,causal,24,2018-12-04,0.3283,0.36,0.0317,False
rf,causal_tau_1_0.83_tau_2_0.75_lb_4,causal,28,2019-04-08,0.36,0.389,0.029,False
rf,causal_tau_1_0.83_tau_2_0.75_lb_4,causal,32,2019-08-07,0.389,0.507,0.1181,False
rf,causal_tau_1_0.83_tau_2_0.75_lb_4,causal,39,2020-03-09,0.4958,0.2633,-0.2324,True
rf,causal_tau_1_0.83_tau_2_0.75_lb_4,causal,43,2020-07-08,0.2633,0.5148,0.2515,False
rf,causal_tau_1_0.83_tau_2_0.75_lb_4,causal,47,2020-11-04,0.5148,0.3663,-0.1485,False
rf,causal_tau_1_0.83_tau_2_0.75_lb_4,causal,50,2021-02-05,0.2972,0.3735,0.0763,False
rf,causal_tau_1_0.83_tau_2_0.75_lb_4,causal,54,2021-06-08,0.3735,0.2174,-0.1561,False
rf,causal_tau_1_0.83_tau_2_0.75_lb_4,causal,58,2021-10-06,0.2174,0.2718,0.0543,False
rf,causal_tau_1_0.83_tau_2_0.75_lb_4,causal,62,2022-02-04,0.2718,0.4343,0.1625,True
rf,causal_tau_1_0.83_tau_2_0.75_lb_4,causal,66,2022-06-07,0.4343,0.4904,0.0561,False
rf,causal_tau_1_0.83_tau_2_0.75_lb_4,causal,70,2022-10-06,0.4904,0.4051,-0.0853,False
rf,causal_tau_1_0.83_tau_2_0.75_lb_4,causal,74,2023-02-07,0.4051,0.2197,-0.1854,False
rf,causal_tau_1_0.83_tau_2_0.75_lb_4,causal,78,2023-06-08,0.2197,0.3732,0.1535,False
rf,causal_tau_1_0.83_tau_2_0.75_lb_6,causal,13,2018-01-04,0.3545,0.5374,0.1828,False
rf,causal_tau_1_0.83_tau_2_0.75_lb_6,causal,17,2018-05-07,0.5374,0.3707,-0.1667,False
rf,causal_tau_1_0.83_tau_2_0.75_lb_6,causal,21,2018-09-05,0.3707,0.276,-0.0946,False
rf,causal_tau_1_0.83_tau_2_0.75_lb_6,causal,25,2019-01-07,0.276,0.2813,0.0053,False
rf,causal_tau_1_0.83_tau_2_0.75_lb_6,causal,29,2019-05-08,0.2813,0.5152,0.2338,False
rf,causal_tau_1_0.83_tau_2_0.75_lb_6,causal,33,2019-09-06,0.5152,0.5391,0.0239,False
rf,causal_tau_1_0.83_tau_2_0.75_lb_6,causal,37,2020-01-07,0.5391,0.3369,-0.2021,True
rf,causal_tau_1_0.83_tau_2_0.75_lb_6,causal,41,2020-05-07,0.3369,0.2756,-0.0614,False
rf,causal_tau_1_0.83_tau_2_0.75_lb_6,causal,45,2020-09-04,0.2756,0.3338,0.0582,False
rf,causal_tau_1_0.83_tau_2_0.75_lb_6,causal,49,2021-01-06,0.3338,0.3353,0.0015,False
rf,causal_tau_1_0.83_tau_2_0.75_lb_6,causal,53,2021-05-07,0.3353,0.2921,-0.0431,False
rf,causal_tau_1_0.83_tau_2_0.75_lb_6,causal,57,2021-09-07,0.2921,0.4308,0.1387,False
rf,causal_tau_1_0.83_tau_2_0.75_lb_6,causal,61,2022-01-05,0.4308,0.4953,0.0644,False
rf,causal_tau_1_0.83_tau_2_0.75_lb_6,causal,65,2022-05-06,0.4953,0.5223,0.027,True
rf,causal_tau_1_0.83_tau_2_0.75_lb_6,causal,69,2022-09-07,0.5223,0.3407,-0.1816,False
rf,causal_tau_1_0.83_tau_2_0.75_lb_6,causal,73,2023-01-06,0.3407,0.3966,0.0559,False
rf,causal_tau_1_0.83_tau_2_0.75_lb_6,causal,77,2023-05-09,0.3966,0.4398,0.0431,False
rf,causal_tau_1_0.83_tau_2_0.75_lb_6,causal,81,2023-09-08,0.4398,0.4782,0.0384,False
rf,causal_tau_1_0.83_tau_2_0.78_lb_3,causal,7,2017-07-06,0.3737,0.3327,-0.041,False
rf,causal_tau_1_0.83_tau_2_0.78_lb_3,causal,11,2017-11-02,0.3327,0.6091,0.2765,False
rf,causal_tau_1_0.83_tau_2_0.78_lb_3,causal,16,2018-04-06,0.5913,0.4276,-0.1638,False
rf,causal_tau_1_0.83_tau_2_0.78_lb_3,causal,20,2018-08-06,0.4276,0.3283,-0.0993,False
rf,causal_tau_1_0.83_tau_2_0.78_lb_3,causal,24,2018-12-04,0.3283,0.36,0.0317,False
rf,causal_tau_1_0.83_tau_2_0.78_lb_3,causal,28,2019-04-08,0.36,0.3759,0.0159,False
rf,causal_tau_1_0.83_tau_2_0.78_lb_3,causal,31,2019-07-09,0.3594,0.4225,0.0632,False
rf,causal_tau_1_0.83_tau_2_0.78_lb_3,causal,38,2020-02-06,0.5183,0.3913,-0.1269,True
rf,causal_tau_1_0.83_tau_2_0.78_lb_3,causal,42,2020-06-08,0.3913,0.3372,-0.0541,False
rf,causal_tau_1_0.83_tau_2_0.78_lb_3,causal,46,2020-10-06,0.3372,0.3118,-0.0254,False
rf,causal_tau_1_0.83_tau_2_0.78_lb_3,causal,50,2021-02-05,0.3118,0.3735,0.0617,False
rf,causal_tau_1_0.83_tau_2_0.78_lb_3,causal,54,2021-06-08,0.3735,0.2174,-0.1561,False
rf,causal_tau_1_0.83_tau_2_0.78_lb_3,causal,58,2021-10-06,0.2174,0.2718,0.0543,False
rf,causal_tau_1_0.83_tau_2_0.78_lb_3,causal,62,2022-02-04,0.2718,0.4343,0.1625,True
rf,causal_tau_1_0.83_tau_2_0.78_lb_3,causal,68,2022-08-08,0.4605,0.3467,-0.1138,False
rf,causal_tau_1_0.83_tau_2_0.78_lb_3,causal,74,2023-02-07,0.4523,0.2197,-0.2326,False
rf,causal_tau_1_0.83_tau_2_0.78_lb_3,causal,78,2023-06-08,0.2197,0.3732,0.1535,False
rf,causal_tau_1_0.83_tau_2_0.78_lb_4,causal,9,2017-09-05,0.3253,0.5076,0.1822,False
rf,causal_tau_1_0.83_tau_2_0.78_lb_4,causal,13,2018-01-04,0.5076,0.5568,0.0492,False
rf,causal_tau_1_0.83_tau_2_0.78_lb_4,causal,16,2018-04-06,0.5839,0.4276,-0.1563,False
rf,causal_tau_1_0.83_tau_2_0.78_lb_4,causal,20,2018-08-06,0.4276,0.3283,-0.0993,False
rf,causal_tau_1_0.83_tau_2_0.78_lb_4,causal,24,2018-12-04,0.3283,0.36,0.0317,False
rf,causal_tau_1_0.83_tau_2_0.78_lb_4,causal,28,2019-04-08,0.36,0.389,0.029,False
rf,causal_tau_1_0.83_tau_2_0.78_lb_4,causal,32,2019-08-07,0.389,0.507,0.1181,False
rf,causal_tau_1_0.83_tau_2_0.78_lb_4,causal,39,2020-03-09,0.4958,0.2633,-0.2324,True
rf,causal_tau_1_0.83_tau_2_0.78_lb_4,causal,43,2020-07-08,0.2633,0.5148,0.2515,False
rf,causal_tau_1_0.83_tau_2_0.78_lb_4,causal,47,2020-11-04,0.5148,0.3663,-0.1485,False
rf,causal_tau_1_0.83_tau_2_0.78_lb_4,causal,50,2021-02-05,0.2972,0.3735,0.0763,False
rf,causal_tau_1_0.83_tau_2_0.78_lb_4,causal,54,2021-06-08,0.3735,0.2174,-0.1561,False
rf,causal_tau_1_0.83_tau_2_0.78_lb_4,causal,58,2021-10-06,0.2174,0.2718,0.0543,False
rf,causal_tau_1_0.83_tau_2_0.78_lb_4,causal,62,2022-02-04,0.2718,0.4343,0.1625,True
rf,causal_tau_1_0.83_tau_2_0.78_lb_4,causal,66,2022-06-07,0.4343,0.4904,0.0561,False
rf,causal_tau_1_0.83_tau_2_0.78_lb_4,causal,70,2022-10-06,0.4904,0.4051,-0.0853,False
rf,causal_tau_1_0.83_tau_2_0.78_lb_4,causal,74,2023-02-07,0.4051,0.2197,-0.1854,False
rf,causal_tau_1_0.83_tau_2_0.78_lb_4,causal,78,2023-06-08,0.2197,0.3732,0.1535,False
rf,causal_tau_1_0.83_tau_2_0.78_lb_6,causal,13,2018-01-04,0.3545,0.5374,0.1828,False
rf,causal_tau_1_0.83_tau_2_0.78_lb_6,causal,17,2018-05-07,0.5374,0.3707,-0.1667,False
rf,causal_tau_1_0.83_tau_2_0.78_lb_6,causal,21,2018-09-05,0.3707,0.276,-0.0946,False
rf,causal_tau_1_0.83_tau_2_0.78_lb_6,causal,25,2019-01-07,0.276,0.2813,0.0053,False
rf,causal_tau_1_0.83_tau_2_0.78_lb_6,causal,29,2019-05-08,0.2813,0.5152,0.2338,False
rf,causal_tau_1_0.83_tau_2_0.78_lb_6,causal,33,2019-09-06,0.5152,0.5391,0.0239,False
rf,causal_tau_1_0.83_tau_2_0.78_lb_6,causal,37,2020-01-07,0.5391,0.3369,-0.2021,True
rf,causal_tau_1_0.83_tau_2_0.78_lb_6,causal,41,2020-05-07,0.3369,0.2756,-0.0614,False
rf,causal_tau_1_0.83_tau_2_0.78_lb_6,causal,45,2020-09-04,0.2756,0.3338,0.0582,False
rf,causal_tau_1_0.83_tau_2_0.78_lb_6,causal,49,2021-01-06,0.3338,0.3353,0.0015,False
rf,causal_tau_1_0.83_tau_2_0.78_lb_6,causal,53,2021-05-07,0.3353,0.2921,-0.0431,False
rf,causal_tau_1_0.83_tau_2_0.78_lb_6,causal,57,2021-09-07,0.2921,0.4308,0.1387,False
rf,causal_tau_1_0.83_tau_2_0.78_lb_6,causal,61,2022-01-05,0.4308,0.4953,0.0644,False
rf,causal_tau_1_0.83_tau_2_0.78_lb_6,causal,65,2022-05-06,0.4953,0.5223,0.027,True
rf,causal_tau_1_0.83_tau_2_0.78_lb_6,causal,69,2022-09-07,0.5223,0.3407,-0.1816,False
rf,causal_tau_1_0.83_tau_2_0.78_lb_6,causal,73,2023-01-06,0.3407,0.3966,0.0559,False
rf,causal_tau_1_0.83_tau_2_0.78_lb_6,causal,77,2023-05-09,0.3966,0.4398,0.0431,False
rf,causal_tau_1_0.83_tau_2_0.78_lb_6,causal,81,2023-09-08,0.4398,0.4782,0.0384,False
rf,causal_tau_1_0.88_tau_2_0.72_lb_3,causal,7,2017-07-06,0.3737,0.3327,-0.041,False
rf,causal_tau_1_0.88_tau_2_0.72_lb_3,causal,11,2017-11-02,0.3327,0.6091,0.2765,False
rf,causal_tau_1_0.88_tau_2_0.72_lb_3,causal,15,2018-03-07,0.6091,0.4214,-0.1878,False
rf,causal_tau_1_0.88_tau_2_0.72_lb_3,causal,19,2018-07-06,0.4214,0.3184,-0.1029,False
rf,causal_tau_1_0.88_tau_2_0.72_lb_3,causal,23,2018-11-02,0.3184,0.3984,0.08,False
rf,causal_tau_1_0.88_tau_2_0.72_lb_3,causal,27,2019-03-08,0.3984,0.3619,-0.0365,False
rf,causal_tau_1_0.88_tau_2_0.72_lb_3,causal,31,2019-07-09,0.3619,0.3716,0.0097,False
rf,causal_tau_1_0.88_tau_2_0.72_lb_3,causal,38,2020-02-06,0.5386,0.3913,-0.1473,True
rf,causal_tau_1_0.88_tau_2_0.72_lb_3,causal,42,2020-06-08,0.3913,0.3372,-0.0541,False
rf,causal_tau_1_0.88_tau_2_0.72_lb_3,causal,46,2020-10-06,0.3372,0.395,0.0578,False
rf,causal_tau_1_0.88_tau_2_0.72_lb_3,causal,49,2021-01-06,0.3071,0.3353,0.0282,False
rf,causal_tau_1_0.88_tau_2_0.72_lb_3,causal,53,2021-05-07,0.3353,0.2921,-0.0431,False
rf,causal_tau_1_0.88_tau_2_0.72_lb_3,causal,57,2021-09-07,0.2921,0.3897,0.0976,False
rf,causal_tau_1_0.88_tau_2_0.72_lb_3,causal,60,2021-12-06,0.3663,0.3874,0.0211,False
rf,causal_tau_1_0.88_tau_2_0.72_lb_3,causal,64,2022-04-06,0.3874,0.506,0.1186,True
rf,causal_tau_1_0.88_tau_2_0.72_lb_3,causal,68,2022-08-08,0.506,0.3467,-0.1592,False
rf,causal_tau_1_0.88_tau_2_0.72_lb_3,causal,72,2022-12-06,0.3467,0.4748,0.1281,False
rf,causal_tau_1_0.88_tau_2_0.72_lb_3,causal,76,2023-04-10,0.4748,0.2115,-0.2633,False
rf,causal_tau_1_0.88_tau_2_0.72_lb_4,causal,9,2017-09-05,0.3253,0.5076,0.1822,False
rf,causal_tau_1_0.88_tau_2_0.72_lb_4,causal,13,2018-01-04,0.5076,0.5339,0.0263,False
rf,causal_tau_1_0.88_tau_2_0.72_lb_4,causal,17,2018-05-07,0.5339,0.3707,-0.1632,False
rf,causal_tau_1_0.88_tau_2_0.72_lb_4,causal,21,2018-09-05,0.3707,0.276,-0.0946,False
rf,causal_tau_1_0.88_tau_2_0.72_lb_4,causal,25,2019-01-07,0.276,0.2813,0.0053,False
rf,causal_tau_1_0.88_tau_2_0.72_lb_4,causal,29,2019-05-08,0.2813,0.5152,0.2338,False
rf,causal_tau_1_0.88_tau_2_0.72_lb_4,causal,33,2019-09-06,0.5152,0.5391,0.0239,False
rf,causal_tau_1_0.88_tau_2_0.72_lb_4,causal,38,2020-02-06,0.527,0.3913,-0.1357,True
rf,causal_tau_1_0.88_tau_2_0.72_lb_4,causal,42,2020-06-08,0.3913,0.3372,-0.0541,False
rf,causal_tau_1_0.88_tau_2_0.72_lb_4,causal,46,2020-10-06,0.3372,0.3118,-0.0254,False
rf,causal_tau_1_0.88_tau_2_0.72_lb_4,causal,50,2021-02-05,0.3118,0.3735,0.0617,False
rf,causal_tau_1_0.88_tau_2_0.72_lb_4,causal,54,2021-06-08,0.3735,0.2174,-0.1561,False
rf,causal_tau_1_0.88_tau_2_0.72_lb_4,causal,58,2021-10-06,0.2174,0.2718,0.0543,False
rf,causal_tau_1_0.88_tau_2_0.72_lb_4,causal,62,2022-02-04,0.2718,0.4343,0.1625,True
rf,causal_tau_1_0.88_tau_2_0.72_lb_4,causal,66,2022-06-07,0.4343,0.4904,0.0561,False
rf,causal_tau_1_0.88_tau_2_0.72_lb_4,causal,70,2022-10-06,0.4904,0.4051,-0.0853,False
rf,causal_tau_1_0.88_tau_2_0.72_lb_4,causal,74,2023-02-07,0.4051,0.2197,-0.1854,False
rf,causal_tau_1_0.88_tau_2_0.72_lb_4,causal,78,2023-06-08,0.2197,0.3732,0.1535,False
rf,causal_tau_1_0.88_tau_2_0.72_lb_6,causal,13,2018-01-04,0.3545,0.5374,0.1828,False
rf,causal_tau_1_0.88_tau_2_0.72_lb_6,causal,17,2018-05-07,0.5374,0.3707,-0.1667,False
rf,causal_tau_1_0.88_tau_2_0.72_lb_6,causal,21,2018-09-05,0.3707,0.276,-0.0946,False
rf,causal_tau_1_0.88_tau_2_0.72_lb_6,causal,25,2019-01-07,0.276,0.2813,0.0053,False
rf,causal_tau_1_0.88_tau_2_0.72_lb_6,causal,29,2019-05-08,0.2813,0.5152,0.2338,False
rf,causal_tau_1_0.88_tau_2_0.72_lb_6,causal,33,2019-09-06,0.5152,0.5391,0.0239,False
rf,causal_tau_1_0.88_tau_2_0.72_lb_6,causal,37,2020-01-07,0.5391,0.3369,-0.2021,True
rf,causal_tau_1_0.88_tau_2_0.72_lb_6,causal,41,2020-05-07,0.3369,0.2756,-0.0614,False
rf,causal_tau_1_0.88_tau_2_0.72_lb_6,causal,45,2020-09-04,0.2756,0.3338,0.0582,False
rf,causal_tau_1_0.88_tau_2_0.72_lb_6,causal,49,2021-01-06,0.3338,0.3353,0.0015,False
rf,causal_tau_1_0.88_tau_2_0.72_lb_6,causal,53,2021-05-07,0.3353,0.2921,-0.0431,False
rf,causal_tau_1_0.88_tau_2_0.72_lb_6,causal,57,2021-09-07,0.2921,0.4308,0.1387,False
rf,causal_tau_1_0.88_tau_2_0.72_lb_6,causal,61,2022-01-05,0.4308,0.4953,0.0644,False
rf,causal_tau_1_0.88_tau_2_0.72_lb_6,causal,65,2022-05-06,0.4953,0.5223,0.027,True
rf,causal_tau_1_0.88_tau_2_0.72_lb_6,causal,69,2022-09-07,0.5223,0.3407,-0.1816,False
rf,causal_tau_1_0.88_tau_2_0.72_lb_6,causal,73,2023-01-06,0.3407,0.3966,0.0559,False
rf,causal_tau_1_0.88_tau_2_0.72_lb_6,causal,77,2023-05-09,0.3966,0.4398,0.0431,False
rf,causal_tau_1_0.88_tau_2_0.72_lb_6,causal,81,2023-09-08,0.4398,0.4782,0.0384,False
rf,causal_tau_1_0.88_tau_2_0.75_lb_3,causal,7,2017-07-06,0.3737,0.3327,-0.041,False
rf,causal_tau_1_0.88_tau_2_0.75_lb_3,causal,11,2017-11-02,0.3327,0.6091,0.2765,False
rf,causal_tau_1_0.88_tau_2_0.75_lb_3,causal,15,2018-03-07,0.6091,0.4214,-0.1878,False
rf,causal_tau_1_0.88_tau_2_0.75_lb_3,causal,19,2018-07-06,0.4214,0.3184,-0.1029,False
rf,causal_tau_1_0.88_tau_2_0.75_lb_3,causal,23,2018-11-02,0.3184,0.3984,0.08,False
rf,causal_tau_1_0.88_tau_2_0.75_lb_3,causal,27,2019-03-08,0.3984,0.3619,-0.0365,False
rf,causal_tau_1_0.88_tau_2_0.75_lb_3,causal,31,2019-07-09,0.3619,0.3716,0.0097,False
rf,causal_tau_1_0.88_tau_2_0.75_lb_3,causal,38,2020-02-06,0.5386,0.3913,-0.1473,True
rf,causal_tau_1_0.88_tau_2_0.75_lb_3,causal,42,2020-06-08,0.3913,0.3372,-0.0541,False
rf,causal_tau_1_0.88_tau_2_0.75_lb_3,causal,46,2020-10-06,0.3372,0.395,0.0578,False
rf,causal_tau_1_0.88_tau_2_0.75_lb_3,causal,49,2021-01-06,0.3071,0.3353,0.0282,False
rf,causal_tau_1_0.88_tau_2_0.75_lb_3,causal,53,2021-05-07,0.3353,0.2921,-0.0431,False
rf,causal_tau_1_0.88_tau_2_0.75_lb_3,causal,57,2021-09-07,0.2921,0.3897,0.0976,False
rf,causal_tau_1_0.88_tau_2_0.75_lb_3,causal,60,2021-12-06,0.3663,0.3874,0.0211,False
rf,causal_tau_1_0.88_tau_2_0.75_lb_3,causal,64,2022-04-06,0.3874,0.506,0.1186,True
rf,causal_tau_1_0.88_tau_2_0.75_lb_3,causal,68,2022-08-08,0.506,0.3467,-0.1592,False
rf,causal_tau_1_0.88_tau_2_0.75_lb_3,causal,72,2022-12-06,0.3467,0.4748,0.1281,False
rf,causal_tau_1_0.88_tau_2_0.75_lb_3,causal,76,2023-04-10,0.4748,0.2115,-0.2633,False
rf,causal_tau_1_0.88_tau_2_0.75_lb_4,causal,9,2017-09-05,0.3253,0.5076,0.1822,False
rf,causal_tau_1_0.88_tau_2_0.75_lb_4,causal,13,2018-01-04,0.5076,0.5339,0.0263,False
rf,causal_tau_1_0.88_tau_2_0.75_lb_4,causal,17,2018-05-07,0.5339,0.3707,-0.1632,False
rf,causal_tau_1_0.88_tau_2_0.75_lb_4,causal,21,2018-09-05,0.3707,0.276,-0.0946,False
rf,causal_tau_1_0.88_tau_2_0.75_lb_4,causal,25,2019-01-07,0.276,0.2813,0.0053,False
rf,causal_tau_1_0.88_tau_2_0.75_lb_4,causal,29,2019-05-08,0.2813,0.5152,0.2338,False
rf,causal_tau_1_0.88_tau_2_0.75_lb_4,causal,33,2019-09-06,0.5152,0.5391,0.0239,False
rf,causal_tau_1_0.88_tau_2_0.75_lb_4,causal,38,2020-02-06,0.527,0.3913,-0.1357,True
rf,causal_tau_1_0.88_tau_2_0.75_lb_4,causal,42,2020-06-08,0.3913,0.3372,-0.0541,False
rf,causal_tau_1_0.88_tau_2_0.75_lb_4,causal,46,2020-10-06,0.3372,0.3118,-0.0254,False
rf,causal_tau_1_0.88_tau_2_0.75_lb_4,causal,50,2021-02-05,0.3118,0.3735,0.0617,False
rf,causal_tau_1_0.88_tau_2_0.75_lb_4,causal,54,2021-06-08,0.3735,0.2174,-0.1561,False
rf,causal_tau_1_0.88_tau_2_0.75_lb_4,causal,58,2021-10-06,0.2174,0.2718,0.0543,False
rf,causal_tau_1_0.88_tau_2_0.75_lb_4,causal,62,2022-02-04,0.2718,0.4343,0.1625,True
rf,causal_tau_1_0.88_tau_2_0.75_lb_4,causal,66,2022-06-07,0.4343,0.4904,0.0561,False
rf,causal_tau_1_0.88_tau_2_0.75_lb_4,causal,70,2022-10-06,0.4904,0.4051,-0.0853,False
rf,causal_tau_1_0.88_tau_2_0.75_lb_4,causal,74,2023-02-07,0.4051,0.2197,-0.1854,False
rf,causal_tau_1_0.88_tau_2_0.75_lb_4,causal,78,2023-06-08,0.2197,0.3732,0.1535,False
rf,causal_tau_1_0.88_tau_2_0.75_lb_6,causal,13,2018-01-04,0.3545,0.5374,0.1828,False
rf,causal_tau_1_0.88_tau_2_0.75_lb_6,causal,17,2018-05-07,0.5374,0.3707,-0.1667,False
rf,causal_tau_1_0.88_tau_2_0.75_lb_6,causal,21,2018-09-05,0.3707,0.276,-0.0946,False
rf,causal_tau_1_0.88_tau_2_0.75_lb_6,causal,25,2019-01-07,0.276,0.2813,0.0053,False
rf,causal_tau_1_0.88_tau_2_0.75_lb_6,causal,29,2019-05-08,0.2813,0.5152,0.2338,False
rf,causal_tau_1_0.88_tau_2_0.75_lb_6,causal,33,2019-09-06,0.5152,0.5391,0.0239,False
rf,causal_tau_1_0.88_tau_2_0.75_lb_6,causal,37,2020-01-07,0.5391,0.3369,-0.2021,True
rf,causal_tau_1_0.88_tau_2_0.75_lb_6,causal,41,2020-05-07,0.3369,0.2756,-0.0614,False
rf,causal_tau_1_0.88_tau_2_0.75_lb_6,causal,45,2020-09-04,0.2756,0.3338,0.0582,False
rf,causal_tau_1_0.88_tau_2_0.75_lb_6,causal,49,2021-01-06,0.3338,0.3353,0.0015,False
rf,causal_tau_1_0.88_tau_2_0.75_lb_6,causal,53,2021-05-07,0.3353,0.2921,-0.0431,False
rf,causal_tau_1_0.88_tau_2_0.75_lb_6,causal,57,2021-09-07,0.2921,0.4308,0.1387,False
rf,causal_tau_1_0.88_tau_2_0.75_lb_6,causal,61,2022-01-05,0.4308,0.4953,0.0644,False
rf,causal_tau_1_0.88_tau_2_0.75_lb_6,causal,65,2022-05-06,0.4953,0.5223,0.027,True
rf,causal_tau_1_0.88_tau_2_0.75_lb_6,causal,69,2022-09-07,0.5223,0.3407,-0.1816,False
rf,causal_tau_1_0.88_tau_2_0.75_lb_6,causal,73,2023-01-06,0.3407,0.3966,0.0559,False
rf,causal_tau_1_0.88_tau_2_0.75_lb_6,causal,77,2023-05-09,0.3966,0.4398,0.0431,False
rf,causal_tau_1_0.88_tau_2_0.75_lb_6,causal,81,2023-09-08,0.4398,0.4782,0.0384,False
rf,causal_tau_1_0.88_tau_2_0.78_lb_3,causal,7,2017-07-06,0.3737,0.3327,-0.041,False
rf,causal_tau_1_0.88_tau_2_0.78_lb_3,causal,11,2017-11-02,0.3327,0.6091,0.2765,False
rf,causal_tau_1_0.88_tau_2_0.78_lb_3,causal,15,2018-03-07,0.6091,0.4214,-0.1878,False
rf,causal_tau_1_0.88_tau_2_0.78_lb_3,causal,19,2018-07-06,0.4214,0.3184,-0.1029,False
rf,causal_tau_1_0.88_tau_2_0.78_lb_3,causal,23,2018-11-02,0.3184,0.3984,0.08,False
rf,causal_tau_1_0.88_tau_2_0.78_lb_3,causal,27,2019-03-08,0.3984,0.3619,-0.0365,False
rf,causal_tau_1_0.88_tau_2_0.78_lb_3,causal,31,2019-07-09,0.3619,0.3716,0.0097,False
rf,causal_tau_1_0.88_tau_2_0.78_lb_3,causal,38,2020-02-06,0.5386,0.3913,-0.1473,True
rf,causal_tau_1_0.88_tau_2_0.78_lb_3,causal,42,2020-06-08,0.3913,0.3372,-0.0541,False
rf,causal_tau_1_0.88_tau_2_0.78_lb_3,causal,46,2020-10-06,0.3372,0.395,0.0578,False
rf,causal_tau_1_0.88_tau_2_0.78_lb_3,causal,49,2021-01-06,0.3071,0.3353,0.0282,False
rf,causal_tau_1_0.88_tau_2_0.78_lb_3,causal,53,2021-05-07,0.3353,0.2921,-0.0431,False
rf,causal_tau_1_0.88_tau_2_0.78_lb_3,causal,57,2021-09-07,0.2921,0.3897,0.0976,False
rf,causal_tau_1_0.88_tau_2_0.78_lb_3,causal,60,2021-12-06,0.3663,0.3874,0.0211,False
rf,causal_tau_1_0.88_tau_2_0.78_lb_3,causal,64,2022-04-06,0.3874,0.506,0.1186,True
rf,causal_tau_1_0.88_tau_2_0.78_lb_3,causal,68,2022-08-08,0.506,0.3467,-0.1592,False
rf,causal_tau_1_0.88_tau_2_0.78_lb_3,causal,72,2022-12-06,0.3467,0.4748,0.1281,False
rf,causal_tau_1_0.88_tau_2_0.78_lb_3,causal,76,2023-04-10,0.4748,0.2115,-0.2633,False
rf,causal_tau_1_0.88_tau_2_0.78_lb_4,causal,9,2017-09-05,0.3253,0.5076,0.1822,False
rf,causal_tau_1_0.88_tau_2_0.78_lb_4,causal,13,2018-01-04,0.5076,0.5339,0.0263,False
rf,causal_tau_1_0.88_tau_2_0.78_lb_4,causal,17,2018-05-07,0.5339,0.3707,-0.1632,False
rf,causal_tau_1_0.88_tau_2_0.78_lb_4,causal,21,2018-09-05,0.3707,0.276,-0.0946,False
rf,causal_tau_1_0.88_tau_2_0.78_lb_4,causal,25,2019-01-07,0.276,0.2813,0.0053,False
rf,causal_tau_1_0.88_tau_2_0.78_lb_4,causal,29,2019-05-08,0.2813,0.5152,0.2338,False
rf,causal_tau_1_0.88_tau_2_0.78_lb_4,causal,33,2019-09-06,0.5152,0.5391,0.0239,False
rf,causal_tau_1_0.88_tau_2_0.78_lb_4,causal,37,2020-01-07,0.5391,0.3369,-0.2021,True
rf,causal_tau_1_0.88_tau_2_0.78_lb_4,causal,41,2020-05-07,0.3369,0.2756,-0.0614,False
rf,causal_tau_1_0.88_tau_2_0.78_lb_4,causal,45,2020-09-04,0.2756,0.3338,0.0582,False
rf,causal_tau_1_0.88_tau_2_0.78_lb_4,causal,49,2021-01-06,0.3338,0.3353,0.0015,False
rf,causal_tau_1_0.88_tau_2_0.78_lb_4,causal,53,2021-05-07,0.3353,0.2921,-0.0431,False
rf,causal_tau_1_0.88_tau_2_0.78_lb_4,causal,57,2021-09-07,0.2921,0.4308,0.1387,False
rf,causal_tau_1_0.88_tau_2_0.78_lb_4,causal,61,2022-01-05,0.4308,0.4953,0.0644,False
rf,causal_tau_1_0.88_tau_2_0.78_lb_4,causal,65,2022-05-06,0.4953,0.5223,0.027,True
rf,causal_tau_1_0.88_tau_2_0.78_lb_4,causal,69,2022-09-07,0.5223,0.3407,-0.1816,False
rf,causal_tau_1_0.88_tau_2_0.78_lb_4,causal,73,2023-01-06,0.3407,0.3966,0.0559,False
rf,causal_tau_1_0.88_tau_2_0.78_lb_4,causal,77,2023-05-09,0.3966,0.4398,0.0431,False
rf,causal_tau_1_0.88_tau_2_0.78_lb_6,causal,13,2018-01-04,0.3545,0.5374,0.1828,False
rf,causal_tau_1_0.88_tau_2_0.78_lb_6,causal,17,2018-05-07,0.5374,0.3707,-0.1667,False
rf,causal_tau_1_0.88_tau_2_0.78_lb_6,causal,21,2018-09-05,0.3707,0.276,-0.0946,False
rf,causal_tau_1_0.88_tau_2_0.78_lb_6,causal,25,2019-01-07,0.276,0.2813,0.0053,False
rf,causal_tau_1_0.88_tau_2_0.78_lb_6,causal,29,2019-05-08,0.2813,0.5152,0.2338,False
rf,causal_tau_1_0.88_tau_2_0.78_lb_6,causal,33,2019-09-06,0.5152,0.5391,0.0239,False
rf,causal_tau_1_0.88_tau_2_0.78_lb_6,causal,37,2020-01-07,0.5391,0.3369,-0.2021,True
rf,causal_tau_1_0.88_tau_2_0.78_lb_6,causal,41,2020-05-07,0.3369,0.2756,-0.0614,False
rf,causal_tau_1_0.88_tau_2_0.78_lb_6,causal,45,2020-09-04,0.2756,0.3338,0.0582,False
rf,causal_tau_1_0.88_tau_2_0.78_lb_6,causal,49,2021-01-06,0.3338,0.3353,0.0015,False
rf,causal_tau_1_0.88_tau_2_0.78_lb_6,causal,53,2021-05-07,0.3353,0.2921,-0.0431,False
rf,causal_tau_1_0.88_tau_2_0.78_lb_6,causal,57,2021-09-07,0.2921,0.4308,0.1387,False
rf,causal_tau_1_0.88_tau_2_0.78_lb_6,causal,61,2022-01-05,0.4308,0.4953,0.0644,False
rf,causal_tau_1_0.88_tau_2_0.78_lb_6,causal,65,2022-05-06,0.4953,0.5223,0.027,True
rf,causal_tau_1_0.88_tau_2_0.78_lb_6,causal,69,2022-09-07,0.5223,0.3407,-0.1816,False
rf,causal_tau_1_0.88_tau_2_0.78_lb_6,causal,73,2023-01-06,0.3407,0.3966,0.0559,False
rf,causal_tau_1_0.88_tau_2_0.78_lb_6,causal,77,2023-05-09,0.3966,0.4398,0.0431,False
rf,causal_tau_1_0.88_tau_2_0.78_lb_6,causal,81,2023-09-08,0.4398,0.4782,0.0384,False
rf,causal_tau_1_0.8_tau_2_0.72_lb_3,causal,8,2017-08-04,0.3239,0.5353,0.2114,False
rf,causal_tau_1_0.8_tau_2_0.72_lb_3,causal,12,2017-12-04,0.5353,0.5871,0.0518,False
rf,causal_tau_1_0.8_tau_2_0.72_lb_3,causal,16,2018-04-06,0.5871,0.4276,-0.1596,False
rf,causal_tau_1_0.8_tau_2_0.72_lb_3,causal,20,2018-08-06,0.4276,0.3283,-0.0993,False
rf,causal_tau_1_0.8_tau_2_0.72_lb_3,causal,24,2018-12-04,0.3283,0.36,0.0317,False
rf,causal_tau_1_0.8_tau_2_0.72_lb_3,causal,28,2019-04-08,0.36,0.389,0.029,False
rf,causal_tau_1_0.8_tau_2_0.72_lb_3,causal,39,2020-03-09,0.4227,0.2633,-0.1593,True
rf,causal_tau_1_0.8_tau_2_0.72_lb_3,causal,44,2020-08-06,0.3252,0.4918,0.1666,False
rf,causal_tau_1_0.8_tau_2_0.72_lb_3,causal,52,2021-04-08,0.5001,0.3435,-0.1566,False
rf,causal_tau_1_0.8_tau_2_0.72_lb_3,causal,57,2021-09-07,0.2962,0.3897,0.0936,False
rf,causal_tau_1_0.8_tau_2_0.72_lb_3,causal,60,2021-12-06,0.3663,0.3792,0.0129,False
rf,causal_tau_1_0.8_tau_2_0.72_lb_3,causal,63,2022-03-08,0.4053,0.5502,0.145,True
rf,causal_tau_1_0.8_tau_2_0.72_lb_3,causal,68,2022-08-08,0.5239,0.3467,-0.1772,False
rf,causal_tau_1_0.8_tau_2_0.72_lb_3,causal,75,2023-03-09,0.4397,0.4704,0.0307,False
rf,causal_tau_1_0.8_tau_2_0.72_lb_3,causal,79,2023-07-11,0.4704,0.4768,0.0064,False
rf,causal_tau_1_0.8_tau_2_0.72_lb_4,causal,9,2017-09-05,0.3253,0.5076,0.1822,False
rf,causal_tau_1_0.8_tau_2_0.72_lb_4,causal,13,2018-01-04,0.5076,0.5568,0.0492,False
rf,causal_tau_1_0.8_tau_2_0.72_lb_4,causal,16,2018-04-06,0.5839,0.4276,-0.1563,False
rf,causal_tau_1_0.8_tau_2_0.72_lb_4,causal,20,2018-08-06,0.4276,0.3283,-0.0993,False
rf,causal_tau_1_0.8_tau_2_0.72_lb_4,causal,24,2018-12-04,0.3283,0.36,0.0317,False
rf,causal_tau_1_0.8_tau_2_0.72_lb_4,causal,28,2019-04-08,0.36,0.389,0.029,False
rf,causal_tau_1_0.8_tau_2_0.72_lb_4,causal,32,2019-08-07,0.389,0.507,0.1181,False
rf,causal_tau_1_0.8_tau_2_0.72_lb_4,causal,39,2020-03-09,0.4958,0.2633,-0.2324,True
rf,causal_tau_1_0.8_tau_2_0.72_lb_4,causal,43,2020-07-08,0.2633,0.5148,0.2515,False
rf,causal_tau_1_0.8_tau_2_0.72_lb_4,causal,47,2020-11-04,0.5148,0.3663,-0.1485,False
rf,causal_tau_1_0.8_tau_2_0.72_lb_4,causal,50,2021-02-05,0.2972,0.3735,0.0763,False
rf,causal_tau_1_0.8_tau_2_0.72_lb_4,causal,54,2021-06-08,0.3735,0.2174,-0.1561,False
rf,causal_tau_1_0.8_tau_2_0.72_lb_4,causal,58,2021-10-06,0.2174,0.2718,0.0543,False
rf,causal_tau_1_0.8_tau_2_0.72_lb_4,causal,62,2022-02-04,0.2718,0.4343,0.1625,True
rf,causal_tau_1_0.8_tau_2_0.72_lb_4,causal,66,2022-06-07,0.4343,0.4904,0.0561,False
rf,causal_tau_1_0.8_tau_2_0.72_lb_4,causal,70,2022-10-06,0.4904,0.4051,-0.0853,False
rf,causal_tau_1_0.8_tau_2_0.72_lb_4,causal,74,2023-02-07,0.4051,0.2197,-0.1854,False
rf,causal_tau_1_0.8_tau_2_0.72_lb_4,causal,78,2023-06-08,0.2197,0.3732,0.1535,False
rf,causal_tau_1_0.8_tau_2_0.72_lb_6,causal,13,2018-01-04,0.3545,0.5374,0.1828,False
rf,causal_tau_1_0.8_tau_2_0.72_lb_6,causal,17,2018-05-07,0.5374,0.3707,-0.1667,False
rf,causal_tau_1_0.8_tau_2_0.72_lb_6,causal,21,2018-09-05,0.3707,0.276,-0.0946,False
rf,causal_tau_1_0.8_tau_2_0.72_lb_6,causal,25,2019-01-07,0.276,0.2813,0.0053,False
rf,causal_tau_1_0.8_tau_2_0.72_lb_6,causal,29,2019-05-08,0.2813,0.5152,0.2338,False
rf,causal_tau_1_0.8_tau_2_0.72_lb_6,causal,33,2019-09-06,0.5152,0.5391,0.0239,False
rf,causal_tau_1_0.8_tau_2_0.72_lb_6,causal,37,2020-01-07,0.5391,0.3369,-0.2021,True
rf,causal_tau_1_0.8_tau_2_0.72_lb_6,causal,41,2020-05-07,0.3369,0.2756,-0.0614,False
rf,causal_tau_1_0.8_tau_2_0.72_lb_6,causal,45,2020-09-04,0.2756,0.3338,0.0582,False
rf,causal_tau_1_0.8_tau_2_0.72_lb_6,causal,49,2021-01-06,0.3338,0.3353,0.0015,False
rf,causal_tau_1_0.8_tau_2_0.72_lb_6,causal,53,2021-05-07,0.3353,0.2921,-0.0431,False
rf,causal_tau_1_0.8_tau_2_0.72_lb_6,causal,57,2021-09-07,0.2921,0.4308,0.1387,False
rf,causal_tau_1_0.8_tau_2_0.72_lb_6,causal,61,2022-01-05,0.4308,0.4953,0.0644,False
rf,causal_tau_1_0.8_tau_2_0.72_lb_6,causal,65,2022-05-06,0.4953,0.5223,0.027,True
rf,causal_tau_1_0.8_tau_2_0.72_lb_6,causal,69,2022-09-07,0.5223,0.3407,-0.1816,False
rf,causal_tau_1_0.8_tau_2_0.72_lb_6,causal,73,2023-01-06,0.3407,0.3966,0.0559,False
rf,causal_tau_1_0.8_tau_2_0.72_lb_6,causal,77,2023-05-09,0.3966,0.4398,0.0431,False
rf,causal_tau_1_0.8_tau_2_0.72_lb_6,causal,81,2023-09-08,0.4398,0.4782,0.0384,False
rf,causal_tau_1_0.8_tau_2_0.75_lb_3,causal,8,2017-08-04,0.3239,0.5353,0.2114,False
rf,causal_tau_1_0.8_tau_2_0.75_lb_3,causal,12,2017-12-04,0.5353,0.5871,0.0518,False
rf,causal_tau_1_0.8_tau_2_0.75_lb_3,causal,16,2018-04-06,0.5871,0.4276,-0.1596,False
rf,causal_tau_1_0.8_tau_2_0.75_lb_3,causal,20,2018-08-06,0.4276,0.3283,-0.0993,False
rf,causal_tau_1_0.8_tau_2_0.75_lb_3,causal,24,2018-12-04,0.3283,0.36,0.0317,False
rf,causal_tau_1_0.8_tau_2_0.75_lb_3,causal,28,2019-04-08,0.36,0.389,0.029,False
rf,causal_tau_1_0.8_tau_2_0.75_lb_3,causal,39,2020-03-09,0.4227,0.2633,-0.1593,True
rf,causal_tau_1_0.8_tau_2_0.75_lb_3,causal,44,2020-08-06,0.3252,0.4918,0.1666,False
rf,causal_tau_1_0.8_tau_2_0.75_lb_3,causal,52,2021-04-08,0.5001,0.3435,-0.1566,False
rf,causal_tau_1_0.8_tau_2_0.75_lb_3,causal,57,2021-09-07,0.2962,0.3897,0.0936,False
rf,causal_tau_1_0.8_tau_2_0.75_lb_3,causal,60,2021-12-06,0.3663,0.3792,0.0129,False
rf,causal_tau_1_0.8_tau_2_0.75_lb_3,causal,63,2022-03-08,0.4053,0.5502,0.145,True
rf,causal_tau_1_0.8_tau_2_0.75_lb_3,causal,68,2022-08-08,0.5239,0.3467,-0.1772,False
rf,causal_tau_1_0.8_tau_2_0.75_lb_3,causal,75,2023-03-09,0.4397,0.4704,0.0307,False
rf,causal_tau_1_0.8_tau_2_0.75_lb_3,causal,79,2023-07-11,0.4704,0.4768,0.0064,False
rf,causal_tau_1_0.8_tau_2_0.75_lb_4,causal,9,2017-09-05,0.3253,0.5076,0.1822,False
rf,causal_tau_1_0.8_tau_2_0.75_lb_4,causal,13,2018-01-04,0.5076,0.5568,0.0492,False
rf,causal_tau_1_0.8_tau_2_0.75_lb_4,causal,16,2018-04-06,0.5839,0.4276,-0.1563,False
rf,causal_tau_1_0.8_tau_2_0.75_lb_4,causal,20,2018-08-06,0.4276,0.3283,-0.0993,False
rf,causal_tau_1_0.8_tau_2_0.75_lb_4,causal,24,2018-12-04,0.3283,0.36,0.0317,False
rf,causal_tau_1_0.8_tau_2_0.75_lb_4,causal,28,2019-04-08,0.36,0.389,0.029,False
rf,causal_tau_1_0.8_tau_2_0.75_lb_4,causal,32,2019-08-07,0.389,0.507,0.1181,False
rf,causal_tau_1_0.8_tau_2_0.75_lb_4,causal,39,2020-03-09,0.4958,0.2633,-0.2324,True
rf,causal_tau_1_0.8_tau_2_0.75_lb_4,causal,43,2020-07-08,0.2633,0.5148,0.2515,False
rf,causal_tau_1_0.8_tau_2_0.75_lb_4,causal,47,2020-11-04,0.5148,0.3663,-0.1485,False
rf,causal_tau_1_0.8_tau_2_0.75_lb_4,causal,50,2021-02-05,0.2972,0.3735,0.0763,False
rf,causal_tau_1_0.8_tau_2_0.75_lb_4,causal,54,2021-06-08,0.3735,0.2174,-0.1561,False
rf,causal_tau_1_0.8_tau_2_0.75_lb_4,causal,58,2021-10-06,0.2174,0.2718,0.0543,False
rf,causal_tau_1_0.8_tau_2_0.75_lb_4,causal,62,2022-02-04,0.2718,0.4343,0.1625,True
rf,causal_tau_1_0.8_tau_2_0.75_lb_4,causal,66,2022-06-07,0.4343,0.4904,0.0561,False
rf,causal_tau_1_0.8_tau_2_0.75_lb_4,causal,70,2022-10-06,0.4904,0.4051,-0.0853,False
rf,causal_tau_1_0.8_tau_2_0.75_lb_4,causal,74,2023-02-07,0.4051,0.2197,-0.1854,False
rf,causal_tau_1_0.8_tau_2_0.75_lb_4,causal,78,2023-06-08,0.2197,0.3732,0.1535,False
rf,causal_tau_1_0.8_tau_2_0.75_lb_6,causal,13,2018-01-04,0.3545,0.5374,0.1828,False
rf,causal_tau_1_0.8_tau_2_0.75_lb_6,causal,17,2018-05-07,0.5374,0.3707,-0.1667,False
rf,causal_tau_1_0.8_tau_2_0.75_lb_6,causal,21,2018-09-05,0.3707,0.276,-0.0946,False
rf,causal_tau_1_0.8_tau_2_0.75_lb_6,causal,25,2019-01-07,0.276,0.2813,0.0053,False
rf,causal_tau_1_0.8_tau_2_0.75_lb_6,causal,29,2019-05-08,0.2813,0.5152,0.2338,False
rf,causal_tau_1_0.8_tau_2_0.75_lb_6,causal,33,2019-09-06,0.5152,0.5391,0.0239,False
rf,causal_tau_1_0.8_tau_2_0.75_lb_6,causal,37,2020-01-07,0.5391,0.3369,-0.2021,True
rf,causal_tau_1_0.8_tau_2_0.75_lb_6,causal,41,2020-05-07,0.3369,0.2756,-0.0614,False
rf,causal_tau_1_0.8_tau_2_0.75_lb_6,causal,45,2020-09-04,0.2756,0.3338,0.0582,False
rf,causal_tau_1_0.8_tau_2_0.75_lb_6,causal,49,2021-01-06,0.3338,0.3353,0.0015,False
rf,causal_tau_1_0.8_tau_2_0.75_lb_6,causal,53,2021-05-07,0.3353,0.2921,-0.0431,False
rf,causal_tau_1_0.8_tau_2_0.75_lb_6,causal,57,2021-09-07,0.2921,0.4308,0.1387,False
rf,causal_tau_1_0.8_tau_2_0.75_lb_6,causal,61,2022-01-05,0.4308,0.4953,0.0644,False
rf,causal_tau_1_0.8_tau_2_0.75_lb_6,causal,65,2022-05-06,0.4953,0.5223,0.027,True
rf,causal_tau_1_0.8_tau_2_0.75_lb_6,causal,69,2022-09-07,0.5223,0.3407,-0.1816,False
rf,causal_tau_1_0.8_tau_2_0.75_lb_6,causal,73,2023-01-06,0.3407,0.3966,0.0559,False
rf,causal_tau_1_0.8_tau_2_0.75_lb_6,causal,77,2023-05-09,0.3966,0.4398,0.0431,False
rf,causal_tau_1_0.8_tau_2_0.75_lb_6,causal,81,2023-09-08,0.4398,0.4782,0.0384,False
rf,fixed_12,fixed,13,2018-01-04,0.4185,0.5706,0.1521,False
rf,fixed_12,fixed,25,2019-01-07,0.3228,0.357,0.0342,False
rf,fixed_12,fixed,37,2020-01-07,0.5397,0.3488,-0.1909,True
rf,fixed_12,fixed,49,2021-01-06,0.4773,0.3655,-0.1118,False
rf,fixed_12,fixed,61,2022-01-05,0.3841,0.5311,0.147,False
rf,fixed_12,fixed,73,2023-01-06,0.3687,0.4478,0.0791,False
rf,fixed_3,fixed,4,2017-04-05,0.4079,0.4117,0.0038,False
rf,fixed_3,fixed,7,2017-07-06,0.437,0.4554,0.0184,False
rf,fixed_3,fixed,10,2017-10-04,0.3955,0.4671,0.0716,False
rf,fixed_3,fixed,13,2018-01-04,0.471,0.5992,0.1282,False
rf,fixed_3,fixed,16,2018-04-06,0.617,0.4209,-0.1961,False
rf,fixed_3,fixed,19,2018-07-06,0.4759,0.3018,-0.1741,False
rf,fixed_3,fixed,22,2018-10-04,0.3263,0.4099,0.0837,False
rf,fixed_3,fixed,25,2019-01-07,0.3341,0.3327,-0.0014,False
rf,fixed_3,fixed,28,2019-04-08,0.3548,0.3784,0.0236,False
rf,fixed_3,fixed,31,2019-07-09,0.3347,0.4357,0.101,False
rf,fixed_3,fixed,34,2019-10-07,0.4597,0.5399,0.0802,False
rf,fixed_3,fixed,37,2020-01-07,0.5492,0.3311,-0.2181,True
rf,fixed_3,fixed,40,2020-04-07,0.383,0.4471,0.0641,True
rf,fixed_3,fixed,43,2020-07-08,0.3853,0.3659,-0.0194,False
rf,fixed_3,fixed,46,2020-10-06,0.3721,0.5092,0.1371,False
rf,fixed_3,fixed,49,2021-01-06,0.5154,0.3713,-0.1441,False
rf,fixed_3,fixed,52,2021-04-08,0.4093,0.4273,0.018,False
rf,fixed_3,fixed,55,2021-07-08,0.3821,0.3339,-0.0482,False
rf,fixed_3,fixed,58,2021-10-06,0.3738,0.4088,0.0349,False
rf,fixed_3,fixed,61,2022-01-05,0.4169,0.5113,0.0944,False
rf,fixed_3,fixed,64,2022-04-06,0.4379,0.5229,0.085,True
rf,fixed_3,fixed,67,2022-07-08,0.5361,0.3727,-0.1635,False
rf,fixed_3,fixed,70,2022-10-06,0.4376,0.4624,0.0248,False
rf,fixed_3,fixed,73,2023-01-06,0.3744,0.4373,0.0629,False
rf,fixed_3,fixed,76,2023-04-10,0.4798,0.4458,-0.034,False
rf,fixed_3,fixed,79,2023-07-11,0.4223,0.4073,-0.015,False
rf,fixed_3,fixed,82,2023-10-09,0.4221,0.425,0.0029,False
rf,fixed_6,fixed,7,2017-07-06,0.4098,0.4087,-0.0011,False
rf,fixed_6,fixed,13,2018-01-04,0.4326,0.5706,0.138,False
rf,fixed_6,fixed,19,2018-07-06,0.4232,0.3204,-0.1028,False
rf,fixed_6,fixed,25,2019-01-07,0.3238,0.357,0.0332,False
rf,fixed_6,fixed,31,2019-07-09,0.3335,0.4232,0.0897,False
rf,fixed_6,fixed,37,2020-01-07,0.5136,0.3488,-0.1649,True
rf,fixed_6,fixed,43,2020-07-08,0.3681,0.3997,0.0316,False
rf,fixed_6,fixed,49,2021-01-06,0.4833,0.3732,-0.1101,False
rf,fixed_6,fixed,55,2021-07-08,0.3711,0.3381,-0.033,False
rf,fixed_6,fixed,61,2022-01-05,0.4341,0.5311,0.0971,False
rf,fixed_6,fixed,67,2022-07-08,0.5516,0.4046,-0.147,False
rf,fixed_6,fixed,73,2023-01-06,0.4177,0.4638,0.0461,False
rf,fixed_6,fixed,79,2023-07-11,0.4561,0.4831,0.027,False
rf,fixed_9,fixed,10,2017-10-04,0.3153,0.4326,0.1173,False
rf,fixed_9,fixed,19,2018-07-06,0.4322,0.3204,-0.1118,False
rf,fixed_9,fixed,28,2019-04-08,0.3214,0.4096,0.0882,False
rf,fixed_9,fixed,37,2020-01-07,0.4537,0.3459,-0.1078,True
rf,fixed_9,fixed,46,2020-10-06,0.3364,0.5088,0.1724,False
rf,fixed_9,fixed,55,2021-07-08,0.3423,0.3381,-0.0042,False
rf,fixed_9,fixed,64,2022-04-06,0.3134,0.5503,0.2368,True
rf,fixed_9,fixed,73,2023-01-06,0.462,0.4638,0.0018,False
rf,fixed_9,fixed,82,2023-10-09,0.3613,0.3111,-0.0502,False
rf,msm_tau_1_0.83_tau_2_0.72_lb_3,msm,7,2017-07-06,0.4098,0.4087,-0.0011,False
rf,msm_tau_1_0.83_tau_2_0.72_lb_3,msm,11,2017-11-02,0.4087,0.562,0.1532,False
rf,msm_tau_1_0.83_tau_2_0.72_lb_3,msm,16,2018-04-06,0.5465,0.41,-0.1365,False
rf,msm_tau_1_0.83_tau_2_0.72_lb_3,msm,20,2018-08-06,0.41,0.3513,-0.0587,False
rf,msm_tau_1_0.83_tau_2_0.72_lb_3,msm,24,2018-12-04,0.3513,0.4154,0.0641,False
rf,msm_tau_1_0.83_tau_2_0.72_lb_3,msm,28,2019-04-08,0.4154,0.3774,-0.038,False
rf,msm_tau_1_0.83_tau_2_0.72_lb_3,msm,31,2019-07-09,0.3345,0.4115,0.077,False
rf,msm_tau_1_0.83_tau_2_0.72_lb_3,msm,38,2020-02-06,0.5509,0.3874,-0.1636,True
rf,msm_tau_1_0.83_tau_2_0.72_lb_3,msm,42,2020-06-08,0.3874,0.3527,-0.0347,False
rf,msm_tau_1_0.83_tau_2_0.72_lb_3,msm,46,2020-10-06,0.3527,0.5067,0.154,False
rf,msm_tau_1_0.83_tau_2_0.72_lb_3,msm,52,2021-04-08,0.4072,0.415,0.0078,False
rf,msm_tau_1_0.83_tau_2_0.72_lb_3,msm,56,2021-08-06,0.415,0.3543,-0.0606,False
rf,msm_tau_1_0.83_tau_2_0.72_lb_3,msm,60,2021-12-06,0.3543,0.4147,0.0604,False
rf,msm_tau_1_0.83_tau_2_0.72_lb_3,msm,64,2022-04-06,0.4147,0.5375,0.1228,True
rf,msm_tau_1_0.83_tau_2_0.72_lb_3,msm,68,2022-08-08,0.5375,0.4274,-0.1101,False
rf,msm_tau_1_0.83_tau_2_0.72_lb_3,msm,74,2023-02-07,0.4036,0.3786,-0.025,False
rf,msm_tau_1_0.83_tau_2_0.72_lb_3,msm,78,2023-06-08,0.3786,0.3916,0.013,False
rf,msm_tau_1_0.83_tau_2_0.72_lb_4,msm,9,2017-09-05,0.3562,0.4752,0.119,False
rf,msm_tau_1_0.83_tau_2_0.72_lb_4,msm,13,2018-01-04,0.4752,0.5992,0.124,False
rf,msm_tau_1_0.83_tau_2_0.72_lb_4,msm,16,2018-04-06,0.617,0.4408,-0.1763,False
rf,msm_tau_1_0.83_tau_2_0.72_lb_4,msm,20,2018-08-06,0.4408,0.3518,-0.089,False
rf,msm_tau_1_0.83_tau_2_0.72_lb_4,msm,24,2018-12-04,0.3518,0.4262,0.0744,False
rf,msm_tau_1_0.83_tau_2_0.72_lb_4,msm,28,2019-04-08,0.4262,0.4096,-0.0165,False
rf,msm_tau_1_0.83_tau_2_0.72_lb_4,msm,32,2019-08-07,0.4096,0.4516,0.0419,False
rf,msm_tau_1_0.83_tau_2_0.72_lb_4,msm,39,2020-03-09,0.457,0.3945,-0.0625,True
rf,msm_tau_1_0.83_tau_2_0.72_lb_4,msm,43,2020-07-08,0.3945,0.3997,0.0051,False
rf,msm_tau_1_0.83_tau_2_0.72_lb_4,msm,47,2020-11-04,0.3997,0.4641,0.0644,False
rf,msm_tau_1_0.83_tau_2_0.72_lb_4,msm,50,2021-02-05,0.4934,0.3932,-0.1002,False
rf,msm_tau_1_0.83_tau_2_0.72_lb_4,msm,54,2021-06-08,0.3932,0.3245,-0.0688,False
rf,msm_tau_1_0.83_tau_2_0.72_lb_4,msm,58,2021-10-06,0.3245,0.4545,0.13,False
rf,msm_tau_1_0.83_tau_2_0.72_lb_4,msm,62,2022-02-04,0.4545,0.4751,0.0206,True
rf,msm_tau_1_0.83_tau_2_0.72_lb_4,msm,66,2022-06-07,0.4751,0.4778,0.0027,False
rf,msm_tau_1_0.83_tau_2_0.72_lb_4,msm,70,2022-10-06,0.4778,0.4391,-0.0386,False
rf,msm_tau_1_0.83_tau_2_0.72_lb_4,msm,74,2023-02-07,0.4391,0.4032,-0.0359,False
rf,msm_tau_1_0.83_tau_2_0.72_lb_4,msm,78,2023-06-08,0.4032,0.3711,-0.0321,False
rf,msm_tau_1_0.83_tau_2_0.72_lb_6,msm,13,2018-01-04,0.4185,0.5706,0.1521,False
rf,msm_tau_1_0.83_tau_2_0.72_lb_6,msm,17,2018-05-07,0.5706,0.4019,-0.1687,False
rf,msm_tau_1_0.83_tau_2_0.72_lb_6,msm,21,2018-09-05,0.4019,0.3308,-0.0711,False
rf,msm_tau_1_0.83_tau_2_0.72_lb_6,msm,25,2019-01-07,0.3308,0.3114,-0.0195,False
rf,msm_tau_1_0.83_tau_2_0.72_lb_6,msm,29,2019-05-08,0.3114,0.469,0.1577,False
rf,msm_tau_1_0.83_tau_2_0.72_lb_6,msm,33,2019-09-06,0.469,0.5795,0.1105,False
rf,msm_tau_1_0.83_tau_2_0.72_lb_6,msm,37,2020-01-07,0.5795,0.3488,-0.2307,True
rf,msm_tau_1_0.83_tau_2_0.72_lb_6,msm,41,2020-05-07,0.3488,0.3434,-0.0053,False
rf,msm_tau_1_0.83_tau_2_0.72_lb_6,msm,45,2020-09-04,0.3434,0.4738,0.1304,False
rf,msm_tau_1_0.83_tau_2_0.72_lb_6,msm,49,2021-01-06,0.4738,0.3655,-0.1083,False
rf,msm_tau_1_0.83_tau_2_0.72_lb_6,msm,53,2021-05-07,0.3655,0.3431,-0.0225,False
rf,msm_tau_1_0.83_tau_2_0.72_lb_6,msm,57,2021-09-07,0.3431,0.4672,0.1241,False
rf,msm_tau_1_0.83_tau_2_0.72_lb_6,msm,61,2022-01-05,0.4672,0.5311,0.0639,False
rf,msm_tau_1_0.83_tau_2_0.72_lb_6,msm,65,2022-05-06,0.5311,0.5176,-0.0135,True
rf,msm_tau_1_0.83_tau_2_0.72_lb_6,msm,69,2022-09-07,0.5176,0.3695,-0.1481,False
rf,msm_tau_1_0.83_tau_2_0.72_lb_6,msm,73,2023-01-06,0.3695,0.463,0.0935,False
rf,msm_tau_1_0.83_tau_2_0.72_lb_6,msm,77,2023-05-09,0.463,0.3764,-0.0866,False
rf,msm_tau_1_0.83_tau_2_0.72_lb_6,msm,81,2023-09-08,0.3764,0.4342,0.0578,False
rf,msm_tau_1_0.83_tau_2_0.75_lb_3,msm,7,2017-07-06,0.4098,0.4087,-0.0011,False
rf,msm_tau_1_0.83_tau_2_0.75_lb_3,msm,11,2017-11-02,0.4087,0.562,0.1532,False
rf,msm_tau_1_0.83_tau_2_0.75_lb_3,msm,16,2018-04-06,0.5465,0.41,-0.1365,False
rf,msm_tau_1_0.83_tau_2_0.75_lb_3,msm,20,2018-08-06,0.41,0.3513,-0.0587,False
rf,msm_tau_1_0.83_tau_2_0.75_lb_3,msm,24,2018-12-04,0.3513,0.4154,0.0641,False
rf,msm_tau_1_0.83_tau_2_0.75_lb_3,msm,28,2019-04-08,0.4154,0.3774,-0.038,False
rf,msm_tau_1_0.83_tau_2_0.75_lb_3,msm,31,2019-07-09,0.3345,0.4115,0.077,False
rf,msm_tau_1_0.83_tau_2_0.75_lb_3,msm,38,2020-02-06,0.5509,0.3874,-0.1636,True
rf,msm_tau_1_0.83_tau_2_0.75_lb_3,msm,42,2020-06-08,0.3874,0.3527,-0.0347,False
rf,msm_tau_1_0.83_tau_2_0.75_lb_3,msm,46,2020-10-06,0.3527,0.5067,0.154,False
rf,msm_tau_1_0.83_tau_2_0.75_lb_3,msm,52,2021-04-08,0.4072,0.415,0.0078,False
rf,msm_tau_1_0.83_tau_2_0.75_lb_3,msm,56,2021-08-06,0.415,0.3543,-0.0606,False
rf,msm_tau_1_0.83_tau_2_0.75_lb_3,msm,60,2021-12-06,0.3543,0.4147,0.0604,False
rf,msm_tau_1_0.83_tau_2_0.75_lb_3,msm,64,2022-04-06,0.4147,0.5375,0.1228,True
rf,msm_tau_1_0.83_tau_2_0.75_lb_3,msm,68,2022-08-08,0.5375,0.4274,-0.1101,False
rf,msm_tau_1_0.83_tau_2_0.75_lb_3,msm,74,2023-02-07,0.4036,0.3786,-0.025,False
rf,msm_tau_1_0.83_tau_2_0.75_lb_3,msm,78,2023-06-08,0.3786,0.3916,0.013,False
rf,msm_tau_1_0.83_tau_2_0.75_lb_4,msm,9,2017-09-05,0.3562,0.4752,0.119,False
rf,msm_tau_1_0.83_tau_2_0.75_lb_4,msm,13,2018-01-04,0.4752,0.5992,0.124,False
rf,msm_tau_1_0.83_tau_2_0.75_lb_4,msm,16,2018-04-06,0.617,0.4408,-0.1763,False
rf,msm_tau_1_0.83_tau_2_0.75_lb_4,msm,20,2018-08-06,0.4408,0.3518,-0.089,False
rf,msm_tau_1_0.83_tau_2_0.75_lb_4,msm,24,2018-12-04,0.3518,0.4262,0.0744,False
rf,msm_tau_1_0.83_tau_2_0.75_lb_4,msm,28,2019-04-08,0.4262,0.4096,-0.0165,False
rf,msm_tau_1_0.83_tau_2_0.75_lb_4,msm,32,2019-08-07,0.4096,0.4516,0.0419,False
rf,msm_tau_1_0.83_tau_2_0.75_lb_4,msm,39,2020-03-09,0.457,0.3945,-0.0625,True
rf,msm_tau_1_0.83_tau_2_0.75_lb_4,msm,43,2020-07-08,0.3945,0.3997,0.0051,False
rf,msm_tau_1_0.83_tau_2_0.75_lb_4,msm,47,2020-11-04,0.3997,0.4641,0.0644,False
rf,msm_tau_1_0.83_tau_2_0.75_lb_4,msm,50,2021-02-05,0.4934,0.3932,-0.1002,False
rf,msm_tau_1_0.83_tau_2_0.75_lb_4,msm,54,2021-06-08,0.3932,0.3245,-0.0688,False
rf,msm_tau_1_0.83_tau_2_0.75_lb_4,msm,58,2021-10-06,0.3245,0.4545,0.13,False
rf,msm_tau_1_0.83_tau_2_0.75_lb_4,msm,62,2022-02-04,0.4545,0.4751,0.0206,True
rf,msm_tau_1_0.83_tau_2_0.75_lb_4,msm,66,2022-06-07,0.4751,0.4778,0.0027,False
rf,msm_tau_1_0.83_tau_2_0.75_lb_4,msm,70,2022-10-06,0.4778,0.4391,-0.0386,False
rf,msm_tau_1_0.83_tau_2_0.75_lb_4,msm,74,2023-02-07,0.4391,0.4032,-0.0359,False
rf,msm_tau_1_0.83_tau_2_0.75_lb_4,msm,78,2023-06-08,0.4032,0.3711,-0.0321,False
rf,msm_tau_1_0.83_tau_2_0.75_lb_6,msm,13,2018-01-04,0.4185,0.5706,0.1521,False
rf,msm_tau_1_0.83_tau_2_0.75_lb_6,msm,17,2018-05-07,0.5706,0.4019,-0.1687,False
rf,msm_tau_1_0.83_tau_2_0.75_lb_6,msm,21,2018-09-05,0.4019,0.3308,-0.0711,False
rf,msm_tau_1_0.83_tau_2_0.75_lb_6,msm,25,2019-01-07,0.3308,0.3114,-0.0195,False
rf,msm_tau_1_0.83_tau_2_0.75_lb_6,msm,29,2019-05-08,0.3114,0.469,0.1577,False
rf,msm_tau_1_0.83_tau_2_0.75_lb_6,msm,33,2019-09-06,0.469,0.5795,0.1105,False
rf,msm_tau_1_0.83_tau_2_0.75_lb_6,msm,37,2020-01-07,0.5795,0.3488,-0.2307,True
rf,msm_tau_1_0.83_tau_2_0.75_lb_6,msm,41,2020-05-07,0.3488,0.3434,-0.0053,False
rf,msm_tau_1_0.83_tau_2_0.75_lb_6,msm,45,2020-09-04,0.3434,0.4738,0.1304,False
rf,msm_tau_1_0.83_tau_2_0.75_lb_6,msm,49,2021-01-06,0.4738,0.3655,-0.1083,False
rf,msm_tau_1_0.83_tau_2_0.75_lb_6,msm,53,2021-05-07,0.3655,0.3431,-0.0225,False
rf,msm_tau_1_0.83_tau_2_0.75_lb_6,msm,57,2021-09-07,0.3431,0.4672,0.1241,False
rf,msm_tau_1_0.83_tau_2_0.75_lb_6,msm,61,2022-01-05,0.4672,0.5311,0.0639,False
rf,msm_tau_1_0.83_tau_2_0.75_lb_6,msm,65,2022-05-06,0.5311,0.5176,-0.0135,True
rf,msm_tau_1_0.83_tau_2_0.75_lb_6,msm,69,2022-09-07,0.5176,0.3695,-0.1481,False
rf,msm_tau_1_0.83_tau_2_0.75_lb_6,msm,73,2023-01-06,0.3695,0.463,0.0935,False
rf,msm_tau_1_0.83_tau_2_0.75_lb_6,msm,77,2023-05-09,0.463,0.3764,-0.0866,False
rf,msm_tau_1_0.83_tau_2_0.75_lb_6,msm,81,2023-09-08,0.3764,0.4342,0.0578,False
rf,msm_tau_1_0.83_tau_2_0.78_lb_3,msm,7,2017-07-06,0.4098,0.4087,-0.0011,False
rf,msm_tau_1_0.83_tau_2_0.78_lb_3,msm,11,2017-11-02,0.4087,0.562,0.1532,False
rf,msm_tau_1_0.83_tau_2_0.78_lb_3,msm,16,2018-04-06,0.5465,0.41,-0.1365,False
rf,msm_tau_1_0.83_tau_2_0.78_lb_3,msm,20,2018-08-06,0.41,0.3513,-0.0587,False
rf,msm_tau_1_0.83_tau_2_0.78_lb_3,msm,24,2018-12-04,0.3513,0.4154,0.0641,False
rf,msm_tau_1_0.83_tau_2_0.78_lb_3,msm,28,2019-04-08,0.4154,0.3774,-0.038,False
rf,msm_tau_1_0.83_tau_2_0.78_lb_3,msm,31,2019-07-09,0.3345,0.4115,0.077,False
rf,msm_tau_1_0.83_tau_2_0.78_lb_3,msm,38,2020-02-06,0.5509,0.3874,-0.1636,True
rf,msm_tau_1_0.83_tau_2_0.78_lb_3,msm,42,2020-06-08,0.3874,0.3527,-0.0347,False
rf,msm_tau_1_0.83_tau_2_0.78_lb_3,msm,46,2020-10-06,0.3527,0.5067,0.154,False
rf,msm_tau_1_0.83_tau_2_0.78_lb_3,msm,50,2021-02-05,0.5067,0.4029,-0.1038,False
rf,msm_tau_1_0.83_tau_2_0.78_lb_3,msm,54,2021-06-08,0.4029,0.3245,-0.0784,False
rf,msm_tau_1_0.83_tau_2_0.78_lb_3,msm,58,2021-10-06,0.3245,0.4867,0.1622,False
rf,msm_tau_1_0.83_tau_2_0.78_lb_3,msm,62,2022-02-04,0.4867,0.4253,-0.0614,True
rf,msm_tau_1_0.83_tau_2_0.78_lb_3,msm,68,2022-08-08,0.4604,0.4497,-0.0107,False
rf,msm_tau_1_0.83_tau_2_0.78_lb_3,msm,74,2023-02-07,0.4247,0.3832,-0.0415,False
rf,msm_tau_1_0.83_tau_2_0.78_lb_3,msm,78,2023-06-08,0.3832,0.3775,-0.0057,False
rf,msm_tau_1_0.83_tau_2_0.78_lb_4,msm,9,2017-09-05,0.3562,0.4752,0.119,False
rf,msm_tau_1_0.83_tau_2_0.78_lb_4,msm,13,2018-01-04,0.4752,0.5992,0.124,False
rf,msm_tau_1_0.83_tau_2_0.78_lb_4,msm,16,2018-04-06,0.617,0.4408,-0.1763,False
rf,msm_tau_1_0.83_tau_2_0.78_lb_4,msm,20,2018-08-06,0.4408,0.3518,-0.089,False
rf,msm_tau_1_0.83_tau_2_0.78_lb_4,msm,24,2018-12-04,0.3518,0.4262,0.0744,False
rf,msm_tau_1_0.83_tau_2_0.78_lb_4,msm,28,2019-04-08,0.4262,0.4096,-0.0165,False
rf,msm_tau_1_0.83_tau_2_0.78_lb_4,msm,32,2019-08-07,0.4096,0.4516,0.0419,False
rf,msm_tau_1_0.83_tau_2_0.78_lb_4,msm,39,2020-03-09,0.457,0.3945,-0.0625,True
rf,msm_tau_1_0.83_tau_2_0.78_lb_4,msm,43,2020-07-08,0.3945,0.3997,0.0051,False
rf,msm_tau_1_0.83_tau_2_0.78_lb_4,msm,47,2020-11-04,0.3997,0.4641,0.0644,False
rf,msm_tau_1_0.83_tau_2_0.78_lb_4,msm,50,2021-02-05,0.4934,0.3932,-0.1002,False
rf,msm_tau_1_0.83_tau_2_0.78_lb_4,msm,54,2021-06-08,0.3932,0.3245,-0.0688,False
rf,msm_tau_1_0.83_tau_2_0.78_lb_4,msm,58,2021-10-06,0.3245,0.4545,0.13,False
rf,msm_tau_1_0.83_tau_2_0.78_lb_4,msm,62,2022-02-04,0.4545,0.4751,0.0206,True
rf,msm_tau_1_0.83_tau_2_0.78_lb_4,msm,66,2022-06-07,0.4751,0.4778,0.0027,False
rf,msm_tau_1_0.83_tau_2_0.78_lb_4,msm,70,2022-10-06,0.4778,0.4391,-0.0386,False
rf,msm_tau_1_0.83_tau_2_0.78_lb_4,msm,74,2023-02-07,0.4391,0.4032,-0.0359,False
rf,msm_tau_1_0.83_tau_2_0.78_lb_4,msm,78,2023-06-08,0.4032,0.3711,-0.0321,False
rf,msm_tau_1_0.83_tau_2_0.78_lb_6,msm,13,2018-01-04,0.4185,0.5706,0.1521,False
rf,msm_tau_1_0.83_tau_2_0.78_lb_6,msm,17,2018-05-07,0.5706,0.4019,-0.1687,False
rf,msm_tau_1_0.83_tau_2_0.78_lb_6,msm,21,2018-09-05,0.4019,0.3308,-0.0711,False
rf,msm_tau_1_0.83_tau_2_0.78_lb_6,msm,25,2019-01-07,0.3308,0.3114,-0.0195,False
rf,msm_tau_1_0.83_tau_2_0.78_lb_6,msm,29,2019-05-08,0.3114,0.469,0.1577,False
rf,msm_tau_1_0.83_tau_2_0.78_lb_6,msm,33,2019-09-06,0.469,0.5795,0.1105,False
rf,msm_tau_1_0.83_tau_2_0.78_lb_6,msm,37,2020-01-07,0.5795,0.3488,-0.2307,True
rf,msm_tau_1_0.83_tau_2_0.78_lb_6,msm,41,2020-05-07,0.3488,0.3434,-0.0053,False
rf,msm_tau_1_0.83_tau_2_0.78_lb_6,msm,45,2020-09-04,0.3434,0.4738,0.1304,False
rf,msm_tau_1_0.83_tau_2_0.78_lb_6,msm,49,2021-01-06,0.4738,0.3655,-0.1083,False
rf,msm_tau_1_0.83_tau_2_0.78_lb_6,msm,53,2021-05-07,0.3655,0.3431,-0.0225,False
rf,msm_tau_1_0.83_tau_2_0.78_lb_6,msm,57,2021-09-07,0.3431,0.4672,0.1241,False
rf,msm_tau_1_0.83_tau_2_0.78_lb_6,msm,61,2022-01-05,0.4672,0.5311,0.0639,False
rf,msm_tau_1_0.83_tau_2_0.78_lb_6,msm,65,2022-05-06,0.5311,0.5176,-0.0135,True
rf,msm_tau_1_0.83_tau_2_0.78_lb_6,msm,69,2022-09-07,0.5176,0.3695,-0.1481,False
rf,msm_tau_1_0.83_tau_2_0.78_lb_6,msm,73,2023-01-06,0.3695,0.463,0.0935,False
rf,msm_tau_1_0.83_tau_2_0.78_lb_6,msm,77,2023-05-09,0.463,0.3764,-0.0866,False
rf,msm_tau_1_0.83_tau_2_0.78_lb_6,msm,81,2023-09-08,0.3764,0.4342,0.0578,False
rf,msm_tau_1_0.88_tau_2_0.72_lb_3,msm,7,2017-07-06,0.4098,0.4087,-0.0011,False
rf,msm_tau_1_0.88_tau_2_0.72_lb_3,msm,11,2017-11-02,0.4087,0.562,0.1532,False
rf,msm_tau_1_0.88_tau_2_0.72_lb_3,msm,15,2018-03-07,0.562,0.4783,-0.0837,False
rf,msm_tau_1_0.88_tau_2_0.72_lb_3,msm,19,2018-07-06,0.4783,0.3203,-0.158,False
rf,msm_tau_1_0.88_tau_2_0.72_lb_3,msm,23,2018-11-02,0.3203,0.3699,0.0497,False
rf,msm_tau_1_0.88_tau_2_0.72_lb_3,msm,27,2019-03-08,0.3699,0.3256,-0.0443,False
rf,msm_tau_1_0.88_tau_2_0.72_lb_3,msm,31,2019-07-09,0.3256,0.4232,0.0976,False
rf,msm_tau_1_0.88_tau_2_0.72_lb_3,msm,38,2020-02-06,0.4924,0.337,-0.1554,True
rf,msm_tau_1_0.88_tau_2_0.72_lb_3,msm,42,2020-06-08,0.337,0.344,0.007,False
rf,msm_tau_1_0.88_tau_2_0.72_lb_3,msm,46,2020-10-06,0.344,0.5092,0.1653,False
rf,msm_tau_1_0.88_tau_2_0.72_lb_3,msm,49,2021-01-06,0.5154,0.3649,-0.1505,False
rf,msm_tau_1_0.88_tau_2_0.72_lb_3,msm,53,2021-05-07,0.3649,0.3302,-0.0347,False
rf,msm_tau_1_0.88_tau_2_0.72_lb_3,msm,57,2021-09-07,0.3302,0.3704,0.0402,False
rf,msm_tau_1_0.88_tau_2_0.72_lb_3,msm,60,2021-12-06,0.3864,0.4098,0.0234,False
rf,msm_tau_1_0.88_tau_2_0.72_lb_3,msm,64,2022-04-06,0.4098,0.5503,0.1405,True
rf,msm_tau_1_0.88_tau_2_0.72_lb_3,msm,68,2022-08-08,0.5503,0.4497,-0.1006,False
rf,msm_tau_1_0.88_tau_2_0.72_lb_3,msm,72,2022-12-06,0.4497,0.5106,0.0609,False
rf,msm_tau_1_0.88_tau_2_0.72_lb_3,msm,76,2023-04-10,0.5106,0.4415,-0.0691,False
rf,msm_tau_1_0.88_tau_2_0.72_lb_4,msm,9,2017-09-05,0.3562,0.4752,0.119,False
rf,msm_tau_1_0.88_tau_2_0.72_lb_4,msm,13,2018-01-04,0.4752,0.5706,0.0955,False
rf,msm_tau_1_0.88_tau_2_0.72_lb_4,msm,17,2018-05-07,0.5706,0.4019,-0.1687,False
rf,msm_tau_1_0.88_tau_2_0.72_lb_4,msm,21,2018-09-05,0.4019,0.3308,-0.0711,False
rf,msm_tau_1_0.88_tau_2_0.72_lb_4,msm,25,2019-01-07,0.3308,0.3114,-0.0195,False
rf,msm_tau_1_0.88_tau_2_0.72_lb_4,msm,29,2019-05-08,0.3114,0.469,0.1577,False
rf,msm_tau_1_0.88_tau_2_0.72_lb_4,msm,33,2019-09-06,0.469,0.5795,0.1105,False
rf,msm_tau_1_0.88_tau_2_0.72_lb_4,msm,38,2020-02-06,0.5674,0.337,-0.2305,True
rf,msm_tau_1_0.88_tau_2_0.72_lb_4,msm,42,2020-06-08,0.337,0.3649,0.0279,False
rf,msm_tau_1_0.88_tau_2_0.72_lb_4,msm,46,2020-10-06,0.3649,0.5067,0.1418,False
rf,msm_tau_1_0.88_tau_2_0.72_lb_4,msm,50,2021-02-05,0.5067,0.3425,-0.1643,False
rf,msm_tau_1_0.88_tau_2_0.72_lb_4,msm,54,2021-06-08,0.3425,0.3233,-0.0192,False
rf,msm_tau_1_0.88_tau_2_0.72_lb_4,msm,58,2021-10-06,0.3233,0.4952,0.1719,False
rf,msm_tau_1_0.88_tau_2_0.72_lb_4,msm,62,2022-02-04,0.4952,0.4171,-0.0781,True
rf,msm_tau_1_0.88_tau_2_0.72_lb_4,msm,66,2022-06-07,0.4171,0.4635,0.0464,False
rf,msm_tau_1_0.88_tau_2_0.72_lb_4,msm,70,2022-10-06,0.4635,0.4196,-0.044,False
rf,msm_tau_1_0.88_tau_2_0.72_lb_4,msm,74,2023-02-07,0.4196,0.3834,-0.0362,False
rf,msm_tau_1_0.88_tau_2_0.72_lb_4,msm,78,2023-06-08,0.3834,0.4089,0.0255,False
rf,msm_tau_1_0.88_tau_2_0.72_lb_6,msm,13,2018-01-04,0.4185,0.5706,0.1521,False
rf,msm_tau_1_0.88_tau_2_0.72_lb_6,msm,17,2018-05-07,0.5706,0.4019,-0.1687,False
rf,msm_tau_1_0.88_tau_2_0.72_lb_6,msm,21,2018-09-05,0.4019,0.3308,-0.0711,False
rf,msm_tau_1_0.88_tau_2_0.72_lb_6,msm,25,2019-01-07,0.3308,0.3114,-0.0195,False
rf,msm_tau_1_0.88_tau_2_0.72_lb_6,msm,29,2019-05-08,0.3114,0.469,0.1577,False
rf,msm_tau_1_0.88_tau_2_0.72_lb_6,msm,33,2019-09-06,0.469,0.5795,0.1105,False
rf,msm_tau_1_0.88_tau_2_0.72_lb_6,msm,37,2020-01-07,0.5795,0.3488,-0.2307,True
rf,msm_tau_1_0.88_tau_2_0.72_lb_6,msm,41,2020-05-07,0.3488,0.3434,-0.0053,False
rf,msm_tau_1_0.88_tau_2_0.72_lb_6,msm,45,2020-09-04,0.3434,0.4738,0.1304,False
rf,msm_tau_1_0.88_tau_2_0.72_lb_6,msm,49,2021-01-06,0.4738,0.3655,-0.1083,False
rf,msm_tau_1_0.88_tau_2_0.72_lb_6,msm,53,2021-05-07,0.3655,0.3431,-0.0225,False
rf,msm_tau_1_0.88_tau_2_0.72_lb_6,msm,57,2021-09-07,0.3431,0.4672,0.1241,False
rf,msm_tau_1_0.88_tau_2_0.72_lb_6,msm,61,2022-01-05,0.4672,0.5311,0.0639,False
rf,msm_tau_1_0.88_tau_2_0.72_lb_6,msm,65,2022-05-06,0.5311,0.5176,-0.0135,True
rf,msm_tau_1_0.88_tau_2_0.72_lb_6,msm,69,2022-09-07,0.5176,0.3695,-0.1481,False
rf,msm_tau_1_0.88_tau_2_0.72_lb_6,msm,73,2023-01-06,0.3695,0.463,0.0935,False
rf,msm_tau_1_0.88_tau_2_0.72_lb_6,msm,77,2023-05-09,0.463,0.3764,-0.0866,False
rf,msm_tau_1_0.88_tau_2_0.72_lb_6,msm,81,2023-09-08,0.3764,0.4342,0.0578,False
rf,msm_tau_1_0.88_tau_2_0.75_lb_3,msm,7,2017-07-06,0.4098,0.4087,-0.0011,False
rf,msm_tau_1_0.88_tau_2_0.75_lb_3,msm,11,2017-11-02,0.4087,0.562,0.1532,False
rf,msm_tau_1_0.88_tau_2_0.75_lb_3,msm,15,2018-03-07,0.562,0.4783,-0.0837,False
rf,msm_tau_1_0.88_tau_2_0.75_lb_3,msm,19,2018-07-06,0.4783,0.3203,-0.158,False
rf,msm_tau_1_0.88_tau_2_0.75_lb_3,msm,23,2018-11-02,0.3203,0.3699,0.0497,False
rf,msm_tau_1_0.88_tau_2_0.75_lb_3,msm,27,2019-03-08,0.3699,0.3256,-0.0443,False
rf,msm_tau_1_0.88_tau_2_0.75_lb_3,msm,31,2019-07-09,0.3256,0.4232,0.0976,False
rf,msm_tau_1_0.88_tau_2_0.75_lb_3,msm,38,2020-02-06,0.4924,0.337,-0.1554,True
rf,msm_tau_1_0.88_tau_2_0.75_lb_3,msm,42,2020-06-08,0.337,0.344,0.007,False
rf,msm_tau_1_0.88_tau_2_0.75_lb_3,msm,46,2020-10-06,0.344,0.5092,0.1653,False
rf,msm_tau_1_0.88_tau_2_0.75_lb_3,msm,49,2021-01-06,0.5154,0.3649,-0.1505,False
rf,msm_tau_1_0.88_tau_2_0.75_lb_3,msm,53,2021-05-07,0.3649,0.3302,-0.0347,False
rf,msm_tau_1_0.88_tau_2_0.75_lb_3,msm,57,2021-09-07,0.3302,0.3704,0.0402,False
rf,msm_tau_1_0.88_tau_2_0.75_lb_3,msm,60,2021-12-06,0.3864,0.4098,0.0234,False
rf,msm_tau_1_0.88_tau_2_0.75_lb_3,msm,64,2022-04-06,0.4098,0.5503,0.1405,True
rf,msm_tau_1_0.88_tau_2_0.75_lb_3,msm,68,2022-08-08,0.5503,0.4497,-0.1006,False
rf,msm_tau_1_0.88_tau_2_0.75_lb_3,msm,72,2022-12-06,0.4497,0.5106,0.0609,False
rf,msm_tau_1_0.88_tau_2_0.75_lb_3,msm,76,2023-04-10,0.5106,0.4415,-0.0691,False
rf,msm_tau_1_0.88_tau_2_0.75_lb_4,msm,9,2017-09-05,0.3562,0.4752,0.119,False
rf,msm_tau_1_0.88_tau_2_0.75_lb_4,msm,13,2018-01-04,0.4752,0.5706,0.0955,False
rf,msm_tau_1_0.88_tau_2_0.75_lb_4,msm,17,2018-05-07,0.5706,0.4019,-0.1687,False
rf,msm_tau_1_0.88_tau_2_0.75_lb_4,msm,21,2018-09-05,0.4019,0.3308,-0.0711,False
rf,msm_tau_1_0.88_tau_2_0.75_lb_4,msm,25,2019-01-07,0.3308,0.3114,-0.0195,False
rf,msm_tau_1_0.88_tau_2_0.75_lb_4,msm,29,2019-05-08,0.3114,0.469,0.1577,False
rf,msm_tau_1_0.88_tau_2_0.75_lb_4,msm,33,2019-09-06,0.469,0.5795,0.1105,False
rf,msm_tau_1_0.88_tau_2_0.75_lb_4,msm,38,2020-02-06,0.5674,0.337,-0.2305,True
rf,msm_tau_1_0.88_tau_2_0.75_lb_4,msm,42,2020-06-08,0.337,0.3649,0.0279,False
rf,msm_tau_1_0.88_tau_2_0.75_lb_4,msm,46,2020-10-06,0.3649,0.5067,0.1418,False
rf,msm_tau_1_0.88_tau_2_0.75_lb_4,msm,50,2021-02-05,0.5067,0.3425,-0.1643,False
rf,msm_tau_1_0.88_tau_2_0.75_lb_4,msm,54,2021-06-08,0.3425,0.3233,-0.0192,False
rf,msm_tau_1_0.88_tau_2_0.75_lb_4,msm,58,2021-10-06,0.3233,0.4952,0.1719,False
rf,msm_tau_1_0.88_tau_2_0.75_lb_4,msm,62,2022-02-04,0.4952,0.4171,-0.0781,True
rf,msm_tau_1_0.88_tau_2_0.75_lb_4,msm,66,2022-06-07,0.4171,0.4635,0.0464,False
rf,msm_tau_1_0.88_tau_2_0.75_lb_4,msm,70,2022-10-06,0.4635,0.4196,-0.044,False
rf,msm_tau_1_0.88_tau_2_0.75_lb_4,msm,74,2023-02-07,0.4196,0.3834,-0.0362,False
rf,msm_tau_1_0.88_tau_2_0.75_lb_4,msm,78,2023-06-08,0.3834,0.4089,0.0255,False
rf,msm_tau_1_0.88_tau_2_0.75_lb_6,msm,13,2018-01-04,0.4185,0.5706,0.1521,False
rf,msm_tau_1_0.88_tau_2_0.75_lb_6,msm,17,2018-05-07,0.5706,0.4019,-0.1687,False
rf,msm_tau_1_0.88_tau_2_0.75_lb_6,msm,21,2018-09-05,0.4019,0.3308,-0.0711,False
rf,msm_tau_1_0.88_tau_2_0.75_lb_6,msm,25,2019-01-07,0.3308,0.3114,-0.0195,False
rf,msm_tau_1_0.88_tau_2_0.75_lb_6,msm,29,2019-05-08,0.3114,0.469,0.1577,False
rf,msm_tau_1_0.88_tau_2_0.75_lb_6,msm,33,2019-09-06,0.469,0.5795,0.1105,False
rf,msm_tau_1_0.88_tau_2_0.75_lb_6,msm,37,2020-01-07,0.5795,0.3488,-0.2307,True
rf,msm_tau_1_0.88_tau_2_0.75_lb_6,msm,41,2020-05-07,0.3488,0.3434,-0.0053,False
rf,msm_tau_1_0.88_tau_2_0.75_lb_6,msm,45,2020-09-04,0.3434,0.4738,0.1304,False
rf,msm_tau_1_0.88_tau_2_0.75_lb_6,msm,49,2021-01-06,0.4738,0.3655,-0.1083,False
rf,msm_tau_1_0.88_tau_2_0.75_lb_6,msm,53,2021-05-07,0.3655,0.3431,-0.0225,False
rf,msm_tau_1_0.88_tau_2_0.75_lb_6,msm,57,2021-09-07,0.3431,0.4672,0.1241,False
rf,msm_tau_1_0.88_tau_2_0.75_lb_6,msm,61,2022-01-05,0.4672,0.5311,0.0639,False
rf,msm_tau_1_0.88_tau_2_0.75_lb_6,msm,65,2022-05-06,0.5311,0.5176,-0.0135,True
rf,msm_tau_1_0.88_tau_2_0.75_lb_6,msm,69,2022-09-07,0.5176,0.3695,-0.1481,False
rf,msm_tau_1_0.88_tau_2_0.75_lb_6,msm,73,2023-01-06,0.3695,0.463,0.0935,False
rf,msm_tau_1_0.88_tau_2_0.75_lb_6,msm,77,2023-05-09,0.463,0.3764,-0.0866,False
rf,msm_tau_1_0.88_tau_2_0.75_lb_6,msm,81,2023-09-08,0.3764,0.4342,0.0578,False
rf,msm_tau_1_0.88_tau_2_0.78_lb_3,msm,7,2017-07-06,0.4098,0.4087,-0.0011,False
rf,msm_tau_1_0.88_tau_2_0.78_lb_3,msm,11,2017-11-02,0.4087,0.562,0.1532,False
rf,msm_tau_1_0.88_tau_2_0.78_lb_3,msm,15,2018-03-07,0.562,0.4783,-0.0837,False
rf,msm_tau_1_0.88_tau_2_0.78_lb_3,msm,19,2018-07-06,0.4783,0.3203,-0.158,False
rf,msm_tau_1_0.88_tau_2_0.78_lb_3,msm,23,2018-11-02,0.3203,0.3699,0.0497,False
rf,msm_tau_1_0.88_tau_2_0.78_lb_3,msm,27,2019-03-08,0.3699,0.3256,-0.0443,False
rf,msm_tau_1_0.88_tau_2_0.78_lb_3,msm,31,2019-07-09,0.3256,0.4232,0.0976,False
rf,msm_tau_1_0.88_tau_2_0.78_lb_3,msm,38,2020-02-06,0.4924,0.337,-0.1554,True
rf,msm_tau_1_0.88_tau_2_0.78_lb_3,msm,42,2020-06-08,0.337,0.344,0.007,False
rf,msm_tau_1_0.88_tau_2_0.78_lb_3,msm,46,2020-10-06,0.344,0.5092,0.1653,False
rf,msm_tau_1_0.88_tau_2_0.78_lb_3,msm,49,2021-01-06,0.5154,0.3649,-0.1505,False
rf,msm_tau_1_0.88_tau_2_0.78_lb_3,msm,53,2021-05-07,0.3649,0.3302,-0.0347,False
rf,msm_tau_1_0.88_tau_2_0.78_lb_3,msm,57,2021-09-07,0.3302,0.3704,0.0402,False
rf,msm_tau_1_0.88_tau_2_0.78_lb_3,msm,60,2021-12-06,0.3864,0.4098,0.0234,False
rf,msm_tau_1_0.88_tau_2_0.78_lb_3,msm,64,2022-04-06,0.4098,0.5503,0.1405,True
rf,msm_tau_1_0.88_tau_2_0.78_lb_3,msm,68,2022-08-08,0.5503,0.4497,-0.1006,False
rf,msm_tau_1_0.88_tau_2_0.78_lb_3,msm,72,2022-12-06,0.4497,0.5106,0.0609,False
rf,msm_tau_1_0.88_tau_2_0.78_lb_3,msm,76,2023-04-10,0.5106,0.4415,-0.0691,False
rf,msm_tau_1_0.88_tau_2_0.78_lb_4,msm,9,2017-09-05,0.3562,0.4752,0.119,False
rf,msm_tau_1_0.88_tau_2_0.78_lb_4,msm,13,2018-01-04,0.4752,0.5706,0.0955,False
rf,msm_tau_1_0.88_tau_2_0.78_lb_4,msm,17,2018-05-07,0.5706,0.4019,-0.1687,False
rf,msm_tau_1_0.88_tau_2_0.78_lb_4,msm,21,2018-09-05,0.4019,0.3308,-0.0711,False
rf,msm_tau_1_0.88_tau_2_0.78_lb_4,msm,25,2019-01-07,0.3308,0.3114,-0.0195,False
rf,msm_tau_1_0.88_tau_2_0.78_lb_4,msm,29,2019-05-08,0.3114,0.469,0.1577,False
rf,msm_tau_1_0.88_tau_2_0.78_lb_4,msm,33,2019-09-06,0.469,0.5795,0.1105,False
rf,msm_tau_1_0.88_tau_2_0.78_lb_4,msm,37,2020-01-07,0.5795,0.3488,-0.2307,True
rf,msm_tau_1_0.88_tau_2_0.78_lb_4,msm,41,2020-05-07,0.3488,0.3434,-0.0053,False
rf,msm_tau_1_0.88_tau_2_0.78_lb_4,msm,45,2020-09-04,0.3434,0.4738,0.1304,False
rf,msm_tau_1_0.88_tau_2_0.78_lb_4,msm,49,2021-01-06,0.4738,0.3655,-0.1083,False
rf,msm_tau_1_0.88_tau_2_0.78_lb_4,msm,53,2021-05-07,0.3655,0.3431,-0.0225,False
rf,msm_tau_1_0.88_tau_2_0.78_lb_4,msm,57,2021-09-07,0.3431,0.4672,0.1241,False
rf,msm_tau_1_0.88_tau_2_0.78_lb_4,msm,61,2022-01-05,0.4672,0.5311,0.0639,False
rf,msm_tau_1_0.88_tau_2_0.78_lb_4,msm,65,2022-05-06,0.5311,0.5176,-0.0135,True
rf,msm_tau_1_0.88_tau_2_0.78_lb_4,msm,69,2022-09-07,0.5176,0.3695,-0.1481,False
rf,msm_tau_1_0.88_tau_2_0.78_lb_4,msm,73,2023-01-06,0.3695,0.463,0.0935,False
rf,msm_tau_1_0.88_tau_2_0.78_lb_4,msm,77,2023-05-09,0.463,0.3764,-0.0866,False
rf,msm_tau_1_0.88_tau_2_0.78_lb_6,msm,13,2018-01-04,0.4185,0.5706,0.1521,False
rf,msm_tau_1_0.88_tau_2_0.78_lb_6,msm,17,2018-05-07,0.5706,0.4019,-0.1687,False
rf,msm_tau_1_0.88_tau_2_0.78_lb_6,msm,21,2018-09-05,0.4019,0.3308,-0.0711,False
rf,msm_tau_1_0.88_tau_2_0.78_lb_6,msm,25,2019-01-07,0.3308,0.3114,-0.0195,False
rf,msm_tau_1_0.88_tau_2_0.78_lb_6,msm,29,2019-05-08,0.3114,0.469,0.1577,False
rf,msm_tau_1_0.88_tau_2_0.78_lb_6,msm,33,2019-09-06,0.469,0.5795,0.1105,False
rf,msm_tau_1_0.88_tau_2_0.78_lb_6,msm,37,2020-01-07,0.5795,0.3488,-0.2307,True
rf,msm_tau_1_0.88_tau_2_0.78_lb_6,msm,41,2020-05-07,0.3488,0.3434,-0.0053,False
rf,msm_tau_1_0.88_tau_2_0.78_lb_6,msm,45,2020-09-04,0.3434,0.4738,0.1304,False
rf,msm_tau_1_0.88_tau_2_0.78_lb_6,msm,49,2021-01-06,0.4738,0.3655,-0.1083,False
rf,msm_tau_1_0.88_tau_2_0.78_lb_6,msm,53,2021-05-07,0.3655,0.3431,-0.0225,False
rf,msm_tau_1_0.88_tau_2_0.78_lb_6,msm,57,2021-09-07,0.3431,0.4672,0.1241,False
rf,msm_tau_1_0.88_tau_2_0.78_lb_6,msm,61,2022-01-05,0.4672,0.5311,0.0639,False
rf,msm_tau_1_0.88_tau_2_0.78_lb_6,msm,65,2022-05-06,0.5311,0.5176,-0.0135,True
rf,msm_tau_1_0.88_tau_2_0.78_lb_6,msm,69,2022-09-07,0.5176,0.3695,-0.1481,False
rf,msm_tau_1_0.88_tau_2_0.78_lb_6,msm,73,2023-01-06,0.3695,0.463,0.0935,False
rf,msm_tau_1_0.88_tau_2_0.78_lb_6,msm,77,2023-05-09,0.463,0.3764,-0.0866,False
rf,msm_tau_1_0.88_tau_2_0.78_lb_6,msm,81,2023-09-08,0.3764,0.4342,0.0578,False
rf,msm_tau_1_0.8_tau_2_0.72_lb_3,msm,8,2017-08-04,0.3648,0.3493,-0.0155,False
rf,msm_tau_1_0.8_tau_2_0.72_lb_3,msm,12,2017-12-04,0.3493,0.5879,0.2386,False
rf,msm_tau_1_0.8_tau_2_0.72_lb_3,msm,16,2018-04-06,0.5879,0.41,-0.1779,False
rf,msm_tau_1_0.8_tau_2_0.72_lb_3,msm,20,2018-08-06,0.41,0.3513,-0.0587,False
rf,msm_tau_1_0.8_tau_2_0.72_lb_3,msm,24,2018-12-04,0.3513,0.4154,0.0641,False
rf,msm_tau_1_0.8_tau_2_0.72_lb_3,msm,28,2019-04-08,0.4154,0.4368,0.0214,False
rf,msm_tau_1_0.8_tau_2_0.72_lb_3,msm,39,2020-03-09,0.4196,0.3731,-0.0466,True
rf,msm_tau_1_0.8_tau_2_0.72_lb_3,msm,44,2020-08-06,0.4196,0.441,0.0214,False
rf,msm_tau_1_0.8_tau_2_0.72_lb_3,msm,52,2021-04-08,0.488,0.425,-0.063,False
rf,msm_tau_1_0.8_tau_2_0.72_lb_3,msm,57,2021-09-07,0.3479,0.3683,0.0205,False
rf,msm_tau_1_0.8_tau_2_0.72_lb_3,msm,60,2021-12-06,0.3844,0.3788,-0.0056,False
rf,msm_tau_1_0.8_tau_2_0.72_lb_3,msm,63,2022-03-08,0.358,0.5054,0.1474,True
rf,msm_tau_1_0.8_tau_2_0.72_lb_3,msm,68,2022-08-08,0.4969,0.464,-0.0328,False
rf,msm_tau_1_0.8_tau_2_0.72_lb_3,msm,75,2023-03-09,0.4656,0.475,0.0095,False
rf,msm_tau_1_0.8_tau_2_0.72_lb_3,msm,79,2023-07-11,0.475,0.4837,0.0087,False
rf,msm_tau_1_0.8_tau_2_0.72_lb_4,msm,9,2017-09-05,0.3562,0.4752,0.119,False
rf,msm_tau_1_0.8_tau_2_0.72_lb_4,msm,13,2018-01-04,0.4752,0.5992,0.124,False
rf,msm_tau_1_0.8_tau_2_0.72_lb_4,msm,16,2018-04-06,0.617,0.4408,-0.1763,False
rf,msm_tau_1_0.8_tau_2_0.72_lb_4,msm,20,2018-08-06,0.4408,0.3518,-0.089,False
rf,msm_tau_1_0.8_tau_2_0.72_lb_4,msm,24,2018-12-04,0.3518,0.4262,0.0744,False
rf,msm_tau_1_0.8_tau_2_0.72_lb_4,msm,28,2019-04-08,0.4262,0.4096,-0.0165,False
rf,msm_tau_1_0.8_tau_2_0.72_lb_4,msm,32,2019-08-07,0.4096,0.4516,0.0419,False
rf,msm_tau_1_0.8_tau_2_0.72_lb_4,msm,39,2020-03-09,0.457,0.3945,-0.0625,True
rf,msm_tau_1_0.8_tau_2_0.72_lb_4,msm,43,2020-07-08,0.3945,0.3997,0.0051,False
rf,msm_tau_1_0.8_tau_2_0.72_lb_4,msm,47,2020-11-04,0.3997,0.4641,0.0644,False
rf,msm_tau_1_0.8_tau_2_0.72_lb_4,msm,50,2021-02-05,0.4934,0.3932,-0.1002,False
rf,msm_tau_1_0.8_tau_2_0.72_lb_4,msm,54,2021-06-08,0.3932,0.3245,-0.0688,False
rf,msm_tau_1_0.8_tau_2_0.72_lb_4,msm,58,2021-10-06,0.3245,0.4545,0.13,False
rf,msm_tau_1_0.8_tau_2_0.72_lb_4,msm,62,2022-02-04,0.4545,0.4751,0.0206,True
rf,msm_tau_1_0.8_tau_2_0.72_lb_4,msm,66,2022-06-07,0.4751,0.4778,0.0027,False
rf,msm_tau_1_0.8_tau_2_0.72_lb_4,msm,70,2022-10-06,0.4778,0.4391,-0.0386,False
rf,msm_tau_1_0.8_tau_2_0.72_lb_4,msm,74,2023-02-07,0.4391,0.4032,-0.0359,False
rf,msm_tau_1_0.8_tau_2_0.72_lb_4,msm,78,2023-06-08,0.4032,0.3711,-0.0321,False
rf,msm_tau_1_0.8_tau_2_0.72_lb_6,msm,13,2018-01-04,0.4185,0.5706,0.1521,False
rf,msm_tau_1_0.8_tau_2_0.72_lb_6,msm,17,2018-05-07,0.5706,0.4019,-0.1687,False
rf,msm_tau_1_0.8_tau_2_0.72_lb_6,msm,21,2018-09-05,0.4019,0.3308,-0.0711,False
rf,msm_tau_1_0.8_tau_2_0.72_lb_6,msm,25,2019-01-07,0.3308,0.3114,-0.0195,False
rf,msm_tau_1_0.8_tau_2_0.72_lb_6,msm,29,2019-05-08,0.3114,0.469,0.1577,False
rf,msm_tau_1_0.8_tau_2_0.72_lb_6,msm,33,2019-09-06,0.469,0.5795,0.1105,False
rf,msm_tau_1_0.8_tau_2_0.72_lb_6,msm,37,2020-01-07,0.5795,0.3488,-0.2307,True
rf,msm_tau_1_0.8_tau_2_0.72_lb_6,msm,41,2020-05-07,0.3488,0.3434,-0.0053,False
rf,msm_tau_1_0.8_tau_2_0.72_lb_6,msm,45,2020-09-04,0.3434,0.4738,0.1304,False
rf,msm_tau_1_0.8_tau_2_0.72_lb_6,msm,49,2021-01-06,0.4738,0.3655,-0.1083,False
rf,msm_tau_1_0.8_tau_2_0.72_lb_6,msm,53,2021-05-07,0.3655,0.3431,-0.0225,False
rf,msm_tau_1_0.8_tau_2_0.72_lb_6,msm,57,2021-09-07,0.3431,0.4672,0.1241,False
rf,msm_tau_1_0.8_tau_2_0.72_lb_6,msm,61,2022-01-05,0.4672,0.5311,0.0639,False
rf,msm_tau_1_0.8_tau_2_0.72_lb_6,msm,65,2022-05-06,0.5311,0.5176,-0.0135,True
rf,msm_tau_1_0.8_tau_2_0.72_lb_6,msm,69,2022-09-07,0.5176,0.3695,-0.1481,False
rf,msm_tau_1_0.8_tau_2_0.72_lb_6,msm,73,2023-01-06,0.3695,0.463,0.0935,False
rf,msm_tau_1_0.8_tau_2_0.72_lb_6,msm,77,2023-05-09,0.463,0.3764,-0.0866,False
rf,msm_tau_1_0.8_tau_2_0.72_lb_6,msm,81,2023-09-08,0.3764,0.4342,0.0578,False
rf,msm_tau_1_0.8_tau_2_0.75_lb_3,msm,8,2017-08-04,0.3648,0.3493,-0.0155,False
rf,msm_tau_1_0.8_tau_2_0.75_lb_3,msm,12,2017-12-04,0.3493,0.5879,0.2386,False
rf,msm_tau_1_0.8_tau_2_0.75_lb_3,msm,16,2018-04-06,0.5879,0.41,-0.1779,False
rf,msm_tau_1_0.8_tau_2_0.75_lb_3,msm,20,2018-08-06,0.41,0.3513,-0.0587,False
rf,msm_tau_1_0.8_tau_2_0.75_lb_3,msm,24,2018-12-04,0.3513,0.4154,0.0641,False
rf,msm_tau_1_0.8_tau_2_0.75_lb_3,msm,28,2019-04-08,0.4154,0.4368,0.0214,False
rf,msm_tau_1_0.8_tau_2_0.75_lb_3,msm,39,2020-03-09,0.4196,0.3731,-0.0466,True
rf,msm_tau_1_0.8_tau_2_0.75_lb_3,msm,44,2020-08-06,0.4196,0.441,0.0214,False
rf,msm_tau_1_0.8_tau_2_0.75_lb_3,msm,52,2021-04-08,0.488,0.425,-0.063,False
rf,msm_tau_1_0.8_tau_2_0.75_lb_3,msm,57,2021-09-07,0.3479,0.3683,0.0205,False
rf,msm_tau_1_0.8_tau_2_0.75_lb_3,msm,60,2021-12-06,0.3844,0.3788,-0.0056,False
rf,msm_tau_1_0.8_tau_2_0.75_lb_3,msm,63,2022-03-08,0.358,0.5054,0.1474,True
rf,msm_tau_1_0.8_tau_2_0.75_lb_3,msm,68,2022-08-08,0.4969,0.464,-0.0328,False
rf,msm_tau_1_0.8_tau_2_0.75_lb_3,msm,75,2023-03-09,0.4656,0.475,0.0095,False
rf,msm_tau_1_0.8_tau_2_0.75_lb_3,msm,79,2023-07-11,0.475,0.4837,0.0087,False
rf,msm_tau_1_0.8_tau_2_0.75_lb_4,msm,9,2017-09-05,0.3562,0.4752,0.119,False
rf,msm_tau_1_0.8_tau_2_0.75_lb_4,msm,13,2018-01-04,0.4752,0.5992,0.124,False
rf,msm_tau_1_0.8_tau_2_0.75_lb_4,msm,16,2018-04-06,0.617,0.4408,-0.1763,False
rf,msm_tau_1_0.8_tau_2_0.75_lb_4,msm,20,2018-08-06,0.4408,0.3518,-0.089,False
rf,msm_tau_1_0.8_tau_2_0.75_lb_4,msm,24,2018-12-04,0.3518,0.4262,0.0744,False
rf,msm_tau_1_0.8_tau_2_0.75_lb_4,msm,28,2019-04-08,0.4262,0.4096,-0.0165,False
rf,msm_tau_1_0.8_tau_2_0.75_lb_4,msm,32,2019-08-07,0.4096,0.4516,0.0419,False
rf,msm_tau_1_0.8_tau_2_0.75_lb_4,msm,39,2020-03-09,0.457,0.3945,-0.0625,True
rf,msm_tau_1_0.8_tau_2_0.75_lb_4,msm,43,2020-07-08,0.3945,0.3997,0.0051,False
rf,msm_tau_1_0.8_tau_2_0.75_lb_4,msm,47,2020-11-04,0.3997,0.4641,0.0644,False
rf,msm_tau_1_0.8_tau_2_0.75_lb_4,msm,50,2021-02-05,0.4934,0.3932,-0.1002,False
rf,msm_tau_1_0.8_tau_2_0.75_lb_4,msm,54,2021-06-08,0.3932,0.3245,-0.0688,False
rf,msm_tau_1_0.8_tau_2_0.75_lb_4,msm,58,2021-10-06,0.3245,0.4545,0.13,False
rf,msm_tau_1_0.8_tau_2_0.75_lb_4,msm,62,2022-02-04,0.4545,0.4751,0.0206,True
rf,msm_tau_1_0.8_tau_2_0.75_lb_4,msm,66,2022-06-07,0.4751,0.4778,0.0027,False
rf,msm_tau_1_0.8_tau_2_0.75_lb_4,msm,70,2022-10-06,0.4778,0.4391,-0.0386,False
rf,msm_tau_1_0.8_tau_2_0.75_lb_4,msm,74,2023-02-07,0.4391,0.4032,-0.0359,False
rf,msm_tau_1_0.8_tau_2_0.75_lb_4,msm,78,2023-06-08,0.4032,0.3711,-0.0321,False
rf,msm_tau_1_0.8_tau_2_0.75_lb_6,msm,13,2018-01-04,0.4185,0.5706,0.1521,False
rf,msm_tau_1_0.8_tau_2_0.75_lb_6,msm,17,2018-05-07,0.5706,0.4019,-0.1687,False
rf,msm_tau_1_0.8_tau_2_0.75_lb_6,msm,21,2018-09-05,0.4019,0.3308,-0.0711,False
rf,msm_tau_1_0.8_tau_2_0.75_lb_6,msm,25,2019-01-07,0.3308,0.3114,-0.0195,False
rf,msm_tau_1_0.8_tau_2_0.75_lb_6,msm,29,2019-05-08,0.3114,0.469,0.1577,False
rf,msm_tau_1_0.8_tau_2_0.75_lb_6,msm,33,2019-09-06,0.469,0.5795,0.1105,False
rf,msm_tau_1_0.8_tau_2_0.75_lb_6,msm,37,2020-01-07,0.5795,0.3488,-0.2307,True
rf,msm_tau_1_0.8_tau_2_0.75_lb_6,msm,41,2020-05-07,0.3488,0.3434,-0.0053,False
rf,msm_tau_1_0.8_tau_2_0.75_lb_6,msm,45,2020-09-04,0.3434,0.4738,0.1304,False
rf,msm_tau_1_0.8_tau_2_0.75_lb_6,msm,49,2021-01-06,0.4738,0.3655,-0.1083,False
rf,msm_tau_1_0.8_tau_2_0.75_lb_6,msm,53,2021-05-07,0.3655,0.3431,-0.0225,False
rf,msm_tau_1_0.8_tau_2_0.75_lb_6,msm,57,2021-09-07,0.3431,0.4672,0.1241,False
rf,msm_tau_1_0.8_tau_2_0.75_lb_6,msm,61,2022-01-05,0.4672,0.5311,0.0639,False
rf,msm_tau_1_0.8_tau_2_0.75_lb_6,msm,65,2022-05-06,0.5311,0.5176,-0.0135,True
rf,msm_tau_1_0.8_tau_2_0.75_lb_6,msm,69,2022-09-07,0.5176,0.3695,-0.1481,False
rf,msm_tau_1_0.8_tau_2_0.75_lb_6,msm,73,2023-01-06,0.3695,0.463,0.0935,False
rf,msm_tau_1_0.8_tau_2_0.75_lb_6,msm,77,2023-05-09,0.463,0.3764,-0.0866,False
rf,msm_tau_1_0.8_tau_2_0.75_lb_6,msm,81,2023-09-08,0.3764,0.4342,0.0578,False
rf,perf_drop_0.03_lookback_3,perf,7,2017-07-06,0.4098,0.4554,0.0456,False
rf,perf_drop_0.03_lookback_3,perf,10,2017-10-04,0.3955,0.4326,0.0371,False
rf,perf_drop_0.03_lookback_3,perf,14,2018-02-05,0.4326,0.4525,0.0199,False
rf,perf_drop_0.03_lookback_3,perf,17,2018-05-07,0.5413,0.4019,-0.1394,False
rf,perf_drop_0.03_lookback_3,perf,20,2018-08-06,0.4347,0.3442,-0.0905,False
rf,perf_drop_0.03_lookback_3,perf,23,2018-11-02,0.3398,0.4054,0.0656,False
rf,perf_drop_0.03_lookback_3,perf,27,2019-03-08,0.4054,0.3256,-0.0798,False
rf,perf_drop_0.03_lookback_3,perf,31,2019-07-09,0.3256,0.4357,0.11,False
rf,perf_drop_0.03_lookback_3,perf,34,2019-10-07,0.4597,0.5399,0.0802,False
rf,perf_drop_0.03_lookback_3,perf,37,2020-01-07,0.5492,0.3311,-0.2181,True
rf,perf_drop_0.03_lookback_3,perf,40,2020-04-07,0.383,0.4415,0.0585,True
rf,perf_drop_0.03_lookback_3,perf,45,2020-09-04,0.3654,0.4738,0.1085,False
rf,perf_drop_0.03_lookback_3,perf,49,2021-01-06,0.4738,0.3713,-0.1025,False
rf,perf_drop_0.03_lookback_3,perf,52,2021-04-08,0.4093,0.4267,0.0174,False
rf,perf_drop_0.03_lookback_3,perf,57,2021-09-07,0.3485,0.4626,0.1141,False
rf,perf_drop_0.03_lookback_3,perf,63,2022-03-08,0.4597,0.5227,0.063,True
rf,perf_drop_0.03_lookback_3,perf,68,2022-08-08,0.5023,0.4304,-0.0719,False
rf,perf_drop_0.03_lookback_3,perf,71,2022-11-04,0.4199,0.4342,0.0144,False
rf,perf_drop_0.03_lookback_3,perf,74,2023-02-07,0.4701,0.3834,-0.0867,False
rf,perf_drop_0.03_lookback_3,perf,78,2023-06-08,0.3834,0.4089,0.0255,False
rf,perf_drop_0.03_lookback_4,perf,8,2017-08-04,0.3648,0.3622,-0.0025,False
rf,perf_drop_0.03_lookback_4,perf,11,2017-11-02,0.3515,0.562,0.2104,False
rf,perf_drop_0.03_lookback_4,perf,17,2018-05-07,0.5156,0.3866,-0.129,False
rf,perf_drop_0.03_lookback_4,perf,20,2018-08-06,0.4209,0.3513,-0.0696,False
rf,perf_drop_0.03_lookback_4,perf,24,2018-12-04,0.3513,0.4154,0.0641,False
rf,perf_drop_0.03_lookback_4,perf,28,2019-04-08,0.4154,0.3774,-0.038,False
rf,perf_drop_0.03_lookback_4,perf,31,2019-07-09,0.3345,0.4115,0.077,False
rf,perf_drop_0.03_lookback_4,perf,39,2020-03-09,0.457,0.3731,-0.084,True
rf,perf_drop_0.03_lookback_4,perf,45,2020-09-04,0.3003,0.4738,0.1736,False
rf,perf_drop_0.03_lookback_4,perf,53,2021-05-07,0.421,0.3419,-0.0791,False
rf,perf_drop_0.03_lookback_4,perf,56,2021-08-06,0.3993,0.3597,-0.0396,False
rf,perf_drop_0.03_lookback_4,perf,64,2022-04-06,0.42,0.5503,0.1302,True
rf,perf_drop_0.03_lookback_4,perf,70,2022-10-06,0.4894,0.4391,-0.0503,False
rf,perf_drop_0.03_lookback_4,perf,77,2023-05-09,0.4322,0.4484,0.0161,False
rf,perf_drop_0.03_lookback_4,perf,80,2023-08-09,0.4187,0.476,0.0573,False
rf,perf_drop_0.03_lookback_6,perf,10,2017-10-04,0.3153,0.4326,0.1173,False
rf,perf_drop_0.03_lookback_6,perf,18,2018-06-06,0.4203,0.3656,-0.0546,False
rf,perf_drop_0.03_lookback_6,perf,21,2018-09-05,0.4073,0.3786,-0.0287,False
rf,perf_drop_0.03_lookback_6,perf,24,2018-12-04,0.3696,0.4268,0.0572,False
rf,perf_drop_0.03_lookback_6,perf,29,2019-05-08,0.3369,0.4687,0.1317,False
rf,perf_drop_0.03_lookback_6,perf,32,2019-08-07,0.3443,0.4931,0.1488,False
rf,perf_drop_0.03_lookback_6,perf,43,2020-07-08,0.4427,0.3756,-0.0672,False
rf,perf_drop_0.03_lookback_6,perf,46,2020-10-06,0.3816,0.5088,0.1271,False
rf,perf_drop_0.03_lookback_6,perf,52,2021-04-08,0.4099,0.3929,-0.017,False
rf,perf_drop_0.03_lookback_6,perf,55,2021-07-08,0.3705,0.3617,-0.0088,False
rf,perf_drop_0.03_lookback_6,perf,59,2021-11-04,0.3617,0.4044,0.0427,False
rf,perf_drop_0.03_lookback_6,perf,64,2022-04-06,0.3482,0.5503,0.2021,True
rf,perf_drop_0.03_lookback_6,perf,71,2022-11-04,0.4437,0.4564,0.0127,False
rf,perf_drop_0.03_lookback_6,perf,74,2023-02-07,0.44,0.4032,-0.0368,False
rf,perf_drop_0.03_lookback_6,perf,78,2023-06-08,0.4032,0.3711,-0.0321,False
rf,perf_drop_0.03_lookback_6,perf,82,2023-10-09,0.3711,0.3565,-0.0146,False
rf,perf_drop_0.05_lookback_3,perf,7,2017-07-06,0.4098,0.4554,0.0456,False
rf,perf_drop_0.05_lookback_3,perf,10,2017-10-04,0.3955,0.4326,0.0371,False
rf,perf_drop_0.05_lookback_3,perf,16,2018-04-06,0.5651,0.41,-0.1551,False
rf,perf_drop_0.05_lookback_3,perf,20,2018-08-06,0.41,0.3539,-0.0561,False
rf,perf_drop_0.05_lookback_3,perf,23,2018-11-02,0.3389,0.3746,0.0357,False
rf,perf_drop_0.05_lookback_3,perf,29,2019-05-08,0.3461,0.5237,0.1776,False
rf,perf_drop_0.05_lookback_3,perf,34,2019-10-07,0.4628,0.6003,0.1375,False
rf,perf_drop_0.05_lookback_3,perf,38,2020-02-06,0.6003,0.3803,-0.22,True
rf,perf_drop_0.05_lookback_3,perf,41,2020-05-07,0.3266,0.3137,-0.013,False
rf,perf_drop_0.05_lookback_3,perf,45,2020-09-04,0.3137,0.4738,0.1602,False
rf,perf_drop_0.05_lookback_3,perf,53,2021-05-07,0.421,0.3302,-0.0908,False
rf,perf_drop_0.05_lookback_3,perf,57,2021-09-07,0.3302,0.4565,0.1263,False
rf,perf_drop_0.05_lookback_3,perf,63,2022-03-08,0.4597,0.5128,0.0531,True
rf,perf_drop_0.05_lookback_3,perf,69,2022-09-07,0.466,0.3749,-0.0912,False
rf,perf_drop_0.05_lookback_3,perf,76,2023-04-10,0.441,0.456,0.015,False
rf,perf_drop_0.05_lookback_3,perf,81,2023-09-08,0.4622,0.4768,0.0146,False
rf,perf_drop_0.05_lookback_4,perf,8,2017-08-04,0.3648,0.3622,-0.0025,False
rf,perf_drop_0.05_lookback_4,perf,11,2017-11-02,0.3515,0.562,0.2104,False
rf,perf_drop_0.05_lookback_4,perf,17,2018-05-07,0.5156,0.3972,-0.1183,False
rf,perf_drop_0.05_lookback_4,perf,21,2018-09-05,0.3972,0.3414,-0.0558,False
rf,perf_drop_0.05_lookback_4,perf,24,2018-12-04,0.3642,0.4406,0.0764,False
rf,perf_drop_0.05_lookback_4,perf,29,2019-05-08,0.3688,0.5067,0.1379,False
rf,perf_drop_0.05_lookback_4,perf,37,2020-01-07,0.4607,0.369,-0.0917,True
rf,perf_drop_0.05_lookback_4,perf,40,2020-04-07,0.3691,0.4019,0.0328,True
rf,perf_drop_0.05_lookback_4,perf,44,2020-08-06,0.4019,0.4671,0.0652,False
rf,perf_drop_0.05_lookback_4,perf,53,2021-05-07,0.4284,0.3442,-0.0842,False
rf,perf_drop_0.05_lookback_4,perf,57,2021-09-07,0.3442,0.4545,0.1103,False
rf,perf_drop_0.05_lookback_4,perf,64,2022-04-06,0.381,0.5503,0.1693,True
rf,perf_drop_0.05_lookback_4,perf,70,2022-10-06,0.4894,0.4391,-0.0503,False
rf,perf_drop_0.05_lookback_4,perf,77,2023-05-09,0.4322,0.3764,-0.0558,False
rf,perf_drop_0.05_lookback_6,perf,10,2017-10-04,0.3153,0.4326,0.1173,False
rf,perf_drop_0.05_lookback_6,perf,18,2018-06-06,0.4203,0.3656,-0.0546,False
rf,perf_drop_0.05_lookback_6,perf,21,2018-09-05,0.4073,0.3579,-0.0494,False
rf,perf_drop_0.05_lookback_6,perf,25,2019-01-07,0.3579,0.3625,0.0046,False
rf,perf_drop_0.05_lookback_6,perf,30,2019-06-07,0.2995,0.4764,0.1769,False
rf,perf_drop_0.05_lookback_6,perf,40,2020-04-07,0.4121,0.4052,-0.007,True
rf,perf_drop_0.05_lookback_6,perf,43,2020-07-08,0.3911,0.3696,-0.0215,False
rf,perf_drop_0.05_lookback_6,perf,47,2020-11-04,0.3696,0.4172,0.0476,False
rf,perf_drop_0.05_lookback_6,perf,53,2021-05-07,0.3716,0.3566,-0.015,False
rf,perf_drop_0.05_lookback_6,perf,56,2021-08-06,0.3547,0.4032,0.0484,False
rf,perf_drop_0.05_lookback_6,perf,68,2022-08-08,0.3931,0.4262,0.0331,False
rf,perf_drop_0.05_lookback_6,perf,78,2023-06-08,0.3917,0.3775,-0.0142,False
rf,perf_drop_0.05_lookback_6,perf,82,2023-10-09,0.3775,0.3971,0.0196,False
rf,perf_drop_0.15_lookback_3,perf,18,2018-06-06,0.4305,0.3289,-0.1016,False
rf,perf_drop_0.15_lookback_3,perf,38,2020-02-06,0.3995,0.4125,0.013,True
rf,perf_drop_0.15_lookback_3,perf,43,2020-07-08,0.377,0.3696,-0.0074,False
rf,perf_drop_0.15_lookback_3,perf,55,2021-07-08,0.3844,0.3349,-0.0494,False
rf,perf_drop_0.15_lookback_3,perf,62,2022-02-04,0.4268,0.4509,0.0241,True
rf,perf_drop_0.15_lookback_3,perf,71,2022-11-04,0.4812,0.5289,0.0477,False
rf,perf_drop_0.15_lookback_3,perf,77,2023-05-09,0.4711,0.3934,-0.0777,False
rf,perf_drop_0.1_lookback_3,perf,8,2017-08-04,0.3648,0.3493,-0.0155,False
rf,perf_drop_0.1_lookback_3,perf,18,2018-06-06,0.4637,0.3677,-0.096,False
rf,perf_drop_0.1_lookback_3,perf,21,2018-09-05,0.3968,0.3553,-0.0415,False
rf,perf_drop_0.1_lookback_3,perf,28,2019-04-08,0.424,0.4368,0.0128,False
rf,perf_drop_0.1_lookback_3,perf,34,2019-10-07,0.4922,0.6003,0.1081,False
rf,perf_drop_0.1_lookback_3,perf,39,2020-03-09,0.4896,0.3786,-0.111,True
rf,perf_drop_0.1_lookback_3,perf,43,2020-07-08,0.3786,0.3696,-0.009,False
rf,perf_drop_0.1_lookback_3,perf,55,2021-07-08,0.3844,0.3349,-0.0494,False
rf,perf_drop_0.1_lookback_3,perf,62,2022-02-04,0.4268,0.4509,0.0241,True
rf,perf_drop_0.1_lookback_3,perf,71,2022-11-04,0.4812,0.5289,0.0477,False
rf,perf_drop_0.1_lookback_3,perf,77,2023-05-09,0.4711,0.3934,-0.0777,False
rf,perf_drop_0.1_lookback_4,perf,18,2018-06-06,0.4305,0.3656,-0.0649,False
rf,perf_drop_0.1_lookback_4,perf,21,2018-09-05,0.4073,0.3579,-0.0494,False
rf,perf_drop_0.1_lookback_4,perf,29,2019-05-08,0.3556,0.4692,0.1136,False
rf,perf_drop_0.1_lookback_4,perf,44,2020-08-06,0.4786,0.4547,-0.0239,False
rf,perf_drop_0.1_lookback_4,perf,53,2021-05-07,0.4314,0.3689,-0.0625,False
rf,perf_drop_0.1_lookback_4,perf,78,2023-06-08,0.3833,0.3577,-0.0255,False
rf,perf_drop_0.1_lookback_6,perf,56,2021-08-06,0.2659,0.3814,0.1155,False
rf,perf_drop_0.1_lookback_6,perf,73,2023-01-06,0.3403,0.4664,0.1261,False
rf,random,random,6,2017-06-06,0.4502,0.3803,-0.0699,False
rf,random,random,19,2018-07-06,0.4261,0.3204,-0.1056,False
rf,random,random,29,2019-05-08,0.2668,0.4692,0.2024,False
rf,random,random,53,2021-05-07,0.4852,0.3689,-0.1162,False
rf,random,random,70,2022-10-06,0.3295,0.4615,0.132,False
rf,random,random,76,2023-04-10,0.3793,0.4652,0.0858,False
rf,spy_msm_tau_1_0.83_tau_2_0.72_lb_3,spy_msm,7,2017-07-06,0.4098,0.4087,-0.0011,False
rf,spy_msm_tau_1_0.83_tau_2_0.72_lb_3,spy_msm,11,2017-11-02,0.4087,0.562,0.1532,False
rf,spy_msm_tau_1_0.83_tau_2_0.72_lb_3,spy_msm,15,2018-03-07,0.562,0.4783,-0.0837,False
rf,spy_msm_tau_1_0.83_tau_2_0.72_lb_3,spy_msm,21,2018-09-05,0.3885,0.3553,-0.0332,False
rf,spy_msm_tau_1_0.83_tau_2_0.72_lb_3,spy_msm,26,2019-02-06,0.4399,0.2944,-0.1455,False
rf,spy_msm_tau_1_0.83_tau_2_0.72_lb_3,spy_msm,31,2019-07-09,0.2971,0.4115,0.1144,False
rf,spy_msm_tau_1_0.83_tau_2_0.72_lb_3,spy_msm,38,2020-02-06,0.5509,0.3874,-0.1636,True
rf,spy_msm_tau_1_0.83_tau_2_0.72_lb_3,spy_msm,42,2020-06-08,0.3874,0.3527,-0.0347,False
rf,spy_msm_tau_1_0.83_tau_2_0.72_lb_3,spy_msm,46,2020-10-06,0.3527,0.5067,0.154,False
rf,spy_msm_tau_1_0.83_tau_2_0.72_lb_3,spy_msm,51,2021-03-09,0.4506,0.3596,-0.0909,False
rf,spy_msm_tau_1_0.83_tau_2_0.72_lb_3,spy_msm,55,2021-07-08,0.3596,0.3533,-0.0064,False
rf,spy_msm_tau_1_0.83_tau_2_0.72_lb_3,spy_msm,68,2022-08-08,0.3778,0.4274,0.0496,False
rf,spy_msm_tau_1_0.83_tau_2_0.72_lb_3,spy_msm,75,2023-03-09,0.446,0.4501,0.0041,False
rf,spy_msm_tau_1_0.83_tau_2_0.72_lb_3,spy_msm,78,2023-06-08,0.4284,0.4164,-0.0119,False
rf,spy_msm_tau_1_0.83_tau_2_0.72_lb_4,spy_msm,9,2017-09-05,0.3562,0.4752,0.119,False
rf,spy_msm_tau_1_0.83_tau_2_0.72_lb_4,spy_msm,15,2018-03-07,0.5381,0.4555,-0.0826,False
rf,spy_msm_tau_1_0.83_tau_2_0.72_lb_4,spy_msm,19,2018-07-06,0.4555,0.3204,-0.135,False
rf,spy_msm_tau_1_0.83_tau_2_0.72_lb_4,spy_msm,23,2018-11-02,0.3204,0.4347,0.1143,False
rf,spy_msm_tau_1_0.83_tau_2_0.72_lb_4,spy_msm,26,2019-02-06,0.3647,0.3071,-0.0576,False
rf,spy_msm_tau_1_0.83_tau_2_0.72_lb_4,spy_msm,31,2019-07-09,0.299,0.4232,0.1242,False
rf,spy_msm_tau_1_0.83_tau_2_0.72_lb_4,spy_msm,38,2020-02-06,0.5065,0.337,-0.1695,True
rf,spy_msm_tau_1_0.83_tau_2_0.72_lb_4,spy_msm,42,2020-06-08,0.337,0.3556,0.0186,False
rf,spy_msm_tau_1_0.83_tau_2_0.72_lb_4,spy_msm,46,2020-10-06,0.3556,0.5067,0.1511,False
rf,spy_msm_tau_1_0.83_tau_2_0.72_lb_4,spy_msm,51,2021-03-09,0.4506,0.3825,-0.0681,False
rf,spy_msm_tau_1_0.83_tau_2_0.72_lb_4,spy_msm,55,2021-07-08,0.3825,0.3533,-0.0292,False
rf,spy_msm_tau_1_0.83_tau_2_0.72_lb_4,spy_msm,59,2021-11-04,0.3533,0.4193,0.066,False
rf,spy_msm_tau_1_0.83_tau_2_0.72_lb_4,spy_msm,68,2022-08-08,0.3801,0.4274,0.0473,False
rf,spy_msm_tau_1_0.83_tau_2_0.72_lb_4,spy_msm,75,2023-03-09,0.4656,0.4468,-0.0187,False
rf,spy_msm_tau_1_0.83_tau_2_0.72_lb_4,spy_msm,79,2023-07-11,0.4468,0.4801,0.0332,False
rf,spy_msm_tau_1_0.83_tau_2_0.72_lb_6,spy_msm,13,2018-01-04,0.4185,0.5706,0.1521,False
rf,spy_msm_tau_1_0.83_tau_2_0.72_lb_6,spy_msm,17,2018-05-07,0.5706,0.4019,-0.1687,False
rf,spy_msm_tau_1_0.83_tau_2_0.72_lb_6,spy_msm,21,2018-09-05,0.4019,0.3308,-0.0711,False
rf,spy_msm_tau_1_0.83_tau_2_0.72_lb_6,spy_msm,25,2019-01-07,0.3308,0.3114,-0.0195,False
rf,spy_msm_tau_1_0.83_tau_2_0.72_lb_6,spy_msm,29,2019-05-08,0.3114,0.469,0.1577,False
rf,spy_msm_tau_1_0.83_tau_2_0.72_lb_6,spy_msm,39,2020-03-09,0.4302,0.3945,-0.0357,True
rf,spy_msm_tau_1_0.83_tau_2_0.72_lb_6,spy_msm,43,2020-07-08,0.3945,0.3997,0.0051,False
rf,spy_msm_tau_1_0.83_tau_2_0.72_lb_6,spy_msm,47,2020-11-04,0.3997,0.4161,0.0165,False
rf,spy_msm_tau_1_0.83_tau_2_0.72_lb_6,spy_msm,52,2021-04-08,0.3603,0.4471,0.0869,False
rf,spy_msm_tau_1_0.83_tau_2_0.72_lb_6,spy_msm,56,2021-08-06,0.4471,0.3814,-0.0657,False
rf,spy_msm_tau_1_0.83_tau_2_0.72_lb_6,spy_msm,60,2021-12-06,0.3814,0.3034,-0.078,False
rf,spy_msm_tau_1_0.83_tau_2_0.72_lb_6,spy_msm,68,2022-08-08,0.429,0.4169,-0.0121,False
rf,spy_msm_tau_1_0.83_tau_2_0.72_lb_6,spy_msm,72,2022-12-06,0.4169,0.4455,0.0286,False
rf,spy_msm_tau_1_0.83_tau_2_0.72_lb_6,spy_msm,75,2023-03-09,0.4514,0.4036,-0.0479,False
rf,spy_msm_tau_1_0.83_tau_2_0.72_lb_6,spy_msm,79,2023-07-11,0.4036,0.4611,0.0575,False
rf,spy_msm_tau_1_0.83_tau_2_0.75_lb_3,spy_msm,7,2017-07-06,0.4098,0.4087,-0.0011,False
rf,spy_msm_tau_1_0.83_tau_2_0.75_lb_3,spy_msm,11,2017-11-02,0.4087,0.562,0.1532,False
rf,spy_msm_tau_1_0.83_tau_2_0.75_lb_3,spy_msm,15,2018-03-07,0.562,0.4783,-0.0837,False
rf,spy_msm_tau_1_0.83_tau_2_0.75_lb_3,spy_msm,21,2018-09-05,0.3885,0.3553,-0.0332,False
rf,spy_msm_tau_1_0.83_tau_2_0.75_lb_3,spy_msm,26,2019-02-06,0.4399,0.2944,-0.1455,False
rf,spy_msm_tau_1_0.83_tau_2_0.75_lb_3,spy_msm,31,2019-07-09,0.2971,0.4115,0.1144,False
rf,spy_msm_tau_1_0.83_tau_2_0.75_lb_3,spy_msm,38,2020-02-06,0.5509,0.3874,-0.1636,True
rf,spy_msm_tau_1_0.83_tau_2_0.75_lb_3,spy_msm,42,2020-06-08,0.3874,0.3527,-0.0347,False
rf,spy_msm_tau_1_0.83_tau_2_0.75_lb_3,spy_msm,46,2020-10-06,0.3527,0.5067,0.154,False
rf,spy_msm_tau_1_0.83_tau_2_0.75_lb_3,spy_msm,51,2021-03-09,0.4506,0.3596,-0.0909,False
rf,spy_msm_tau_1_0.83_tau_2_0.75_lb_3,spy_msm,55,2021-07-08,0.3596,0.3533,-0.0064,False
rf,spy_msm_tau_1_0.83_tau_2_0.75_lb_3,spy_msm,68,2022-08-08,0.3778,0.4274,0.0496,False
rf,spy_msm_tau_1_0.83_tau_2_0.75_lb_3,spy_msm,75,2023-03-09,0.446,0.4501,0.0041,False
rf,spy_msm_tau_1_0.83_tau_2_0.75_lb_3,spy_msm,78,2023-06-08,0.4284,0.4164,-0.0119,False
rf,spy_msm_tau_1_0.83_tau_2_0.75_lb_4,spy_msm,9,2017-09-05,0.3562,0.4752,0.119,False
rf,spy_msm_tau_1_0.83_tau_2_0.75_lb_4,spy_msm,15,2018-03-07,0.5381,0.4555,-0.0826,False
rf,spy_msm_tau_1_0.83_tau_2_0.75_lb_4,spy_msm,19,2018-07-06,0.4555,0.3204,-0.135,False
rf,spy_msm_tau_1_0.83_tau_2_0.75_lb_4,spy_msm,23,2018-11-02,0.3204,0.4347,0.1143,False
rf,spy_msm_tau_1_0.83_tau_2_0.75_lb_4,spy_msm,26,2019-02-06,0.3647,0.3071,-0.0576,False
rf,spy_msm_tau_1_0.83_tau_2_0.75_lb_4,spy_msm,31,2019-07-09,0.299,0.4232,0.1242,False
rf,spy_msm_tau_1_0.83_tau_2_0.75_lb_4,spy_msm,38,2020-02-06,0.5065,0.337,-0.1695,True
rf,spy_msm_tau_1_0.83_tau_2_0.75_lb_4,spy_msm,42,2020-06-08,0.337,0.3556,0.0186,False
rf,spy_msm_tau_1_0.83_tau_2_0.75_lb_4,spy_msm,46,2020-10-06,0.3556,0.5067,0.1511,False
rf,spy_msm_tau_1_0.83_tau_2_0.75_lb_4,spy_msm,51,2021-03-09,0.4506,0.3825,-0.0681,False
rf,spy_msm_tau_1_0.83_tau_2_0.75_lb_4,spy_msm,55,2021-07-08,0.3825,0.3533,-0.0292,False
rf,spy_msm_tau_1_0.83_tau_2_0.75_lb_4,spy_msm,59,2021-11-04,0.3533,0.4193,0.066,False
rf,spy_msm_tau_1_0.83_tau_2_0.75_lb_4,spy_msm,68,2022-08-08,0.3801,0.4274,0.0473,False
rf,spy_msm_tau_1_0.83_tau_2_0.75_lb_4,spy_msm,75,2023-03-09,0.4656,0.4468,-0.0187,False
rf,spy_msm_tau_1_0.83_tau_2_0.75_lb_4,spy_msm,79,2023-07-11,0.4468,0.4801,0.0332,False
rf,spy_msm_tau_1_0.83_tau_2_0.75_lb_6,spy_msm,13,2018-01-04,0.4185,0.5706,0.1521,False
rf,spy_msm_tau_1_0.83_tau_2_0.75_lb_6,spy_msm,17,2018-05-07,0.5706,0.4019,-0.1687,False
rf,spy_msm_tau_1_0.83_tau_2_0.75_lb_6,spy_msm,21,2018-09-05,0.4019,0.3308,-0.0711,False
rf,spy_msm_tau_1_0.83_tau_2_0.75_lb_6,spy_msm,25,2019-01-07,0.3308,0.3114,-0.0195,False
rf,spy_msm_tau_1_0.83_tau_2_0.75_lb_6,spy_msm,29,2019-05-08,0.3114,0.469,0.1577,False
rf,spy_msm_tau_1_0.83_tau_2_0.75_lb_6,spy_msm,39,2020-03-09,0.4302,0.3945,-0.0357,True
rf,spy_msm_tau_1_0.83_tau_2_0.75_lb_6,spy_msm,43,2020-07-08,0.3945,0.3997,0.0051,False
rf,spy_msm_tau_1_0.83_tau_2_0.75_lb_6,spy_msm,47,2020-11-04,0.3997,0.4161,0.0165,False
rf,spy_msm_tau_1_0.83_tau_2_0.75_lb_6,spy_msm,52,2021-04-08,0.3603,0.4471,0.0869,False
rf,spy_msm_tau_1_0.83_tau_2_0.75_lb_6,spy_msm,56,2021-08-06,0.4471,0.3814,-0.0657,False
rf,spy_msm_tau_1_0.83_tau_2_0.75_lb_6,spy_msm,60,2021-12-06,0.3814,0.3034,-0.078,False
rf,spy_msm_tau_1_0.83_tau_2_0.75_lb_6,spy_msm,68,2022-08-08,0.429,0.4169,-0.0121,False
rf,spy_msm_tau_1_0.83_tau_2_0.75_lb_6,spy_msm,72,2022-12-06,0.4169,0.4455,0.0286,False
rf,spy_msm_tau_1_0.83_tau_2_0.75_lb_6,spy_msm,75,2023-03-09,0.4514,0.4036,-0.0479,False
rf,spy_msm_tau_1_0.83_tau_2_0.75_lb_6,spy_msm,79,2023-07-11,0.4036,0.4611,0.0575,False
rf,spy_msm_tau_1_0.83_tau_2_0.78_lb_3,spy_msm,7,2017-07-06,0.4098,0.4087,-0.0011,False
rf,spy_msm_tau_1_0.83_tau_2_0.78_lb_3,spy_msm,11,2017-11-02,0.4087,0.562,0.1532,False
rf,spy_msm_tau_1_0.83_tau_2_0.78_lb_3,spy_msm,15,2018-03-07,0.562,0.4783,-0.0837,False
rf,spy_msm_tau_1_0.83_tau_2_0.78_lb_3,spy_msm,21,2018-09-05,0.3885,0.3553,-0.0332,False
rf,spy_msm_tau_1_0.83_tau_2_0.78_lb_3,spy_msm,26,2019-02-06,0.4399,0.2944,-0.1455,False
rf,spy_msm_tau_1_0.83_tau_2_0.78_lb_3,spy_msm,31,2019-07-09,0.2971,0.4115,0.1144,False
rf,spy_msm_tau_1_0.83_tau_2_0.78_lb_3,spy_msm,38,2020-02-06,0.5509,0.3874,-0.1636,True
rf,spy_msm_tau_1_0.83_tau_2_0.78_lb_3,spy_msm,42,2020-06-08,0.3874,0.3527,-0.0347,False
rf,spy_msm_tau_1_0.83_tau_2_0.78_lb_3,spy_msm,46,2020-10-06,0.3527,0.5067,0.154,False
rf,spy_msm_tau_1_0.83_tau_2_0.78_lb_3,spy_msm,51,2021-03-09,0.4506,0.3596,-0.0909,False
rf,spy_msm_tau_1_0.83_tau_2_0.78_lb_3,spy_msm,55,2021-07-08,0.3596,0.3533,-0.0064,False
rf,spy_msm_tau_1_0.83_tau_2_0.78_lb_3,spy_msm,68,2022-08-08,0.3778,0.4274,0.0496,False
rf,spy_msm_tau_1_0.83_tau_2_0.78_lb_3,spy_msm,75,2023-03-09,0.446,0.4501,0.0041,False
rf,spy_msm_tau_1_0.83_tau_2_0.78_lb_3,spy_msm,78,2023-06-08,0.4284,0.4164,-0.0119,False
rf,spy_msm_tau_1_0.83_tau_2_0.78_lb_4,spy_msm,9,2017-09-05,0.3562,0.4752,0.119,False
rf,spy_msm_tau_1_0.83_tau_2_0.78_lb_4,spy_msm,15,2018-03-07,0.5381,0.4555,-0.0826,False
rf,spy_msm_tau_1_0.83_tau_2_0.78_lb_4,spy_msm,19,2018-07-06,0.4555,0.3204,-0.135,False
rf,spy_msm_tau_1_0.83_tau_2_0.78_lb_4,spy_msm,23,2018-11-02,0.3204,0.4347,0.1143,False
rf,spy_msm_tau_1_0.83_tau_2_0.78_lb_4,spy_msm,26,2019-02-06,0.3647,0.3071,-0.0576,False
rf,spy_msm_tau_1_0.83_tau_2_0.78_lb_4,spy_msm,31,2019-07-09,0.299,0.4232,0.1242,False
rf,spy_msm_tau_1_0.83_tau_2_0.78_lb_4,spy_msm,38,2020-02-06,0.5065,0.337,-0.1695,True
rf,spy_msm_tau_1_0.83_tau_2_0.78_lb_4,spy_msm,42,2020-06-08,0.337,0.3556,0.0186,False
rf,spy_msm_tau_1_0.83_tau_2_0.78_lb_4,spy_msm,46,2020-10-06,0.3556,0.5067,0.1511,False
rf,spy_msm_tau_1_0.83_tau_2_0.78_lb_4,spy_msm,51,2021-03-09,0.4506,0.3825,-0.0681,False
rf,spy_msm_tau_1_0.83_tau_2_0.78_lb_4,spy_msm,55,2021-07-08,0.3825,0.3533,-0.0292,False
rf,spy_msm_tau_1_0.83_tau_2_0.78_lb_4,spy_msm,59,2021-11-04,0.3533,0.4193,0.066,False
rf,spy_msm_tau_1_0.83_tau_2_0.78_lb_4,spy_msm,68,2022-08-08,0.3801,0.4274,0.0473,False
rf,spy_msm_tau_1_0.83_tau_2_0.78_lb_4,spy_msm,75,2023-03-09,0.4656,0.4468,-0.0187,False
rf,spy_msm_tau_1_0.83_tau_2_0.78_lb_4,spy_msm,79,2023-07-11,0.4468,0.4801,0.0332,False
rf,spy_msm_tau_1_0.83_tau_2_0.78_lb_6,spy_msm,13,2018-01-04,0.4185,0.5706,0.1521,False
rf,spy_msm_tau_1_0.83_tau_2_0.78_lb_6,spy_msm,17,2018-05-07,0.5706,0.4019,-0.1687,False
rf,spy_msm_tau_1_0.83_tau_2_0.78_lb_6,spy_msm,21,2018-09-05,0.4019,0.3308,-0.0711,False
rf,spy_msm_tau_1_0.83_tau_2_0.78_lb_6,spy_msm,25,2019-01-07,0.3308,0.3114,-0.0195,False
rf,spy_msm_tau_1_0.83_tau_2_0.78_lb_6,spy_msm,29,2019-05-08,0.3114,0.469,0.1577,False
rf,spy_msm_tau_1_0.83_tau_2_0.78_lb_6,spy_msm,39,2020-03-09,0.4302,0.3945,-0.0357,True
rf,spy_msm_tau_1_0.83_tau_2_0.78_lb_6,spy_msm,43,2020-07-08,0.3945,0.3997,0.0051,False
rf,spy_msm_tau_1_0.83_tau_2_0.78_lb_6,spy_msm,47,2020-11-04,0.3997,0.4161,0.0165,False
rf,spy_msm_tau_1_0.83_tau_2_0.78_lb_6,spy_msm,52,2021-04-08,0.3603,0.4471,0.0869,False
rf,spy_msm_tau_1_0.83_tau_2_0.78_lb_6,spy_msm,56,2021-08-06,0.4471,0.3814,-0.0657,False
rf,spy_msm_tau_1_0.83_tau_2_0.78_lb_6,spy_msm,60,2021-12-06,0.3814,0.3034,-0.078,False
rf,spy_msm_tau_1_0.83_tau_2_0.78_lb_6,spy_msm,68,2022-08-08,0.429,0.4169,-0.0121,False
rf,spy_msm_tau_1_0.83_tau_2_0.78_lb_6,spy_msm,72,2022-12-06,0.4169,0.4455,0.0286,False
rf,spy_msm_tau_1_0.83_tau_2_0.78_lb_6,spy_msm,75,2023-03-09,0.4514,0.4036,-0.0479,False
rf,spy_msm_tau_1_0.83_tau_2_0.78_lb_6,spy_msm,79,2023-07-11,0.4036,0.4611,0.0575,False
rf,spy_msm_tau_1_0.88_tau_2_0.72_lb_3,spy_msm,7,2017-07-06,0.4098,0.4087,-0.0011,False
rf,spy_msm_tau_1_0.88_tau_2_0.72_lb_3,spy_msm,11,2017-11-02,0.4087,0.562,0.1532,False
rf,spy_msm_tau_1_0.88_tau_2_0.72_lb_3,spy_msm,15,2018-03-07,0.562,0.4783,-0.0837,False
rf,spy_msm_tau_1_0.88_tau_2_0.72_lb_3,spy_msm,20,2018-08-06,0.4277,0.3513,-0.0764,False
rf,spy_msm_tau_1_0.88_tau_2_0.72_lb_3,spy_msm,26,2019-02-06,0.3076,0.3384,0.0308,False
rf,spy_msm_tau_1_0.88_tau_2_0.72_lb_3,spy_msm,30,2019-06-07,0.3384,0.5056,0.1672,False
rf,spy_msm_tau_1_0.88_tau_2_0.72_lb_3,spy_msm,38,2020-02-06,0.4808,0.3557,-0.1251,True
rf,spy_msm_tau_1_0.88_tau_2_0.72_lb_3,spy_msm,42,2020-06-08,0.3557,0.4176,0.0619,False
rf,spy_msm_tau_1_0.88_tau_2_0.72_lb_3,spy_msm,46,2020-10-06,0.4176,0.5223,0.1047,False
rf,spy_msm_tau_1_0.88_tau_2_0.72_lb_3,spy_msm,51,2021-03-09,0.5184,0.3779,-0.1405,False
rf,spy_msm_tau_1_0.88_tau_2_0.72_lb_3,spy_msm,55,2021-07-08,0.3779,0.3349,-0.043,False
rf,spy_msm_tau_1_0.88_tau_2_0.72_lb_3,spy_msm,68,2022-08-08,0.3775,0.4262,0.0487,False
rf,spy_msm_tau_1_0.88_tau_2_0.72_lb_3,spy_msm,75,2023-03-09,0.4836,0.4647,-0.0189,False
rf,spy_msm_tau_1_0.88_tau_2_0.72_lb_3,spy_msm,79,2023-07-11,0.4647,0.483,0.0183,False
rf,spy_msm_tau_1_0.88_tau_2_0.72_lb_4,spy_msm,9,2017-09-05,0.3562,0.4752,0.119,False
rf,spy_msm_tau_1_0.88_tau_2_0.72_lb_4,spy_msm,15,2018-03-07,0.5381,0.4555,-0.0826,False
rf,spy_msm_tau_1_0.88_tau_2_0.72_lb_4,spy_msm,19,2018-07-06,0.4555,0.3204,-0.135,False
rf,spy_msm_tau_1_0.88_tau_2_0.72_lb_4,spy_msm,23,2018-11-02,0.3204,0.4347,0.1143,False
rf,spy_msm_tau_1_0.88_tau_2_0.72_lb_4,spy_msm,26,2019-02-06,0.3647,0.3071,-0.0576,False
rf,spy_msm_tau_1_0.88_tau_2_0.72_lb_4,spy_msm,30,2019-06-07,0.3071,0.4782,0.1711,False
rf,spy_msm_tau_1_0.88_tau_2_0.72_lb_4,spy_msm,34,2019-10-07,0.4782,0.5645,0.0863,False
rf,spy_msm_tau_1_0.88_tau_2_0.72_lb_4,spy_msm,38,2020-02-06,0.5645,0.337,-0.2276,True
rf,spy_msm_tau_1_0.88_tau_2_0.72_lb_4,spy_msm,42,2020-06-08,0.337,0.3556,0.0186,False
rf,spy_msm_tau_1_0.88_tau_2_0.72_lb_4,spy_msm,46,2020-10-06,0.3556,0.5067,0.1511,False
rf,spy_msm_tau_1_0.88_tau_2_0.72_lb_4,spy_msm,50,2021-02-05,0.5067,0.3425,-0.1643,False
rf,spy_msm_tau_1_0.88_tau_2_0.72_lb_4,spy_msm,54,2021-06-08,0.3425,0.3233,-0.0192,False
rf,spy_msm_tau_1_0.88_tau_2_0.72_lb_4,spy_msm,58,2021-10-06,0.3233,0.4952,0.1719,False
rf,spy_msm_tau_1_0.88_tau_2_0.72_lb_4,spy_msm,68,2022-08-08,0.4089,0.4115,0.0026,False
rf,spy_msm_tau_1_0.88_tau_2_0.72_lb_4,spy_msm,75,2023-03-09,0.4671,0.475,0.008,False
rf,spy_msm_tau_1_0.88_tau_2_0.72_lb_4,spy_msm,79,2023-07-11,0.475,0.4831,0.008,False
rf,spy_msm_tau_1_0.88_tau_2_0.72_lb_6,spy_msm,13,2018-01-04,0.4185,0.5706,0.1521,False
rf,spy_msm_tau_1_0.88_tau_2_0.72_lb_6,spy_msm,17,2018-05-07,0.5706,0.4019,-0.1687,False
rf,spy_msm_tau_1_0.88_tau_2_0.72_lb_6,spy_msm,21,2018-09-05,0.4019,0.3308,-0.0711,False
rf,spy_msm_tau_1_0.88_tau_2_0.72_lb_6,spy_msm,25,2019-01-07,0.3308,0.3114,-0.0195,False
rf,spy_msm_tau_1_0.88_tau_2_0.72_lb_6,spy_msm,29,2019-05-08,0.3114,0.469,0.1577,False
rf,spy_msm_tau_1_0.88_tau_2_0.72_lb_6,spy_msm,33,2019-09-06,0.469,0.5795,0.1105,False
rf,spy_msm_tau_1_0.88_tau_2_0.72_lb_6,spy_msm,38,2020-02-06,0.5674,0.337,-0.2305,True
rf,spy_msm_tau_1_0.88_tau_2_0.72_lb_6,spy_msm,42,2020-06-08,0.337,0.3649,0.0279,False
rf,spy_msm_tau_1_0.88_tau_2_0.72_lb_6,spy_msm,46,2020-10-06,0.3649,0.5067,0.1418,False
rf,spy_msm_tau_1_0.88_tau_2_0.72_lb_6,spy_msm,50,2021-02-05,0.5067,0.3425,-0.1643,False
rf,spy_msm_tau_1_0.88_tau_2_0.72_lb_6,spy_msm,54,2021-06-08,0.3425,0.3233,-0.0192,False
rf,spy_msm_tau_1_0.88_tau_2_0.72_lb_6,spy_msm,58,2021-10-06,0.3233,0.4952,0.1719,False
rf,spy_msm_tau_1_0.88_tau_2_0.72_lb_6,spy_msm,68,2022-08-08,0.4089,0.4115,0.0026,False
rf,spy_msm_tau_1_0.88_tau_2_0.72_lb_6,spy_msm,72,2022-12-06,0.4115,0.52,0.1085,False
rf,spy_msm_tau_1_0.88_tau_2_0.72_lb_6,spy_msm,75,2023-03-09,0.5166,0.4468,-0.0698,False
rf,spy_msm_tau_1_0.88_tau_2_0.72_lb_6,spy_msm,79,2023-07-11,0.4468,0.4801,0.0332,False
rf,spy_msm_tau_1_0.88_tau_2_0.75_lb_3,spy_msm,7,2017-07-06,0.4098,0.4087,-0.0011,False
rf,spy_msm_tau_1_0.88_tau_2_0.75_lb_3,spy_msm,11,2017-11-02,0.4087,0.562,0.1532,False
rf,spy_msm_tau_1_0.88_tau_2_0.75_lb_3,spy_msm,15,2018-03-07,0.562,0.4783,-0.0837,False
rf,spy_msm_tau_1_0.88_tau_2_0.75_lb_3,spy_msm,20,2018-08-06,0.4277,0.3513,-0.0764,False
rf,spy_msm_tau_1_0.88_tau_2_0.75_lb_3,spy_msm,26,2019-02-06,0.3076,0.3384,0.0308,False
rf,spy_msm_tau_1_0.88_tau_2_0.75_lb_3,spy_msm,30,2019-06-07,0.3384,0.5056,0.1672,False
rf,spy_msm_tau_1_0.88_tau_2_0.75_lb_3,spy_msm,38,2020-02-06,0.4808,0.3557,-0.1251,True
rf,spy_msm_tau_1_0.88_tau_2_0.75_lb_3,spy_msm,42,2020-06-08,0.3557,0.4176,0.0619,False
rf,spy_msm_tau_1_0.88_tau_2_0.75_lb_3,spy_msm,46,2020-10-06,0.4176,0.5223,0.1047,False
rf,spy_msm_tau_1_0.88_tau_2_0.75_lb_3,spy_msm,51,2021-03-09,0.5184,0.3779,-0.1405,False
rf,spy_msm_tau_1_0.88_tau_2_0.75_lb_3,spy_msm,55,2021-07-08,0.3779,0.3349,-0.043,False
rf,spy_msm_tau_1_0.88_tau_2_0.75_lb_3,spy_msm,68,2022-08-08,0.3775,0.4262,0.0487,False
rf,spy_msm_tau_1_0.88_tau_2_0.75_lb_3,spy_msm,75,2023-03-09,0.4836,0.4647,-0.0189,False
rf,spy_msm_tau_1_0.88_tau_2_0.75_lb_3,spy_msm,79,2023-07-11,0.4647,0.483,0.0183,False
rf,spy_msm_tau_1_0.88_tau_2_0.75_lb_4,spy_msm,9,2017-09-05,0.3562,0.4752,0.119,False
rf,spy_msm_tau_1_0.88_tau_2_0.75_lb_4,spy_msm,15,2018-03-07,0.5381,0.4555,-0.0826,False
rf,spy_msm_tau_1_0.88_tau_2_0.75_lb_4,spy_msm,19,2018-07-06,0.4555,0.3204,-0.135,False
rf,spy_msm_tau_1_0.88_tau_2_0.75_lb_4,spy_msm,23,2018-11-02,0.3204,0.4347,0.1143,False
rf,spy_msm_tau_1_0.88_tau_2_0.75_lb_4,spy_msm,26,2019-02-06,0.3647,0.3071,-0.0576,False
rf,spy_msm_tau_1_0.88_tau_2_0.75_lb_4,spy_msm,30,2019-06-07,0.3071,0.4782,0.1711,False
rf,spy_msm_tau_1_0.88_tau_2_0.75_lb_4,spy_msm,34,2019-10-07,0.4782,0.5645,0.0863,False
rf,spy_msm_tau_1_0.88_tau_2_0.75_lb_4,spy_msm,38,2020-02-06,0.5645,0.337,-0.2276,True
rf,spy_msm_tau_1_0.88_tau_2_0.75_lb_4,spy_msm,42,2020-06-08,0.337,0.3556,0.0186,False
rf,spy_msm_tau_1_0.88_tau_2_0.75_lb_4,spy_msm,46,2020-10-06,0.3556,0.5067,0.1511,False
rf,spy_msm_tau_1_0.88_tau_2_0.75_lb_4,spy_msm,50,2021-02-05,0.5067,0.3425,-0.1643,False
rf,spy_msm_tau_1_0.88_tau_2_0.75_lb_4,spy_msm,54,2021-06-08,0.3425,0.3233,-0.0192,False
rf,spy_msm_tau_1_0.88_tau_2_0.75_lb_4,spy_msm,58,2021-10-06,0.3233,0.4952,0.1719,False
rf,spy_msm_tau_1_0.88_tau_2_0.75_lb_4,spy_msm,68,2022-08-08,0.4089,0.4115,0.0026,False
rf,spy_msm_tau_1_0.88_tau_2_0.75_lb_4,spy_msm,75,2023-03-09,0.4671,0.475,0.008,False
rf,spy_msm_tau_1_0.88_tau_2_0.75_lb_4,spy_msm,79,2023-07-11,0.475,0.4831,0.008,False
rf,spy_msm_tau_1_0.88_tau_2_0.75_lb_6,spy_msm,13,2018-01-04,0.4185,0.5706,0.1521,False
rf,spy_msm_tau_1_0.88_tau_2_0.75_lb_6,spy_msm,17,2018-05-07,0.5706,0.4019,-0.1687,False
rf,spy_msm_tau_1_0.88_tau_2_0.75_lb_6,spy_msm,21,2018-09-05,0.4019,0.3308,-0.0711,False
rf,spy_msm_tau_1_0.88_tau_2_0.75_lb_6,spy_msm,25,2019-01-07,0.3308,0.3114,-0.0195,False
rf,spy_msm_tau_1_0.88_tau_2_0.75_lb_6,spy_msm,29,2019-05-08,0.3114,0.469,0.1577,False
rf,spy_msm_tau_1_0.88_tau_2_0.75_lb_6,spy_msm,33,2019-09-06,0.469,0.5795,0.1105,False
rf,spy_msm_tau_1_0.88_tau_2_0.75_lb_6,spy_msm,38,2020-02-06,0.5674,0.337,-0.2305,True
rf,spy_msm_tau_1_0.88_tau_2_0.75_lb_6,spy_msm,42,2020-06-08,0.337,0.3649,0.0279,False
rf,spy_msm_tau_1_0.88_tau_2_0.75_lb_6,spy_msm,46,2020-10-06,0.3649,0.5067,0.1418,False
rf,spy_msm_tau_1_0.88_tau_2_0.75_lb_6,spy_msm,50,2021-02-05,0.5067,0.3425,-0.1643,False
rf,spy_msm_tau_1_0.88_tau_2_0.75_lb_6,spy_msm,54,2021-06-08,0.3425,0.3233,-0.0192,False
rf,spy_msm_tau_1_0.88_tau_2_0.75_lb_6,spy_msm,58,2021-10-06,0.3233,0.4952,0.1719,False
rf,spy_msm_tau_1_0.88_tau_2_0.75_lb_6,spy_msm,68,2022-08-08,0.4089,0.4115,0.0026,False
rf,spy_msm_tau_1_0.88_tau_2_0.75_lb_6,spy_msm,72,2022-12-06,0.4115,0.52,0.1085,False
rf,spy_msm_tau_1_0.88_tau_2_0.75_lb_6,spy_msm,75,2023-03-09,0.5166,0.4468,-0.0698,False
rf,spy_msm_tau_1_0.88_tau_2_0.75_lb_6,spy_msm,79,2023-07-11,0.4468,0.4801,0.0332,False
rf,spy_msm_tau_1_0.88_tau_2_0.78_lb_3,spy_msm,7,2017-07-06,0.4098,0.4087,-0.0011,False
rf,spy_msm_tau_1_0.88_tau_2_0.78_lb_3,spy_msm,11,2017-11-02,0.4087,0.562,0.1532,False
rf,spy_msm_tau_1_0.88_tau_2_0.78_lb_3,spy_msm,15,2018-03-07,0.562,0.4783,-0.0837,False
rf,spy_msm_tau_1_0.88_tau_2_0.78_lb_3,spy_msm,20,2018-08-06,0.4277,0.3513,-0.0764,False
rf,spy_msm_tau_1_0.88_tau_2_0.78_lb_3,spy_msm,26,2019-02-06,0.3076,0.3384,0.0308,False
rf,spy_msm_tau_1_0.88_tau_2_0.78_lb_3,spy_msm,30,2019-06-07,0.3384,0.5056,0.1672,False
rf,spy_msm_tau_1_0.88_tau_2_0.78_lb_3,spy_msm,38,2020-02-06,0.4808,0.3557,-0.1251,True
rf,spy_msm_tau_1_0.88_tau_2_0.78_lb_3,spy_msm,42,2020-06-08,0.3557,0.4176,0.0619,False
rf,spy_msm_tau_1_0.88_tau_2_0.78_lb_3,spy_msm,46,2020-10-06,0.4176,0.5223,0.1047,False
rf,spy_msm_tau_1_0.88_tau_2_0.78_lb_3,spy_msm,50,2021-02-05,0.5223,0.3725,-0.1498,False
rf,spy_msm_tau_1_0.88_tau_2_0.78_lb_3,spy_msm,54,2021-06-08,0.3725,0.3666,-0.0058,False
rf,spy_msm_tau_1_0.88_tau_2_0.78_lb_3,spy_msm,57,2021-09-07,0.362,0.4545,0.0925,False
rf,spy_msm_tau_1_0.88_tau_2_0.78_lb_3,spy_msm,68,2022-08-08,0.4382,0.464,0.0258,False
rf,spy_msm_tau_1_0.88_tau_2_0.78_lb_3,spy_msm,75,2023-03-09,0.4656,0.475,0.0095,False
rf,spy_msm_tau_1_0.88_tau_2_0.78_lb_3,spy_msm,79,2023-07-11,0.475,0.4837,0.0087,False
rf,spy_msm_tau_1_0.88_tau_2_0.78_lb_4,spy_msm,9,2017-09-05,0.3562,0.4752,0.119,False
rf,spy_msm_tau_1_0.88_tau_2_0.78_lb_4,spy_msm,15,2018-03-07,0.5381,0.4555,-0.0826,False
rf,spy_msm_tau_1_0.88_tau_2_0.78_lb_4,spy_msm,19,2018-07-06,0.4555,0.3204,-0.135,False
rf,spy_msm_tau_1_0.88_tau_2_0.78_lb_4,spy_msm,23,2018-11-02,0.3204,0.4347,0.1143,False
rf,spy_msm_tau_1_0.88_tau_2_0.78_lb_4,spy_msm,26,2019-02-06,0.3647,0.3071,-0.0576,False
rf,spy_msm_tau_1_0.88_tau_2_0.78_lb_4,spy_msm,30,2019-06-07,0.3071,0.4782,0.1711,False
rf,spy_msm_tau_1_0.88_tau_2_0.78_lb_4,spy_msm,34,2019-10-07,0.4782,0.5399,0.0617,False
rf,spy_msm_tau_1_0.88_tau_2_0.78_lb_4,spy_msm,37,2020-01-07,0.5492,0.3488,-0.2005,True
rf,spy_msm_tau_1_0.88_tau_2_0.78_lb_4,spy_msm,41,2020-05-07,0.3488,0.3434,-0.0053,False
rf,spy_msm_tau_1_0.88_tau_2_0.78_lb_4,spy_msm,45,2020-09-04,0.3434,0.4738,0.1304,False
rf,spy_msm_tau_1_0.88_tau_2_0.78_lb_4,spy_msm,50,2021-02-05,0.4835,0.3631,-0.1204,False
rf,spy_msm_tau_1_0.88_tau_2_0.78_lb_4,spy_msm,54,2021-06-08,0.3631,0.3233,-0.0398,False
rf,spy_msm_tau_1_0.88_tau_2_0.78_lb_4,spy_msm,58,2021-10-06,0.3233,0.4952,0.1719,False
rf,spy_msm_tau_1_0.88_tau_2_0.78_lb_4,spy_msm,68,2022-08-08,0.4089,0.4115,0.0026,False
rf,spy_msm_tau_1_0.88_tau_2_0.78_lb_4,spy_msm,75,2023-03-09,0.4671,0.475,0.008,False
rf,spy_msm_tau_1_0.88_tau_2_0.78_lb_4,spy_msm,79,2023-07-11,0.475,0.4831,0.008,False
rf,spy_msm_tau_1_0.88_tau_2_0.78_lb_6,spy_msm,13,2018-01-04,0.4185,0.5706,0.1521,False
rf,spy_msm_tau_1_0.88_tau_2_0.78_lb_6,spy_msm,17,2018-05-07,0.5706,0.4019,-0.1687,False
rf,spy_msm_tau_1_0.88_tau_2_0.78_lb_6,spy_msm,21,2018-09-05,0.4019,0.3308,-0.0711,False
rf,spy_msm_tau_1_0.88_tau_2_0.78_lb_6,spy_msm,25,2019-01-07,0.3308,0.3114,-0.0195,False
rf,spy_msm_tau_1_0.88_tau_2_0.78_lb_6,spy_msm,29,2019-05-08,0.3114,0.469,0.1577,False
rf,spy_msm_tau_1_0.88_tau_2_0.78_lb_6,spy_msm,33,2019-09-06,0.469,0.5795,0.1105,False
rf,spy_msm_tau_1_0.88_tau_2_0.78_lb_6,spy_msm,38,2020-02-06,0.5674,0.337,-0.2305,True
rf,spy_msm_tau_1_0.88_tau_2_0.78_lb_6,spy_msm,42,2020-06-08,0.337,0.3649,0.0279,False
rf,spy_msm_tau_1_0.88_tau_2_0.78_lb_6,spy_msm,46,2020-10-06,0.3649,0.5067,0.1418,False
rf,spy_msm_tau_1_0.88_tau_2_0.78_lb_6,spy_msm,50,2021-02-05,0.5067,0.3425,-0.1643,False
rf,spy_msm_tau_1_0.88_tau_2_0.78_lb_6,spy_msm,54,2021-06-08,0.3425,0.3233,-0.0192,False
rf,spy_msm_tau_1_0.88_tau_2_0.78_lb_6,spy_msm,58,2021-10-06,0.3233,0.4952,0.1719,False
rf,spy_msm_tau_1_0.88_tau_2_0.78_lb_6,spy_msm,68,2022-08-08,0.4089,0.4115,0.0026,False
rf,spy_msm_tau_1_0.88_tau_2_0.78_lb_6,spy_msm,72,2022-12-06,0.4115,0.52,0.1085,False
rf,spy_msm_tau_1_0.88_tau_2_0.78_lb_6,spy_msm,75,2023-03-09,0.5166,0.4468,-0.0698,False
rf,spy_msm_tau_1_0.88_tau_2_0.78_lb_6,spy_msm,79,2023-07-11,0.4468,0.4801,0.0332,False
rf,spy_msm_tau_1_0.8_tau_2_0.72_lb_3,spy_msm,7,2017-07-06,0.4098,0.4087,-0.0011,False
rf,spy_msm_tau_1_0.8_tau_2_0.72_lb_3,spy_msm,11,2017-11-02,0.4087,0.562,0.1532,False
rf,spy_msm_tau_1_0.8_tau_2_0.72_lb_3,spy_msm,15,2018-03-07,0.562,0.4783,-0.0837,False
rf,spy_msm_tau_1_0.8_tau_2_0.72_lb_3,spy_msm,21,2018-09-05,0.3885,0.3553,-0.0332,False
rf,spy_msm_tau_1_0.8_tau_2_0.72_lb_3,spy_msm,26,2019-02-06,0.4399,0.2944,-0.1455,False
rf,spy_msm_tau_1_0.8_tau_2_0.72_lb_3,spy_msm,31,2019-07-09,0.2971,0.4115,0.1144,False
rf,spy_msm_tau_1_0.8_tau_2_0.72_lb_3,spy_msm,38,2020-02-06,0.5509,0.3874,-0.1636,True
rf,spy_msm_tau_1_0.8_tau_2_0.72_lb_3,spy_msm,42,2020-06-08,0.3874,0.3527,-0.0347,False
rf,spy_msm_tau_1_0.8_tau_2_0.72_lb_3,spy_msm,46,2020-10-06,0.3527,0.5067,0.154,False
rf,spy_msm_tau_1_0.8_tau_2_0.72_lb_3,spy_msm,51,2021-03-09,0.4506,0.3596,-0.0909,False
rf,spy_msm_tau_1_0.8_tau_2_0.72_lb_3,spy_msm,55,2021-07-08,0.3596,0.3533,-0.0064,False
rf,spy_msm_tau_1_0.8_tau_2_0.72_lb_3,spy_msm,68,2022-08-08,0.3778,0.4274,0.0496,False
rf,spy_msm_tau_1_0.8_tau_2_0.72_lb_3,spy_msm,75,2023-03-09,0.446,0.4501,0.0041,False
rf,spy_msm_tau_1_0.8_tau_2_0.72_lb_3,spy_msm,78,2023-06-08,0.4284,0.4164,-0.0119,False
rf,spy_msm_tau_1_0.8_tau_2_0.72_lb_4,spy_msm,9,2017-09-05,0.3562,0.4752,0.119,False
rf,spy_msm_tau_1_0.8_tau_2_0.72_lb_4,spy_msm,15,2018-03-07,0.5381,0.4555,-0.0826,False
rf,spy_msm_tau_1_0.8_tau_2_0.72_lb_4,spy_msm,19,2018-07-06,0.4555,0.3204,-0.135,False
rf,spy_msm_tau_1_0.8_tau_2_0.72_lb_4,spy_msm,23,2018-11-02,0.3204,0.4347,0.1143,False
rf,spy_msm_tau_1_0.8_tau_2_0.72_lb_4,spy_msm,26,2019-02-06,0.3647,0.3071,-0.0576,False
rf,spy_msm_tau_1_0.8_tau_2_0.72_lb_4,spy_msm,31,2019-07-09,0.299,0.4232,0.1242,False
rf,spy_msm_tau_1_0.8_tau_2_0.72_lb_4,spy_msm,38,2020-02-06,0.5065,0.337,-0.1695,True
rf,spy_msm_tau_1_0.8_tau_2_0.72_lb_4,spy_msm,42,2020-06-08,0.337,0.3556,0.0186,False
rf,spy_msm_tau_1_0.8_tau_2_0.72_lb_4,spy_msm,46,2020-10-06,0.3556,0.5067,0.1511,False
rf,spy_msm_tau_1_0.8_tau_2_0.72_lb_4,spy_msm,51,2021-03-09,0.4506,0.3825,-0.0681,False
rf,spy_msm_tau_1_0.8_tau_2_0.72_lb_4,spy_msm,55,2021-07-08,0.3825,0.3533,-0.0292,False
rf,spy_msm_tau_1_0.8_tau_2_0.72_lb_4,spy_msm,59,2021-11-04,0.3533,0.4193,0.066,False
rf,spy_msm_tau_1_0.8_tau_2_0.72_lb_4,spy_msm,68,2022-08-08,0.3801,0.4274,0.0473,False
rf,spy_msm_tau_1_0.8_tau_2_0.72_lb_4,spy_msm,75,2023-03-09,0.4656,0.4468,-0.0187,False
rf,spy_msm_tau_1_0.8_tau_2_0.72_lb_4,spy_msm,79,2023-07-11,0.4468,0.4801,0.0332,False
rf,spy_msm_tau_1_0.8_tau_2_0.72_lb_6,spy_msm,13,2018-01-04,0.4185,0.5706,0.1521,False
rf,spy_msm_tau_1_0.8_tau_2_0.72_lb_6,spy_msm,17,2018-05-07,0.5706,0.4019,-0.1687,False
rf,spy_msm_tau_1_0.8_tau_2_0.72_lb_6,spy_msm,21,2018-09-05,0.4019,0.3308,-0.0711,False
rf,spy_msm_tau_1_0.8_tau_2_0.72_lb_6,spy_msm,25,2019-01-07,0.3308,0.3114,-0.0195,False
rf,spy_msm_tau_1_0.8_tau_2_0.72_lb_6,spy_msm,29,2019-05-08,0.3114,0.469,0.1577,False
rf,spy_msm_tau_1_0.8_tau_2_0.72_lb_6,spy_msm,39,2020-03-09,0.4302,0.3945,-0.0357,True
rf,spy_msm_tau_1_0.8_tau_2_0.72_lb_6,spy_msm,43,2020-07-08,0.3945,0.3997,0.0051,False
rf,spy_msm_tau_1_0.8_tau_2_0.72_lb_6,spy_msm,47,2020-11-04,0.3997,0.4161,0.0165,False
rf,spy_msm_tau_1_0.8_tau_2_0.72_lb_6,spy_msm,52,2021-04-08,0.3603,0.4471,0.0869,False
rf,spy_msm_tau_1_0.8_tau_2_0.72_lb_6,spy_msm,56,2021-08-06,0.4471,0.3814,-0.0657,False
rf,spy_msm_tau_1_0.8_tau_2_0.72_lb_6,spy_msm,60,2021-12-06,0.3814,0.3034,-0.078,False
rf,spy_msm_tau_1_0.8_tau_2_0.72_lb_6,spy_msm,68,2022-08-08,0.429,0.4169,-0.0121,False
rf,spy_msm_tau_1_0.8_tau_2_0.72_lb_6,spy_msm,72,2022-12-06,0.4169,0.4455,0.0286,False
rf,spy_msm_tau_1_0.8_tau_2_0.72_lb_6,spy_msm,75,2023-03-09,0.4514,0.4036,-0.0479,False
rf,spy_msm_tau_1_0.8_tau_2_0.72_lb_6,spy_msm,79,2023-07-11,0.4036,0.4611,0.0575,False
rf,spy_msm_tau_1_0.8_tau_2_0.75_lb_3,spy_msm,7,2017-07-06,0.4098,0.4087,-0.0011,False
rf,spy_msm_tau_1_0.8_tau_2_0.75_lb_3,spy_msm,11,2017-11-02,0.4087,0.562,0.1532,False
rf,spy_msm_tau_1_0.8_tau_2_0.75_lb_3,spy_msm,15,2018-03-07,0.562,0.4783,-0.0837,False
rf,spy_msm_tau_1_0.8_tau_2_0.75_lb_3,spy_msm,21,2018-09-05,0.3885,0.3553,-0.0332,False
rf,spy_msm_tau_1_0.8_tau_2_0.75_lb_3,spy_msm,26,2019-02-06,0.4399,0.2944,-0.1455,False
rf,spy_msm_tau_1_0.8_tau_2_0.75_lb_3,spy_msm,31,2019-07-09,0.2971,0.4115,0.1144,False
rf,spy_msm_tau_1_0.8_tau_2_0.75_lb_3,spy_msm,38,2020-02-06,0.5509,0.3874,-0.1636,True
rf,spy_msm_tau_1_0.8_tau_2_0.75_lb_3,spy_msm,42,2020-06-08,0.3874,0.3527,-0.0347,False
rf,spy_msm_tau_1_0.8_tau_2_0.75_lb_3,spy_msm,46,2020-10-06,0.3527,0.5067,0.154,False
rf,spy_msm_tau_1_0.8_tau_2_0.75_lb_3,spy_msm,51,2021-03-09,0.4506,0.3596,-0.0909,False
rf,spy_msm_tau_1_0.8_tau_2_0.75_lb_3,spy_msm,55,2021-07-08,0.3596,0.3533,-0.0064,False
rf,spy_msm_tau_1_0.8_tau_2_0.75_lb_3,spy_msm,68,2022-08-08,0.3778,0.4274,0.0496,False
rf,spy_msm_tau_1_0.8_tau_2_0.75_lb_3,spy_msm,75,2023-03-09,0.446,0.4501,0.0041,False
rf,spy_msm_tau_1_0.8_tau_2_0.75_lb_3,spy_msm,78,2023-06-08,0.4284,0.4164,-0.0119,False
rf,spy_msm_tau_1_0.8_tau_2_0.75_lb_4,spy_msm,9,2017-09-05,0.3562,0.4752,0.119,False
rf,spy_msm_tau_1_0.8_tau_2_0.75_lb_4,spy_msm,15,2018-03-07,0.5381,0.4555,-0.0826,False
rf,spy_msm_tau_1_0.8_tau_2_0.75_lb_4,spy_msm,19,2018-07-06,0.4555,0.3204,-0.135,False
rf,spy_msm_tau_1_0.8_tau_2_0.75_lb_4,spy_msm,23,2018-11-02,0.3204,0.4347,0.1143,False
rf,spy_msm_tau_1_0.8_tau_2_0.75_lb_4,spy_msm,26,2019-02-06,0.3647,0.3071,-0.0576,False
rf,spy_msm_tau_1_0.8_tau_2_0.75_lb_4,spy_msm,31,2019-07-09,0.299,0.4232,0.1242,False
rf,spy_msm_tau_1_0.8_tau_2_0.75_lb_4,spy_msm,38,2020-02-06,0.5065,0.337,-0.1695,True
rf,spy_msm_tau_1_0.8_tau_2_0.75_lb_4,spy_msm,42,2020-06-08,0.337,0.3556,0.0186,False
rf,spy_msm_tau_1_0.8_tau_2_0.75_lb_4,spy_msm,46,2020-10-06,0.3556,0.5067,0.1511,False
rf,spy_msm_tau_1_0.8_tau_2_0.75_lb_4,spy_msm,51,2021-03-09,0.4506,0.3825,-0.0681,False
rf,spy_msm_tau_1_0.8_tau_2_0.75_lb_4,spy_msm,55,2021-07-08,0.3825,0.3533,-0.0292,False
rf,spy_msm_tau_1_0.8_tau_2_0.75_lb_4,spy_msm,59,2021-11-04,0.3533,0.4193,0.066,False
rf,spy_msm_tau_1_0.8_tau_2_0.75_lb_4,spy_msm,68,2022-08-08,0.3801,0.4274,0.0473,False
rf,spy_msm_tau_1_0.8_tau_2_0.75_lb_4,spy_msm,75,2023-03-09,0.4656,0.4468,-0.0187,False
rf,spy_msm_tau_1_0.8_tau_2_0.75_lb_4,spy_msm,79,2023-07-11,0.4468,0.4801,0.0332,False
rf,spy_msm_tau_1_0.8_tau_2_0.75_lb_6,spy_msm,13,2018-01-04,0.4185,0.5706,0.1521,False
rf,spy_msm_tau_1_0.8_tau_2_0.75_lb_6,spy_msm,17,2018-05-07,0.5706,0.4019,-0.1687,False
rf,spy_msm_tau_1_0.8_tau_2_0.75_lb_6,spy_msm,21,2018-09-05,0.4019,0.3308,-0.0711,False
rf,spy_msm_tau_1_0.8_tau_2_0.75_lb_6,spy_msm,25,2019-01-07,0.3308,0.3114,-0.0195,False
rf,spy_msm_tau_1_0.8_tau_2_0.75_lb_6,spy_msm,29,2019-05-08,0.3114,0.469,0.1577,False
rf,spy_msm_tau_1_0.8_tau_2_0.75_lb_6,spy_msm,39,2020-03-09,0.4302,0.3945,-0.0357,True
rf,spy_msm_tau_1_0.8_tau_2_0.75_lb_6,spy_msm,43,2020-07-08,0.3945,0.3997,0.0051,False
rf,spy_msm_tau_1_0.8_tau_2_0.75_lb_6,spy_msm,47,2020-11-04,0.3997,0.4161,0.0165,False
rf,spy_msm_tau_1_0.8_tau_2_0.75_lb_6,spy_msm,52,2021-04-08,0.3603,0.4471,0.0869,False
rf,spy_msm_tau_1_0.8_tau_2_0.75_lb_6,spy_msm,56,2021-08-06,0.4471,0.3814,-0.0657,False
rf,spy_msm_tau_1_0.8_tau_2_0.75_lb_6,spy_msm,60,2021-12-06,0.3814,0.3034,-0.078,False
rf,spy_msm_tau_1_0.8_tau_2_0.75_lb_6,spy_msm,68,2022-08-08,0.429,0.4169,-0.0121,False
rf,spy_msm_tau_1_0.8_tau_2_0.75_lb_6,spy_msm,72,2022-12-06,0.4169,0.4455,0.0286,False
rf,spy_msm_tau_1_0.8_tau_2_0.75_lb_6,spy_msm,75,2023-03-09,0.4514,0.4036,-0.0479,False
rf,spy_msm_tau_1_0.8_tau_2_0.75_lb_6,spy_msm,79,2023-07-11,0.4036,0.4611,0.0575,False
rf,timeout_msm_tau_1_0.83_tau_2_0.72_lb_3,timeout_msm,7,2017-07-06,0.4098,0.4087,-0.0011,False
rf,timeout_msm_tau_1_0.83_tau_2_0.72_lb_3,timeout_msm,11,2017-11-02,0.4087,0.562,0.1532,False
rf,timeout_msm_tau_1_0.83_tau_2_0.72_lb_3,timeout_msm,16,2018-04-06,0.5465,0.41,-0.1365,False
rf,timeout_msm_tau_1_0.83_tau_2_0.72_lb_3,timeout_msm,20,2018-08-06,0.41,0.3513,-0.0587,False
rf,timeout_msm_tau_1_0.83_tau_2_0.72_lb_3,timeout_msm,24,2018-12-04,0.3513,0.4154,0.0641,False
rf,timeout_msm_tau_1_0.83_tau_2_0.72_lb_3,timeout_msm,28,2019-04-08,0.4154,0.3774,-0.038,False
rf,timeout_msm_tau_1_0.83_tau_2_0.72_lb_3,timeout_msm,31,2019-07-09,0.3345,0.4115,0.077,False
rf,timeout_msm_tau_1_0.83_tau_2_0.72_lb_3,timeout_msm,38,2020-02-06,0.5509,0.3874,-0.1636,True
rf,timeout_msm_tau_1_0.83_tau_2_0.72_lb_3,timeout_msm,42,2020-06-08,0.3874,0.3527,-0.0347,False
rf,timeout_msm_tau_1_0.83_tau_2_0.72_lb_3,timeout_msm,46,2020-10-06,0.3527,0.5067,0.154,False
rf,timeout_msm_tau_1_0.83_tau_2_0.72_lb_3,timeout_msm,52,2021-04-08,0.4072,0.415,0.0078,False
rf,timeout_msm_tau_1_0.83_tau_2_0.72_lb_3,timeout_msm,56,2021-08-06,0.415,0.3543,-0.0606,False
rf,timeout_msm_tau_1_0.83_tau_2_0.72_lb_3,timeout_msm,60,2021-12-06,0.3543,0.4147,0.0604,False
rf,timeout_msm_tau_1_0.83_tau_2_0.72_lb_3,timeout_msm,64,2022-04-06,0.4147,0.5375,0.1228,True
rf,timeout_msm_tau_1_0.83_tau_2_0.72_lb_3,timeout_msm,68,2022-08-08,0.5375,0.4274,-0.1101,False
rf,timeout_msm_tau_1_0.83_tau_2_0.72_lb_3,timeout_msm,74,2023-02-07,0.4036,0.3786,-0.025,False
rf,timeout_msm_tau_1_0.83_tau_2_0.72_lb_3,timeout_msm,78,2023-06-08,0.3786,0.3916,0.013,False
rf,timeout_msm_tau_1_0.83_tau_2_0.72_lb_4,timeout_msm,8,2017-08-04,0.3648,0.3493,-0.0155,False
rf,timeout_msm_tau_1_0.83_tau_2_0.72_lb_4,timeout_msm,12,2017-12-04,0.3493,0.5879,0.2386,False
rf,timeout_msm_tau_1_0.83_tau_2_0.72_lb_4,timeout_msm,16,2018-04-06,0.5879,0.41,-0.1779,False
rf,timeout_msm_tau_1_0.83_tau_2_0.72_lb_4,timeout_msm,20,2018-08-06,0.41,0.3513,-0.0587,False
rf,timeout_msm_tau_1_0.83_tau_2_0.72_lb_4,timeout_msm,24,2018-12-04,0.3513,0.4154,0.0641,False
rf,timeout_msm_tau_1_0.83_tau_2_0.72_lb_4,timeout_msm,28,2019-04-08,0.4154,0.4368,0.0214,False
rf,timeout_msm_tau_1_0.83_tau_2_0.72_lb_4,timeout_msm,32,2019-08-07,0.4368,0.4629,0.0261,False
rf,timeout_msm_tau_1_0.83_tau_2_0.72_lb_4,timeout_msm,39,2020-03-09,0.457,0.3731,-0.084,True
rf,timeout_msm_tau_1_0.83_tau_2_0.72_lb_4,timeout_msm,43,2020-07-08,0.3731,0.3997,0.0266,False
rf,timeout_msm_tau_1_0.83_tau_2_0.72_lb_4,timeout_msm,47,2020-11-04,0.3997,0.4362,0.0365,False
rf,timeout_msm_tau_1_0.83_tau_2_0.72_lb_4,timeout_msm,50,2021-02-05,0.4589,0.4029,-0.056,False
rf,timeout_msm_tau_1_0.83_tau_2_0.72_lb_4,timeout_msm,54,2021-06-08,0.4029,0.3245,-0.0784,False
rf,timeout_msm_tau_1_0.83_tau_2_0.72_lb_4,timeout_msm,58,2021-10-06,0.3245,0.4867,0.1622,False
rf,timeout_msm_tau_1_0.83_tau_2_0.72_lb_4,timeout_msm,62,2022-02-04,0.4867,0.4253,-0.0614,True
rf,timeout_msm_tau_1_0.83_tau_2_0.72_lb_4,timeout_msm,66,2022-06-07,0.4253,0.4778,0.0524,False
rf,timeout_msm_tau_1_0.83_tau_2_0.72_lb_4,timeout_msm,70,2022-10-06,0.4778,0.4391,-0.0386,False
rf,timeout_msm_tau_1_0.83_tau_2_0.72_lb_4,timeout_msm,74,2023-02-07,0.4391,0.3832,-0.056,False
rf,timeout_msm_tau_1_0.83_tau_2_0.72_lb_4,timeout_msm,78,2023-06-08,0.3832,0.3775,-0.0057,False
rf,timeout_msm_tau_1_0.83_tau_2_0.72_lb_6,timeout_msm,10,2017-10-04,0.3153,0.4671,0.1518,False
rf,timeout_msm_tau_1_0.83_tau_2_0.72_lb_6,timeout_msm,13,2018-01-04,0.471,0.5706,0.0996,False
rf,timeout_msm_tau_1_0.83_tau_2_0.72_lb_6,timeout_msm,17,2018-05-07,0.5706,0.4019,-0.1687,False
rf,timeout_msm_tau_1_0.83_tau_2_0.72_lb_6,timeout_msm,21,2018-09-05,0.4019,0.3308,-0.0711,False
rf,timeout_msm_tau_1_0.83_tau_2_0.72_lb_6,timeout_msm,25,2019-01-07,0.3308,0.3114,-0.0195,False
rf,timeout_msm_tau_1_0.83_tau_2_0.72_lb_6,timeout_msm,29,2019-05-08,0.3114,0.469,0.1577,False
rf,timeout_msm_tau_1_0.83_tau_2_0.72_lb_6,timeout_msm,33,2019-09-06,0.469,0.5795,0.1105,False
rf,timeout_msm_tau_1_0.83_tau_2_0.72_lb_6,timeout_msm,37,2020-01-07,0.5795,0.3488,-0.2307,True
rf,timeout_msm_tau_1_0.83_tau_2_0.72_lb_6,timeout_msm,41,2020-05-07,0.3488,0.3434,-0.0053,False
rf,timeout_msm_tau_1_0.83_tau_2_0.72_lb_6,timeout_msm,45,2020-09-04,0.3434,0.4738,0.1304,False
rf,timeout_msm_tau_1_0.83_tau_2_0.72_lb_6,timeout_msm,49,2021-01-06,0.4738,0.3655,-0.1083,False
rf,timeout_msm_tau_1_0.83_tau_2_0.72_lb_6,timeout_msm,53,2021-05-07,0.3655,0.3431,-0.0225,False
rf,timeout_msm_tau_1_0.83_tau_2_0.72_lb_6,timeout_msm,57,2021-09-07,0.3431,0.4672,0.1241,False
rf,timeout_msm_tau_1_0.83_tau_2_0.72_lb_6,timeout_msm,61,2022-01-05,0.4672,0.5311,0.0639,False
rf,timeout_msm_tau_1_0.83_tau_2_0.72_lb_6,timeout_msm,65,2022-05-06,0.5311,0.5176,-0.0135,True
rf,timeout_msm_tau_1_0.83_tau_2_0.72_lb_6,timeout_msm,69,2022-09-07,0.5176,0.3695,-0.1481,False
rf,timeout_msm_tau_1_0.83_tau_2_0.72_lb_6,timeout_msm,73,2023-01-06,0.3695,0.463,0.0935,False
rf,timeout_msm_tau_1_0.83_tau_2_0.72_lb_6,timeout_msm,77,2023-05-09,0.463,0.3764,-0.0866,False
rf,timeout_msm_tau_1_0.83_tau_2_0.72_lb_6,timeout_msm,81,2023-09-08,0.3764,0.4342,0.0578,False
rf,timeout_msm_tau_1_0.83_tau_2_0.75_lb_3,timeout_msm,7,2017-07-06,0.4098,0.4087,-0.0011,False
rf,timeout_msm_tau_1_0.83_tau_2_0.75_lb_3,timeout_msm,11,2017-11-02,0.4087,0.562,0.1532,False
rf,timeout_msm_tau_1_0.83_tau_2_0.75_lb_3,timeout_msm,16,2018-04-06,0.5465,0.41,-0.1365,False
rf,timeout_msm_tau_1_0.83_tau_2_0.75_lb_3,timeout_msm,20,2018-08-06,0.41,0.3513,-0.0587,False
rf,timeout_msm_tau_1_0.83_tau_2_0.75_lb_3,timeout_msm,24,2018-12-04,0.3513,0.4154,0.0641,False
rf,timeout_msm_tau_1_0.83_tau_2_0.75_lb_3,timeout_msm,28,2019-04-08,0.4154,0.3774,-0.038,False
rf,timeout_msm_tau_1_0.83_tau_2_0.75_lb_3,timeout_msm,31,2019-07-09,0.3345,0.4115,0.077,False
rf,timeout_msm_tau_1_0.83_tau_2_0.75_lb_3,timeout_msm,38,2020-02-06,0.5509,0.3874,-0.1636,True
rf,timeout_msm_tau_1_0.83_tau_2_0.75_lb_3,timeout_msm,42,2020-06-08,0.3874,0.3527,-0.0347,False
rf,timeout_msm_tau_1_0.83_tau_2_0.75_lb_3,timeout_msm,46,2020-10-06,0.3527,0.5067,0.154,False
rf,timeout_msm_tau_1_0.83_tau_2_0.75_lb_3,timeout_msm,52,2021-04-08,0.4072,0.415,0.0078,False
rf,timeout_msm_tau_1_0.83_tau_2_0.75_lb_3,timeout_msm,56,2021-08-06,0.415,0.3543,-0.0606,False
rf,timeout_msm_tau_1_0.83_tau_2_0.75_lb_3,timeout_msm,60,2021-12-06,0.3543,0.4147,0.0604,False
rf,timeout_msm_tau_1_0.83_tau_2_0.75_lb_3,timeout_msm,64,2022-04-06,0.4147,0.5375,0.1228,True
rf,timeout_msm_tau_1_0.83_tau_2_0.75_lb_3,timeout_msm,68,2022-08-08,0.5375,0.4274,-0.1101,False
rf,timeout_msm_tau_1_0.83_tau_2_0.75_lb_3,timeout_msm,74,2023-02-07,0.4036,0.3786,-0.025,False
rf,timeout_msm_tau_1_0.83_tau_2_0.75_lb_3,timeout_msm,78,2023-06-08,0.3786,0.3916,0.013,False
rf,timeout_msm_tau_1_0.83_tau_2_0.75_lb_4,timeout_msm,8,2017-08-04,0.3648,0.3493,-0.0155,False
rf,timeout_msm_tau_1_0.83_tau_2_0.75_lb_4,timeout_msm,12,2017-12-04,0.3493,0.5879,0.2386,False
rf,timeout_msm_tau_1_0.83_tau_2_0.75_lb_4,timeout_msm,16,2018-04-06,0.5879,0.41,-0.1779,False
rf,timeout_msm_tau_1_0.83_tau_2_0.75_lb_4,timeout_msm,20,2018-08-06,0.41,0.3513,-0.0587,False
rf,timeout_msm_tau_1_0.83_tau_2_0.75_lb_4,timeout_msm,24,2018-12-04,0.3513,0.4154,0.0641,False
rf,timeout_msm_tau_1_0.83_tau_2_0.75_lb_4,timeout_msm,28,2019-04-08,0.4154,0.4368,0.0214,False
rf,timeout_msm_tau_1_0.83_tau_2_0.75_lb_4,timeout_msm,32,2019-08-07,0.4368,0.4629,0.0261,False
rf,timeout_msm_tau_1_0.83_tau_2_0.75_lb_4,timeout_msm,39,2020-03-09,0.457,0.3731,-0.084,True
rf,timeout_msm_tau_1_0.83_tau_2_0.75_lb_4,timeout_msm,43,2020-07-08,0.3731,0.3997,0.0266,False
rf,timeout_msm_tau_1_0.83_tau_2_0.75_lb_4,timeout_msm,47,2020-11-04,0.3997,0.4362,0.0365,False
rf,timeout_msm_tau_1_0.83_tau_2_0.75_lb_4,timeout_msm,50,2021-02-05,0.4589,0.4029,-0.056,False
rf,timeout_msm_tau_1_0.83_tau_2_0.75_lb_4,timeout_msm,54,2021-06-08,0.4029,0.3245,-0.0784,False
rf,timeout_msm_tau_1_0.83_tau_2_0.75_lb_4,timeout_msm,58,2021-10-06,0.3245,0.4867,0.1622,False
rf,timeout_msm_tau_1_0.83_tau_2_0.75_lb_4,timeout_msm,62,2022-02-04,0.4867,0.4253,-0.0614,True
rf,timeout_msm_tau_1_0.83_tau_2_0.75_lb_4,timeout_msm,66,2022-06-07,0.4253,0.4778,0.0524,False
rf,timeout_msm_tau_1_0.83_tau_2_0.75_lb_4,timeout_msm,70,2022-10-06,0.4778,0.4391,-0.0386,False
rf,timeout_msm_tau_1_0.83_tau_2_0.75_lb_4,timeout_msm,74,2023-02-07,0.4391,0.3832,-0.056,False
rf,timeout_msm_tau_1_0.83_tau_2_0.75_lb_4,timeout_msm,78,2023-06-08,0.3832,0.3775,-0.0057,False
rf,timeout_msm_tau_1_0.83_tau_2_0.75_lb_6,timeout_msm,10,2017-10-04,0.3153,0.4671,0.1518,False
rf,timeout_msm_tau_1_0.83_tau_2_0.75_lb_6,timeout_msm,13,2018-01-04,0.471,0.5706,0.0996,False
rf,timeout_msm_tau_1_0.83_tau_2_0.75_lb_6,timeout_msm,17,2018-05-07,0.5706,0.4019,-0.1687,False
rf,timeout_msm_tau_1_0.83_tau_2_0.75_lb_6,timeout_msm,21,2018-09-05,0.4019,0.3308,-0.0711,False
rf,timeout_msm_tau_1_0.83_tau_2_0.75_lb_6,timeout_msm,25,2019-01-07,0.3308,0.3114,-0.0195,False
rf,timeout_msm_tau_1_0.83_tau_2_0.75_lb_6,timeout_msm,29,2019-05-08,0.3114,0.469,0.1577,False
rf,timeout_msm_tau_1_0.83_tau_2_0.75_lb_6,timeout_msm,33,2019-09-06,0.469,0.5795,0.1105,False
rf,timeout_msm_tau_1_0.83_tau_2_0.75_lb_6,timeout_msm,37,2020-01-07,0.5795,0.3488,-0.2307,True
rf,timeout_msm_tau_1_0.83_tau_2_0.75_lb_6,timeout_msm,41,2020-05-07,0.3488,0.3434,-0.0053,False
rf,timeout_msm_tau_1_0.83_tau_2_0.75_lb_6,timeout_msm,45,2020-09-04,0.3434,0.4738,0.1304,False
rf,timeout_msm_tau_1_0.83_tau_2_0.75_lb_6,timeout_msm,49,2021-01-06,0.4738,0.3655,-0.1083,False
rf,timeout_msm_tau_1_0.83_tau_2_0.75_lb_6,timeout_msm,53,2021-05-07,0.3655,0.3431,-0.0225,False
rf,timeout_msm_tau_1_0.83_tau_2_0.75_lb_6,timeout_msm,57,2021-09-07,0.3431,0.4672,0.1241,False
rf,timeout_msm_tau_1_0.83_tau_2_0.75_lb_6,timeout_msm,61,2022-01-05,0.4672,0.5311,0.0639,False
rf,timeout_msm_tau_1_0.83_tau_2_0.75_lb_6,timeout_msm,65,2022-05-06,0.5311,0.5176,-0.0135,True
rf,timeout_msm_tau_1_0.83_tau_2_0.75_lb_6,timeout_msm,69,2022-09-07,0.5176,0.3695,-0.1481,False
rf,timeout_msm_tau_1_0.83_tau_2_0.75_lb_6,timeout_msm,73,2023-01-06,0.3695,0.463,0.0935,False
rf,timeout_msm_tau_1_0.83_tau_2_0.75_lb_6,timeout_msm,77,2023-05-09,0.463,0.3764,-0.0866,False
rf,timeout_msm_tau_1_0.83_tau_2_0.75_lb_6,timeout_msm,81,2023-09-08,0.3764,0.4342,0.0578,False
rf,timeout_msm_tau_1_0.83_tau_2_0.78_lb_3,timeout_msm,7,2017-07-06,0.4098,0.4087,-0.0011,False
rf,timeout_msm_tau_1_0.83_tau_2_0.78_lb_3,timeout_msm,11,2017-11-02,0.4087,0.562,0.1532,False
rf,timeout_msm_tau_1_0.83_tau_2_0.78_lb_3,timeout_msm,16,2018-04-06,0.5465,0.41,-0.1365,False
rf,timeout_msm_tau_1_0.83_tau_2_0.78_lb_3,timeout_msm,20,2018-08-06,0.41,0.3513,-0.0587,False
rf,timeout_msm_tau_1_0.83_tau_2_0.78_lb_3,timeout_msm,24,2018-12-04,0.3513,0.4154,0.0641,False
rf,timeout_msm_tau_1_0.83_tau_2_0.78_lb_3,timeout_msm,28,2019-04-08,0.4154,0.3774,-0.038,False
rf,timeout_msm_tau_1_0.83_tau_2_0.78_lb_3,timeout_msm,31,2019-07-09,0.3345,0.4115,0.077,False
rf,timeout_msm_tau_1_0.83_tau_2_0.78_lb_3,timeout_msm,38,2020-02-06,0.5509,0.3874,-0.1636,True
rf,timeout_msm_tau_1_0.83_tau_2_0.78_lb_3,timeout_msm,42,2020-06-08,0.3874,0.3527,-0.0347,False
rf,timeout_msm_tau_1_0.83_tau_2_0.78_lb_3,timeout_msm,46,2020-10-06,0.3527,0.5067,0.154,False
rf,timeout_msm_tau_1_0.83_tau_2_0.78_lb_3,timeout_msm,50,2021-02-05,0.5067,0.4029,-0.1038,False
rf,timeout_msm_tau_1_0.83_tau_2_0.78_lb_3,timeout_msm,54,2021-06-08,0.4029,0.3245,-0.0784,False
rf,timeout_msm_tau_1_0.83_tau_2_0.78_lb_3,timeout_msm,58,2021-10-06,0.3245,0.4867,0.1622,False
rf,timeout_msm_tau_1_0.83_tau_2_0.78_lb_3,timeout_msm,62,2022-02-04,0.4867,0.4253,-0.0614,True
rf,timeout_msm_tau_1_0.83_tau_2_0.78_lb_3,timeout_msm,68,2022-08-08,0.4604,0.4497,-0.0107,False
rf,timeout_msm_tau_1_0.83_tau_2_0.78_lb_3,timeout_msm,74,2023-02-07,0.4247,0.3832,-0.0415,False
rf,timeout_msm_tau_1_0.83_tau_2_0.78_lb_3,timeout_msm,78,2023-06-08,0.3832,0.3775,-0.0057,False
rf,timeout_msm_tau_1_0.83_tau_2_0.78_lb_4,timeout_msm,8,2017-08-04,0.3648,0.3493,-0.0155,False
rf,timeout_msm_tau_1_0.83_tau_2_0.78_lb_4,timeout_msm,12,2017-12-04,0.3493,0.5879,0.2386,False
rf,timeout_msm_tau_1_0.83_tau_2_0.78_lb_4,timeout_msm,16,2018-04-06,0.5879,0.41,-0.1779,False
rf,timeout_msm_tau_1_0.83_tau_2_0.78_lb_4,timeout_msm,20,2018-08-06,0.41,0.3513,-0.0587,False
rf,timeout_msm_tau_1_0.83_tau_2_0.78_lb_4,timeout_msm,24,2018-12-04,0.3513,0.4154,0.0641,False
rf,timeout_msm_tau_1_0.83_tau_2_0.78_lb_4,timeout_msm,28,2019-04-08,0.4154,0.4368,0.0214,False
rf,timeout_msm_tau_1_0.83_tau_2_0.78_lb_4,timeout_msm,32,2019-08-07,0.4368,0.4629,0.0261,False
rf,timeout_msm_tau_1_0.83_tau_2_0.78_lb_4,timeout_msm,39,2020-03-09,0.457,0.3731,-0.084,True
rf,timeout_msm_tau_1_0.83_tau_2_0.78_lb_4,timeout_msm,43,2020-07-08,0.3731,0.3997,0.0266,False
rf,timeout_msm_tau_1_0.83_tau_2_0.78_lb_4,timeout_msm,47,2020-11-04,0.3997,0.4362,0.0365,False
rf,timeout_msm_tau_1_0.83_tau_2_0.78_lb_4,timeout_msm,50,2021-02-05,0.4589,0.4029,-0.056,False
rf,timeout_msm_tau_1_0.83_tau_2_0.78_lb_4,timeout_msm,54,2021-06-08,0.4029,0.3245,-0.0784,False
rf,timeout_msm_tau_1_0.83_tau_2_0.78_lb_4,timeout_msm,58,2021-10-06,0.3245,0.4867,0.1622,False
rf,timeout_msm_tau_1_0.83_tau_2_0.78_lb_4,timeout_msm,62,2022-02-04,0.4867,0.4253,-0.0614,True
rf,timeout_msm_tau_1_0.83_tau_2_0.78_lb_4,timeout_msm,66,2022-06-07,0.4253,0.4778,0.0524,False
rf,timeout_msm_tau_1_0.83_tau_2_0.78_lb_4,timeout_msm,70,2022-10-06,0.4778,0.4391,-0.0386,False
rf,timeout_msm_tau_1_0.83_tau_2_0.78_lb_4,timeout_msm,74,2023-02-07,0.4391,0.3832,-0.056,False
rf,timeout_msm_tau_1_0.83_tau_2_0.78_lb_4,timeout_msm,78,2023-06-08,0.3832,0.3775,-0.0057,False
rf,timeout_msm_tau_1_0.83_tau_2_0.78_lb_6,timeout_msm,10,2017-10-04,0.3153,0.4671,0.1518,False
rf,timeout_msm_tau_1_0.83_tau_2_0.78_lb_6,timeout_msm,13,2018-01-04,0.471,0.5706,0.0996,False
rf,timeout_msm_tau_1_0.83_tau_2_0.78_lb_6,timeout_msm,17,2018-05-07,0.5706,0.4019,-0.1687,False
rf,timeout_msm_tau_1_0.83_tau_2_0.78_lb_6,timeout_msm,21,2018-09-05,0.4019,0.3308,-0.0711,False
rf,timeout_msm_tau_1_0.83_tau_2_0.78_lb_6,timeout_msm,25,2019-01-07,0.3308,0.3114,-0.0195,False
rf,timeout_msm_tau_1_0.83_tau_2_0.78_lb_6,timeout_msm,29,2019-05-08,0.3114,0.469,0.1577,False
rf,timeout_msm_tau_1_0.83_tau_2_0.78_lb_6,timeout_msm,33,2019-09-06,0.469,0.5795,0.1105,False
rf,timeout_msm_tau_1_0.83_tau_2_0.78_lb_6,timeout_msm,37,2020-01-07,0.5795,0.3488,-0.2307,True
rf,timeout_msm_tau_1_0.83_tau_2_0.78_lb_6,timeout_msm,41,2020-05-07,0.3488,0.3434,-0.0053,False
rf,timeout_msm_tau_1_0.83_tau_2_0.78_lb_6,timeout_msm,45,2020-09-04,0.3434,0.4738,0.1304,False
rf,timeout_msm_tau_1_0.83_tau_2_0.78_lb_6,timeout_msm,49,2021-01-06,0.4738,0.3655,-0.1083,False
rf,timeout_msm_tau_1_0.83_tau_2_0.78_lb_6,timeout_msm,53,2021-05-07,0.3655,0.3431,-0.0225,False
rf,timeout_msm_tau_1_0.83_tau_2_0.78_lb_6,timeout_msm,57,2021-09-07,0.3431,0.4672,0.1241,False
rf,timeout_msm_tau_1_0.83_tau_2_0.78_lb_6,timeout_msm,61,2022-01-05,0.4672,0.5311,0.0639,False
rf,timeout_msm_tau_1_0.83_tau_2_0.78_lb_6,timeout_msm,65,2022-05-06,0.5311,0.5176,-0.0135,True
rf,timeout_msm_tau_1_0.83_tau_2_0.78_lb_6,timeout_msm,69,2022-09-07,0.5176,0.3695,-0.1481,False
rf,timeout_msm_tau_1_0.83_tau_2_0.78_lb_6,timeout_msm,73,2023-01-06,0.3695,0.463,0.0935,False
rf,timeout_msm_tau_1_0.83_tau_2_0.78_lb_6,timeout_msm,77,2023-05-09,0.463,0.3764,-0.0866,False
rf,timeout_msm_tau_1_0.83_tau_2_0.78_lb_6,timeout_msm,81,2023-09-08,0.3764,0.4342,0.0578,False
rf,timeout_msm_tau_1_0.88_tau_2_0.72_lb_3,timeout_msm,7,2017-07-06,0.4098,0.4087,-0.0011,False
rf,timeout_msm_tau_1_0.88_tau_2_0.72_lb_3,timeout_msm,11,2017-11-02,0.4087,0.562,0.1532,False
rf,timeout_msm_tau_1_0.88_tau_2_0.72_lb_3,timeout_msm,15,2018-03-07,0.562,0.4783,-0.0837,False
rf,timeout_msm_tau_1_0.88_tau_2_0.72_lb_3,timeout_msm,19,2018-07-06,0.4783,0.3203,-0.158,False
rf,timeout_msm_tau_1_0.88_tau_2_0.72_lb_3,timeout_msm,23,2018-11-02,0.3203,0.3699,0.0497,False
rf,timeout_msm_tau_1_0.88_tau_2_0.72_lb_3,timeout_msm,27,2019-03-08,0.3699,0.3256,-0.0443,False
rf,timeout_msm_tau_1_0.88_tau_2_0.72_lb_3,timeout_msm,31,2019-07-09,0.3256,0.4232,0.0976,False
rf,timeout_msm_tau_1_0.88_tau_2_0.72_lb_3,timeout_msm,38,2020-02-06,0.4924,0.337,-0.1554,True
rf,timeout_msm_tau_1_0.88_tau_2_0.72_lb_3,timeout_msm,42,2020-06-08,0.337,0.344,0.007,False
rf,timeout_msm_tau_1_0.88_tau_2_0.72_lb_3,timeout_msm,46,2020-10-06,0.344,0.5092,0.1653,False
rf,timeout_msm_tau_1_0.88_tau_2_0.72_lb_3,timeout_msm,49,2021-01-06,0.5154,0.3649,-0.1505,False
rf,timeout_msm_tau_1_0.88_tau_2_0.72_lb_3,timeout_msm,53,2021-05-07,0.3649,0.3302,-0.0347,False
rf,timeout_msm_tau_1_0.88_tau_2_0.72_lb_3,timeout_msm,57,2021-09-07,0.3302,0.3704,0.0402,False
rf,timeout_msm_tau_1_0.88_tau_2_0.72_lb_3,timeout_msm,60,2021-12-06,0.3864,0.4098,0.0234,False
rf,timeout_msm_tau_1_0.88_tau_2_0.72_lb_3,timeout_msm,64,2022-04-06,0.4098,0.5503,0.1405,True
rf,timeout_msm_tau_1_0.88_tau_2_0.72_lb_3,timeout_msm,68,2022-08-08,0.5503,0.4497,-0.1006,False
rf,timeout_msm_tau_1_0.88_tau_2_0.72_lb_3,timeout_msm,72,2022-12-06,0.4497,0.5106,0.0609,False
rf,timeout_msm_tau_1_0.88_tau_2_0.72_lb_3,timeout_msm,76,2023-04-10,0.5106,0.4415,-0.0691,False
rf,timeout_msm_tau_1_0.88_tau_2_0.72_lb_4,timeout_msm,8,2017-08-04,0.3648,0.3493,-0.0155,False
rf,timeout_msm_tau_1_0.88_tau_2_0.72_lb_4,timeout_msm,12,2017-12-04,0.3493,0.5879,0.2386,False
rf,timeout_msm_tau_1_0.88_tau_2_0.72_lb_4,timeout_msm,16,2018-04-06,0.5879,0.41,-0.1779,False
rf,timeout_msm_tau_1_0.88_tau_2_0.72_lb_4,timeout_msm,20,2018-08-06,0.41,0.3513,-0.0587,False
rf,timeout_msm_tau_1_0.88_tau_2_0.72_lb_4,timeout_msm,24,2018-12-04,0.3513,0.4154,0.0641,False
rf,timeout_msm_tau_1_0.88_tau_2_0.72_lb_4,timeout_msm,28,2019-04-08,0.4154,0.4368,0.0214,False
rf,timeout_msm_tau_1_0.88_tau_2_0.72_lb_4,timeout_msm,32,2019-08-07,0.4368,0.4629,0.0261,False
rf,timeout_msm_tau_1_0.88_tau_2_0.72_lb_4,timeout_msm,38,2020-02-06,0.506,0.3874,-0.1186,True
rf,timeout_msm_tau_1_0.88_tau_2_0.72_lb_4,timeout_msm,42,2020-06-08,0.3874,0.3527,-0.0347,False
rf,timeout_msm_tau_1_0.88_tau_2_0.72_lb_4,timeout_msm,46,2020-10-06,0.3527,0.5067,0.154,False
rf,timeout_msm_tau_1_0.88_tau_2_0.72_lb_4,timeout_msm,50,2021-02-05,0.5067,0.4029,-0.1038,False
rf,timeout_msm_tau_1_0.88_tau_2_0.72_lb_4,timeout_msm,54,2021-06-08,0.4029,0.3245,-0.0784,False
rf,timeout_msm_tau_1_0.88_tau_2_0.72_lb_4,timeout_msm,58,2021-10-06,0.3245,0.4867,0.1622,False
rf,timeout_msm_tau_1_0.88_tau_2_0.72_lb_4,timeout_msm,62,2022-02-04,0.4867,0.4253,-0.0614,True
rf,timeout_msm_tau_1_0.88_tau_2_0.72_lb_4,timeout_msm,66,2022-06-07,0.4253,0.4778,0.0524,False
rf,timeout_msm_tau_1_0.88_tau_2_0.72_lb_4,timeout_msm,70,2022-10-06,0.4778,0.4391,-0.0386,False
rf,timeout_msm_tau_1_0.88_tau_2_0.72_lb_4,timeout_msm,74,2023-02-07,0.4391,0.3832,-0.056,False
rf,timeout_msm_tau_1_0.88_tau_2_0.72_lb_4,timeout_msm,78,2023-06-08,0.3832,0.3775,-0.0057,False
rf,timeout_msm_tau_1_0.88_tau_2_0.72_lb_6,timeout_msm,10,2017-10-04,0.3153,0.4671,0.1518,False
rf,timeout_msm_tau_1_0.88_tau_2_0.72_lb_6,timeout_msm,13,2018-01-04,0.471,0.5706,0.0996,False
rf,timeout_msm_tau_1_0.88_tau_2_0.72_lb_6,timeout_msm,17,2018-05-07,0.5706,0.4019,-0.1687,False
rf,timeout_msm_tau_1_0.88_tau_2_0.72_lb_6,timeout_msm,21,2018-09-05,0.4019,0.3308,-0.0711,False
rf,timeout_msm_tau_1_0.88_tau_2_0.72_lb_6,timeout_msm,25,2019-01-07,0.3308,0.3114,-0.0195,False
rf,timeout_msm_tau_1_0.88_tau_2_0.72_lb_6,timeout_msm,29,2019-05-08,0.3114,0.469,0.1577,False
rf,timeout_msm_tau_1_0.88_tau_2_0.72_lb_6,timeout_msm,33,2019-09-06,0.469,0.5795,0.1105,False
rf,timeout_msm_tau_1_0.88_tau_2_0.72_lb_6,timeout_msm,37,2020-01-07,0.5795,0.3488,-0.2307,True
rf,timeout_msm_tau_1_0.88_tau_2_0.72_lb_6,timeout_msm,41,2020-05-07,0.3488,0.3434,-0.0053,False
rf,timeout_msm_tau_1_0.88_tau_2_0.72_lb_6,timeout_msm,45,2020-09-04,0.3434,0.4738,0.1304,False
rf,timeout_msm_tau_1_0.88_tau_2_0.72_lb_6,timeout_msm,49,2021-01-06,0.4738,0.3655,-0.1083,False
rf,timeout_msm_tau_1_0.88_tau_2_0.72_lb_6,timeout_msm,53,2021-05-07,0.3655,0.3431,-0.0225,False
rf,timeout_msm_tau_1_0.88_tau_2_0.72_lb_6,timeout_msm,57,2021-09-07,0.3431,0.4672,0.1241,False
rf,timeout_msm_tau_1_0.88_tau_2_0.72_lb_6,timeout_msm,61,2022-01-05,0.4672,0.5311,0.0639,False
rf,timeout_msm_tau_1_0.88_tau_2_0.72_lb_6,timeout_msm,65,2022-05-06,0.5311,0.5176,-0.0135,True
rf,timeout_msm_tau_1_0.88_tau_2_0.72_lb_6,timeout_msm,69,2022-09-07,0.5176,0.3695,-0.1481,False
rf,timeout_msm_tau_1_0.88_tau_2_0.72_lb_6,timeout_msm,73,2023-01-06,0.3695,0.463,0.0935,False
rf,timeout_msm_tau_1_0.88_tau_2_0.72_lb_6,timeout_msm,77,2023-05-09,0.463,0.3764,-0.0866,False
rf,timeout_msm_tau_1_0.88_tau_2_0.72_lb_6,timeout_msm,81,2023-09-08,0.3764,0.4342,0.0578,False
rf,timeout_msm_tau_1_0.88_tau_2_0.75_lb_3,timeout_msm,7,2017-07-06,0.4098,0.4087,-0.0011,False
rf,timeout_msm_tau_1_0.88_tau_2_0.75_lb_3,timeout_msm,11,2017-11-02,0.4087,0.562,0.1532,False
rf,timeout_msm_tau_1_0.88_tau_2_0.75_lb_3,timeout_msm,15,2018-03-07,0.562,0.4783,-0.0837,False
rf,timeout_msm_tau_1_0.88_tau_2_0.75_lb_3,timeout_msm,19,2018-07-06,0.4783,0.3203,-0.158,False
rf,timeout_msm_tau_1_0.88_tau_2_0.75_lb_3,timeout_msm,23,2018-11-02,0.3203,0.3699,0.0497,False
rf,timeout_msm_tau_1_0.88_tau_2_0.75_lb_3,timeout_msm,27,2019-03-08,0.3699,0.3256,-0.0443,False
rf,timeout_msm_tau_1_0.88_tau_2_0.75_lb_3,timeout_msm,31,2019-07-09,0.3256,0.4232,0.0976,False
rf,timeout_msm_tau_1_0.88_tau_2_0.75_lb_3,timeout_msm,38,2020-02-06,0.4924,0.337,-0.1554,True
rf,timeout_msm_tau_1_0.88_tau_2_0.75_lb_3,timeout_msm,42,2020-06-08,0.337,0.344,0.007,False
rf,timeout_msm_tau_1_0.88_tau_2_0.75_lb_3,timeout_msm,46,2020-10-06,0.344,0.5092,0.1653,False
rf,timeout_msm_tau_1_0.88_tau_2_0.75_lb_3,timeout_msm,49,2021-01-06,0.5154,0.3649,-0.1505,False
rf,timeout_msm_tau_1_0.88_tau_2_0.75_lb_3,timeout_msm,53,2021-05-07,0.3649,0.3302,-0.0347,False
rf,timeout_msm_tau_1_0.88_tau_2_0.75_lb_3,timeout_msm,57,2021-09-07,0.3302,0.3704,0.0402,False
rf,timeout_msm_tau_1_0.88_tau_2_0.75_lb_3,timeout_msm,60,2021-12-06,0.3864,0.4098,0.0234,False
rf,timeout_msm_tau_1_0.88_tau_2_0.75_lb_3,timeout_msm,64,2022-04-06,0.4098,0.5503,0.1405,True
rf,timeout_msm_tau_1_0.88_tau_2_0.75_lb_3,timeout_msm,68,2022-08-08,0.5503,0.4497,-0.1006,False
rf,timeout_msm_tau_1_0.88_tau_2_0.75_lb_3,timeout_msm,72,2022-12-06,0.4497,0.5106,0.0609,False
rf,timeout_msm_tau_1_0.88_tau_2_0.75_lb_3,timeout_msm,76,2023-04-10,0.5106,0.4415,-0.0691,False
rf,timeout_msm_tau_1_0.88_tau_2_0.75_lb_4,timeout_msm,8,2017-08-04,0.3648,0.3493,-0.0155,False
rf,timeout_msm_tau_1_0.88_tau_2_0.75_lb_4,timeout_msm,12,2017-12-04,0.3493,0.5879,0.2386,False
rf,timeout_msm_tau_1_0.88_tau_2_0.75_lb_4,timeout_msm,16,2018-04-06,0.5879,0.41,-0.1779,False
rf,timeout_msm_tau_1_0.88_tau_2_0.75_lb_4,timeout_msm,20,2018-08-06,0.41,0.3513,-0.0587,False
rf,timeout_msm_tau_1_0.88_tau_2_0.75_lb_4,timeout_msm,24,2018-12-04,0.3513,0.4154,0.0641,False
rf,timeout_msm_tau_1_0.88_tau_2_0.75_lb_4,timeout_msm,28,2019-04-08,0.4154,0.4368,0.0214,False
rf,timeout_msm_tau_1_0.88_tau_2_0.75_lb_4,timeout_msm,32,2019-08-07,0.4368,0.4629,0.0261,False
rf,timeout_msm_tau_1_0.88_tau_2_0.75_lb_4,timeout_msm,36,2019-12-05,0.4629,0.4161,-0.0468,False
rf,timeout_msm_tau_1_0.88_tau_2_0.75_lb_4,timeout_msm,40,2020-04-07,0.4161,0.4415,0.0253,True
rf,timeout_msm_tau_1_0.88_tau_2_0.75_lb_4,timeout_msm,44,2020-08-06,0.4415,0.441,-0.0005,False
rf,timeout_msm_tau_1_0.88_tau_2_0.75_lb_4,timeout_msm,48,2020-12-04,0.441,0.4333,-0.0077,False
rf,timeout_msm_tau_1_0.88_tau_2_0.75_lb_4,timeout_msm,52,2021-04-08,0.4333,0.4348,0.0014,False
rf,timeout_msm_tau_1_0.88_tau_2_0.75_lb_4,timeout_msm,56,2021-08-06,0.4348,0.4032,-0.0316,False
rf,timeout_msm_tau_1_0.88_tau_2_0.75_lb_4,timeout_msm,60,2021-12-06,0.4032,0.4566,0.0534,False
rf,timeout_msm_tau_1_0.88_tau_2_0.75_lb_4,timeout_msm,64,2022-04-06,0.4566,0.5634,0.1068,True
rf,timeout_msm_tau_1_0.88_tau_2_0.75_lb_4,timeout_msm,68,2022-08-08,0.5634,0.4262,-0.1371,False
rf,timeout_msm_tau_1_0.88_tau_2_0.75_lb_4,timeout_msm,72,2022-12-06,0.4262,0.5267,0.1005,False
rf,timeout_msm_tau_1_0.88_tau_2_0.75_lb_4,timeout_msm,76,2023-04-10,0.5267,0.456,-0.0707,False
rf,timeout_msm_tau_1_0.88_tau_2_0.75_lb_4,timeout_msm,80,2023-08-09,0.456,0.5054,0.0494,False
rf,timeout_msm_tau_1_0.88_tau_2_0.75_lb_6,timeout_msm,10,2017-10-04,0.3153,0.4671,0.1518,False
rf,timeout_msm_tau_1_0.88_tau_2_0.75_lb_6,timeout_msm,13,2018-01-04,0.471,0.5706,0.0996,False
rf,timeout_msm_tau_1_0.88_tau_2_0.75_lb_6,timeout_msm,17,2018-05-07,0.5706,0.4019,-0.1687,False
rf,timeout_msm_tau_1_0.88_tau_2_0.75_lb_6,timeout_msm,21,2018-09-05,0.4019,0.3308,-0.0711,False
rf,timeout_msm_tau_1_0.88_tau_2_0.75_lb_6,timeout_msm,25,2019-01-07,0.3308,0.3114,-0.0195,False
rf,timeout_msm_tau_1_0.88_tau_2_0.75_lb_6,timeout_msm,29,2019-05-08,0.3114,0.469,0.1577,False
rf,timeout_msm_tau_1_0.88_tau_2_0.75_lb_6,timeout_msm,33,2019-09-06,0.469,0.5795,0.1105,False
rf,timeout_msm_tau_1_0.88_tau_2_0.75_lb_6,timeout_msm,37,2020-01-07,0.5795,0.3488,-0.2307,True
rf,timeout_msm_tau_1_0.88_tau_2_0.75_lb_6,timeout_msm,41,2020-05-07,0.3488,0.3434,-0.0053,False
rf,timeout_msm_tau_1_0.88_tau_2_0.75_lb_6,timeout_msm,45,2020-09-04,0.3434,0.4738,0.1304,False
rf,timeout_msm_tau_1_0.88_tau_2_0.75_lb_6,timeout_msm,49,2021-01-06,0.4738,0.3655,-0.1083,False
rf,timeout_msm_tau_1_0.88_tau_2_0.75_lb_6,timeout_msm,53,2021-05-07,0.3655,0.3431,-0.0225,False
rf,timeout_msm_tau_1_0.88_tau_2_0.75_lb_6,timeout_msm,57,2021-09-07,0.3431,0.4672,0.1241,False
rf,timeout_msm_tau_1_0.88_tau_2_0.75_lb_6,timeout_msm,61,2022-01-05,0.4672,0.5311,0.0639,False
rf,timeout_msm_tau_1_0.88_tau_2_0.75_lb_6,timeout_msm,65,2022-05-06,0.5311,0.5176,-0.0135,True
rf,timeout_msm_tau_1_0.88_tau_2_0.75_lb_6,timeout_msm,69,2022-09-07,0.5176,0.3695,-0.1481,False
rf,timeout_msm_tau_1_0.88_tau_2_0.75_lb_6,timeout_msm,73,2023-01-06,0.3695,0.463,0.0935,False
rf,timeout_msm_tau_1_0.88_tau_2_0.75_lb_6,timeout_msm,77,2023-05-09,0.463,0.3764,-0.0866,False
rf,timeout_msm_tau_1_0.88_tau_2_0.75_lb_6,timeout_msm,81,2023-09-08,0.3764,0.4342,0.0578,False
rf,timeout_msm_tau_1_0.88_tau_2_0.78_lb_3,timeout_msm,7,2017-07-06,0.4098,0.4087,-0.0011,False
rf,timeout_msm_tau_1_0.88_tau_2_0.78_lb_3,timeout_msm,11,2017-11-02,0.4087,0.562,0.1532,False
rf,timeout_msm_tau_1_0.88_tau_2_0.78_lb_3,timeout_msm,15,2018-03-07,0.562,0.4783,-0.0837,False
rf,timeout_msm_tau_1_0.88_tau_2_0.78_lb_3,timeout_msm,19,2018-07-06,0.4783,0.3203,-0.158,False
rf,timeout_msm_tau_1_0.88_tau_2_0.78_lb_3,timeout_msm,23,2018-11-02,0.3203,0.3699,0.0497,False
rf,timeout_msm_tau_1_0.88_tau_2_0.78_lb_3,timeout_msm,27,2019-03-08,0.3699,0.3256,-0.0443,False
rf,timeout_msm_tau_1_0.88_tau_2_0.78_lb_3,timeout_msm,31,2019-07-09,0.3256,0.4232,0.0976,False
rf,timeout_msm_tau_1_0.88_tau_2_0.78_lb_3,timeout_msm,38,2020-02-06,0.4924,0.337,-0.1554,True
rf,timeout_msm_tau_1_0.88_tau_2_0.78_lb_3,timeout_msm,42,2020-06-08,0.337,0.344,0.007,False
rf,timeout_msm_tau_1_0.88_tau_2_0.78_lb_3,timeout_msm,46,2020-10-06,0.344,0.5092,0.1653,False
rf,timeout_msm_tau_1_0.88_tau_2_0.78_lb_3,timeout_msm,49,2021-01-06,0.5154,0.3649,-0.1505,False
rf,timeout_msm_tau_1_0.88_tau_2_0.78_lb_3,timeout_msm,53,2021-05-07,0.3649,0.3302,-0.0347,False
rf,timeout_msm_tau_1_0.88_tau_2_0.78_lb_3,timeout_msm,57,2021-09-07,0.3302,0.3704,0.0402,False
rf,timeout_msm_tau_1_0.88_tau_2_0.78_lb_3,timeout_msm,60,2021-12-06,0.3864,0.4098,0.0234,False
rf,timeout_msm_tau_1_0.88_tau_2_0.78_lb_3,timeout_msm,64,2022-04-06,0.4098,0.5503,0.1405,True
rf,timeout_msm_tau_1_0.88_tau_2_0.78_lb_3,timeout_msm,68,2022-08-08,0.5503,0.4497,-0.1006,False
rf,timeout_msm_tau_1_0.88_tau_2_0.78_lb_3,timeout_msm,72,2022-12-06,0.4497,0.5106,0.0609,False
rf,timeout_msm_tau_1_0.88_tau_2_0.78_lb_3,timeout_msm,76,2023-04-10,0.5106,0.4415,-0.0691,False
rf,timeout_msm_tau_1_0.88_tau_2_0.78_lb_4,timeout_msm,8,2017-08-04,0.3648,0.3493,-0.0155,False
rf,timeout_msm_tau_1_0.88_tau_2_0.78_lb_4,timeout_msm,12,2017-12-04,0.3493,0.5879,0.2386,False
rf,timeout_msm_tau_1_0.88_tau_2_0.78_lb_4,timeout_msm,16,2018-04-06,0.5879,0.41,-0.1779,False
rf,timeout_msm_tau_1_0.88_tau_2_0.78_lb_4,timeout_msm,20,2018-08-06,0.41,0.3513,-0.0587,False
rf,timeout_msm_tau_1_0.88_tau_2_0.78_lb_4,timeout_msm,24,2018-12-04,0.3513,0.4154,0.0641,False
rf,timeout_msm_tau_1_0.88_tau_2_0.78_lb_4,timeout_msm,28,2019-04-08,0.4154,0.4368,0.0214,False
rf,timeout_msm_tau_1_0.88_tau_2_0.78_lb_4,timeout_msm,32,2019-08-07,0.4368,0.4629,0.0261,False
rf,timeout_msm_tau_1_0.88_tau_2_0.78_lb_4,timeout_msm,36,2019-12-05,0.4629,0.4161,-0.0468,False
rf,timeout_msm_tau_1_0.88_tau_2_0.78_lb_4,timeout_msm,40,2020-04-07,0.4161,0.4415,0.0253,True
rf,timeout_msm_tau_1_0.88_tau_2_0.78_lb_4,timeout_msm,44,2020-08-06,0.4415,0.441,-0.0005,False
rf,timeout_msm_tau_1_0.88_tau_2_0.78_lb_4,timeout_msm,48,2020-12-04,0.441,0.4333,-0.0077,False
rf,timeout_msm_tau_1_0.88_tau_2_0.78_lb_4,timeout_msm,52,2021-04-08,0.4333,0.4348,0.0014,False
rf,timeout_msm_tau_1_0.88_tau_2_0.78_lb_4,timeout_msm,56,2021-08-06,0.4348,0.4032,-0.0316,False
rf,timeout_msm_tau_1_0.88_tau_2_0.78_lb_4,timeout_msm,60,2021-12-06,0.4032,0.4566,0.0534,False
rf,timeout_msm_tau_1_0.88_tau_2_0.78_lb_4,timeout_msm,64,2022-04-06,0.4566,0.5634,0.1068,True
rf,timeout_msm_tau_1_0.88_tau_2_0.78_lb_4,timeout_msm,68,2022-08-08,0.5634,0.4262,-0.1371,False
rf,timeout_msm_tau_1_0.88_tau_2_0.78_lb_4,timeout_msm,72,2022-12-06,0.4262,0.5267,0.1005,False
rf,timeout_msm_tau_1_0.88_tau_2_0.78_lb_4,timeout_msm,76,2023-04-10,0.5267,0.456,-0.0707,False
rf,timeout_msm_tau_1_0.88_tau_2_0.78_lb_4,timeout_msm,80,2023-08-09,0.456,0.5054,0.0494,False
rf,timeout_msm_tau_1_0.88_tau_2_0.78_lb_6,timeout_msm,10,2017-10-04,0.3153,0.4671,0.1518,False
rf,timeout_msm_tau_1_0.88_tau_2_0.78_lb_6,timeout_msm,13,2018-01-04,0.471,0.5706,0.0996,False
rf,timeout_msm_tau_1_0.88_tau_2_0.78_lb_6,timeout_msm,17,2018-05-07,0.5706,0.4019,-0.1687,False
rf,timeout_msm_tau_1_0.88_tau_2_0.78_lb_6,timeout_msm,21,2018-09-05,0.4019,0.3308,-0.0711,False
rf,timeout_msm_tau_1_0.88_tau_2_0.78_lb_6,timeout_msm,25,2019-01-07,0.3308,0.3114,-0.0195,False
rf,timeout_msm_tau_1_0.88_tau_2_0.78_lb_6,timeout_msm,29,2019-05-08,0.3114,0.469,0.1577,False
rf,timeout_msm_tau_1_0.88_tau_2_0.78_lb_6,timeout_msm,33,2019-09-06,0.469,0.5795,0.1105,False
rf,timeout_msm_tau_1_0.88_tau_2_0.78_lb_6,timeout_msm,37,2020-01-07,0.5795,0.3488,-0.2307,True
rf,timeout_msm_tau_1_0.88_tau_2_0.78_lb_6,timeout_msm,41,2020-05-07,0.3488,0.3434,-0.0053,False
rf,timeout_msm_tau_1_0.88_tau_2_0.78_lb_6,timeout_msm,45,2020-09-04,0.3434,0.4738,0.1304,False
rf,timeout_msm_tau_1_0.88_tau_2_0.78_lb_6,timeout_msm,49,2021-01-06,0.4738,0.3655,-0.1083,False
rf,timeout_msm_tau_1_0.88_tau_2_0.78_lb_6,timeout_msm,53,2021-05-07,0.3655,0.3431,-0.0225,False
rf,timeout_msm_tau_1_0.88_tau_2_0.78_lb_6,timeout_msm,57,2021-09-07,0.3431,0.4672,0.1241,False
rf,timeout_msm_tau_1_0.88_tau_2_0.78_lb_6,timeout_msm,61,2022-01-05,0.4672,0.5311,0.0639,False
rf,timeout_msm_tau_1_0.88_tau_2_0.78_lb_6,timeout_msm,65,2022-05-06,0.5311,0.5176,-0.0135,True
rf,timeout_msm_tau_1_0.88_tau_2_0.78_lb_6,timeout_msm,69,2022-09-07,0.5176,0.3695,-0.1481,False
rf,timeout_msm_tau_1_0.88_tau_2_0.78_lb_6,timeout_msm,73,2023-01-06,0.3695,0.463,0.0935,False
rf,timeout_msm_tau_1_0.88_tau_2_0.78_lb_6,timeout_msm,77,2023-05-09,0.463,0.3764,-0.0866,False
rf,timeout_msm_tau_1_0.88_tau_2_0.78_lb_6,timeout_msm,81,2023-09-08,0.3764,0.4342,0.0578,False
rf,timeout_msm_tau_1_0.8_tau_2_0.72_lb_3,timeout_msm,8,2017-08-04,0.3648,0.3493,-0.0155,False
rf,timeout_msm_tau_1_0.8_tau_2_0.72_lb_3,timeout_msm,12,2017-12-04,0.3493,0.5879,0.2386,False
rf,timeout_msm_tau_1_0.8_tau_2_0.72_lb_3,timeout_msm,16,2018-04-06,0.5879,0.41,-0.1779,False
rf,timeout_msm_tau_1_0.8_tau_2_0.72_lb_3,timeout_msm,20,2018-08-06,0.41,0.3513,-0.0587,False
rf,timeout_msm_tau_1_0.8_tau_2_0.72_lb_3,timeout_msm,24,2018-12-04,0.3513,0.4154,0.0641,False
rf,timeout_msm_tau_1_0.8_tau_2_0.72_lb_3,timeout_msm,28,2019-04-08,0.4154,0.4368,0.0214,False
rf,timeout_msm_tau_1_0.8_tau_2_0.72_lb_3,timeout_msm,39,2020-03-09,0.4196,0.3731,-0.0466,True
rf,timeout_msm_tau_1_0.8_tau_2_0.72_lb_3,timeout_msm,44,2020-08-06,0.4196,0.441,0.0214,False
rf,timeout_msm_tau_1_0.8_tau_2_0.72_lb_3,timeout_msm,52,2021-04-08,0.488,0.425,-0.063,False
rf,timeout_msm_tau_1_0.8_tau_2_0.72_lb_3,timeout_msm,57,2021-09-07,0.3479,0.3683,0.0205,False
rf,timeout_msm_tau_1_0.8_tau_2_0.72_lb_3,timeout_msm,60,2021-12-06,0.3844,0.3788,-0.0056,False
rf,timeout_msm_tau_1_0.8_tau_2_0.72_lb_3,timeout_msm,63,2022-03-08,0.358,0.5054,0.1474,True
rf,timeout_msm_tau_1_0.8_tau_2_0.72_lb_3,timeout_msm,68,2022-08-08,0.4969,0.464,-0.0328,False
rf,timeout_msm_tau_1_0.8_tau_2_0.72_lb_3,timeout_msm,75,2023-03-09,0.4656,0.475,0.0095,False
rf,timeout_msm_tau_1_0.8_tau_2_0.72_lb_3,timeout_msm,79,2023-07-11,0.475,0.4837,0.0087,False
rf,timeout_msm_tau_1_0.8_tau_2_0.72_lb_4,timeout_msm,8,2017-08-04,0.3648,0.3493,-0.0155,False
rf,timeout_msm_tau_1_0.8_tau_2_0.72_lb_4,timeout_msm,12,2017-12-04,0.3493,0.5879,0.2386,False
rf,timeout_msm_tau_1_0.8_tau_2_0.72_lb_4,timeout_msm,16,2018-04-06,0.5879,0.41,-0.1779,False
rf,timeout_msm_tau_1_0.8_tau_2_0.72_lb_4,timeout_msm,20,2018-08-06,0.41,0.3513,-0.0587,False
rf,timeout_msm_tau_1_0.8_tau_2_0.72_lb_4,timeout_msm,24,2018-12-04,0.3513,0.4154,0.0641,False
rf,timeout_msm_tau_1_0.8_tau_2_0.72_lb_4,timeout_msm,28,2019-04-08,0.4154,0.4368,0.0214,False
rf,timeout_msm_tau_1_0.8_tau_2_0.72_lb_4,timeout_msm,32,2019-08-07,0.4368,0.4629,0.0261,False
rf,timeout_msm_tau_1_0.8_tau_2_0.72_lb_4,timeout_msm,39,2020-03-09,0.457,0.3731,-0.084,True
rf,timeout_msm_tau_1_0.8_tau_2_0.72_lb_4,timeout_msm,43,2020-07-08,0.3731,0.3997,0.0266,False
rf,timeout_msm_tau_1_0.8_tau_2_0.72_lb_4,timeout_msm,47,2020-11-04,0.3997,0.4362,0.0365,False
rf,timeout_msm_tau_1_0.8_tau_2_0.72_lb_4,timeout_msm,50,2021-02-05,0.4589,0.4029,-0.056,False
rf,timeout_msm_tau_1_0.8_tau_2_0.72_lb_4,timeout_msm,54,2021-06-08,0.4029,0.3245,-0.0784,False
rf,timeout_msm_tau_1_0.8_tau_2_0.72_lb_4,timeout_msm,58,2021-10-06,0.3245,0.4867,0.1622,False
rf,timeout_msm_tau_1_0.8_tau_2_0.72_lb_4,timeout_msm,62,2022-02-04,0.4867,0.4253,-0.0614,True
rf,timeout_msm_tau_1_0.8_tau_2_0.72_lb_4,timeout_msm,66,2022-06-07,0.4253,0.4778,0.0524,False
rf,timeout_msm_tau_1_0.8_tau_2_0.72_lb_4,timeout_msm,70,2022-10-06,0.4778,0.4391,-0.0386,False
rf,timeout_msm_tau_1_0.8_tau_2_0.72_lb_4,timeout_msm,74,2023-02-07,0.4391,0.3832,-0.056,False
rf,timeout_msm_tau_1_0.8_tau_2_0.72_lb_4,timeout_msm,78,2023-06-08,0.3832,0.3775,-0.0057,False
rf,timeout_msm_tau_1_0.8_tau_2_0.72_lb_6,timeout_msm,10,2017-10-04,0.3153,0.4671,0.1518,False
rf,timeout_msm_tau_1_0.8_tau_2_0.72_lb_6,timeout_msm,13,2018-01-04,0.471,0.5706,0.0996,False
rf,timeout_msm_tau_1_0.8_tau_2_0.72_lb_6,timeout_msm,17,2018-05-07,0.5706,0.4019,-0.1687,False
rf,timeout_msm_tau_1_0.8_tau_2_0.72_lb_6,timeout_msm,21,2018-09-05,0.4019,0.3308,-0.0711,False
rf,timeout_msm_tau_1_0.8_tau_2_0.72_lb_6,timeout_msm,25,2019-01-07,0.3308,0.3114,-0.0195,False
rf,timeout_msm_tau_1_0.8_tau_2_0.72_lb_6,timeout_msm,29,2019-05-08,0.3114,0.469,0.1577,False
rf,timeout_msm_tau_1_0.8_tau_2_0.72_lb_6,timeout_msm,33,2019-09-06,0.469,0.5795,0.1105,False
rf,timeout_msm_tau_1_0.8_tau_2_0.72_lb_6,timeout_msm,37,2020-01-07,0.5795,0.3488,-0.2307,True
rf,timeout_msm_tau_1_0.8_tau_2_0.72_lb_6,timeout_msm,41,2020-05-07,0.3488,0.3434,-0.0053,False
rf,timeout_msm_tau_1_0.8_tau_2_0.72_lb_6,timeout_msm,45,2020-09-04,0.3434,0.4738,0.1304,False
rf,timeout_msm_tau_1_0.8_tau_2_0.72_lb_6,timeout_msm,49,2021-01-06,0.4738,0.3655,-0.1083,False
rf,timeout_msm_tau_1_0.8_tau_2_0.72_lb_6,timeout_msm,53,2021-05-07,0.3655,0.3431,-0.0225,False
rf,timeout_msm_tau_1_0.8_tau_2_0.72_lb_6,timeout_msm,57,2021-09-07,0.3431,0.4672,0.1241,False
rf,timeout_msm_tau_1_0.8_tau_2_0.72_lb_6,timeout_msm,61,2022-01-05,0.4672,0.5311,0.0639,False
rf,timeout_msm_tau_1_0.8_tau_2_0.72_lb_6,timeout_msm,65,2022-05-06,0.5311,0.5176,-0.0135,True
rf,timeout_msm_tau_1_0.8_tau_2_0.72_lb_6,timeout_msm,69,2022-09-07,0.5176,0.3695,-0.1481,False
rf,timeout_msm_tau_1_0.8_tau_2_0.72_lb_6,timeout_msm,73,2023-01-06,0.3695,0.463,0.0935,False
rf,timeout_msm_tau_1_0.8_tau_2_0.72_lb_6,timeout_msm,77,2023-05-09,0.463,0.3764,-0.0866,False
rf,timeout_msm_tau_1_0.8_tau_2_0.72_lb_6,timeout_msm,81,2023-09-08,0.3764,0.4342,0.0578,False
rf,timeout_msm_tau_1_0.8_tau_2_0.75_lb_3,timeout_msm,8,2017-08-04,0.3648,0.3493,-0.0155,False
rf,timeout_msm_tau_1_0.8_tau_2_0.75_lb_3,timeout_msm,12,2017-12-04,0.3493,0.5879,0.2386,False
rf,timeout_msm_tau_1_0.8_tau_2_0.75_lb_3,timeout_msm,16,2018-04-06,0.5879,0.41,-0.1779,False
rf,timeout_msm_tau_1_0.8_tau_2_0.75_lb_3,timeout_msm,20,2018-08-06,0.41,0.3513,-0.0587,False
rf,timeout_msm_tau_1_0.8_tau_2_0.75_lb_3,timeout_msm,24,2018-12-04,0.3513,0.4154,0.0641,False
rf,timeout_msm_tau_1_0.8_tau_2_0.75_lb_3,timeout_msm,28,2019-04-08,0.4154,0.4368,0.0214,False
rf,timeout_msm_tau_1_0.8_tau_2_0.75_lb_3,timeout_msm,39,2020-03-09,0.4196,0.3731,-0.0466,True
rf,timeout_msm_tau_1_0.8_tau_2_0.75_lb_3,timeout_msm,44,2020-08-06,0.4196,0.441,0.0214,False
rf,timeout_msm_tau_1_0.8_tau_2_0.75_lb_3,timeout_msm,52,2021-04-08,0.488,0.425,-0.063,False
rf,timeout_msm_tau_1_0.8_tau_2_0.75_lb_3,timeout_msm,57,2021-09-07,0.3479,0.3683,0.0205,False
rf,timeout_msm_tau_1_0.8_tau_2_0.75_lb_3,timeout_msm,60,2021-12-06,0.3844,0.3788,-0.0056,False
rf,timeout_msm_tau_1_0.8_tau_2_0.75_lb_3,timeout_msm,63,2022-03-08,0.358,0.5054,0.1474,True
rf,timeout_msm_tau_1_0.8_tau_2_0.75_lb_3,timeout_msm,68,2022-08-08,0.4969,0.464,-0.0328,False
rf,timeout_msm_tau_1_0.8_tau_2_0.75_lb_3,timeout_msm,75,2023-03-09,0.4656,0.475,0.0095,False
rf,timeout_msm_tau_1_0.8_tau_2_0.75_lb_3,timeout_msm,79,2023-07-11,0.475,0.4837,0.0087,False
rf,timeout_msm_tau_1_0.8_tau_2_0.75_lb_4,timeout_msm,8,2017-08-04,0.3648,0.3493,-0.0155,False
rf,timeout_msm_tau_1_0.8_tau_2_0.75_lb_4,timeout_msm,12,2017-12-04,0.3493,0.5879,0.2386,False
rf,timeout_msm_tau_1_0.8_tau_2_0.75_lb_4,timeout_msm,16,2018-04-06,0.5879,0.41,-0.1779,False
rf,timeout_msm_tau_1_0.8_tau_2_0.75_lb_4,timeout_msm,20,2018-08-06,0.41,0.3513,-0.0587,False
rf,timeout_msm_tau_1_0.8_tau_2_0.75_lb_4,timeout_msm,24,2018-12-04,0.3513,0.4154,0.0641,False
rf,timeout_msm_tau_1_0.8_tau_2_0.75_lb_4,timeout_msm,28,2019-04-08,0.4154,0.4368,0.0214,False
rf,timeout_msm_tau_1_0.8_tau_2_0.75_lb_4,timeout_msm,32,2019-08-07,0.4368,0.4629,0.0261,False
rf,timeout_msm_tau_1_0.8_tau_2_0.75_lb_4,timeout_msm,39,2020-03-09,0.457,0.3731,-0.084,True
rf,timeout_msm_tau_1_0.8_tau_2_0.75_lb_4,timeout_msm,43,2020-07-08,0.3731,0.3997,0.0266,False
rf,timeout_msm_tau_1_0.8_tau_2_0.75_lb_4,timeout_msm,47,2020-11-04,0.3997,0.4362,0.0365,False
rf,timeout_msm_tau_1_0.8_tau_2_0.75_lb_4,timeout_msm,50,2021-02-05,0.4589,0.4029,-0.056,False
rf,timeout_msm_tau_1_0.8_tau_2_0.75_lb_4,timeout_msm,54,2021-06-08,0.4029,0.3245,-0.0784,False
rf,timeout_msm_tau_1_0.8_tau_2_0.75_lb_4,timeout_msm,58,2021-10-06,0.3245,0.4867,0.1622,False
rf,timeout_msm_tau_1_0.8_tau_2_0.75_lb_4,timeout_msm,62,2022-02-04,0.4867,0.4253,-0.0614,True
rf,timeout_msm_tau_1_0.8_tau_2_0.75_lb_4,timeout_msm,66,2022-06-07,0.4253,0.4778,0.0524,False
rf,timeout_msm_tau_1_0.8_tau_2_0.75_lb_4,timeout_msm,70,2022-10-06,0.4778,0.4391,-0.0386,False
rf,timeout_msm_tau_1_0.8_tau_2_0.75_lb_4,timeout_msm,74,2023-02-07,0.4391,0.3832,-0.056,False
rf,timeout_msm_tau_1_0.8_tau_2_0.75_lb_4,timeout_msm,78,2023-06-08,0.3832,0.3775,-0.0057,False
rf,timeout_msm_tau_1_0.8_tau_2_0.75_lb_6,timeout_msm,10,2017-10-04,0.3153,0.4671,0.1518,False
rf,timeout_msm_tau_1_0.8_tau_2_0.75_lb_6,timeout_msm,13,2018-01-04,0.471,0.5706,0.0996,False
rf,timeout_msm_tau_1_0.8_tau_2_0.75_lb_6,timeout_msm,17,2018-05-07,0.5706,0.4019,-0.1687,False
rf,timeout_msm_tau_1_0.8_tau_2_0.75_lb_6,timeout_msm,21,2018-09-05,0.4019,0.3308,-0.0711,False
rf,timeout_msm_tau_1_0.8_tau_2_0.75_lb_6,timeout_msm,25,2019-01-07,0.3308,0.3114,-0.0195,False
rf,timeout_msm_tau_1_0.8_tau_2_0.75_lb_6,timeout_msm,29,2019-05-08,0.3114,0.469,0.1577,False
rf,timeout_msm_tau_1_0.8_tau_2_0.75_lb_6,timeout_msm,33,2019-09-06,0.469,0.5795,0.1105,False
rf,timeout_msm_tau_1_0.8_tau_2_0.75_lb_6,timeout_msm,37,2020-01-07,0.5795,0.3488,-0.2307,True
rf,timeout_msm_tau_1_0.8_tau_2_0.75_lb_6,timeout_msm,41,2020-05-07,0.3488,0.3434,-0.0053,False
rf,timeout_msm_tau_1_0.8_tau_2_0.75_lb_6,timeout_msm,45,2020-09-04,0.3434,0.4738,0.1304,False
rf,timeout_msm_tau_1_0.8_tau_2_0.75_lb_6,timeout_msm,49,2021-01-06,0.4738,0.3655,-0.1083,False
rf,timeout_msm_tau_1_0.8_tau_2_0.75_lb_6,timeout_msm,53,2021-05-07,0.3655,0.3431,-0.0225,False
rf,timeout_msm_tau_1_0.8_tau_2_0.75_lb_6,timeout_msm,57,2021-09-07,0.3431,0.4672,0.1241,False
rf,timeout_msm_tau_1_0.8_tau_2_0.75_lb_6,timeout_msm,61,2022-01-05,0.4672,0.5311,0.0639,False
rf,timeout_msm_tau_1_0.8_tau_2_0.75_lb_6,timeout_msm,65,2022-05-06,0.5311,0.5176,-0.0135,True
rf,timeout_msm_tau_1_0.8_tau_2_0.75_lb_6,timeout_msm,69,2022-09-07,0.5176,0.3695,-0.1481,False
rf,timeout_msm_tau_1_0.8_tau_2_0.75_lb_6,timeout_msm,73,2023-01-06,0.3695,0.463,0.0935,False
rf,timeout_msm_tau_1_0.8_tau_2_0.75_lb_6,timeout_msm,77,2023-05-09,0.463,0.3764,-0.0866,False
rf,timeout_msm_tau_1_0.8_tau_2_0.75_lb_6,timeout_msm,81,2023-09-08,0.3764,0.4342,0.0578,False
xgboost,causal_tau_1_0.83_tau_2_0.72_lb_3,causal,7,2017-07-06,0.3728,0.3327,-0.0401,False
xgboost,causal_tau_1_0.83_tau_2_0.72_lb_3,causal,11,2017-11-02,0.3327,0.5468,0.2142,False
xgboost,causal_tau_1_0.83_tau_2_0.72_lb_3,causal,16,2018-04-06,0.5486,0.4382,-0.1104,False
xgboost,causal_tau_1_0.83_tau_2_0.72_lb_3,causal,20,2018-08-06,0.4382,0.3283,-0.1099,False
xgboost,causal_tau_1_0.83_tau_2_0.72_lb_3,causal,24,2018-12-04,0.3283,0.5627,0.2344,False
xgboost,causal_tau_1_0.83_tau_2_0.72_lb_3,causal,28,2019-04-08,0.5627,0.4686,-0.0941,False
xgboost,causal_tau_1_0.83_tau_2_0.72_lb_3,causal,31,2019-07-09,0.4506,0.4047,-0.0459,False
xgboost,causal_tau_1_0.83_tau_2_0.72_lb_3,causal,38,2020-02-06,0.4762,0.4286,-0.0476,True
xgboost,causal_tau_1_0.83_tau_2_0.72_lb_3,causal,42,2020-06-08,0.4286,0.3481,-0.0805,False
xgboost,causal_tau_1_0.83_tau_2_0.72_lb_3,causal,46,2020-10-06,0.3481,0.3355,-0.0126,False
xgboost,causal_tau_1_0.83_tau_2_0.72_lb_3,causal,52,2021-04-08,0.2714,0.39,0.1186,False
xgboost,causal_tau_1_0.83_tau_2_0.72_lb_3,causal,56,2021-08-06,0.39,0.337,-0.053,False
xgboost,causal_tau_1_0.83_tau_2_0.72_lb_3,causal,60,2021-12-06,0.337,0.3818,0.0448,False
xgboost,causal_tau_1_0.83_tau_2_0.72_lb_3,causal,64,2022-04-06,0.3818,0.4955,0.1137,True
xgboost,causal_tau_1_0.83_tau_2_0.72_lb_3,causal,68,2022-08-08,0.4955,0.417,-0.0785,False
xgboost,causal_tau_1_0.83_tau_2_0.72_lb_3,causal,74,2023-02-07,0.3763,0.2103,-0.1661,False
xgboost,causal_tau_1_0.83_tau_2_0.72_lb_3,causal,78,2023-06-08,0.2103,0.3841,0.1739,False
xgboost,causal_tau_1_0.83_tau_2_0.72_lb_4,causal,9,2017-09-05,0.2722,0.429,0.1567,False
xgboost,causal_tau_1_0.83_tau_2_0.72_lb_4,causal,13,2018-01-04,0.429,0.6136,0.1846,False
xgboost,causal_tau_1_0.83_tau_2_0.72_lb_4,causal,16,2018-04-06,0.5957,0.4382,-0.1575,False
xgboost,causal_tau_1_0.83_tau_2_0.72_lb_4,causal,20,2018-08-06,0.4382,0.3283,-0.1099,False
xgboost,causal_tau_1_0.83_tau_2_0.72_lb_4,causal,24,2018-12-04,0.3283,0.5627,0.2344,False
xgboost,causal_tau_1_0.83_tau_2_0.72_lb_4,causal,28,2019-04-08,0.5627,0.4316,-0.1311,False
xgboost,causal_tau_1_0.83_tau_2_0.72_lb_4,causal,32,2019-08-07,0.4316,0.5119,0.0804,False
xgboost,causal_tau_1_0.83_tau_2_0.72_lb_4,causal,39,2020-03-09,0.4157,0.2665,-0.1492,True
xgboost,causal_tau_1_0.83_tau_2_0.72_lb_4,causal,43,2020-07-08,0.2665,0.4031,0.1367,False
xgboost,causal_tau_1_0.83_tau_2_0.72_lb_4,causal,47,2020-11-04,0.4031,0.4494,0.0462,False
xgboost,causal_tau_1_0.83_tau_2_0.72_lb_4,causal,50,2021-02-05,0.3447,0.3106,-0.0341,False
xgboost,causal_tau_1_0.83_tau_2_0.72_lb_4,causal,54,2021-06-08,0.3106,0.269,-0.0416,False
xgboost,causal_tau_1_0.83_tau_2_0.72_lb_4,causal,58,2021-10-06,0.269,0.3946,0.1256,False
xgboost,causal_tau_1_0.83_tau_2_0.72_lb_4,causal,62,2022-02-04,0.3946,0.4572,0.0626,True
xgboost,causal_tau_1_0.83_tau_2_0.72_lb_4,causal,66,2022-06-07,0.4572,0.5111,0.0539,False
xgboost,causal_tau_1_0.83_tau_2_0.72_lb_4,causal,70,2022-10-06,0.5111,0.4417,-0.0694,False
xgboost,causal_tau_1_0.83_tau_2_0.72_lb_4,causal,74,2023-02-07,0.4417,0.2103,-0.2314,False
xgboost,causal_tau_1_0.83_tau_2_0.72_lb_4,causal,78,2023-06-08,0.2103,0.3841,0.1739,False
xgboost,causal_tau_1_0.83_tau_2_0.72_lb_6,causal,13,2018-01-04,0.3962,0.5766,0.1804,False
xgboost,causal_tau_1_0.83_tau_2_0.72_lb_6,causal,17,2018-05-07,0.5766,0.4414,-0.1352,False
xgboost,causal_tau_1_0.83_tau_2_0.72_lb_6,causal,21,2018-09-05,0.4414,0.3589,-0.0825,False
xgboost,causal_tau_1_0.83_tau_2_0.72_lb_6,causal,25,2019-01-07,0.3589,0.2706,-0.0883,False
xgboost,causal_tau_1_0.83_tau_2_0.72_lb_6,causal,29,2019-05-08,0.2706,0.4589,0.1883,False
xgboost,causal_tau_1_0.83_tau_2_0.72_lb_6,causal,33,2019-09-06,0.4589,0.4868,0.0279,False
xgboost,causal_tau_1_0.83_tau_2_0.72_lb_6,causal,37,2020-01-07,0.4868,0.4156,-0.0712,True
xgboost,causal_tau_1_0.83_tau_2_0.72_lb_6,causal,41,2020-05-07,0.4156,0.3066,-0.109,False
xgboost,causal_tau_1_0.83_tau_2_0.72_lb_6,causal,45,2020-09-04,0.3066,0.3154,0.0088,False
xgboost,causal_tau_1_0.83_tau_2_0.72_lb_6,causal,49,2021-01-06,0.3154,0.3395,0.0241,False
xgboost,causal_tau_1_0.83_tau_2_0.72_lb_6,causal,53,2021-05-07,0.3395,0.2246,-0.1149,False
xgboost,causal_tau_1_0.83_tau_2_0.72_lb_6,causal,57,2021-09-07,0.2246,0.3287,0.104,False
xgboost,causal_tau_1_0.83_tau_2_0.72_lb_6,causal,61,2022-01-05,0.3287,0.5428,0.2141,False
xgboost,causal_tau_1_0.83_tau_2_0.72_lb_6,causal,65,2022-05-06,0.5428,0.5248,-0.018,True
xgboost,causal_tau_1_0.83_tau_2_0.72_lb_6,causal,69,2022-09-07,0.5248,0.3794,-0.1454,False
xgboost,causal_tau_1_0.83_tau_2_0.72_lb_6,causal,73,2023-01-06,0.3794,0.3933,0.0139,False
xgboost,causal_tau_1_0.83_tau_2_0.72_lb_6,causal,77,2023-05-09,0.3933,0.376,-0.0172,False
xgboost,causal_tau_1_0.83_tau_2_0.72_lb_6,causal,81,2023-09-08,0.376,0.4278,0.0518,False
xgboost,causal_tau_1_0.83_tau_2_0.75_lb_3,causal,7,2017-07-06,0.3728,0.3327,-0.0401,False
xgboost,causal_tau_1_0.83_tau_2_0.75_lb_3,causal,11,2017-11-02,0.3327,0.5468,0.2142,False
xgboost,causal_tau_1_0.83_tau_2_0.75_lb_3,causal,16,2018-04-06,0.5486,0.4382,-0.1104,False
xgboost,causal_tau_1_0.83_tau_2_0.75_lb_3,causal,20,2018-08-06,0.4382,0.3283,-0.1099,False
xgboost,causal_tau_1_0.83_tau_2_0.75_lb_3,causal,24,2018-12-04,0.3283,0.5627,0.2344,False
xgboost,causal_tau_1_0.83_tau_2_0.75_lb_3,causal,28,2019-04-08,0.5627,0.4686,-0.0941,False
xgboost,causal_tau_1_0.83_tau_2_0.75_lb_3,causal,31,2019-07-09,0.4506,0.4047,-0.0459,False
xgboost,causal_tau_1_0.83_tau_2_0.75_lb_3,causal,38,2020-02-06,0.4762,0.4286,-0.0476,True
xgboost,causal_tau_1_0.83_tau_2_0.75_lb_3,causal,42,2020-06-08,0.4286,0.3481,-0.0805,False
xgboost,causal_tau_1_0.83_tau_2_0.75_lb_3,causal,46,2020-10-06,0.3481,0.3355,-0.0126,False
xgboost,causal_tau_1_0.83_tau_2_0.75_lb_3,causal,52,2021-04-08,0.2714,0.39,0.1186,False
xgboost,causal_tau_1_0.83_tau_2_0.75_lb_3,causal,56,2021-08-06,0.39,0.337,-0.053,False
xgboost,causal_tau_1_0.83_tau_2_0.75_lb_3,causal,60,2021-12-06,0.337,0.3818,0.0448,False
xgboost,causal_tau_1_0.83_tau_2_0.75_lb_3,causal,64,2022-04-06,0.3818,0.4955,0.1137,True
xgboost,causal_tau_1_0.83_tau_2_0.75_lb_3,causal,68,2022-08-08,0.4955,0.417,-0.0785,False
xgboost,causal_tau_1_0.83_tau_2_0.75_lb_3,causal,74,2023-02-07,0.3763,0.2103,-0.1661,False
xgboost,causal_tau_1_0.83_tau_2_0.75_lb_3,causal,78,2023-06-08,0.2103,0.3841,0.1739,False
xgboost,causal_tau_1_0.83_tau_2_0.75_lb_4,causal,9,2017-09-05,0.2722,0.429,0.1567,False
xgboost,causal_tau_1_0.83_tau_2_0.75_lb_4,causal,13,2018-01-04,0.429,0.6136,0.1846,False
xgboost,causal_tau_1_0.83_tau_2_0.75_lb_4,causal,16,2018-04-06,0.5957,0.4382,-0.1575,False
xgboost,causal_tau_1_0.83_tau_2_0.75_lb_4,causal,20,2018-08-06,0.4382,0.3283,-0.1099,False
xgboost,causal_tau_1_0.83_tau_2_0.75_lb_4,causal,24,2018-12-04,0.3283,0.5627,0.2344,False
xgboost,causal_tau_1_0.83_tau_2_0.75_lb_4,causal,28,2019-04-08,0.5627,0.4316,-0.1311,False
xgboost,causal_tau_1_0.83_tau_2_0.75_lb_4,causal,32,2019-08-07,0.4316,0.5119,0.0804,False
xgboost,causal_tau_1_0.83_tau_2_0.75_lb_4,causal,39,2020-03-09,0.4157,0.2665,-0.1492,True
xgboost,causal_tau_1_0.83_tau_2_0.75_lb_4,causal,43,2020-07-08,0.2665,0.4031,0.1367,False
xgboost,causal_tau_1_0.83_tau_2_0.75_lb_4,causal,47,2020-11-04,0.4031,0.4494,0.0462,False
xgboost,causal_tau_1_0.83_tau_2_0.75_lb_4,causal,50,2021-02-05,0.3447,0.3106,-0.0341,False
xgboost,causal_tau_1_0.83_tau_2_0.75_lb_4,causal,54,2021-06-08,0.3106,0.269,-0.0416,False
xgboost,causal_tau_1_0.83_tau_2_0.75_lb_4,causal,58,2021-10-06,0.269,0.3946,0.1256,False
xgboost,causal_tau_1_0.83_tau_2_0.75_lb_4,causal,62,2022-02-04,0.3946,0.4572,0.0626,True
xgboost,causal_tau_1_0.83_tau_2_0.75_lb_4,causal,66,2022-06-07,0.4572,0.5111,0.0539,False
xgboost,causal_tau_1_0.83_tau_2_0.75_lb_4,causal,70,2022-10-06,0.5111,0.4417,-0.0694,False
xgboost,causal_tau_1_0.83_tau_2_0.75_lb_4,causal,74,2023-02-07,0.4417,0.2103,-0.2314,False
xgboost,causal_tau_1_0.83_tau_2_0.75_lb_4,causal,78,2023-06-08,0.2103,0.3841,0.1739,False
xgboost,causal_tau_1_0.83_tau_2_0.75_lb_6,causal,13,2018-01-04,0.3962,0.5766,0.1804,False
xgboost,causal_tau_1_0.83_tau_2_0.75_lb_6,causal,17,2018-05-07,0.5766,0.4414,-0.1352,False
xgboost,causal_tau_1_0.83_tau_2_0.75_lb_6,causal,21,2018-09-05,0.4414,0.3589,-0.0825,False
xgboost,causal_tau_1_0.83_tau_2_0.75_lb_6,causal,25,2019-01-07,0.3589,0.2706,-0.0883,False
xgboost,causal_tau_1_0.83_tau_2_0.75_lb_6,causal,29,2019-05-08,0.2706,0.4589,0.1883,False
xgboost,causal_tau_1_0.83_tau_2_0.75_lb_6,causal,33,2019-09-06,0.4589,0.4868,0.0279,False
xgboost,causal_tau_1_0.83_tau_2_0.75_lb_6,causal,37,2020-01-07,0.4868,0.4156,-0.0712,True
xgboost,causal_tau_1_0.83_tau_2_0.75_lb_6,causal,41,2020-05-07,0.4156,0.3066,-0.109,False
xgboost,causal_tau_1_0.83_tau_2_0.75_lb_6,causal,45,2020-09-04,0.3066,0.3154,0.0088,False
xgboost,causal_tau_1_0.83_tau_2_0.75_lb_6,causal,49,2021-01-06,0.3154,0.3395,0.0241,False
xgboost,causal_tau_1_0.83_tau_2_0.75_lb_6,causal,53,2021-05-07,0.3395,0.2246,-0.1149,False
xgboost,causal_tau_1_0.83_tau_2_0.75_lb_6,causal,57,2021-09-07,0.2246,0.3287,0.104,False
xgboost,causal_tau_1_0.83_tau_2_0.75_lb_6,causal,61,2022-01-05,0.3287,0.5428,0.2141,False
xgboost,causal_tau_1_0.83_tau_2_0.75_lb_6,causal,65,2022-05-06,0.5428,0.5248,-0.018,True
xgboost,causal_tau_1_0.83_tau_2_0.75_lb_6,causal,69,2022-09-07,0.5248,0.3794,-0.1454,False
xgboost,causal_tau_1_0.83_tau_2_0.75_lb_6,causal,73,2023-01-06,0.3794,0.3933,0.0139,False
xgboost,causal_tau_1_0.83_tau_2_0.75_lb_6,causal,77,2023-05-09,0.3933,0.376,-0.0172,False
xgboost,causal_tau_1_0.83_tau_2_0.75_lb_6,causal,81,2023-09-08,0.376,0.4278,0.0518,False
xgboost,causal_tau_1_0.83_tau_2_0.78_lb_3,causal,7,2017-07-06,0.3728,0.3327,-0.0401,False
xgboost,causal_tau_1_0.83_tau_2_0.78_lb_3,causal,11,2017-11-02,0.3327,0.5468,0.2142,False
xgboost,causal_tau_1_0.83_tau_2_0.78_lb_3,causal,16,2018-04-06,0.5486,0.4382,-0.1104,False
xgboost,causal_tau_1_0.83_tau_2_0.78_lb_3,causal,20,2018-08-06,0.4382,0.3283,-0.1099,False
xgboost,causal_tau_1_0.83_tau_2_0.78_lb_3,causal,24,2018-12-04,0.3283,0.5627,0.2344,False
xgboost,causal_tau_1_0.83_tau_2_0.78_lb_3,causal,28,2019-04-08,0.5627,0.4686,-0.0941,False
xgboost,causal_tau_1_0.83_tau_2_0.78_lb_3,causal,31,2019-07-09,0.4506,0.4047,-0.0459,False
xgboost,causal_tau_1_0.83_tau_2_0.78_lb_3,causal,38,2020-02-06,0.4762,0.4286,-0.0476,True
xgboost,causal_tau_1_0.83_tau_2_0.78_lb_3,causal,42,2020-06-08,0.4286,0.3481,-0.0805,False
xgboost,causal_tau_1_0.83_tau_2_0.78_lb_3,causal,46,2020-10-06,0.3481,0.3355,-0.0126,False
xgboost,causal_tau_1_0.83_tau_2_0.78_lb_3,causal,50,2021-02-05,0.3355,0.3106,-0.0249,False
xgboost,causal_tau_1_0.83_tau_2_0.78_lb_3,causal,54,2021-06-08,0.3106,0.269,-0.0416,False
xgboost,causal_tau_1_0.83_tau_2_0.78_lb_3,causal,58,2021-10-06,0.269,0.3946,0.1256,False
xgboost,causal_tau_1_0.83_tau_2_0.78_lb_3,causal,62,2022-02-04,0.3946,0.4572,0.0626,True
xgboost,causal_tau_1_0.83_tau_2_0.78_lb_3,causal,68,2022-08-08,0.5306,0.417,-0.1136,False
xgboost,causal_tau_1_0.83_tau_2_0.78_lb_3,causal,74,2023-02-07,0.3763,0.2103,-0.1661,False
xgboost,causal_tau_1_0.83_tau_2_0.78_lb_3,causal,78,2023-06-08,0.2103,0.3841,0.1739,False
xgboost,causal_tau_1_0.83_tau_2_0.78_lb_4,causal,9,2017-09-05,0.2722,0.429,0.1567,False
xgboost,causal_tau_1_0.83_tau_2_0.78_lb_4,causal,13,2018-01-04,0.429,0.6136,0.1846,False
xgboost,causal_tau_1_0.83_tau_2_0.78_lb_4,causal,16,2018-04-06,0.5957,0.4382,-0.1575,False
xgboost,causal_tau_1_0.83_tau_2_0.78_lb_4,causal,20,2018-08-06,0.4382,0.3283,-0.1099,False
xgboost,causal_tau_1_0.83_tau_2_0.78_lb_4,causal,24,2018-12-04,0.3283,0.5627,0.2344,False
xgboost,causal_tau_1_0.83_tau_2_0.78_lb_4,causal,28,2019-04-08,0.5627,0.4316,-0.1311,False
xgboost,causal_tau_1_0.83_tau_2_0.78_lb_4,causal,32,2019-08-07,0.4316,0.5119,0.0804,False
xgboost,causal_tau_1_0.83_tau_2_0.78_lb_4,causal,39,2020-03-09,0.4157,0.2665,-0.1492,True
xgboost,causal_tau_1_0.83_tau_2_0.78_lb_4,causal,43,2020-07-08,0.2665,0.4031,0.1367,False
xgboost,causal_tau_1_0.83_tau_2_0.78_lb_4,causal,47,2020-11-04,0.4031,0.4494,0.0462,False
xgboost,causal_tau_1_0.83_tau_2_0.78_lb_4,causal,50,2021-02-05,0.3447,0.3106,-0.0341,False
xgboost,causal_tau_1_0.83_tau_2_0.78_lb_4,causal,54,2021-06-08,0.3106,0.269,-0.0416,False
xgboost,causal_tau_1_0.83_tau_2_0.78_lb_4,causal,58,2021-10-06,0.269,0.3946,0.1256,False
xgboost,causal_tau_1_0.83_tau_2_0.78_lb_4,causal,62,2022-02-04,0.3946,0.4572,0.0626,True
xgboost,causal_tau_1_0.83_tau_2_0.78_lb_4,causal,66,2022-06-07,0.4572,0.5111,0.0539,False
xgboost,causal_tau_1_0.83_tau_2_0.78_lb_4,causal,70,2022-10-06,0.5111,0.4417,-0.0694,False
xgboost,causal_tau_1_0.83_tau_2_0.78_lb_4,causal,74,2023-02-07,0.4417,0.2103,-0.2314,False
xgboost,causal_tau_1_0.83_tau_2_0.78_lb_4,causal,78,2023-06-08,0.2103,0.3841,0.1739,False
xgboost,causal_tau_1_0.83_tau_2_0.78_lb_6,causal,13,2018-01-04,0.3962,0.5766,0.1804,False
xgboost,causal_tau_1_0.83_tau_2_0.78_lb_6,causal,17,2018-05-07,0.5766,0.4414,-0.1352,False
xgboost,causal_tau_1_0.83_tau_2_0.78_lb_6,causal,21,2018-09-05,0.4414,0.3589,-0.0825,False
xgboost,causal_tau_1_0.83_tau_2_0.78_lb_6,causal,25,2019-01-07,0.3589,0.2706,-0.0883,False
xgboost,causal_tau_1_0.83_tau_2_0.78_lb_6,causal,29,2019-05-08,0.2706,0.4589,0.1883,False
xgboost,causal_tau_1_0.83_tau_2_0.78_lb_6,causal,33,2019-09-06,0.4589,0.4868,0.0279,False
xgboost,causal_tau_1_0.83_tau_2_0.78_lb_6,causal,37,2020-01-07,0.4868,0.4156,-0.0712,True
xgboost,causal_tau_1_0.83_tau_2_0.78_lb_6,causal,41,2020-05-07,0.4156,0.3066,-0.109,False
xgboost,causal_tau_1_0.83_tau_2_0.78_lb_6,causal,45,2020-09-04,0.3066,0.3154,0.0088,False
xgboost,causal_tau_1_0.83_tau_2_0.78_lb_6,causal,49,2021-01-06,0.3154,0.3395,0.0241,False
xgboost,causal_tau_1_0.83_tau_2_0.78_lb_6,causal,53,2021-05-07,0.3395,0.2246,-0.1149,False
xgboost,causal_tau_1_0.83_tau_2_0.78_lb_6,causal,57,2021-09-07,0.2246,0.3287,0.104,False
xgboost,causal_tau_1_0.83_tau_2_0.78_lb_6,causal,61,2022-01-05,0.3287,0.5428,0.2141,False
xgboost,causal_tau_1_0.83_tau_2_0.78_lb_6,causal,65,2022-05-06,0.5428,0.5248,-0.018,True
xgboost,causal_tau_1_0.83_tau_2_0.78_lb_6,causal,69,2022-09-07,0.5248,0.3794,-0.1454,False
xgboost,causal_tau_1_0.83_tau_2_0.78_lb_6,causal,73,2023-01-06,0.3794,0.3933,0.0139,False
xgboost,causal_tau_1_0.83_tau_2_0.78_lb_6,causal,77,2023-05-09,0.3933,0.376,-0.0172,False
xgboost,causal_tau_1_0.83_tau_2_0.78_lb_6,causal,81,2023-09-08,0.376,0.4278,0.0518,False
xgboost,causal_tau_1_0.88_tau_2_0.72_lb_3,causal,7,2017-07-06,0.3728,0.3327,-0.0401,False
xgboost,causal_tau_1_0.88_tau_2_0.72_lb_3,causal,11,2017-11-02,0.3327,0.5468,0.2142,False
xgboost,causal_tau_1_0.88_tau_2_0.72_lb_3,causal,15,2018-03-07,0.5468,0.4214,-0.1255,False
xgboost,causal_tau_1_0.88_tau_2_0.72_lb_3,causal,19,2018-07-06,0.4214,0.2918,-0.1296,False
xgboost,causal_tau_1_0.88_tau_2_0.72_lb_3,causal,23,2018-11-02,0.2918,0.4845,0.1927,False
xgboost,causal_tau_1_0.88_tau_2_0.72_lb_3,causal,27,2019-03-08,0.4845,0.44,-0.0445,False
xgboost,causal_tau_1_0.88_tau_2_0.72_lb_3,causal,31,2019-07-09,0.44,0.402,-0.0379,False
xgboost,causal_tau_1_0.88_tau_2_0.72_lb_3,causal,38,2020-02-06,0.3894,0.4286,0.0392,True
xgboost,causal_tau_1_0.88_tau_2_0.72_lb_3,causal,42,2020-06-08,0.4286,0.3481,-0.0805,False
xgboost,causal_tau_1_0.88_tau_2_0.72_lb_3,causal,46,2020-10-06,0.3481,0.395,0.0469,False
xgboost,causal_tau_1_0.88_tau_2_0.72_lb_3,causal,49,2021-01-06,0.3391,0.3395,0.0004,False
xgboost,causal_tau_1_0.88_tau_2_0.72_lb_3,causal,53,2021-05-07,0.3395,0.2246,-0.1149,False
xgboost,causal_tau_1_0.88_tau_2_0.72_lb_3,causal,57,2021-09-07,0.2246,0.3572,0.1326,False
xgboost,causal_tau_1_0.88_tau_2_0.72_lb_3,causal,60,2021-12-06,0.3737,0.3602,-0.0135,False
xgboost,causal_tau_1_0.88_tau_2_0.72_lb_3,causal,64,2022-04-06,0.3602,0.5553,0.1951,True
xgboost,causal_tau_1_0.88_tau_2_0.72_lb_3,causal,68,2022-08-08,0.5553,0.417,-0.1383,False
xgboost,causal_tau_1_0.88_tau_2_0.72_lb_3,causal,72,2022-12-06,0.417,0.4054,-0.0117,False
xgboost,causal_tau_1_0.88_tau_2_0.72_lb_3,causal,76,2023-04-10,0.4054,0.2005,-0.2049,False
xgboost,causal_tau_1_0.88_tau_2_0.72_lb_4,causal,9,2017-09-05,0.2722,0.429,0.1567,False
xgboost,causal_tau_1_0.88_tau_2_0.72_lb_4,causal,13,2018-01-04,0.429,0.5766,0.1477,False
xgboost,causal_tau_1_0.88_tau_2_0.72_lb_4,causal,17,2018-05-07,0.5766,0.4414,-0.1352,False
xgboost,causal_tau_1_0.88_tau_2_0.72_lb_4,causal,21,2018-09-05,0.4414,0.3589,-0.0825,False
xgboost,causal_tau_1_0.88_tau_2_0.72_lb_4,causal,25,2019-01-07,0.3589,0.2706,-0.0883,False
xgboost,causal_tau_1_0.88_tau_2_0.72_lb_4,causal,29,2019-05-08,0.2706,0.4589,0.1883,False
xgboost,causal_tau_1_0.88_tau_2_0.72_lb_4,causal,33,2019-09-06,0.4589,0.4868,0.0279,False
xgboost,causal_tau_1_0.88_tau_2_0.72_lb_4,causal,38,2020-02-06,0.4428,0.4286,-0.0142,True
xgboost,causal_tau_1_0.88_tau_2_0.72_lb_4,causal,42,2020-06-08,0.4286,0.3481,-0.0805,False
xgboost,causal_tau_1_0.88_tau_2_0.72_lb_4,causal,46,2020-10-06,0.3481,0.3355,-0.0126,False
xgboost,causal_tau_1_0.88_tau_2_0.72_lb_4,causal,50,2021-02-05,0.3355,0.3106,-0.0249,False
xgboost,causal_tau_1_0.88_tau_2_0.72_lb_4,causal,54,2021-06-08,0.3106,0.269,-0.0416,False
xgboost,causal_tau_1_0.88_tau_2_0.72_lb_4,causal,58,2021-10-06,0.269,0.3946,0.1256,False
xgboost,causal_tau_1_0.88_tau_2_0.72_lb_4,causal,62,2022-02-04,0.3946,0.4572,0.0626,True
xgboost,causal_tau_1_0.88_tau_2_0.72_lb_4,causal,66,2022-06-07,0.4572,0.5111,0.0539,False
xgboost,causal_tau_1_0.88_tau_2_0.72_lb_4,causal,70,2022-10-06,0.5111,0.4417,-0.0694,False
xgboost,causal_tau_1_0.88_tau_2_0.72_lb_4,causal,74,2023-02-07,0.4417,0.2103,-0.2314,False
xgboost,causal_tau_1_0.88_tau_2_0.72_lb_4,causal,78,2023-06-08,0.2103,0.3841,0.1739,False
xgboost,causal_tau_1_0.88_tau_2_0.72_lb_6,causal,13,2018-01-04,0.3962,0.5766,0.1804,False
xgboost,causal_tau_1_0.88_tau_2_0.72_lb_6,causal,17,2018-05-07,0.5766,0.4414,-0.1352,False
xgboost,causal_tau_1_0.88_tau_2_0.72_lb_6,causal,21,2018-09-05,0.4414,0.3589,-0.0825,False
xgboost,causal_tau_1_0.88_tau_2_0.72_lb_6,causal,25,2019-01-07,0.3589,0.2706,-0.0883,False
xgboost,causal_tau_1_0.88_tau_2_0.72_lb_6,causal,29,2019-05-08,0.2706,0.4589,0.1883,False
xgboost,causal_tau_1_0.88_tau_2_0.72_lb_6,causal,33,2019-09-06,0.4589,0.4868,0.0279,False
xgboost,causal_tau_1_0.88_tau_2_0.72_lb_6,causal,37,2020-01-07,0.4868,0.4156,-0.0712,True
xgboost,causal_tau_1_0.88_tau_2_0.72_lb_6,causal,41,2020-05-07,0.4156,0.3066,-0.109,False
xgboost,causal_tau_1_0.88_tau_2_0.72_lb_6,causal,45,2020-09-04,0.3066,0.3154,0.0088,False
xgboost,causal_tau_1_0.88_tau_2_0.72_lb_6,causal,49,2021-01-06,0.3154,0.3395,0.0241,False
xgboost,causal_tau_1_0.88_tau_2_0.72_lb_6,causal,53,2021-05-07,0.3395,0.2246,-0.1149,False
xgboost,causal_tau_1_0.88_tau_2_0.72_lb_6,causal,57,2021-09-07,0.2246,0.3287,0.104,False
xgboost,causal_tau_1_0.88_tau_2_0.72_lb_6,causal,61,2022-01-05,0.3287,0.5428,0.2141,False
xgboost,causal_tau_1_0.88_tau_2_0.72_lb_6,causal,65,2022-05-06,0.5428,0.5248,-0.018,True
xgboost,causal_tau_1_0.88_tau_2_0.72_lb_6,causal,69,2022-09-07,0.5248,0.3794,-0.1454,False
xgboost,causal_tau_1_0.88_tau_2_0.72_lb_6,causal,73,2023-01-06,0.3794,0.3933,0.0139,False
xgboost,causal_tau_1_0.88_tau_2_0.72_lb_6,causal,77,2023-05-09,0.3933,0.376,-0.0172,False
xgboost,causal_tau_1_0.88_tau_2_0.72_lb_6,causal,81,2023-09-08,0.376,0.4278,0.0518,False
xgboost,causal_tau_1_0.88_tau_2_0.75_lb_3,causal,7,2017-07-06,0.3728,0.3327,-0.0401,False
xgboost,causal_tau_1_0.88_tau_2_0.75_lb_3,causal,11,2017-11-02,0.3327,0.5468,0.2142,False
xgboost,causal_tau_1_0.88_tau_2_0.75_lb_3,causal,15,2018-03-07,0.5468,0.4214,-0.1255,False
xgboost,causal_tau_1_0.88_tau_2_0.75_lb_3,causal,19,2018-07-06,0.4214,0.2918,-0.1296,False
xgboost,causal_tau_1_0.88_tau_2_0.75_lb_3,causal,23,2018-11-02,0.2918,0.4845,0.1927,False
xgboost,causal_tau_1_0.88_tau_2_0.75_lb_3,causal,27,2019-03-08,0.4845,0.44,-0.0445,False
xgboost,causal_tau_1_0.88_tau_2_0.75_lb_3,causal,31,2019-07-09,0.44,0.402,-0.0379,False
xgboost,causal_tau_1_0.88_tau_2_0.75_lb_3,causal,38,2020-02-06,0.3894,0.4286,0.0392,True
xgboost,causal_tau_1_0.88_tau_2_0.75_lb_3,causal,42,2020-06-08,0.4286,0.3481,-0.0805,False
xgboost,causal_tau_1_0.88_tau_2_0.75_lb_3,causal,46,2020-10-06,0.3481,0.395,0.0469,False
xgboost,causal_tau_1_0.88_tau_2_0.75_lb_3,causal,49,2021-01-06,0.3391,0.3395,0.0004,False
xgboost,causal_tau_1_0.88_tau_2_0.75_lb_3,causal,53,2021-05-07,0.3395,0.2246,-0.1149,False
xgboost,causal_tau_1_0.88_tau_2_0.75_lb_3,causal,57,2021-09-07,0.2246,0.3572,0.1326,False
xgboost,causal_tau_1_0.88_tau_2_0.75_lb_3,causal,60,2021-12-06,0.3737,0.3602,-0.0135,False
xgboost,causal_tau_1_0.88_tau_2_0.75_lb_3,causal,64,2022-04-06,0.3602,0.5553,0.1951,True
xgboost,causal_tau_1_0.88_tau_2_0.75_lb_3,causal,68,2022-08-08,0.5553,0.417,-0.1383,False
xgboost,causal_tau_1_0.88_tau_2_0.75_lb_3,causal,72,2022-12-06,0.417,0.4054,-0.0117,False
xgboost,causal_tau_1_0.88_tau_2_0.75_lb_3,causal,76,2023-04-10,0.4054,0.2005,-0.2049,False
xgboost,causal_tau_1_0.88_tau_2_0.75_lb_4,causal,9,2017-09-05,0.2722,0.429,0.1567,False
xgboost,causal_tau_1_0.88_tau_2_0.75_lb_4,causal,13,2018-01-04,0.429,0.5766,0.1477,False
xgboost,causal_tau_1_0.88_tau_2_0.75_lb_4,causal,17,2018-05-07,0.5766,0.4414,-0.1352,False
xgboost,causal_tau_1_0.88_tau_2_0.75_lb_4,causal,21,2018-09-05,0.4414,0.3589,-0.0825,False
xgboost,causal_tau_1_0.88_tau_2_0.75_lb_4,causal,25,2019-01-07,0.3589,0.2706,-0.0883,False
xgboost,causal_tau_1_0.88_tau_2_0.75_lb_4,causal,29,2019-05-08,0.2706,0.4589,0.1883,False
xgboost,causal_tau_1_0.88_tau_2_0.75_lb_4,causal,33,2019-09-06,0.4589,0.4868,0.0279,False
xgboost,causal_tau_1_0.88_tau_2_0.75_lb_4,causal,38,2020-02-06,0.4428,0.4286,-0.0142,True
xgboost,causal_tau_1_0.88_tau_2_0.75_lb_4,causal,42,2020-06-08,0.4286,0.3481,-0.0805,False
xgboost,causal_tau_1_0.88_tau_2_0.75_lb_4,causal,46,2020-10-06,0.3481,0.3355,-0.0126,False
xgboost,causal_tau_1_0.88_tau_2_0.75_lb_4,causal,50,2021-02-05,0.3355,0.3106,-0.0249,False
xgboost,causal_tau_1_0.88_tau_2_0.75_lb_4,causal,54,2021-06-08,0.3106,0.269,-0.0416,False
xgboost,causal_tau_1_0.88_tau_2_0.75_lb_4,causal,58,2021-10-06,0.269,0.3946,0.1256,False
xgboost,causal_tau_1_0.88_tau_2_0.75_lb_4,causal,62,2022-02-04,0.3946,0.4572,0.0626,True
xgboost,causal_tau_1_0.88_tau_2_0.75_lb_4,causal,66,2022-06-07,0.4572,0.5111,0.0539,False
xgboost,causal_tau_1_0.88_tau_2_0.75_lb_4,causal,70,2022-10-06,0.5111,0.4417,-0.0694,False
xgboost,causal_tau_1_0.88_tau_2_0.75_lb_4,causal,74,2023-02-07,0.4417,0.2103,-0.2314,False
xgboost,causal_tau_1_0.88_tau_2_0.75_lb_4,causal,78,2023-06-08,0.2103,0.3841,0.1739,False
xgboost,causal_tau_1_0.88_tau_2_0.75_lb_6,causal,13,2018-01-04,0.3962,0.5766,0.1804,False
xgboost,causal_tau_1_0.88_tau_2_0.75_lb_6,causal,17,2018-05-07,0.5766,0.4414,-0.1352,False
xgboost,causal_tau_1_0.88_tau_2_0.75_lb_6,causal,21,2018-09-05,0.4414,0.3589,-0.0825,False
xgboost,causal_tau_1_0.88_tau_2_0.75_lb_6,causal,25,2019-01-07,0.3589,0.2706,-0.0883,False
xgboost,causal_tau_1_0.88_tau_2_0.75_lb_6,causal,29,2019-05-08,0.2706,0.4589,0.1883,False
xgboost,causal_tau_1_0.88_tau_2_0.75_lb_6,causal,33,2019-09-06,0.4589,0.4868,0.0279,False
xgboost,causal_tau_1_0.88_tau_2_0.75_lb_6,causal,37,2020-01-07,0.4868,0.4156,-0.0712,True
xgboost,causal_tau_1_0.88_tau_2_0.75_lb_6,causal,41,2020-05-07,0.4156,0.3066,-0.109,False
xgboost,causal_tau_1_0.88_tau_2_0.75_lb_6,causal,45,2020-09-04,0.3066,0.3154,0.0088,False
xgboost,causal_tau_1_0.88_tau_2_0.75_lb_6,causal,49,2021-01-06,0.3154,0.3395,0.0241,False
xgboost,causal_tau_1_0.88_tau_2_0.75_lb_6,causal,53,2021-05-07,0.3395,0.2246,-0.1149,False
xgboost,causal_tau_1_0.88_tau_2_0.75_lb_6,causal,57,2021-09-07,0.2246,0.3287,0.104,False
xgboost,causal_tau_1_0.88_tau_2_0.75_lb_6,causal,61,2022-01-05,0.3287,0.5428,0.2141,False
xgboost,causal_tau_1_0.88_tau_2_0.75_lb_6,causal,65,2022-05-06,0.5428,0.5248,-0.018,True
xgboost,causal_tau_1_0.88_tau_2_0.75_lb_6,causal,69,2022-09-07,0.5248,0.3794,-0.1454,False
xgboost,causal_tau_1_0.88_tau_2_0.75_lb_6,causal,73,2023-01-06,0.3794,0.3933,0.0139,False
xgboost,causal_tau_1_0.88_tau_2_0.75_lb_6,causal,77,2023-05-09,0.3933,0.376,-0.0172,False
xgboost,causal_tau_1_0.88_tau_2_0.75_lb_6,causal,81,2023-09-08,0.376,0.4278,0.0518,False
xgboost,causal_tau_1_0.88_tau_2_0.78_lb_3,causal,7,2017-07-06,0.3728,0.3327,-0.0401,False
xgboost,causal_tau_1_0.88_tau_2_0.78_lb_3,causal,11,2017-11-02,0.3327,0.5468,0.2142,False
xgboost,causal_tau_1_0.88_tau_2_0.78_lb_3,causal,15,2018-03-07,0.5468,0.4214,-0.1255,False
xgboost,causal_tau_1_0.88_tau_2_0.78_lb_3,causal,19,2018-07-06,0.4214,0.2918,-0.1296,False
xgboost,causal_tau_1_0.88_tau_2_0.78_lb_3,causal,23,2018-11-02,0.2918,0.4845,0.1927,False
xgboost,causal_tau_1_0.88_tau_2_0.78_lb_3,causal,27,2019-03-08,0.4845,0.44,-0.0445,False
xgboost,causal_tau_1_0.88_tau_2_0.78_lb_3,causal,31,2019-07-09,0.44,0.402,-0.0379,False
xgboost,causal_tau_1_0.88_tau_2_0.78_lb_3,causal,38,2020-02-06,0.3894,0.4286,0.0392,True
xgboost,causal_tau_1_0.88_tau_2_0.78_lb_3,causal,42,2020-06-08,0.4286,0.3481,-0.0805,False
xgboost,causal_tau_1_0.88_tau_2_0.78_lb_3,causal,46,2020-10-06,0.3481,0.395,0.0469,False
xgboost,causal_tau_1_0.88_tau_2_0.78_lb_3,causal,49,2021-01-06,0.3391,0.3395,0.0004,False
xgboost,causal_tau_1_0.88_tau_2_0.78_lb_3,causal,53,2021-05-07,0.3395,0.2246,-0.1149,False
xgboost,causal_tau_1_0.88_tau_2_0.78_lb_3,causal,57,2021-09-07,0.2246,0.3572,0.1326,False
xgboost,causal_tau_1_0.88_tau_2_0.78_lb_3,causal,60,2021-12-06,0.3737,0.3602,-0.0135,False
xgboost,causal_tau_1_0.88_tau_2_0.78_lb_3,causal,64,2022-04-06,0.3602,0.5553,0.1951,True
xgboost,causal_tau_1_0.88_tau_2_0.78_lb_3,causal,68,2022-08-08,0.5553,0.417,-0.1383,False
xgboost,causal_tau_1_0.88_tau_2_0.78_lb_3,causal,72,2022-12-06,0.417,0.4054,-0.0117,False
xgboost,causal_tau_1_0.88_tau_2_0.78_lb_3,causal,76,2023-04-10,0.4054,0.2005,-0.2049,False
xgboost,causal_tau_1_0.88_tau_2_0.78_lb_4,causal,9,2017-09-05,0.2722,0.429,0.1567,False
xgboost,causal_tau_1_0.88_tau_2_0.78_lb_4,causal,13,2018-01-04,0.429,0.5766,0.1477,False
xgboost,causal_tau_1_0.88_tau_2_0.78_lb_4,causal,17,2018-05-07,0.5766,0.4414,-0.1352,False
xgboost,causal_tau_1_0.88_tau_2_0.78_lb_4,causal,21,2018-09-05,0.4414,0.3589,-0.0825,False
xgboost,causal_tau_1_0.88_tau_2_0.78_lb_4,causal,25,2019-01-07,0.3589,0.2706,-0.0883,False
xgboost,causal_tau_1_0.88_tau_2_0.78_lb_4,causal,29,2019-05-08,0.2706,0.4589,0.1883,False
xgboost,causal_tau_1_0.88_tau_2_0.78_lb_4,causal,33,2019-09-06,0.4589,0.4868,0.0279,False
xgboost,causal_tau_1_0.88_tau_2_0.78_lb_4,causal,37,2020-01-07,0.4868,0.4156,-0.0712,True
xgboost,causal_tau_1_0.88_tau_2_0.78_lb_4,causal,41,2020-05-07,0.4156,0.3066,-0.109,False
xgboost,causal_tau_1_0.88_tau_2_0.78_lb_4,causal,45,2020-09-04,0.3066,0.3154,0.0088,False
xgboost,causal_tau_1_0.88_tau_2_0.78_lb_4,causal,49,2021-01-06,0.3154,0.3395,0.0241,False
xgboost,causal_tau_1_0.88_tau_2_0.78_lb_4,causal,53,2021-05-07,0.3395,0.2246,-0.1149,False
xgboost,causal_tau_1_0.88_tau_2_0.78_lb_4,causal,57,2021-09-07,0.2246,0.3287,0.104,False
xgboost,causal_tau_1_0.88_tau_2_0.78_lb_4,causal,61,2022-01-05,0.3287,0.5428,0.2141,False
xgboost,causal_tau_1_0.88_tau_2_0.78_lb_4,causal,65,2022-05-06,0.5428,0.5248,-0.018,True
xgboost,causal_tau_1_0.88_tau_2_0.78_lb_4,causal,69,2022-09-07,0.5248,0.3794,-0.1454,False
xgboost,causal_tau_1_0.88_tau_2_0.78_lb_4,causal,73,2023-01-06,0.3794,0.3933,0.0139,False
xgboost,causal_tau_1_0.88_tau_2_0.78_lb_4,causal,77,2023-05-09,0.3933,0.376,-0.0172,False
xgboost,causal_tau_1_0.88_tau_2_0.78_lb_6,causal,13,2018-01-04,0.3962,0.5766,0.1804,False
xgboost,causal_tau_1_0.88_tau_2_0.78_lb_6,causal,17,2018-05-07,0.5766,0.4414,-0.1352,False
xgboost,causal_tau_1_0.88_tau_2_0.78_lb_6,causal,21,2018-09-05,0.4414,0.3589,-0.0825,False
xgboost,causal_tau_1_0.88_tau_2_0.78_lb_6,causal,25,2019-01-07,0.3589,0.2706,-0.0883,False
xgboost,causal_tau_1_0.88_tau_2_0.78_lb_6,causal,29,2019-05-08,0.2706,0.4589,0.1883,False
xgboost,causal_tau_1_0.88_tau_2_0.78_lb_6,causal,33,2019-09-06,0.4589,0.4868,0.0279,False
xgboost,causal_tau_1_0.88_tau_2_0.78_lb_6,causal,37,2020-01-07,0.4868,0.4156,-0.0712,True
xgboost,causal_tau_1_0.88_tau_2_0.78_lb_6,causal,41,2020-05-07,0.4156,0.3066,-0.109,False
xgboost,causal_tau_1_0.88_tau_2_0.78_lb_6,causal,45,2020-09-04,0.3066,0.3154,0.0088,False
xgboost,causal_tau_1_0.88_tau_2_0.78_lb_6,causal,49,2021-01-06,0.3154,0.3395,0.0241,False
xgboost,causal_tau_1_0.88_tau_2_0.78_lb_6,causal,53,2021-05-07,0.3395,0.2246,-0.1149,False
xgboost,causal_tau_1_0.88_tau_2_0.78_lb_6,causal,57,2021-09-07,0.2246,0.3287,0.104,False
xgboost,causal_tau_1_0.88_tau_2_0.78_lb_6,causal,61,2022-01-05,0.3287,0.5428,0.2141,False
xgboost,causal_tau_1_0.88_tau_2_0.78_lb_6,causal,65,2022-05-06,0.5428,0.5248,-0.018,True
xgboost,causal_tau_1_0.88_tau_2_0.78_lb_6,causal,69,2022-09-07,0.5248,0.3794,-0.1454,False
xgboost,causal_tau_1_0.88_tau_2_0.78_lb_6,causal,73,2023-01-06,0.3794,0.3933,0.0139,False
xgboost,causal_tau_1_0.88_tau_2_0.78_lb_6,causal,77,2023-05-09,0.3933,0.376,-0.0172,False
xgboost,causal_tau_1_0.88_tau_2_0.78_lb_6,causal,81,2023-09-08,0.376,0.4278,0.0518,False
xgboost,causal_tau_1_0.8_tau_2_0.72_lb_3,causal,8,2017-08-04,0.3159,0.4289,0.113,False
xgboost,causal_tau_1_0.8_tau_2_0.72_lb_3,causal,12,2017-12-04,0.4289,0.5621,0.1331,False
xgboost,causal_tau_1_0.8_tau_2_0.72_lb_3,causal,16,2018-04-06,0.5621,0.4382,-0.1238,False
xgboost,causal_tau_1_0.8_tau_2_0.72_lb_3,causal,20,2018-08-06,0.4382,0.3283,-0.1099,False
xgboost,causal_tau_1_0.8_tau_2_0.72_lb_3,causal,24,2018-12-04,0.3283,0.5627,0.2344,False
xgboost,causal_tau_1_0.8_tau_2_0.72_lb_3,causal,28,2019-04-08,0.5627,0.4316,-0.1311,False
xgboost,causal_tau_1_0.8_tau_2_0.72_lb_3,causal,39,2020-03-09,0.3883,0.2665,-0.1219,True
xgboost,causal_tau_1_0.8_tau_2_0.72_lb_3,causal,44,2020-08-06,0.3299,0.4965,0.1666,False
xgboost,causal_tau_1_0.8_tau_2_0.72_lb_3,causal,52,2021-04-08,0.4585,0.39,-0.0685,False
xgboost,causal_tau_1_0.8_tau_2_0.72_lb_3,causal,57,2021-09-07,0.3703,0.3572,-0.0131,False
xgboost,causal_tau_1_0.8_tau_2_0.72_lb_3,causal,60,2021-12-06,0.3737,0.4312,0.0575,False
xgboost,causal_tau_1_0.8_tau_2_0.72_lb_3,causal,63,2022-03-08,0.3781,0.5662,0.1881,True
xgboost,causal_tau_1_0.8_tau_2_0.72_lb_3,causal,68,2022-08-08,0.5458,0.417,-0.1288,False
xgboost,causal_tau_1_0.8_tau_2_0.72_lb_3,causal,75,2023-03-09,0.4233,0.4693,0.046,False
xgboost,causal_tau_1_0.8_tau_2_0.72_lb_3,causal,79,2023-07-11,0.4693,0.4466,-0.0227,False
xgboost,causal_tau_1_0.8_tau_2_0.72_lb_4,causal,9,2017-09-05,0.2722,0.429,0.1567,False
xgboost,causal_tau_1_0.8_tau_2_0.72_lb_4,causal,13,2018-01-04,0.429,0.6136,0.1846,False
xgboost,causal_tau_1_0.8_tau_2_0.72_lb_4,causal,16,2018-04-06,0.5957,0.4382,-0.1575,False
xgboost,causal_tau_1_0.8_tau_2_0.72_lb_4,causal,20,2018-08-06,0.4382,0.3283,-0.1099,False
xgboost,causal_tau_1_0.8_tau_2_0.72_lb_4,causal,24,2018-12-04,0.3283,0.5627,0.2344,False
xgboost,causal_tau_1_0.8_tau_2_0.72_lb_4,causal,28,2019-04-08,0.5627,0.4316,-0.1311,False
xgboost,causal_tau_1_0.8_tau_2_0.72_lb_4,causal,32,2019-08-07,0.4316,0.5119,0.0804,False
xgboost,causal_tau_1_0.8_tau_2_0.72_lb_4,causal,39,2020-03-09,0.4157,0.2665,-0.1492,True
xgboost,causal_tau_1_0.8_tau_2_0.72_lb_4,causal,43,2020-07-08,0.2665,0.4031,0.1367,False
xgboost,causal_tau_1_0.8_tau_2_0.72_lb_4,causal,47,2020-11-04,0.4031,0.4494,0.0462,False
xgboost,causal_tau_1_0.8_tau_2_0.72_lb_4,causal,50,2021-02-05,0.3447,0.3106,-0.0341,False
xgboost,causal_tau_1_0.8_tau_2_0.72_lb_4,causal,54,2021-06-08,0.3106,0.269,-0.0416,False
xgboost,causal_tau_1_0.8_tau_2_0.72_lb_4,causal,58,2021-10-06,0.269,0.3946,0.1256,False
xgboost,causal_tau_1_0.8_tau_2_0.72_lb_4,causal,62,2022-02-04,0.3946,0.4572,0.0626,True
xgboost,causal_tau_1_0.8_tau_2_0.72_lb_4,causal,66,2022-06-07,0.4572,0.5111,0.0539,False
xgboost,causal_tau_1_0.8_tau_2_0.72_lb_4,causal,70,2022-10-06,0.5111,0.4417,-0.0694,False
xgboost,causal_tau_1_0.8_tau_2_0.72_lb_4,causal,74,2023-02-07,0.4417,0.2103,-0.2314,False
xgboost,causal_tau_1_0.8_tau_2_0.72_lb_4,causal,78,2023-06-08,0.2103,0.3841,0.1739,False
xgboost,causal_tau_1_0.8_tau_2_0.72_lb_6,causal,13,2018-01-04,0.3962,0.5766,0.1804,False
xgboost,causal_tau_1_0.8_tau_2_0.72_lb_6,causal,17,2018-05-07,0.5766,0.4414,-0.1352,False
xgboost,causal_tau_1_0.8_tau_2_0.72_lb_6,causal,21,2018-09-05,0.4414,0.3589,-0.0825,False
xgboost,causal_tau_1_0.8_tau_2_0.72_lb_6,causal,25,2019-01-07,0.3589,0.2706,-0.0883,False
xgboost,causal_tau_1_0.8_tau_2_0.72_lb_6,causal,29,2019-05-08,0.2706,0.4589,0.1883,False
xgboost,causal_tau_1_0.8_tau_2_0.72_lb_6,causal,33,2019-09-06,0.4589,0.4868,0.0279,False
xgboost,causal_tau_1_0.8_tau_2_0.72_lb_6,causal,37,2020-01-07,0.4868,0.4156,-0.0712,True
xgboost,causal_tau_1_0.8_tau_2_0.72_lb_6,causal,41,2020-05-07,0.4156,0.3066,-0.109,False
xgboost,causal_tau_1_0.8_tau_2_0.72_lb_6,causal,45,2020-09-04,0.3066,0.3154,0.0088,False
xgboost,causal_tau_1_0.8_tau_2_0.72_lb_6,causal,49,2021-01-06,0.3154,0.3395,0.0241,False
xgboost,causal_tau_1_0.8_tau_2_0.72_lb_6,causal,53,2021-05-07,0.3395,0.2246,-0.1149,False
xgboost,causal_tau_1_0.8_tau_2_0.72_lb_6,causal,57,2021-09-07,0.2246,0.3287,0.104,False
xgboost,causal_tau_1_0.8_tau_2_0.72_lb_6,causal,61,2022-01-05,0.3287,0.5428,0.2141,False
xgboost,causal_tau_1_0.8_tau_2_0.72_lb_6,causal,65,2022-05-06,0.5428,0.5248,-0.018,True
xgboost,causal_tau_1_0.8_tau_2_0.72_lb_6,causal,69,2022-09-07,0.5248,0.3794,-0.1454,False
xgboost,causal_tau_1_0.8_tau_2_0.72_lb_6,causal,73,2023-01-06,0.3794,0.3933,0.0139,False
xgboost,causal_tau_1_0.8_tau_2_0.72_lb_6,causal,77,2023-05-09,0.3933,0.376,-0.0172,False
xgboost,causal_tau_1_0.8_tau_2_0.72_lb_6,causal,81,2023-09-08,0.376,0.4278,0.0518,False
xgboost,causal_tau_1_0.8_tau_2_0.75_lb_3,causal,8,2017-08-04,0.3159,0.4289,0.113,False
xgboost,causal_tau_1_0.8_tau_2_0.75_lb_3,causal,12,2017-12-04,0.4289,0.5621,0.1331,False
xgboost,causal_tau_1_0.8_tau_2_0.75_lb_3,causal,16,2018-04-06,0.5621,0.4382,-0.1238,False
xgboost,causal_tau_1_0.8_tau_2_0.75_lb_3,causal,20,2018-08-06,0.4382,0.3283,-0.1099,False
xgboost,causal_tau_1_0.8_tau_2_0.75_lb_3,causal,24,2018-12-04,0.3283,0.5627,0.2344,False
xgboost,causal_tau_1_0.8_tau_2_0.75_lb_3,causal,28,2019-04-08,0.5627,0.4316,-0.1311,False
xgboost,causal_tau_1_0.8_tau_2_0.75_lb_3,causal,39,2020-03-09,0.3883,0.2665,-0.1219,True
xgboost,causal_tau_1_0.8_tau_2_0.75_lb_3,causal,44,2020-08-06,0.3299,0.4965,0.1666,False
xgboost,causal_tau_1_0.8_tau_2_0.75_lb_3,causal,52,2021-04-08,0.4585,0.39,-0.0685,False
xgboost,causal_tau_1_0.8_tau_2_0.75_lb_3,causal,57,2021-09-07,0.3703,0.3572,-0.0131,False
xgboost,causal_tau_1_0.8_tau_2_0.75_lb_3,causal,60,2021-12-06,0.3737,0.4312,0.0575,False
xgboost,causal_tau_1_0.8_tau_2_0.75_lb_3,causal,63,2022-03-08,0.3781,0.5662,0.1881,True
xgboost,causal_tau_1_0.8_tau_2_0.75_lb_3,causal,68,2022-08-08,0.5458,0.417,-0.1288,False
xgboost,causal_tau_1_0.8_tau_2_0.75_lb_3,causal,75,2023-03-09,0.4233,0.4693,0.046,False
xgboost,causal_tau_1_0.8_tau_2_0.75_lb_3,causal,79,2023-07-11,0.4693,0.4466,-0.0227,False
xgboost,causal_tau_1_0.8_tau_2_0.75_lb_4,causal,9,2017-09-05,0.2722,0.429,0.1567,False
xgboost,causal_tau_1_0.8_tau_2_0.75_lb_4,causal,13,2018-01-04,0.429,0.6136,0.1846,False
xgboost,causal_tau_1_0.8_tau_2_0.75_lb_4,causal,16,2018-04-06,0.5957,0.4382,-0.1575,False
xgboost,causal_tau_1_0.8_tau_2_0.75_lb_4,causal,20,2018-08-06,0.4382,0.3283,-0.1099,False
xgboost,causal_tau_1_0.8_tau_2_0.75_lb_4,causal,24,2018-12-04,0.3283,0.5627,0.2344,False
xgboost,causal_tau_1_0.8_tau_2_0.75_lb_4,causal,28,2019-04-08,0.5627,0.4316,-0.1311,False
xgboost,causal_tau_1_0.8_tau_2_0.75_lb_4,causal,32,2019-08-07,0.4316,0.5119,0.0804,False
xgboost,causal_tau_1_0.8_tau_2_0.75_lb_4,causal,39,2020-03-09,0.4157,0.2665,-0.1492,True
xgboost,causal_tau_1_0.8_tau_2_0.75_lb_4,causal,43,2020-07-08,0.2665,0.4031,0.1367,False
xgboost,causal_tau_1_0.8_tau_2_0.75_lb_4,causal,47,2020-11-04,0.4031,0.4494,0.0462,False
xgboost,causal_tau_1_0.8_tau_2_0.75_lb_4,causal,50,2021-02-05,0.3447,0.3106,-0.0341,False
xgboost,causal_tau_1_0.8_tau_2_0.75_lb_4,causal,54,2021-06-08,0.3106,0.269,-0.0416,False
xgboost,causal_tau_1_0.8_tau_2_0.75_lb_4,causal,58,2021-10-06,0.269,0.3946,0.1256,False
xgboost,causal_tau_1_0.8_tau_2_0.75_lb_4,causal,62,2022-02-04,0.3946,0.4572,0.0626,True
xgboost,causal_tau_1_0.8_tau_2_0.75_lb_4,causal,66,2022-06-07,0.4572,0.5111,0.0539,False
xgboost,causal_tau_1_0.8_tau_2_0.75_lb_4,causal,70,2022-10-06,0.5111,0.4417,-0.0694,False
xgboost,causal_tau_1_0.8_tau_2_0.75_lb_4,causal,74,2023-02-07,0.4417,0.2103,-0.2314,False
xgboost,causal_tau_1_0.8_tau_2_0.75_lb_4,causal,78,2023-06-08,0.2103,0.3841,0.1739,False
xgboost,causal_tau_1_0.8_tau_2_0.75_lb_6,causal,13,2018-01-04,0.3962,0.5766,0.1804,False
xgboost,causal_tau_1_0.8_tau_2_0.75_lb_6,causal,17,2018-05-07,0.5766,0.4414,-0.1352,False
xgboost,causal_tau_1_0.8_tau_2_0.75_lb_6,causal,21,2018-09-05,0.4414,0.3589,-0.0825,False
xgboost,causal_tau_1_0.8_tau_2_0.75_lb_6,causal,25,2019-01-07,0.3589,0.2706,-0.0883,False
xgboost,causal_tau_1_0.8_tau_2_0.75_lb_6,causal,29,2019-05-08,0.2706,0.4589,0.1883,False
xgboost,causal_tau_1_0.8_tau_2_0.75_lb_6,causal,33,2019-09-06,0.4589,0.4868,0.0279,False
xgboost,causal_tau_1_0.8_tau_2_0.75_lb_6,causal,37,2020-01-07,0.4868,0.4156,-0.0712,True
xgboost,causal_tau_1_0.8_tau_2_0.75_lb_6,causal,41,2020-05-07,0.4156,0.3066,-0.109,False
xgboost,causal_tau_1_0.8_tau_2_0.75_lb_6,causal,45,2020-09-04,0.3066,0.3154,0.0088,False
xgboost,causal_tau_1_0.8_tau_2_0.75_lb_6,causal,49,2021-01-06,0.3154,0.3395,0.0241,False
xgboost,causal_tau_1_0.8_tau_2_0.75_lb_6,causal,53,2021-05-07,0.3395,0.2246,-0.1149,False
xgboost,causal_tau_1_0.8_tau_2_0.75_lb_6,causal,57,2021-09-07,0.2246,0.3287,0.104,False
xgboost,causal_tau_1_0.8_tau_2_0.75_lb_6,causal,61,2022-01-05,0.3287,0.5428,0.2141,False
xgboost,causal_tau_1_0.8_tau_2_0.75_lb_6,causal,65,2022-05-06,0.5428,0.5248,-0.018,True
xgboost,causal_tau_1_0.8_tau_2_0.75_lb_6,causal,69,2022-09-07,0.5248,0.3794,-0.1454,False
xgboost,causal_tau_1_0.8_tau_2_0.75_lb_6,causal,73,2023-01-06,0.3794,0.3933,0.0139,False
xgboost,causal_tau_1_0.8_tau_2_0.75_lb_6,causal,77,2023-05-09,0.3933,0.376,-0.0172,False
xgboost,causal_tau_1_0.8_tau_2_0.75_lb_6,causal,81,2023-09-08,0.376,0.4278,0.0518,False
xgboost,fixed_12,fixed,13,2018-01-04,0.4367,0.5705,0.1337,False
xgboost,fixed_12,fixed,25,2019-01-07,0.4097,0.3188,-0.0908,False
xgboost,fixed_12,fixed,37,2020-01-07,0.5346,0.4232,-0.1114,True
xgboost,fixed_12,fixed,49,2021-01-06,0.4722,0.4124,-0.0599,False
xgboost,fixed_12,fixed,61,2022-01-05,0.376,0.4816,0.1056,False
xgboost,fixed_12,fixed,73,2023-01-06,0.324,0.4274,0.1034,False
xgboost,fixed_3,fixed,4,2017-04-05,0.461,0.435,-0.026,False
xgboost,fixed_3,fixed,7,2017-07-06,0.4921,0.4371,-0.055,False
xgboost,fixed_3,fixed,10,2017-10-04,0.4059,0.4263,0.0204,False
xgboost,fixed_3,fixed,13,2018-01-04,0.404,0.5861,0.1821,False
xgboost,fixed_3,fixed,16,2018-04-06,0.5659,0.4553,-0.1106,False
xgboost,fixed_3,fixed,19,2018-07-06,0.4847,0.3629,-0.1218,False
xgboost,fixed_3,fixed,22,2018-10-04,0.396,0.4744,0.0784,False
xgboost,fixed_3,fixed,25,2019-01-07,0.4432,0.4394,-0.0038,False
xgboost,fixed_3,fixed,28,2019-04-08,0.3962,0.4122,0.016,False
xgboost,fixed_3,fixed,31,2019-07-09,0.4133,0.4375,0.0243,False
xgboost,fixed_3,fixed,34,2019-10-07,0.4764,0.3984,-0.078,False
xgboost,fixed_3,fixed,37,2020-01-07,0.4431,0.4775,0.0345,True
xgboost,fixed_3,fixed,40,2020-04-07,0.4015,0.4398,0.0383,True
xgboost,fixed_3,fixed,43,2020-07-08,0.49,0.3496,-0.1404,False
xgboost,fixed_3,fixed,46,2020-10-06,0.3327,0.4943,0.1616,False
xgboost,fixed_3,fixed,49,2021-01-06,0.4531,0.3968,-0.0563,False
xgboost,fixed_3,fixed,52,2021-04-08,0.4917,0.4113,-0.0804,False
xgboost,fixed_3,fixed,55,2021-07-08,0.3642,0.315,-0.0491,False
xgboost,fixed_3,fixed,58,2021-10-06,0.35,0.3819,0.0319,False
xgboost,fixed_3,fixed,61,2022-01-05,0.3861,0.5,0.1139,False
xgboost,fixed_3,fixed,64,2022-04-06,0.4155,0.5657,0.1501,True
xgboost,fixed_3,fixed,67,2022-07-08,0.5642,0.332,-0.2322,False
xgboost,fixed_3,fixed,70,2022-10-06,0.4306,0.4242,-0.0064,False
xgboost,fixed_3,fixed,73,2023-01-06,0.395,0.3699,-0.0251,False
xgboost,fixed_3,fixed,76,2023-04-10,0.3615,0.4632,0.1018,False
xgboost,fixed_3,fixed,79,2023-07-11,0.4629,0.4135,-0.0495,False
xgboost,fixed_3,fixed,82,2023-10-09,0.3819,0.491,0.1091,False
xgboost,fixed_6,fixed,7,2017-07-06,0.5552,0.426,-0.1291,False
xgboost,fixed_6,fixed,13,2018-01-04,0.5082,0.5763,0.0681,False
xgboost,fixed_6,fixed,19,2018-07-06,0.4023,0.3185,-0.0838,False
xgboost,fixed_6,fixed,25,2019-01-07,0.3984,0.4183,0.0199,False
xgboost,fixed_6,fixed,31,2019-07-09,0.3295,0.4331,0.1037,False
xgboost,fixed_6,fixed,37,2020-01-07,0.5014,0.4207,-0.0807,True
xgboost,fixed_6,fixed,43,2020-07-08,0.4025,0.3854,-0.0171,False
xgboost,fixed_6,fixed,49,2021-01-06,0.5079,0.3813,-0.1266,False
xgboost,fixed_6,fixed,55,2021-07-08,0.3493,0.334,-0.0153,False
xgboost,fixed_6,fixed,61,2022-01-05,0.3356,0.5145,0.1789,False
xgboost,fixed_6,fixed,67,2022-07-08,0.4651,0.3838,-0.0813,False
xgboost,fixed_6,fixed,73,2023-01-06,0.376,0.4725,0.0965,False
xgboost,fixed_6,fixed,79,2023-07-11,0.4291,0.4732,0.0441,False
xgboost,fixed_9,fixed,10,2017-10-04,0.3609,0.456,0.0952,False
xgboost,fixed_9,fixed,19,2018-07-06,0.4655,0.3387,-0.1268,False
xgboost,fixed_9,fixed,28,2019-04-08,0.5278,0.4704,-0.0574,False
xgboost,fixed_9,fixed,37,2020-01-07,0.4217,0.3946,-0.0271,True
xgboost,fixed_9,fixed,46,2020-10-06,0.421,0.4924,0.0714,False
xgboost,fixed_9,fixed,55,2021-07-08,0.3658,0.3992,0.0334,False
xgboost,fixed_9,fixed,64,2022-04-06,0.2968,0.5572,0.2604,True
xgboost,fixed_9,fixed,73,2023-01-06,0.3705,0.4393,0.0688,False
xgboost,fixed_9,fixed,82,2023-10-09,0.3724,0.2741,-0.0983,False
xgboost,msm_tau_1_0.83_tau_2_0.72_lb_3,msm,7,2017-07-06,0.5552,0.426,-0.1291,False
xgboost,msm_tau_1_0.83_tau_2_0.72_lb_3,msm,11,2017-11-02,0.426,0.577,0.151,False
xgboost,msm_tau_1_0.83_tau_2_0.72_lb_3,msm,16,2018-04-06,0.5569,0.4047,-0.1522,False
xgboost,msm_tau_1_0.83_tau_2_0.72_lb_3,msm,20,2018-08-06,0.4047,0.3499,-0.0548,False
xgboost,msm_tau_1_0.83_tau_2_0.72_lb_3,msm,24,2018-12-04,0.3499,0.5438,0.1939,False
xgboost,msm_tau_1_0.83_tau_2_0.72_lb_3,msm,28,2019-04-08,0.5438,0.4419,-0.1019,False
xgboost,msm_tau_1_0.83_tau_2_0.72_lb_3,msm,31,2019-07-09,0.3855,0.4254,0.0399,False
xgboost,msm_tau_1_0.83_tau_2_0.72_lb_3,msm,38,2020-02-06,0.4636,0.3733,-0.0903,True
xgboost,msm_tau_1_0.83_tau_2_0.72_lb_3,msm,42,2020-06-08,0.3733,0.3327,-0.0405,False
xgboost,msm_tau_1_0.83_tau_2_0.72_lb_3,msm,46,2020-10-06,0.3327,0.5183,0.1856,False
xgboost,msm_tau_1_0.83_tau_2_0.72_lb_3,msm,52,2021-04-08,0.5285,0.4275,-0.101,False
xgboost,msm_tau_1_0.83_tau_2_0.72_lb_3,msm,56,2021-08-06,0.4275,0.3191,-0.1084,False
xgboost,msm_tau_1_0.83_tau_2_0.72_lb_3,msm,60,2021-12-06,0.3191,0.3524,0.0333,False
xgboost,msm_tau_1_0.83_tau_2_0.72_lb_3,msm,64,2022-04-06,0.3524,0.5417,0.1893,True
xgboost,msm_tau_1_0.83_tau_2_0.72_lb_3,msm,68,2022-08-08,0.5417,0.4357,-0.106,False
xgboost,msm_tau_1_0.83_tau_2_0.72_lb_3,msm,74,2023-02-07,0.4273,0.383,-0.0443,False
xgboost,msm_tau_1_0.83_tau_2_0.72_lb_3,msm,78,2023-06-08,0.383,0.3932,0.0102,False
xgboost,msm_tau_1_0.83_tau_2_0.72_lb_4,msm,9,2017-09-05,0.3849,0.4155,0.0305,False
xgboost,msm_tau_1_0.83_tau_2_0.72_lb_4,msm,13,2018-01-04,0.4155,0.5975,0.182,False
xgboost,msm_tau_1_0.83_tau_2_0.72_lb_4,msm,16,2018-04-06,0.5772,0.4276,-0.1497,False
xgboost,msm_tau_1_0.83_tau_2_0.72_lb_4,msm,20,2018-08-06,0.4276,0.3344,-0.0932,False
xgboost,msm_tau_1_0.83_tau_2_0.72_lb_4,msm,24,2018-12-04,0.3344,0.4531,0.1188,False
xgboost,msm_tau_1_0.83_tau_2_0.72_lb_4,msm,28,2019-04-08,0.4531,0.5036,0.0505,False
xgboost,msm_tau_1_0.83_tau_2_0.72_lb_4,msm,32,2019-08-07,0.5036,0.4922,-0.0114,False
xgboost,msm_tau_1_0.83_tau_2_0.72_lb_4,msm,39,2020-03-09,0.4108,0.4183,0.0075,True
xgboost,msm_tau_1_0.83_tau_2_0.72_lb_4,msm,43,2020-07-08,0.4183,0.34,-0.0783,False
xgboost,msm_tau_1_0.83_tau_2_0.72_lb_4,msm,47,2020-11-04,0.34,0.4651,0.1251,False
xgboost,msm_tau_1_0.83_tau_2_0.72_lb_4,msm,50,2021-02-05,0.4712,0.4199,-0.0513,False
xgboost,msm_tau_1_0.83_tau_2_0.72_lb_4,msm,54,2021-06-08,0.4199,0.3724,-0.0475,False
xgboost,msm_tau_1_0.83_tau_2_0.72_lb_4,msm,58,2021-10-06,0.3724,0.3258,-0.0466,False
xgboost,msm_tau_1_0.83_tau_2_0.72_lb_4,msm,62,2022-02-04,0.3258,0.5238,0.198,True
xgboost,msm_tau_1_0.83_tau_2_0.72_lb_4,msm,66,2022-06-07,0.5238,0.4666,-0.0573,False
xgboost,msm_tau_1_0.83_tau_2_0.72_lb_4,msm,70,2022-10-06,0.4666,0.3618,-0.1047,False
xgboost,msm_tau_1_0.83_tau_2_0.72_lb_4,msm,74,2023-02-07,0.3618,0.3452,-0.0166,False
xgboost,msm_tau_1_0.83_tau_2_0.72_lb_4,msm,78,2023-06-08,0.3452,0.3523,0.0071,False
xgboost,msm_tau_1_0.83_tau_2_0.72_lb_6,msm,13,2018-01-04,0.4367,0.5705,0.1337,False
xgboost,msm_tau_1_0.83_tau_2_0.72_lb_6,msm,17,2018-05-07,0.5705,0.4216,-0.1488,False
xgboost,msm_tau_1_0.83_tau_2_0.72_lb_6,msm,21,2018-09-05,0.4216,0.3286,-0.093,False
xgboost,msm_tau_1_0.83_tau_2_0.72_lb_6,msm,25,2019-01-07,0.3286,0.3188,-0.0098,False
xgboost,msm_tau_1_0.83_tau_2_0.72_lb_6,msm,29,2019-05-08,0.3188,0.53,0.2111,False
xgboost,msm_tau_1_0.83_tau_2_0.72_lb_6,msm,33,2019-09-06,0.53,0.5076,-0.0224,False
xgboost,msm_tau_1_0.83_tau_2_0.72_lb_6,msm,37,2020-01-07,0.5076,0.452,-0.0555,True
xgboost,msm_tau_1_0.83_tau_2_0.72_lb_6,msm,41,2020-05-07,0.452,0.3214,-0.1306,False
xgboost,msm_tau_1_0.83_tau_2_0.72_lb_6,msm,45,2020-09-04,0.3214,0.4807,0.1592,False
xgboost,msm_tau_1_0.83_tau_2_0.72_lb_6,msm,49,2021-01-06,0.4807,0.4087,-0.072,False
xgboost,msm_tau_1_0.83_tau_2_0.72_lb_6,msm,53,2021-05-07,0.4087,0.3544,-0.0543,False
xgboost,msm_tau_1_0.83_tau_2_0.72_lb_6,msm,57,2021-09-07,0.3544,0.3232,-0.0312,False
xgboost,msm_tau_1_0.83_tau_2_0.72_lb_6,msm,61,2022-01-05,0.3232,0.5433,0.2202,False
xgboost,msm_tau_1_0.83_tau_2_0.72_lb_6,msm,65,2022-05-06,0.5433,0.5059,-0.0374,True
xgboost,msm_tau_1_0.83_tau_2_0.72_lb_6,msm,69,2022-09-07,0.5059,0.3297,-0.1762,False
xgboost,msm_tau_1_0.83_tau_2_0.72_lb_6,msm,73,2023-01-06,0.3297,0.4075,0.0778,False
xgboost,msm_tau_1_0.83_tau_2_0.72_lb_6,msm,77,2023-05-09,0.4075,0.3489,-0.0586,False
xgboost,msm_tau_1_0.83_tau_2_0.72_lb_6,msm,81,2023-09-08,0.3489,0.4455,0.0966,False
xgboost,msm_tau_1_0.83_tau_2_0.75_lb_3,msm,7,2017-07-06,0.5552,0.426,-0.1291,False
xgboost,msm_tau_1_0.83_tau_2_0.75_lb_3,msm,11,2017-11-02,0.426,0.577,0.151,False
xgboost,msm_tau_1_0.83_tau_2_0.75_lb_3,msm,16,2018-04-06,0.5569,0.4047,-0.1522,False
xgboost,msm_tau_1_0.83_tau_2_0.75_lb_3,msm,20,2018-08-06,0.4047,0.3499,-0.0548,False
xgboost,msm_tau_1_0.83_tau_2_0.75_lb_3,msm,24,2018-12-04,0.3499,0.5438,0.1939,False
xgboost,msm_tau_1_0.83_tau_2_0.75_lb_3,msm,28,2019-04-08,0.5438,0.4419,-0.1019,False
xgboost,msm_tau_1_0.83_tau_2_0.75_lb_3,msm,31,2019-07-09,0.3855,0.4254,0.0399,False
xgboost,msm_tau_1_0.83_tau_2_0.75_lb_3,msm,38,2020-02-06,0.4636,0.3733,-0.0903,True
xgboost,msm_tau_1_0.83_tau_2_0.75_lb_3,msm,42,2020-06-08,0.3733,0.3327,-0.0405,False
xgboost,msm_tau_1_0.83_tau_2_0.75_lb_3,msm,46,2020-10-06,0.3327,0.5183,0.1856,False
xgboost,msm_tau_1_0.83_tau_2_0.75_lb_3,msm,52,2021-04-08,0.5285,0.4275,-0.101,False
xgboost,msm_tau_1_0.83_tau_2_0.75_lb_3,msm,56,2021-08-06,0.4275,0.3191,-0.1084,False
xgboost,msm_tau_1_0.83_tau_2_0.75_lb_3,msm,60,2021-12-06,0.3191,0.3524,0.0333,False
xgboost,msm_tau_1_0.83_tau_2_0.75_lb_3,msm,64,2022-04-06,0.3524,0.5417,0.1893,True
xgboost,msm_tau_1_0.83_tau_2_0.75_lb_3,msm,68,2022-08-08,0.5417,0.4357,-0.106,False
xgboost,msm_tau_1_0.83_tau_2_0.75_lb_3,msm,74,2023-02-07,0.4273,0.383,-0.0443,False
xgboost,msm_tau_1_0.83_tau_2_0.75_lb_3,msm,78,2023-06-08,0.383,0.3932,0.0102,False
xgboost,msm_tau_1_0.83_tau_2_0.75_lb_4,msm,9,2017-09-05,0.3849,0.4155,0.0305,False
xgboost,msm_tau_1_0.83_tau_2_0.75_lb_4,msm,13,2018-01-04,0.4155,0.5975,0.182,False
xgboost,msm_tau_1_0.83_tau_2_0.75_lb_4,msm,16,2018-04-06,0.5772,0.4276,-0.1497,False
xgboost,msm_tau_1_0.83_tau_2_0.75_lb_4,msm,20,2018-08-06,0.4276,0.3344,-0.0932,False
xgboost,msm_tau_1_0.83_tau_2_0.75_lb_4,msm,24,2018-12-04,0.3344,0.4531,0.1188,False
xgboost,msm_tau_1_0.83_tau_2_0.75_lb_4,msm,28,2019-04-08,0.4531,0.5036,0.0505,False
xgboost,msm_tau_1_0.83_tau_2_0.75_lb_4,msm,32,2019-08-07,0.5036,0.4922,-0.0114,False
xgboost,msm_tau_1_0.83_tau_2_0.75_lb_4,msm,39,2020-03-09,0.4108,0.4183,0.0075,True
xgboost,msm_tau_1_0.83_tau_2_0.75_lb_4,msm,43,2020-07-08,0.4183,0.34,-0.0783,False
xgboost,msm_tau_1_0.83_tau_2_0.75_lb_4,msm,47,2020-11-04,0.34,0.4651,0.1251,False
xgboost,msm_tau_1_0.83_tau_2_0.75_lb_4,msm,50,2021-02-05,0.4712,0.4199,-0.0513,False
xgboost,msm_tau_1_0.83_tau_2_0.75_lb_4,msm,54,2021-06-08,0.4199,0.3724,-0.0475,False
xgboost,msm_tau_1_0.83_tau_2_0.75_lb_4,msm,58,2021-10-06,0.3724,0.3258,-0.0466,False
xgboost,msm_tau_1_0.83_tau_2_0.75_lb_4,msm,62,2022-02-04,0.3258,0.5238,0.198,True
xgboost,msm_tau_1_0.83_tau_2_0.75_lb_4,msm,66,2022-06-07,0.5238,0.4666,-0.0573,False
xgboost,msm_tau_1_0.83_tau_2_0.75_lb_4,msm,70,2022-10-06,0.4666,0.3618,-0.1047,False
xgboost,msm_tau_1_0.83_tau_2_0.75_lb_4,msm,74,2023-02-07,0.3618,0.3452,-0.0166,False
xgboost,msm_tau_1_0.83_tau_2_0.75_lb_4,msm,78,2023-06-08,0.3452,0.3523,0.0071,False
xgboost,msm_tau_1_0.83_tau_2_0.75_lb_6,msm,13,2018-01-04,0.4367,0.5705,0.1337,False
xgboost,msm_tau_1_0.83_tau_2_0.75_lb_6,msm,17,2018-05-07,0.5705,0.4216,-0.1488,False
xgboost,msm_tau_1_0.83_tau_2_0.75_lb_6,msm,21,2018-09-05,0.4216,0.3286,-0.093,False
xgboost,msm_tau_1_0.83_tau_2_0.75_lb_6,msm,25,2019-01-07,0.3286,0.3188,-0.0098,False
xgboost,msm_tau_1_0.83_tau_2_0.75_lb_6,msm,29,2019-05-08,0.3188,0.53,0.2111,False
xgboost,msm_tau_1_0.83_tau_2_0.75_lb_6,msm,33,2019-09-06,0.53,0.5076,-0.0224,False
xgboost,msm_tau_1_0.83_tau_2_0.75_lb_6,msm,37,2020-01-07,0.5076,0.452,-0.0555,True
xgboost,msm_tau_1_0.83_tau_2_0.75_lb_6,msm,41,2020-05-07,0.452,0.3214,-0.1306,False
xgboost,msm_tau_1_0.83_tau_2_0.75_lb_6,msm,45,2020-09-04,0.3214,0.4807,0.1592,False
xgboost,msm_tau_1_0.83_tau_2_0.75_lb_6,msm,49,2021-01-06,0.4807,0.4087,-0.072,False
xgboost,msm_tau_1_0.83_tau_2_0.75_lb_6,msm,53,2021-05-07,0.4087,0.3544,-0.0543,False
xgboost,msm_tau_1_0.83_tau_2_0.75_lb_6,msm,57,2021-09-07,0.3544,0.3232,-0.0312,False
xgboost,msm_tau_1_0.83_tau_2_0.75_lb_6,msm,61,2022-01-05,0.3232,0.5433,0.2202,False
xgboost,msm_tau_1_0.83_tau_2_0.75_lb_6,msm,65,2022-05-06,0.5433,0.5059,-0.0374,True
xgboost,msm_tau_1_0.83_tau_2_0.75_lb_6,msm,69,2022-09-07,0.5059,0.3297,-0.1762,False
xgboost,msm_tau_1_0.83_tau_2_0.75_lb_6,msm,73,2023-01-06,0.3297,0.4075,0.0778,False
xgboost,msm_tau_1_0.83_tau_2_0.75_lb_6,msm,77,2023-05-09,0.4075,0.3489,-0.0586,False
xgboost,msm_tau_1_0.83_tau_2_0.75_lb_6,msm,81,2023-09-08,0.3489,0.4455,0.0966,False
xgboost,msm_tau_1_0.83_tau_2_0.78_lb_3,msm,7,2017-07-06,0.5552,0.426,-0.1291,False
xgboost,msm_tau_1_0.83_tau_2_0.78_lb_3,msm,11,2017-11-02,0.426,0.577,0.151,False
xgboost,msm_tau_1_0.83_tau_2_0.78_lb_3,msm,16,2018-04-06,0.5569,0.4047,-0.1522,False
xgboost,msm_tau_1_0.83_tau_2_0.78_lb_3,msm,20,2018-08-06,0.4047,0.3499,-0.0548,False
xgboost,msm_tau_1_0.83_tau_2_0.78_lb_3,msm,24,2018-12-04,0.3499,0.5438,0.1939,False
xgboost,msm_tau_1_0.83_tau_2_0.78_lb_3,msm,28,2019-04-08,0.5438,0.4419,-0.1019,False
xgboost,msm_tau_1_0.83_tau_2_0.78_lb_3,msm,31,2019-07-09,0.3855,0.4254,0.0399,False
xgboost,msm_tau_1_0.83_tau_2_0.78_lb_3,msm,38,2020-02-06,0.4636,0.3733,-0.0903,True
xgboost,msm_tau_1_0.83_tau_2_0.78_lb_3,msm,42,2020-06-08,0.3733,0.3327,-0.0405,False
xgboost,msm_tau_1_0.83_tau_2_0.78_lb_3,msm,46,2020-10-06,0.3327,0.5183,0.1856,False
xgboost,msm_tau_1_0.83_tau_2_0.78_lb_3,msm,50,2021-02-05,0.5183,0.3509,-0.1674,False
xgboost,msm_tau_1_0.83_tau_2_0.78_lb_3,msm,54,2021-06-08,0.3509,0.3646,0.0138,False
xgboost,msm_tau_1_0.83_tau_2_0.78_lb_3,msm,58,2021-10-06,0.3646,0.4041,0.0395,False
xgboost,msm_tau_1_0.83_tau_2_0.78_lb_3,msm,62,2022-02-04,0.4041,0.4816,0.0775,True
xgboost,msm_tau_1_0.83_tau_2_0.78_lb_3,msm,68,2022-08-08,0.4951,0.3673,-0.1278,False
xgboost,msm_tau_1_0.83_tau_2_0.78_lb_3,msm,74,2023-02-07,0.4159,0.3399,-0.076,False
xgboost,msm_tau_1_0.83_tau_2_0.78_lb_3,msm,78,2023-06-08,0.3399,0.3364,-0.0036,False
xgboost,msm_tau_1_0.83_tau_2_0.78_lb_4,msm,9,2017-09-05,0.3849,0.4155,0.0305,False
xgboost,msm_tau_1_0.83_tau_2_0.78_lb_4,msm,13,2018-01-04,0.4155,0.5975,0.182,False
xgboost,msm_tau_1_0.83_tau_2_0.78_lb_4,msm,16,2018-04-06,0.5772,0.4276,-0.1497,False
xgboost,msm_tau_1_0.83_tau_2_0.78_lb_4,msm,20,2018-08-06,0.4276,0.3344,-0.0932,False
xgboost,msm_tau_1_0.83_tau_2_0.78_lb_4,msm,24,2018-12-04,0.3344,0.4531,0.1188,False
xgboost,msm_tau_1_0.83_tau_2_0.78_lb_4,msm,28,2019-04-08,0.4531,0.5036,0.0505,False
xgboost,msm_tau_1_0.83_tau_2_0.78_lb_4,msm,32,2019-08-07,0.5036,0.4922,-0.0114,False
xgboost,msm_tau_1_0.83_tau_2_0.78_lb_4,msm,39,2020-03-09,0.4108,0.4183,0.0075,True
xgboost,msm_tau_1_0.83_tau_2_0.78_lb_4,msm,43,2020-07-08,0.4183,0.34,-0.0783,False
xgboost,msm_tau_1_0.83_tau_2_0.78_lb_4,msm,47,2020-11-04,0.34,0.4651,0.1251,False
xgboost,msm_tau_1_0.83_tau_2_0.78_lb_4,msm,50,2021-02-05,0.4712,0.4199,-0.0513,False
xgboost,msm_tau_1_0.83_tau_2_0.78_lb_4,msm,54,2021-06-08,0.4199,0.3724,-0.0475,False
xgboost,msm_tau_1_0.83_tau_2_0.78_lb_4,msm,58,2021-10-06,0.3724,0.3258,-0.0466,False
xgboost,msm_tau_1_0.83_tau_2_0.78_lb_4,msm,62,2022-02-04,0.3258,0.5238,0.198,True
xgboost,msm_tau_1_0.83_tau_2_0.78_lb_4,msm,66,2022-06-07,0.5238,0.4666,-0.0573,False
xgboost,msm_tau_1_0.83_tau_2_0.78_lb_4,msm,70,2022-10-06,0.4666,0.3618,-0.1047,False
xgboost,msm_tau_1_0.83_tau_2_0.78_lb_4,msm,74,2023-02-07,0.3618,0.3452,-0.0166,False
xgboost,msm_tau_1_0.83_tau_2_0.78_lb_4,msm,78,2023-06-08,0.3452,0.3523,0.0071,False
xgboost,msm_tau_1_0.83_tau_2_0.78_lb_6,msm,13,2018-01-04,0.4367,0.5705,0.1337,False
xgboost,msm_tau_1_0.83_tau_2_0.78_lb_6,msm,17,2018-05-07,0.5705,0.4216,-0.1488,False
xgboost,msm_tau_1_0.83_tau_2_0.78_lb_6,msm,21,2018-09-05,0.4216,0.3286,-0.093,False
xgboost,msm_tau_1_0.83_tau_2_0.78_lb_6,msm,25,2019-01-07,0.3286,0.3188,-0.0098,False
xgboost,msm_tau_1_0.83_tau_2_0.78_lb_6,msm,29,2019-05-08,0.3188,0.53,0.2111,False
xgboost,msm_tau_1_0.83_tau_2_0.78_lb_6,msm,33,2019-09-06,0.53,0.5076,-0.0224,False
xgboost,msm_tau_1_0.83_tau_2_0.78_lb_6,msm,37,2020-01-07,0.5076,0.452,-0.0555,True
xgboost,msm_tau_1_0.83_tau_2_0.78_lb_6,msm,41,2020-05-07,0.452,0.3214,-0.1306,False
xgboost,msm_tau_1_0.83_tau_2_0.78_lb_6,msm,45,2020-09-04,0.3214,0.4807,0.1592,False
xgboost,msm_tau_1_0.83_tau_2_0.78_lb_6,msm,49,2021-01-06,0.4807,0.4087,-0.072,False
xgboost,msm_tau_1_0.83_tau_2_0.78_lb_6,msm,53,2021-05-07,0.4087,0.3544,-0.0543,False
xgboost,msm_tau_1_0.83_tau_2_0.78_lb_6,msm,57,2021-09-07,0.3544,0.3232,-0.0312,False
xgboost,msm_tau_1_0.83_tau_2_0.78_lb_6,msm,61,2022-01-05,0.3232,0.5433,0.2202,False
xgboost,msm_tau_1_0.83_tau_2_0.78_lb_6,msm,65,2022-05-06,0.5433,0.5059,-0.0374,True
xgboost,msm_tau_1_0.83_tau_2_0.78_lb_6,msm,69,2022-09-07,0.5059,0.3297,-0.1762,False
xgboost,msm_tau_1_0.83_tau_2_0.78_lb_6,msm,73,2023-01-06,0.3297,0.4075,0.0778,False
xgboost,msm_tau_1_0.83_tau_2_0.78_lb_6,msm,77,2023-05-09,0.4075,0.3489,-0.0586,False
xgboost,msm_tau_1_0.83_tau_2_0.78_lb_6,msm,81,2023-09-08,0.3489,0.4455,0.0966,False
xgboost,msm_tau_1_0.88_tau_2_0.72_lb_3,msm,7,2017-07-06,0.5552,0.426,-0.1291,False
xgboost,msm_tau_1_0.88_tau_2_0.72_lb_3,msm,11,2017-11-02,0.426,0.577,0.151,False
xgboost,msm_tau_1_0.88_tau_2_0.72_lb_3,msm,15,2018-03-07,0.577,0.4327,-0.1443,False
xgboost,msm_tau_1_0.88_tau_2_0.72_lb_3,msm,19,2018-07-06,0.4327,0.3462,-0.0864,False
xgboost,msm_tau_1_0.88_tau_2_0.72_lb_3,msm,23,2018-11-02,0.3462,0.4409,0.0947,False
xgboost,msm_tau_1_0.88_tau_2_0.72_lb_3,msm,27,2019-03-08,0.4409,0.3779,-0.063,False
xgboost,msm_tau_1_0.88_tau_2_0.72_lb_3,msm,31,2019-07-09,0.3779,0.4823,0.1044,False
xgboost,msm_tau_1_0.88_tau_2_0.72_lb_3,msm,38,2020-02-06,0.5309,0.3822,-0.1487,True
xgboost,msm_tau_1_0.88_tau_2_0.72_lb_3,msm,42,2020-06-08,0.3822,0.3482,-0.034,False
xgboost,msm_tau_1_0.88_tau_2_0.72_lb_3,msm,46,2020-10-06,0.3482,0.5274,0.1792,False
xgboost,msm_tau_1_0.88_tau_2_0.72_lb_3,msm,49,2021-01-06,0.5142,0.4091,-0.1051,False
xgboost,msm_tau_1_0.88_tau_2_0.72_lb_3,msm,53,2021-05-07,0.4091,0.3719,-0.0372,False
xgboost,msm_tau_1_0.88_tau_2_0.72_lb_3,msm,57,2021-09-07,0.3719,0.3816,0.0098,False
xgboost,msm_tau_1_0.88_tau_2_0.72_lb_3,msm,60,2021-12-06,0.3854,0.3533,-0.0321,False
xgboost,msm_tau_1_0.88_tau_2_0.72_lb_3,msm,64,2022-04-06,0.3533,0.5038,0.1505,True
xgboost,msm_tau_1_0.88_tau_2_0.72_lb_3,msm,68,2022-08-08,0.5038,0.4416,-0.0622,False
xgboost,msm_tau_1_0.88_tau_2_0.72_lb_3,msm,72,2022-12-06,0.4416,0.4292,-0.0124,False
xgboost,msm_tau_1_0.88_tau_2_0.72_lb_3,msm,76,2023-04-10,0.4292,0.4012,-0.028,False
xgboost,msm_tau_1_0.88_tau_2_0.72_lb_4,msm,9,2017-09-05,0.3849,0.4155,0.0305,False
xgboost,msm_tau_1_0.88_tau_2_0.72_lb_4,msm,13,2018-01-04,0.4155,0.5705,0.155,False
xgboost,msm_tau_1_0.88_tau_2_0.72_lb_4,msm,17,2018-05-07,0.5705,0.4216,-0.1488,False
xgboost,msm_tau_1_0.88_tau_2_0.72_lb_4,msm,21,2018-09-05,0.4216,0.3286,-0.093,False
xgboost,msm_tau_1_0.88_tau_2_0.72_lb_4,msm,25,2019-01-07,0.3286,0.3188,-0.0098,False
xgboost,msm_tau_1_0.88_tau_2_0.72_lb_4,msm,29,2019-05-08,0.3188,0.53,0.2111,False
xgboost,msm_tau_1_0.88_tau_2_0.72_lb_4,msm,33,2019-09-06,0.53,0.5076,-0.0224,False
xgboost,msm_tau_1_0.88_tau_2_0.72_lb_4,msm,38,2020-02-06,0.4951,0.3327,-0.1624,True
xgboost,msm_tau_1_0.88_tau_2_0.72_lb_4,msm,42,2020-06-08,0.3327,0.3327,0.0,False
xgboost,msm_tau_1_0.88_tau_2_0.72_lb_4,msm,46,2020-10-06,0.3327,0.5183,0.1856,False
xgboost,msm_tau_1_0.88_tau_2_0.72_lb_4,msm,50,2021-02-05,0.5183,0.3509,-0.1674,False
xgboost,msm_tau_1_0.88_tau_2_0.72_lb_4,msm,54,2021-06-08,0.3509,0.3646,0.0138,False
xgboost,msm_tau_1_0.88_tau_2_0.72_lb_4,msm,58,2021-10-06,0.3646,0.4041,0.0395,False
xgboost,msm_tau_1_0.88_tau_2_0.72_lb_4,msm,62,2022-02-04,0.4041,0.4816,0.0775,True
xgboost,msm_tau_1_0.88_tau_2_0.72_lb_4,msm,66,2022-06-07,0.4816,0.4874,0.0058,False
xgboost,msm_tau_1_0.88_tau_2_0.72_lb_4,msm,70,2022-10-06,0.4874,0.4383,-0.0491,False
xgboost,msm_tau_1_0.88_tau_2_0.72_lb_4,msm,74,2023-02-07,0.4383,0.3433,-0.095,False
xgboost,msm_tau_1_0.88_tau_2_0.72_lb_4,msm,78,2023-06-08,0.3433,0.3364,-0.0069,False
xgboost,msm_tau_1_0.88_tau_2_0.72_lb_6,msm,13,2018-01-04,0.4367,0.5705,0.1337,False
xgboost,msm_tau_1_0.88_tau_2_0.72_lb_6,msm,17,2018-05-07,0.5705,0.4216,-0.1488,False
xgboost,msm_tau_1_0.88_tau_2_0.72_lb_6,msm,21,2018-09-05,0.4216,0.3286,-0.093,False
xgboost,msm_tau_1_0.88_tau_2_0.72_lb_6,msm,25,2019-01-07,0.3286,0.3188,-0.0098,False
xgboost,msm_tau_1_0.88_tau_2_0.72_lb_6,msm,29,2019-05-08,0.3188,0.53,0.2111,False
xgboost,msm_tau_1_0.88_tau_2_0.72_lb_6,msm,33,2019-09-06,0.53,0.5076,-0.0224,False
xgboost,msm_tau_1_0.88_tau_2_0.72_lb_6,msm,37,2020-01-07,0.5076,0.452,-0.0555,True
xgboost,msm_tau_1_0.88_tau_2_0.72_lb_6,msm,41,2020-05-07,0.452,0.3214,-0.1306,False
xgboost,msm_tau_1_0.88_tau_2_0.72_lb_6,msm,45,2020-09-04,0.3214,0.4807,0.1592,False
xgboost,msm_tau_1_0.88_tau_2_0.72_lb_6,msm,49,2021-01-06,0.4807,0.4087,-0.072,False
xgboost,msm_tau_1_0.88_tau_2_0.72_lb_6,msm,53,2021-05-07,0.4087,0.3544,-0.0543,False
xgboost,msm_tau_1_0.88_tau_2_0.72_lb_6,msm,57,2021-09-07,0.3544,0.3232,-0.0312,False
xgboost,msm_tau_1_0.88_tau_2_0.72_lb_6,msm,61,2022-01-05,0.3232,0.5433,0.2202,False
xgboost,msm_tau_1_0.88_tau_2_0.72_lb_6,msm,65,2022-05-06,0.5433,0.5059,-0.0374,True
xgboost,msm_tau_1_0.88_tau_2_0.72_lb_6,msm,69,2022-09-07,0.5059,0.3297,-0.1762,False
xgboost,msm_tau_1_0.88_tau_2_0.72_lb_6,msm,73,2023-01-06,0.3297,0.4075,0.0778,False
xgboost,msm_tau_1_0.88_tau_2_0.72_lb_6,msm,77,2023-05-09,0.4075,0.3489,-0.0586,False
xgboost,msm_tau_1_0.88_tau_2_0.72_lb_6,msm,81,2023-09-08,0.3489,0.4455,0.0966,False
xgboost,msm_tau_1_0.88_tau_2_0.75_lb_3,msm,7,2017-07-06,0.5552,0.426,-0.1291,False
xgboost,msm_tau_1_0.88_tau_2_0.75_lb_3,msm,11,2017-11-02,0.426,0.577,0.151,False
xgboost,msm_tau_1_0.88_tau_2_0.75_lb_3,msm,15,2018-03-07,0.577,0.4327,-0.1443,False
xgboost,msm_tau_1_0.88_tau_2_0.75_lb_3,msm,19,2018-07-06,0.4327,0.3462,-0.0864,False
xgboost,msm_tau_1_0.88_tau_2_0.75_lb_3,msm,23,2018-11-02,0.3462,0.4409,0.0947,False
xgboost,msm_tau_1_0.88_tau_2_0.75_lb_3,msm,27,2019-03-08,0.4409,0.3779,-0.063,False
xgboost,msm_tau_1_0.88_tau_2_0.75_lb_3,msm,31,2019-07-09,0.3779,0.4823,0.1044,False
xgboost,msm_tau_1_0.88_tau_2_0.75_lb_3,msm,38,2020-02-06,0.5309,0.3822,-0.1487,True
xgboost,msm_tau_1_0.88_tau_2_0.75_lb_3,msm,42,2020-06-08,0.3822,0.3482,-0.034,False
xgboost,msm_tau_1_0.88_tau_2_0.75_lb_3,msm,46,2020-10-06,0.3482,0.5274,0.1792,False
xgboost,msm_tau_1_0.88_tau_2_0.75_lb_3,msm,49,2021-01-06,0.5142,0.4091,-0.1051,False
xgboost,msm_tau_1_0.88_tau_2_0.75_lb_3,msm,53,2021-05-07,0.4091,0.3719,-0.0372,False
xgboost,msm_tau_1_0.88_tau_2_0.75_lb_3,msm,57,2021-09-07,0.3719,0.3816,0.0098,False
xgboost,msm_tau_1_0.88_tau_2_0.75_lb_3,msm,60,2021-12-06,0.3854,0.3533,-0.0321,False
xgboost,msm_tau_1_0.88_tau_2_0.75_lb_3,msm,64,2022-04-06,0.3533,0.5038,0.1505,True
xgboost,msm_tau_1_0.88_tau_2_0.75_lb_3,msm,68,2022-08-08,0.5038,0.4416,-0.0622,False
xgboost,msm_tau_1_0.88_tau_2_0.75_lb_3,msm,72,2022-12-06,0.4416,0.4292,-0.0124,False
xgboost,msm_tau_1_0.88_tau_2_0.75_lb_3,msm,76,2023-04-10,0.4292,0.4012,-0.028,False
xgboost,msm_tau_1_0.88_tau_2_0.75_lb_4,msm,9,2017-09-05,0.3849,0.4155,0.0305,False
xgboost,msm_tau_1_0.88_tau_2_0.75_lb_4,msm,13,2018-01-04,0.4155,0.5705,0.155,False
xgboost,msm_tau_1_0.88_tau_2_0.75_lb_4,msm,17,2018-05-07,0.5705,0.4216,-0.1488,False
xgboost,msm_tau_1_0.88_tau_2_0.75_lb_4,msm,21,2018-09-05,0.4216,0.3286,-0.093,False
xgboost,msm_tau_1_0.88_tau_2_0.75_lb_4,msm,25,2019-01-07,0.3286,0.3188,-0.0098,False
xgboost,msm_tau_1_0.88_tau_2_0.75_lb_4,msm,29,2019-05-08,0.3188,0.53,0.2111,False
xgboost,msm_tau_1_0.88_tau_2_0.75_lb_4,msm,33,2019-09-06,0.53,0.5076,-0.0224,False
xgboost,msm_tau_1_0.88_tau_2_0.75_lb_4,msm,38,2020-02-06,0.4951,0.3327,-0.1624,True
xgboost,msm_tau_1_0.88_tau_2_0.75_lb_4,msm,42,2020-06-08,0.3327,0.3327,0.0,False
xgboost,msm_tau_1_0.88_tau_2_0.75_lb_4,msm,46,2020-10-06,0.3327,0.5183,0.1856,False
xgboost,msm_tau_1_0.88_tau_2_0.75_lb_4,msm,50,2021-02-05,0.5183,0.3509,-0.1674,False
xgboost,msm_tau_1_0.88_tau_2_0.75_lb_4,msm,54,2021-06-08,0.3509,0.3646,0.0138,False
xgboost,msm_tau_1_0.88_tau_2_0.75_lb_4,msm,58,2021-10-06,0.3646,0.4041,0.0395,False
xgboost,msm_tau_1_0.88_tau_2_0.75_lb_4,msm,62,2022-02-04,0.4041,0.4816,0.0775,True
xgboost,msm_tau_1_0.88_tau_2_0.75_lb_4,msm,66,2022-06-07,0.4816,0.4874,0.0058,False
xgboost,msm_tau_1_0.88_tau_2_0.75_lb_4,msm,70,2022-10-06,0.4874,0.4383,-0.0491,False
xgboost,msm_tau_1_0.88_tau_2_0.75_lb_4,msm,74,2023-02-07,0.4383,0.3433,-0.095,False
xgboost,msm_tau_1_0.88_tau_2_0.75_lb_4,msm,78,2023-06-08,0.3433,0.3364,-0.0069,False
xgboost,msm_tau_1_0.88_tau_2_0.75_lb_6,msm,13,2018-01-04,0.4367,0.5705,0.1337,False
xgboost,msm_tau_1_0.88_tau_2_0.75_lb_6,msm,17,2018-05-07,0.5705,0.4216,-0.1488,False
xgboost,msm_tau_1_0.88_tau_2_0.75_lb_6,msm,21,2018-09-05,0.4216,0.3286,-0.093,False
xgboost,msm_tau_1_0.88_tau_2_0.75_lb_6,msm,25,2019-01-07,0.3286,0.3188,-0.0098,False
xgboost,msm_tau_1_0.88_tau_2_0.75_lb_6,msm,29,2019-05-08,0.3188,0.53,0.2111,False
xgboost,msm_tau_1_0.88_tau_2_0.75_lb_6,msm,33,2019-09-06,0.53,0.5076,-0.0224,False
xgboost,msm_tau_1_0.88_tau_2_0.75_lb_6,msm,37,2020-01-07,0.5076,0.452,-0.0555,True
xgboost,msm_tau_1_0.88_tau_2_0.75_lb_6,msm,41,2020-05-07,0.452,0.3214,-0.1306,False
xgboost,msm_tau_1_0.88_tau_2_0.75_lb_6,msm,45,2020-09-04,0.3214,0.4807,0.1592,False
xgboost,msm_tau_1_0.88_tau_2_0.75_lb_6,msm,49,2021-01-06,0.4807,0.4087,-0.072,False
xgboost,msm_tau_1_0.88_tau_2_0.75_lb_6,msm,53,2021-05-07,0.4087,0.3544,-0.0543,False
xgboost,msm_tau_1_0.88_tau_2_0.75_lb_6,msm,57,2021-09-07,0.3544,0.3232,-0.0312,False
xgboost,msm_tau_1_0.88_tau_2_0.75_lb_6,msm,61,2022-01-05,0.3232,0.5433,0.2202,False
xgboost,msm_tau_1_0.88_tau_2_0.75_lb_6,msm,65,2022-05-06,0.5433,0.5059,-0.0374,True
xgboost,msm_tau_1_0.88_tau_2_0.75_lb_6,msm,69,2022-09-07,0.5059,0.3297,-0.1762,False
xgboost,msm_tau_1_0.88_tau_2_0.75_lb_6,msm,73,2023-01-06,0.3297,0.4075,0.0778,False
xgboost,msm_tau_1_0.88_tau_2_0.75_lb_6,msm,77,2023-05-09,0.4075,0.3489,-0.0586,False
xgboost,msm_tau_1_0.88_tau_2_0.75_lb_6,msm,81,2023-09-08,0.3489,0.4455,0.0966,False
xgboost,msm_tau_1_0.88_tau_2_0.78_lb_3,msm,7,2017-07-06,0.5552,0.426,-0.1291,False
xgboost,msm_tau_1_0.88_tau_2_0.78_lb_3,msm,11,2017-11-02,0.426,0.577,0.151,False
xgboost,msm_tau_1_0.88_tau_2_0.78_lb_3,msm,15,2018-03-07,0.577,0.4327,-0.1443,False
xgboost,msm_tau_1_0.88_tau_2_0.78_lb_3,msm,19,2018-07-06,0.4327,0.3462,-0.0864,False
xgboost,msm_tau_1_0.88_tau_2_0.78_lb_3,msm,23,2018-11-02,0.3462,0.4409,0.0947,False
xgboost,msm_tau_1_0.88_tau_2_0.78_lb_3,msm,27,2019-03-08,0.4409,0.3779,-0.063,False
xgboost,msm_tau_1_0.88_tau_2_0.78_lb_3,msm,31,2019-07-09,0.3779,0.4823,0.1044,False
xgboost,msm_tau_1_0.88_tau_2_0.78_lb_3,msm,38,2020-02-06,0.5309,0.3822,-0.1487,True
xgboost,msm_tau_1_0.88_tau_2_0.78_lb_3,msm,42,2020-06-08,0.3822,0.3482,-0.034,False
xgboost,msm_tau_1_0.88_tau_2_0.78_lb_3,msm,46,2020-10-06,0.3482,0.5274,0.1792,False
xgboost,msm_tau_1_0.88_tau_2_0.78_lb_3,msm,49,2021-01-06,0.5142,0.4091,-0.1051,False
xgboost,msm_tau_1_0.88_tau_2_0.78_lb_3,msm,53,2021-05-07,0.4091,0.3719,-0.0372,False
xgboost,msm_tau_1_0.88_tau_2_0.78_lb_3,msm,57,2021-09-07,0.3719,0.3816,0.0098,False
xgboost,msm_tau_1_0.88_tau_2_0.78_lb_3,msm,60,2021-12-06,0.3854,0.3533,-0.0321,False
xgboost,msm_tau_1_0.88_tau_2_0.78_lb_3,msm,64,2022-04-06,0.3533,0.5038,0.1505,True
xgboost,msm_tau_1_0.88_tau_2_0.78_lb_3,msm,68,2022-08-08,0.5038,0.4416,-0.0622,False
xgboost,msm_tau_1_0.88_tau_2_0.78_lb_3,msm,72,2022-12-06,0.4416,0.4292,-0.0124,False
xgboost,msm_tau_1_0.88_tau_2_0.78_lb_3,msm,76,2023-04-10,0.4292,0.4012,-0.028,False
xgboost,msm_tau_1_0.88_tau_2_0.78_lb_4,msm,9,2017-09-05,0.3849,0.4155,0.0305,False
xgboost,msm_tau_1_0.88_tau_2_0.78_lb_4,msm,13,2018-01-04,0.4155,0.5705,0.155,False
xgboost,msm_tau_1_0.88_tau_2_0.78_lb_4,msm,17,2018-05-07,0.5705,0.4216,-0.1488,False
xgboost,msm_tau_1_0.88_tau_2_0.78_lb_4,msm,21,2018-09-05,0.4216,0.3286,-0.093,False
xgboost,msm_tau_1_0.88_tau_2_0.78_lb_4,msm,25,2019-01-07,0.3286,0.3188,-0.0098,False
xgboost,msm_tau_1_0.88_tau_2_0.78_lb_4,msm,29,2019-05-08,0.3188,0.53,0.2111,False
xgboost,msm_tau_1_0.88_tau_2_0.78_lb_4,msm,33,2019-09-06,0.53,0.5076,-0.0224,False
xgboost,msm_tau_1_0.88_tau_2_0.78_lb_4,msm,37,2020-01-07,0.5076,0.452,-0.0555,True
xgboost,msm_tau_1_0.88_tau_2_0.78_lb_4,msm,41,2020-05-07,0.452,0.3214,-0.1306,False
xgboost,msm_tau_1_0.88_tau_2_0.78_lb_4,msm,45,2020-09-04,0.3214,0.4807,0.1592,False
xgboost,msm_tau_1_0.88_tau_2_0.78_lb_4,msm,49,2021-01-06,0.4807,0.4087,-0.072,False
xgboost,msm_tau_1_0.88_tau_2_0.78_lb_4,msm,53,2021-05-07,0.4087,0.3544,-0.0543,False
xgboost,msm_tau_1_0.88_tau_2_0.78_lb_4,msm,57,2021-09-07,0.3544,0.3232,-0.0312,False
xgboost,msm_tau_1_0.88_tau_2_0.78_lb_4,msm,61,2022-01-05,0.3232,0.5433,0.2202,False
xgboost,msm_tau_1_0.88_tau_2_0.78_lb_4,msm,65,2022-05-06,0.5433,0.5059,-0.0374,True
xgboost,msm_tau_1_0.88_tau_2_0.78_lb_4,msm,69,2022-09-07,0.5059,0.3297,-0.1762,False
xgboost,msm_tau_1_0.88_tau_2_0.78_lb_4,msm,73,2023-01-06,0.3297,0.4075,0.0778,False
xgboost,msm_tau_1_0.88_tau_2_0.78_lb_4,msm,77,2023-05-09,0.4075,0.3489,-0.0586,False
xgboost,msm_tau_1_0.88_tau_2_0.78_lb_6,msm,13,2018-01-04,0.4367,0.5705,0.1337,False
xgboost,msm_tau_1_0.88_tau_2_0.78_lb_6,msm,17,2018-05-07,0.5705,0.4216,-0.1488,False
xgboost,msm_tau_1_0.88_tau_2_0.78_lb_6,msm,21,2018-09-05,0.4216,0.3286,-0.093,False
xgboost,msm_tau_1_0.88_tau_2_0.78_lb_6,msm,25,2019-01-07,0.3286,0.3188,-0.0098,False
xgboost,msm_tau_1_0.88_tau_2_0.78_lb_6,msm,29,2019-05-08,0.3188,0.53,0.2111,False
xgboost,msm_tau_1_0.88_tau_2_0.78_lb_6,msm,33,2019-09-06,0.53,0.5076,-0.0224,False
xgboost,msm_tau_1_0.88_tau_2_0.78_lb_6,msm,37,2020-01-07,0.5076,0.452,-0.0555,True
xgboost,msm_tau_1_0.88_tau_2_0.78_lb_6,msm,41,2020-05-07,0.452,0.3214,-0.1306,False
xgboost,msm_tau_1_0.88_tau_2_0.78_lb_6,msm,45,2020-09-04,0.3214,0.4807,0.1592,False
xgboost,msm_tau_1_0.88_tau_2_0.78_lb_6,msm,49,2021-01-06,0.4807,0.4087,-0.072,False
xgboost,msm_tau_1_0.88_tau_2_0.78_lb_6,msm,53,2021-05-07,0.4087,0.3544,-0.0543,False
xgboost,msm_tau_1_0.88_tau_2_0.78_lb_6,msm,57,2021-09-07,0.3544,0.3232,-0.0312,False
xgboost,msm_tau_1_0.88_tau_2_0.78_lb_6,msm,61,2022-01-05,0.3232,0.5433,0.2202,False
xgboost,msm_tau_1_0.88_tau_2_0.78_lb_6,msm,65,2022-05-06,0.5433,0.5059,-0.0374,True
xgboost,msm_tau_1_0.88_tau_2_0.78_lb_6,msm,69,2022-09-07,0.5059,0.3297,-0.1762,False
xgboost,msm_tau_1_0.88_tau_2_0.78_lb_6,msm,73,2023-01-06,0.3297,0.4075,0.0778,False
xgboost,msm_tau_1_0.88_tau_2_0.78_lb_6,msm,77,2023-05-09,0.4075,0.3489,-0.0586,False
xgboost,msm_tau_1_0.88_tau_2_0.78_lb_6,msm,81,2023-09-08,0.3489,0.4455,0.0966,False
xgboost,msm_tau_1_0.8_tau_2_0.72_lb_3,msm,8,2017-08-04,0.4772,0.3861,-0.0911,False
xgboost,msm_tau_1_0.8_tau_2_0.72_lb_3,msm,12,2017-12-04,0.3861,0.5558,0.1698,False
xgboost,msm_tau_1_0.8_tau_2_0.72_lb_3,msm,16,2018-04-06,0.5558,0.4488,-0.1071,False
xgboost,msm_tau_1_0.8_tau_2_0.72_lb_3,msm,20,2018-08-06,0.4488,0.3344,-0.1144,False
xgboost,msm_tau_1_0.8_tau_2_0.72_lb_3,msm,24,2018-12-04,0.3344,0.5186,0.1842,False
xgboost,msm_tau_1_0.8_tau_2_0.72_lb_3,msm,28,2019-04-08,0.5186,0.471,-0.0476,False
xgboost,msm_tau_1_0.8_tau_2_0.72_lb_3,msm,39,2020-03-09,0.3518,0.389,0.0372,True
xgboost,msm_tau_1_0.8_tau_2_0.72_lb_3,msm,44,2020-08-06,0.4409,0.5068,0.0659,False
xgboost,msm_tau_1_0.8_tau_2_0.72_lb_3,msm,52,2021-04-08,0.4979,0.39,-0.1079,False
xgboost,msm_tau_1_0.8_tau_2_0.72_lb_3,msm,57,2021-09-07,0.3703,0.3562,-0.0141,False
xgboost,msm_tau_1_0.8_tau_2_0.72_lb_3,msm,60,2021-12-06,0.3537,0.3992,0.0455,False
xgboost,msm_tau_1_0.8_tau_2_0.72_lb_3,msm,63,2022-03-08,0.3406,0.5284,0.1878,True
xgboost,msm_tau_1_0.8_tau_2_0.72_lb_3,msm,68,2022-08-08,0.5467,0.3877,-0.1589,False
xgboost,msm_tau_1_0.8_tau_2_0.72_lb_3,msm,75,2023-03-09,0.4146,0.4563,0.0418,False
xgboost,msm_tau_1_0.8_tau_2_0.72_lb_3,msm,79,2023-07-11,0.4563,0.4369,-0.0194,False
xgboost,msm_tau_1_0.8_tau_2_0.72_lb_4,msm,9,2017-09-05,0.3849,0.4155,0.0305,False
xgboost,msm_tau_1_0.8_tau_2_0.72_lb_4,msm,13,2018-01-04,0.4155,0.5975,0.182,False
xgboost,msm_tau_1_0.8_tau_2_0.72_lb_4,msm,16,2018-04-06,0.5772,0.4276,-0.1497,False
xgboost,msm_tau_1_0.8_tau_2_0.72_lb_4,msm,20,2018-08-06,0.4276,0.3344,-0.0932,False
xgboost,msm_tau_1_0.8_tau_2_0.72_lb_4,msm,24,2018-12-04,0.3344,0.4531,0.1188,False
xgboost,msm_tau_1_0.8_tau_2_0.72_lb_4,msm,28,2019-04-08,0.4531,0.5036,0.0505,False
xgboost,msm_tau_1_0.8_tau_2_0.72_lb_4,msm,32,2019-08-07,0.5036,0.4922,-0.0114,False
xgboost,msm_tau_1_0.8_tau_2_0.72_lb_4,msm,39,2020-03-09,0.4108,0.4183,0.0075,True
xgboost,msm_tau_1_0.8_tau_2_0.72_lb_4,msm,43,2020-07-08,0.4183,0.34,-0.0783,False
xgboost,msm_tau_1_0.8_tau_2_0.72_lb_4,msm,47,2020-11-04,0.34,0.4651,0.1251,False
xgboost,msm_tau_1_0.8_tau_2_0.72_lb_4,msm,50,2021-02-05,0.4712,0.4199,-0.0513,False
xgboost,msm_tau_1_0.8_tau_2_0.72_lb_4,msm,54,2021-06-08,0.4199,0.3724,-0.0475,False
xgboost,msm_tau_1_0.8_tau_2_0.72_lb_4,msm,58,2021-10-06,0.3724,0.3258,-0.0466,False
xgboost,msm_tau_1_0.8_tau_2_0.72_lb_4,msm,62,2022-02-04,0.3258,0.5238,0.198,True
xgboost,msm_tau_1_0.8_tau_2_0.72_lb_4,msm,66,2022-06-07,0.5238,0.4666,-0.0573,False
xgboost,msm_tau_1_0.8_tau_2_0.72_lb_4,msm,70,2022-10-06,0.4666,0.3618,-0.1047,False
xgboost,msm_tau_1_0.8_tau_2_0.72_lb_4,msm,74,2023-02-07,0.3618,0.3452,-0.0166,False
xgboost,msm_tau_1_0.8_tau_2_0.72_lb_4,msm,78,2023-06-08,0.3452,0.3523,0.0071,False
xgboost,msm_tau_1_0.8_tau_2_0.72_lb_6,msm,13,2018-01-04,0.4367,0.5705,0.1337,False
xgboost,msm_tau_1_0.8_tau_2_0.72_lb_6,msm,17,2018-05-07,0.5705,0.4216,-0.1488,False
xgboost,msm_tau_1_0.8_tau_2_0.72_lb_6,msm,21,2018-09-05,0.4216,0.3286,-0.093,False
xgboost,msm_tau_1_0.8_tau_2_0.72_lb_6,msm,25,2019-01-07,0.3286,0.3188,-0.0098,False
xgboost,msm_tau_1_0.8_tau_2_0.72_lb_6,msm,29,2019-05-08,0.3188,0.53,0.2111,False
xgboost,msm_tau_1_0.8_tau_2_0.72_lb_6,msm,33,2019-09-06,0.53,0.5076,-0.0224,False
xgboost,msm_tau_1_0.8_tau_2_0.72_lb_6,msm,37,2020-01-07,0.5076,0.452,-0.0555,True
xgboost,msm_tau_1_0.8_tau_2_0.72_lb_6,msm,41,2020-05-07,0.452,0.3214,-0.1306,False
xgboost,msm_tau_1_0.8_tau_2_0.72_lb_6,msm,45,2020-09-04,0.3214,0.4807,0.1592,False
xgboost,msm_tau_1_0.8_tau_2_0.72_lb_6,msm,49,2021-01-06,0.4807,0.4087,-0.072,False
xgboost,msm_tau_1_0.8_tau_2_0.72_lb_6,msm,53,2021-05-07,0.4087,0.3544,-0.0543,False
xgboost,msm_tau_1_0.8_tau_2_0.72_lb_6,msm,57,2021-09-07,0.3544,0.3232,-0.0312,False
xgboost,msm_tau_1_0.8_tau_2_0.72_lb_6,msm,61,2022-01-05,0.3232,0.5433,0.2202,False
xgboost,msm_tau_1_0.8_tau_2_0.72_lb_6,msm,65,2022-05-06,0.5433,0.5059,-0.0374,True
xgboost,msm_tau_1_0.8_tau_2_0.72_lb_6,msm,69,2022-09-07,0.5059,0.3297,-0.1762,False
xgboost,msm_tau_1_0.8_tau_2_0.72_lb_6,msm,73,2023-01-06,0.3297,0.4075,0.0778,False
xgboost,msm_tau_1_0.8_tau_2_0.72_lb_6,msm,77,2023-05-09,0.4075,0.3489,-0.0586,False
xgboost,msm_tau_1_0.8_tau_2_0.72_lb_6,msm,81,2023-09-08,0.3489,0.4455,0.0966,False
xgboost,msm_tau_1_0.8_tau_2_0.75_lb_3,msm,8,2017-08-04,0.4772,0.3861,-0.0911,False
xgboost,msm_tau_1_0.8_tau_2_0.75_lb_3,msm,12,2017-12-04,0.3861,0.5558,0.1698,False
xgboost,msm_tau_1_0.8_tau_2_0.75_lb_3,msm,16,2018-04-06,0.5558,0.4488,-0.1071,False
xgboost,msm_tau_1_0.8_tau_2_0.75_lb_3,msm,20,2018-08-06,0.4488,0.3344,-0.1144,False
xgboost,msm_tau_1_0.8_tau_2_0.75_lb_3,msm,24,2018-12-04,0.3344,0.5186,0.1842,False
xgboost,msm_tau_1_0.8_tau_2_0.75_lb_3,msm,28,2019-04-08,0.5186,0.471,-0.0476,False
xgboost,msm_tau_1_0.8_tau_2_0.75_lb_3,msm,39,2020-03-09,0.3518,0.389,0.0372,True
xgboost,msm_tau_1_0.8_tau_2_0.75_lb_3,msm,44,2020-08-06,0.4409,0.5068,0.0659,False
xgboost,msm_tau_1_0.8_tau_2_0.75_lb_3,msm,52,2021-04-08,0.4979,0.39,-0.1079,False
xgboost,msm_tau_1_0.8_tau_2_0.75_lb_3,msm,57,2021-09-07,0.3703,0.3562,-0.0141,False
xgboost,msm_tau_1_0.8_tau_2_0.75_lb_3,msm,60,2021-12-06,0.3537,0.3992,0.0455,False
xgboost,msm_tau_1_0.8_tau_2_0.75_lb_3,msm,63,2022-03-08,0.3406,0.5284,0.1878,True
xgboost,msm_tau_1_0.8_tau_2_0.75_lb_3,msm,68,2022-08-08,0.5467,0.3877,-0.1589,False
xgboost,msm_tau_1_0.8_tau_2_0.75_lb_3,msm,75,2023-03-09,0.4146,0.4563,0.0418,False
xgboost,msm_tau_1_0.8_tau_2_0.75_lb_3,msm,79,2023-07-11,0.4563,0.4369,-0.0194,False
xgboost,msm_tau_1_0.8_tau_2_0.75_lb_4,msm,9,2017-09-05,0.3849,0.4155,0.0305,False
xgboost,msm_tau_1_0.8_tau_2_0.75_lb_4,msm,13,2018-01-04,0.4155,0.5975,0.182,False
xgboost,msm_tau_1_0.8_tau_2_0.75_lb_4,msm,16,2018-04-06,0.5772,0.4276,-0.1497,False
xgboost,msm_tau_1_0.8_tau_2_0.75_lb_4,msm,20,2018-08-06,0.4276,0.3344,-0.0932,False
xgboost,msm_tau_1_0.8_tau_2_0.75_lb_4,msm,24,2018-12-04,0.3344,0.4531,0.1188,False
xgboost,msm_tau_1_0.8_tau_2_0.75_lb_4,msm,28,2019-04-08,0.4531,0.5036,0.0505,False
xgboost,msm_tau_1_0.8_tau_2_0.75_lb_4,msm,32,2019-08-07,0.5036,0.4922,-0.0114,False
xgboost,msm_tau_1_0.8_tau_2_0.75_lb_4,msm,39,2020-03-09,0.4108,0.4183,0.0075,True
xgboost,msm_tau_1_0.8_tau_2_0.75_lb_4,msm,43,2020-07-08,0.4183,0.34,-0.0783,False
xgboost,msm_tau_1_0.8_tau_2_0.75_lb_4,msm,47,2020-11-04,0.34,0.4651,0.1251,False
xgboost,msm_tau_1_0.8_tau_2_0.75_lb_4,msm,50,2021-02-05,0.4712,0.4199,-0.0513,False
xgboost,msm_tau_1_0.8_tau_2_0.75_lb_4,msm,54,2021-06-08,0.4199,0.3724,-0.0475,False
xgboost,msm_tau_1_0.8_tau_2_0.75_lb_4,msm,58,2021-10-06,0.3724,0.3258,-0.0466,False
xgboost,msm_tau_1_0.8_tau_2_0.75_lb_4,msm,62,2022-02-04,0.3258,0.5238,0.198,True
xgboost,msm_tau_1_0.8_tau_2_0.75_lb_4,msm,66,2022-06-07,0.5238,0.4666,-0.0573,False
xgboost,msm_tau_1_0.8_tau_2_0.75_lb_4,msm,70,2022-10-06,0.4666,0.3618,-0.1047,False
xgboost,msm_tau_1_0.8_tau_2_0.75_lb_4,msm,74,2023-02-07,0.3618,0.3452,-0.0166,False
xgboost,msm_tau_1_0.8_tau_2_0.75_lb_4,msm,78,2023-06-08,0.3452,0.3523,0.0071,False
xgboost,msm_tau_1_0.8_tau_2_0.75_lb_6,msm,13,2018-01-04,0.4367,0.5705,0.1337,False
xgboost,msm_tau_1_0.8_tau_2_0.75_lb_6,msm,17,2018-05-07,0.5705,0.4216,-0.1488,False
xgboost,msm_tau_1_0.8_tau_2_0.75_lb_6,msm,21,2018-09-05,0.4216,0.3286,-0.093,False
xgboost,msm_tau_1_0.8_tau_2_0.75_lb_6,msm,25,2019-01-07,0.3286,0.3188,-0.0098,False
xgboost,msm_tau_1_0.8_tau_2_0.75_lb_6,msm,29,2019-05-08,0.3188,0.53,0.2111,False
xgboost,msm_tau_1_0.8_tau_2_0.75_lb_6,msm,33,2019-09-06,0.53,0.5076,-0.0224,False
xgboost,msm_tau_1_0.8_tau_2_0.75_lb_6,msm,37,2020-01-07,0.5076,0.452,-0.0555,True
xgboost,msm_tau_1_0.8_tau_2_0.75_lb_6,msm,41,2020-05-07,0.452,0.3214,-0.1306,False
xgboost,msm_tau_1_0.8_tau_2_0.75_lb_6,msm,45,2020-09-04,0.3214,0.4807,0.1592,False
xgboost,msm_tau_1_0.8_tau_2_0.75_lb_6,msm,49,2021-01-06,0.4807,0.4087,-0.072,False
xgboost,msm_tau_1_0.8_tau_2_0.75_lb_6,msm,53,2021-05-07,0.4087,0.3544,-0.0543,False
xgboost,msm_tau_1_0.8_tau_2_0.75_lb_6,msm,57,2021-09-07,0.3544,0.3232,-0.0312,False
xgboost,msm_tau_1_0.8_tau_2_0.75_lb_6,msm,61,2022-01-05,0.3232,0.5433,0.2202,False
xgboost,msm_tau_1_0.8_tau_2_0.75_lb_6,msm,65,2022-05-06,0.5433,0.5059,-0.0374,True
xgboost,msm_tau_1_0.8_tau_2_0.75_lb_6,msm,69,2022-09-07,0.5059,0.3297,-0.1762,False
xgboost,msm_tau_1_0.8_tau_2_0.75_lb_6,msm,73,2023-01-06,0.3297,0.4075,0.0778,False
xgboost,msm_tau_1_0.8_tau_2_0.75_lb_6,msm,77,2023-05-09,0.4075,0.3489,-0.0586,False
xgboost,msm_tau_1_0.8_tau_2_0.75_lb_6,msm,81,2023-09-08,0.3489,0.4455,0.0966,False
xgboost,perf_drop_0.03_lookback_3,perf,7,2017-07-06,0.5552,0.4175,-0.1377,False
xgboost,perf_drop_0.03_lookback_3,perf,10,2017-10-04,0.3972,0.4237,0.0265,False
xgboost,perf_drop_0.03_lookback_3,perf,17,2018-05-07,0.5153,0.4099,-0.1054,False
xgboost,perf_drop_0.03_lookback_3,perf,20,2018-08-06,0.4422,0.3535,-0.0887,False
xgboost,perf_drop_0.03_lookback_3,perf,23,2018-11-02,0.3258,0.4707,0.1448,False
xgboost,perf_drop_0.03_lookback_3,perf,26,2019-02-06,0.4313,0.3533,-0.0779,False
xgboost,perf_drop_0.03_lookback_3,perf,30,2019-06-07,0.3533,0.5035,0.1502,False
xgboost,perf_drop_0.03_lookback_3,perf,34,2019-10-07,0.5035,0.4961,-0.0074,False
xgboost,perf_drop_0.03_lookback_3,perf,37,2020-01-07,0.4941,0.3924,-0.1017,True
xgboost,perf_drop_0.03_lookback_3,perf,40,2020-04-07,0.4231,0.4898,0.0666,True
xgboost,perf_drop_0.03_lookback_3,perf,45,2020-09-04,0.3926,0.4857,0.0931,False
xgboost,perf_drop_0.03_lookback_3,perf,49,2021-01-06,0.4857,0.3713,-0.1144,False
xgboost,perf_drop_0.03_lookback_3,perf,52,2021-04-08,0.4112,0.4116,0.0004,False
xgboost,perf_drop_0.03_lookback_3,perf,57,2021-09-07,0.3375,0.4017,0.0643,False
xgboost,perf_drop_0.03_lookback_3,perf,61,2022-01-05,0.4017,0.5325,0.1308,False
xgboost,perf_drop_0.03_lookback_3,perf,68,2022-08-08,0.535,0.4436,-0.0914,False
xgboost,perf_drop_0.03_lookback_3,perf,71,2022-11-04,0.433,0.4258,-0.0072,False
xgboost,perf_drop_0.03_lookback_3,perf,74,2023-02-07,0.4283,0.3406,-0.0877,False
xgboost,perf_drop_0.03_lookback_3,perf,78,2023-06-08,0.3406,0.4055,0.0649,False
xgboost,perf_drop_0.03_lookback_3,perf,82,2023-10-09,0.4055,0.4664,0.0609,False
xgboost,perf_drop_0.03_lookback_4,perf,8,2017-08-04,0.4772,0.3735,-0.1037,False
xgboost,perf_drop_0.03_lookback_4,perf,11,2017-11-02,0.3855,0.5313,0.1458,False
xgboost,perf_drop_0.03_lookback_4,perf,18,2018-06-06,0.4324,0.3779,-0.0544,False
xgboost,perf_drop_0.03_lookback_4,perf,21,2018-09-05,0.4356,0.3668,-0.0688,False
xgboost,perf_drop_0.03_lookback_4,perf,24,2018-12-04,0.3168,0.521,0.2041,False
xgboost,perf_drop_0.03_lookback_4,perf,29,2019-05-08,0.4057,0.5288,0.1231,False
xgboost,perf_drop_0.03_lookback_4,perf,35,2019-11-05,0.4974,0.4146,-0.0828,False
xgboost,perf_drop_0.03_lookback_4,perf,38,2020-02-06,0.5125,0.3685,-0.1439,True
xgboost,perf_drop_0.03_lookback_4,perf,41,2020-05-07,0.3328,0.356,0.0232,False
xgboost,perf_drop_0.03_lookback_4,perf,45,2020-09-04,0.356,0.4799,0.1239,False
xgboost,perf_drop_0.03_lookback_4,perf,53,2021-05-07,0.5047,0.3614,-0.1433,False
xgboost,perf_drop_0.03_lookback_4,perf,56,2021-08-06,0.3828,0.3496,-0.0332,False
xgboost,perf_drop_0.03_lookback_4,perf,62,2022-02-04,0.3073,0.4491,0.1418,True
xgboost,perf_drop_0.03_lookback_4,perf,69,2022-09-07,0.4523,0.3557,-0.0966,False
xgboost,perf_drop_0.03_lookback_4,perf,72,2022-12-06,0.3695,0.3994,0.0299,False
xgboost,perf_drop_0.03_lookback_4,perf,77,2023-05-09,0.3707,0.362,-0.0087,False
xgboost,perf_drop_0.03_lookback_6,perf,10,2017-10-04,0.3609,0.4573,0.0964,False
xgboost,perf_drop_0.03_lookback_6,perf,13,2018-01-04,0.3846,0.5763,0.1916,False
xgboost,perf_drop_0.03_lookback_6,perf,19,2018-07-06,0.4023,0.3164,-0.0859,False
xgboost,perf_drop_0.03_lookback_6,perf,22,2018-10-04,0.3862,0.4701,0.0839,False
xgboost,perf_drop_0.03_lookback_6,perf,25,2019-01-07,0.3609,0.4211,0.0602,False
xgboost,perf_drop_0.03_lookback_6,perf,30,2019-06-07,0.3665,0.5506,0.1841,False
xgboost,perf_drop_0.03_lookback_6,perf,39,2020-03-09,0.4799,0.4311,-0.0489,True
xgboost,perf_drop_0.03_lookback_6,perf,43,2020-07-08,0.4311,0.35,-0.081,False
xgboost,perf_drop_0.03_lookback_6,perf,46,2020-10-06,0.3326,0.4907,0.1581,False
xgboost,perf_drop_0.03_lookback_6,perf,54,2021-06-08,0.4229,0.3644,-0.0586,False
xgboost,perf_drop_0.03_lookback_6,perf,57,2021-09-07,0.3499,0.3951,0.0452,False
xgboost,perf_drop_0.03_lookback_6,perf,62,2022-02-04,0.3212,0.5262,0.205,True
xgboost,perf_drop_0.03_lookback_6,perf,73,2023-01-06,0.3682,0.4246,0.0564,False
xgboost,perf_drop_0.03_lookback_6,perf,76,2023-04-10,0.3863,0.4446,0.0582,False
xgboost,perf_drop_0.03_lookback_6,perf,82,2023-10-09,0.3551,0.273,-0.0821,False
xgboost,perf_drop_0.05_lookback_3,perf,7,2017-07-06,0.5552,0.4175,-0.1377,False
xgboost,perf_drop_0.05_lookback_3,perf,10,2017-10-04,0.3972,0.4237,0.0265,False
xgboost,perf_drop_0.05_lookback_3,perf,17,2018-05-07,0.5153,0.4099,-0.1054,False
xgboost,perf_drop_0.05_lookback_3,perf,20,2018-08-06,0.4422,0.3535,-0.0887,False
xgboost,perf_drop_0.05_lookback_3,perf,23,2018-11-02,0.3258,0.4873,0.1615,False
xgboost,perf_drop_0.05_lookback_3,perf,28,2019-04-08,0.4434,0.4034,-0.04,False
xgboost,perf_drop_0.05_lookback_3,perf,31,2019-07-09,0.3812,0.4725,0.0913,False
xgboost,perf_drop_0.05_lookback_3,perf,35,2019-11-05,0.4725,0.4829,0.0104,False
xgboost,perf_drop_0.05_lookback_3,perf,39,2020-03-09,0.4829,0.3948,-0.0881,True
xgboost,perf_drop_0.05_lookback_3,perf,45,2020-09-04,0.3357,0.4692,0.1335,False
xgboost,perf_drop_0.05_lookback_3,perf,53,2021-05-07,0.472,0.3746,-0.0974,False
xgboost,perf_drop_0.05_lookback_3,perf,57,2021-09-07,0.3746,0.3508,-0.0237,False
xgboost,perf_drop_0.05_lookback_3,perf,64,2022-04-06,0.3293,0.5445,0.2152,True
xgboost,perf_drop_0.05_lookback_3,perf,68,2022-08-08,0.5445,0.3871,-0.1574,False
xgboost,perf_drop_0.05_lookback_3,perf,71,2022-11-04,0.4175,0.4421,0.0246,False
xgboost,perf_drop_0.05_lookback_3,perf,74,2023-02-07,0.4041,0.354,-0.0501,False
xgboost,perf_drop_0.05_lookback_3,perf,78,2023-06-08,0.354,0.3767,0.0227,False
xgboost,perf_drop_0.05_lookback_4,perf,8,2017-08-04,0.4772,0.3735,-0.1037,False
xgboost,perf_drop_0.05_lookback_4,perf,11,2017-11-02,0.3855,0.5313,0.1458,False
xgboost,perf_drop_0.05_lookback_4,perf,18,2018-06-06,0.4324,0.3779,-0.0544,False
xgboost,perf_drop_0.05_lookback_4,perf,21,2018-09-05,0.4356,0.3668,-0.0688,False
xgboost,perf_drop_0.05_lookback_4,perf,24,2018-12-04,0.3168,0.521,0.2041,False
xgboost,perf_drop_0.05_lookback_4,perf,29,2019-05-08,0.4057,0.5288,0.1231,False
xgboost,perf_drop_0.05_lookback_4,perf,35,2019-11-05,0.4974,0.4146,-0.0828,False
xgboost,perf_drop_0.05_lookback_4,perf,38,2020-02-06,0.5125,0.3685,-0.1439,True
xgboost,perf_drop_0.05_lookback_4,perf,41,2020-05-07,0.3328,0.356,0.0232,False
xgboost,perf_drop_0.05_lookback_4,perf,45,2020-09-04,0.356,0.4799,0.1239,False
xgboost,perf_drop_0.05_lookback_4,perf,55,2021-07-08,0.4526,0.3285,-0.1241,False
xgboost,perf_drop_0.05_lookback_4,perf,58,2021-10-06,0.3171,0.3054,-0.0116,False
xgboost,perf_drop_0.05_lookback_4,perf,62,2022-02-04,0.3054,0.5357,0.2303,True
xgboost,perf_drop_0.05_lookback_4,perf,68,2022-08-08,0.4426,0.3578,-0.0848,False
xgboost,perf_drop_0.05_lookback_4,perf,72,2022-12-06,0.3578,0.4288,0.071,False
xgboost,perf_drop_0.05_lookback_4,perf,77,2023-05-09,0.4002,0.3489,-0.0512,False
xgboost,perf_drop_0.05_lookback_4,perf,81,2023-09-08,0.3489,0.4544,0.1055,False
xgboost,perf_drop_0.05_lookback_6,perf,10,2017-10-04,0.3609,0.4573,0.0964,False
xgboost,perf_drop_0.05_lookback_6,perf,13,2018-01-04,0.3846,0.5763,0.1916,False
xgboost,perf_drop_0.05_lookback_6,perf,19,2018-07-06,0.4023,0.3164,-0.0859,False
xgboost,perf_drop_0.05_lookback_6,perf,22,2018-10-04,0.3862,0.3779,-0.0083,False
xgboost,perf_drop_0.05_lookback_6,perf,30,2019-06-07,0.2081,0.5154,0.3073,False
xgboost,perf_drop_0.05_lookback_6,perf,40,2020-04-07,0.4527,0.4586,0.0059,True
xgboost,perf_drop_0.05_lookback_6,perf,45,2020-09-04,0.3694,0.4877,0.1183,False
xgboost,perf_drop_0.05_lookback_6,perf,55,2021-07-08,0.409,0.347,-0.062,False
xgboost,perf_drop_0.05_lookback_6,perf,58,2021-10-06,0.3625,0.414,0.0515,False
xgboost,perf_drop_0.05_lookback_6,perf,71,2022-11-04,0.3353,0.4599,0.1246,False
xgboost,perf_drop_0.05_lookback_6,perf,76,2023-04-10,0.3873,0.4072,0.0199,False
xgboost,perf_drop_0.15_lookback_3,perf,7,2017-07-06,0.5552,0.426,-0.1291,False
xgboost,perf_drop_0.15_lookback_3,perf,18,2018-06-06,0.4519,0.3839,-0.068,False
xgboost,perf_drop_0.15_lookback_3,perf,26,2019-02-06,0.4089,0.4068,-0.0021,False
xgboost,perf_drop_0.15_lookback_3,perf,30,2019-06-07,0.4068,0.5332,0.1264,False
xgboost,perf_drop_0.15_lookback_3,perf,34,2019-10-07,0.5332,0.4893,-0.0439,False
xgboost,perf_drop_0.15_lookback_3,perf,38,2020-02-06,0.4893,0.4025,-0.0869,True
xgboost,perf_drop_0.15_lookback_3,perf,45,2020-09-04,0.3219,0.478,0.1561,False
xgboost,perf_drop_0.15_lookback_3,perf,72,2022-12-06,0.3959,0.4043,0.0084,False
xgboost,perf_drop_0.15_lookback_4,perf,8,2017-08-04,0.4772,0.3861,-0.0911,False
xgboost,perf_drop_0.15_lookback_4,perf,19,2018-07-06,0.4148,0.324,-0.0908,False
xgboost,perf_drop_0.15_lookback_4,perf,30,2019-06-07,0.3589,0.5184,0.1595,False
xgboost,perf_drop_0.15_lookback_4,perf,45,2020-09-04,0.2798,0.4981,0.2183,False
xgboost,perf_drop_0.15_lookback_4,perf,58,2021-10-06,0.2853,0.4003,0.115,False
xgboost,perf_drop_0.15_lookback_4,perf,70,2022-10-06,0.4574,0.4888,0.0314,False
xgboost,perf_drop_0.15_lookback_4,perf,78,2023-06-08,0.3559,0.3927,0.0369,False
xgboost,perf_drop_0.15_lookback_6,perf,23,2018-11-02,0.3287,0.4873,0.1586,False
xgboost,perf_drop_0.15_lookback_6,perf,40,2020-04-07,0.3443,0.4457,0.1014,True
xgboost,perf_drop_0.15_lookback_6,perf,56,2021-08-06,0.3356,0.3254,-0.0102,False
xgboost,perf_drop_0.15_lookback_6,perf,74,2023-02-07,0.2427,0.3918,0.1491,False
xgboost,perf_drop_0.1_lookback_3,perf,7,2017-07-06,0.5552,0.4175,-0.1377,False
xgboost,perf_drop_0.1_lookback_3,perf,10,2017-10-04,0.3972,0.4237,0.0265,False
xgboost,perf_drop_0.1_lookback_3,perf,18,2018-06-06,0.4393,0.3408,-0.0986,False
xgboost,perf_drop_0.1_lookback_3,perf,21,2018-09-05,0.3871,0.3876,0.0004,False
xgboost,perf_drop_0.1_lookback_3,perf,30,2019-06-07,0.4226,0.4751,0.0525,False
xgboost,perf_drop_0.1_lookback_3,perf,35,2019-11-05,0.4242,0.4369,0.0128,False
xgboost,perf_drop_0.1_lookback_3,perf,38,2020-02-06,0.546,0.3671,-0.1789,True
xgboost,perf_drop_0.1_lookback_3,perf,45,2020-09-04,0.3219,0.4926,0.1708,False
xgboost,perf_drop_0.1_lookback_3,perf,55,2021-07-08,0.4246,0.3499,-0.0747,False
xgboost,perf_drop_0.1_lookback_3,perf,70,2022-10-06,0.342,0.4243,0.0823,False
xgboost,perf_drop_0.1_lookback_3,perf,77,2023-05-09,0.3965,0.4624,0.066,False
xgboost,perf_drop_0.1_lookback_3,perf,82,2023-10-09,0.3802,0.491,0.1108,False
xgboost,perf_drop_0.1_lookback_4,perf,8,2017-08-04,0.4772,0.3735,-0.1037,False
xgboost,perf_drop_0.1_lookback_4,perf,11,2017-11-02,0.3855,0.5313,0.1458,False
xgboost,perf_drop_0.1_lookback_4,perf,18,2018-06-06,0.4324,0.3994,-0.033,False
xgboost,perf_drop_0.1_lookback_4,perf,24,2018-12-04,0.3458,0.527,0.1812,False
xgboost,perf_drop_0.1_lookback_4,perf,29,2019-05-08,0.4076,0.4931,0.0855,False
xgboost,perf_drop_0.1_lookback_4,perf,46,2020-10-06,0.3254,0.5058,0.1804,False
xgboost,perf_drop_0.1_lookback_4,perf,57,2021-09-07,0.3298,0.4077,0.0779,False
xgboost,perf_drop_0.1_lookback_4,perf,64,2022-04-06,0.3404,0.5656,0.2252,True
xgboost,perf_drop_0.1_lookback_4,perf,72,2022-12-06,0.4017,0.3779,-0.0238,False
xgboost,perf_drop_0.1_lookback_6,perf,10,2017-10-04,0.3609,0.456,0.0952,False
xgboost,perf_drop_0.1_lookback_6,perf,22,2018-10-04,0.3512,0.4646,0.1134,False
xgboost,perf_drop_0.1_lookback_6,perf,30,2019-06-07,0.3069,0.5735,0.2666,False
xgboost,perf_drop_0.1_lookback_6,perf,39,2020-03-09,0.4672,0.4101,-0.057,True
xgboost,perf_drop_0.1_lookback_6,perf,45,2020-09-04,0.3305,0.492,0.1614,False
xgboost,perf_drop_0.1_lookback_6,perf,56,2021-08-06,0.3943,0.3556,-0.0387,False
xgboost,perf_drop_0.1_lookback_6,perf,59,2021-11-04,0.3457,0.3495,0.0038,False
xgboost,perf_drop_0.1_lookback_6,perf,71,2022-11-04,0.3722,0.4791,0.1069,False
xgboost,perf_drop_0.1_lookback_6,perf,78,2023-06-08,0.2756,0.3932,0.1175,False
xgboost,perf_drop_0.2_lookback_3,perf,7,2017-07-06,0.5552,0.426,-0.1291,False
xgboost,perf_drop_0.2_lookback_3,perf,18,2018-06-06,0.4519,0.3839,-0.068,False
xgboost,random,random,6,2017-06-06,0.6153,0.3405,-0.2748,False
xgboost,random,random,19,2018-07-06,0.4474,0.3424,-0.105,False
xgboost,random,random,29,2019-05-08,0.4774,0.4101,-0.0672,False
xgboost,random,random,53,2021-05-07,0.4886,0.3623,-0.1263,False
xgboost,random,random,70,2022-10-06,0.4162,0.4605,0.0444,False
xgboost,random,random,76,2023-04-10,0.4258,0.3577,-0.0681,False
xgboost,spy_msm_tau_1_0.83_tau_2_0.72_lb_3,spy_msm,7,2017-07-06,0.5552,0.426,-0.1291,False
xgboost,spy_msm_tau_1_0.83_tau_2_0.72_lb_3,spy_msm,11,2017-11-02,0.426,0.577,0.151,False
xgboost,spy_msm_tau_1_0.83_tau_2_0.72_lb_3,spy_msm,15,2018-03-07,0.577,0.4327,-0.1443,False
xgboost,spy_msm_tau_1_0.83_tau_2_0.72_lb_3,spy_msm,21,2018-09-05,0.3857,0.3415,-0.0442,False
xgboost,spy_msm_tau_1_0.83_tau_2_0.72_lb_3,spy_msm,26,2019-02-06,0.3564,0.3702,0.0139,False
xgboost,spy_msm_tau_1_0.83_tau_2_0.72_lb_3,spy_msm,31,2019-07-09,0.355,0.4835,0.1286,False
xgboost,spy_msm_tau_1_0.83_tau_2_0.72_lb_3,spy_msm,38,2020-02-06,0.5184,0.346,-0.1723,True
xgboost,spy_msm_tau_1_0.83_tau_2_0.72_lb_3,spy_msm,42,2020-06-08,0.346,0.3288,-0.0173,False
xgboost,spy_msm_tau_1_0.83_tau_2_0.72_lb_3,spy_msm,46,2020-10-06,0.3288,0.5141,0.1853,False
xgboost,spy_msm_tau_1_0.83_tau_2_0.72_lb_3,spy_msm,51,2021-03-09,0.5162,0.3402,-0.176,False
xgboost,spy_msm_tau_1_0.83_tau_2_0.72_lb_3,spy_msm,55,2021-07-08,0.3402,0.3369,-0.0033,False
xgboost,spy_msm_tau_1_0.83_tau_2_0.72_lb_3,spy_msm,68,2022-08-08,0.4116,0.4141,0.0025,False
xgboost,spy_msm_tau_1_0.83_tau_2_0.72_lb_3,spy_msm,75,2023-03-09,0.4239,0.4422,0.0182,False
xgboost,spy_msm_tau_1_0.83_tau_2_0.72_lb_3,spy_msm,78,2023-06-08,0.3862,0.3558,-0.0304,False
xgboost,spy_msm_tau_1_0.83_tau_2_0.72_lb_4,spy_msm,9,2017-09-05,0.3849,0.4155,0.0305,False
xgboost,spy_msm_tau_1_0.83_tau_2_0.72_lb_4,spy_msm,15,2018-03-07,0.4964,0.4225,-0.0739,False
xgboost,spy_msm_tau_1_0.83_tau_2_0.72_lb_4,spy_msm,19,2018-07-06,0.4225,0.3355,-0.087,False
xgboost,spy_msm_tau_1_0.83_tau_2_0.72_lb_4,spy_msm,23,2018-11-02,0.3355,0.4709,0.1354,False
xgboost,spy_msm_tau_1_0.83_tau_2_0.72_lb_4,spy_msm,26,2019-02-06,0.4793,0.3565,-0.1228,False
xgboost,spy_msm_tau_1_0.83_tau_2_0.72_lb_4,spy_msm,31,2019-07-09,0.4022,0.4725,0.0703,False
xgboost,spy_msm_tau_1_0.83_tau_2_0.72_lb_4,spy_msm,38,2020-02-06,0.5013,0.4063,-0.095,True
xgboost,spy_msm_tau_1_0.83_tau_2_0.72_lb_4,spy_msm,42,2020-06-08,0.4063,0.3613,-0.045,False
xgboost,spy_msm_tau_1_0.83_tau_2_0.72_lb_4,spy_msm,46,2020-10-06,0.3613,0.4555,0.0942,False
xgboost,spy_msm_tau_1_0.83_tau_2_0.72_lb_4,spy_msm,51,2021-03-09,0.4367,0.3629,-0.0738,False
xgboost,spy_msm_tau_1_0.83_tau_2_0.72_lb_4,spy_msm,55,2021-07-08,0.3629,0.3785,0.0155,False
xgboost,spy_msm_tau_1_0.83_tau_2_0.72_lb_4,spy_msm,59,2021-11-04,0.3785,0.3136,-0.0649,False
xgboost,spy_msm_tau_1_0.83_tau_2_0.72_lb_4,spy_msm,68,2022-08-08,0.5575,0.4141,-0.1434,False
xgboost,spy_msm_tau_1_0.83_tau_2_0.72_lb_4,spy_msm,75,2023-03-09,0.4239,0.519,0.0951,False
xgboost,spy_msm_tau_1_0.83_tau_2_0.72_lb_4,spy_msm,79,2023-07-11,0.519,0.4338,-0.0852,False
xgboost,spy_msm_tau_1_0.83_tau_2_0.72_lb_6,spy_msm,13,2018-01-04,0.4367,0.5705,0.1337,False
xgboost,spy_msm_tau_1_0.83_tau_2_0.72_lb_6,spy_msm,17,2018-05-07,0.5705,0.4216,-0.1488,False
xgboost,spy_msm_tau_1_0.83_tau_2_0.72_lb_6,spy_msm,21,2018-09-05,0.4216,0.3286,-0.093,False
xgboost,spy_msm_tau_1_0.83_tau_2_0.72_lb_6,spy_msm,25,2019-01-07,0.3286,0.3188,-0.0098,False
xgboost,spy_msm_tau_1_0.83_tau_2_0.72_lb_6,spy_msm,29,2019-05-08,0.3188,0.53,0.2111,False
xgboost,spy_msm_tau_1_0.83_tau_2_0.72_lb_6,spy_msm,39,2020-03-09,0.4084,0.3691,-0.0393,True
xgboost,spy_msm_tau_1_0.83_tau_2_0.72_lb_6,spy_msm,43,2020-07-08,0.3691,0.3565,-0.0126,False
xgboost,spy_msm_tau_1_0.83_tau_2_0.72_lb_6,spy_msm,47,2020-11-04,0.3565,0.4012,0.0447,False
xgboost,spy_msm_tau_1_0.83_tau_2_0.72_lb_6,spy_msm,52,2021-04-08,0.4204,0.4371,0.0167,False
xgboost,spy_msm_tau_1_0.83_tau_2_0.72_lb_6,spy_msm,56,2021-08-06,0.4371,0.3519,-0.0852,False
xgboost,spy_msm_tau_1_0.83_tau_2_0.72_lb_6,spy_msm,60,2021-12-06,0.3519,0.3529,0.001,False
xgboost,spy_msm_tau_1_0.83_tau_2_0.72_lb_6,spy_msm,68,2022-08-08,0.4512,0.4052,-0.046,False
xgboost,spy_msm_tau_1_0.83_tau_2_0.72_lb_6,spy_msm,72,2022-12-06,0.4052,0.3564,-0.0488,False
xgboost,spy_msm_tau_1_0.83_tau_2_0.72_lb_6,spy_msm,75,2023-03-09,0.418,0.4247,0.0067,False
xgboost,spy_msm_tau_1_0.83_tau_2_0.72_lb_6,spy_msm,79,2023-07-11,0.4247,0.4245,-0.0001,False
xgboost,spy_msm_tau_1_0.83_tau_2_0.75_lb_3,spy_msm,7,2017-07-06,0.5552,0.426,-0.1291,False
xgboost,spy_msm_tau_1_0.83_tau_2_0.75_lb_3,spy_msm,11,2017-11-02,0.426,0.577,0.151,False
xgboost,spy_msm_tau_1_0.83_tau_2_0.75_lb_3,spy_msm,15,2018-03-07,0.577,0.4327,-0.1443,False
xgboost,spy_msm_tau_1_0.83_tau_2_0.75_lb_3,spy_msm,21,2018-09-05,0.3857,0.3415,-0.0442,False
xgboost,spy_msm_tau_1_0.83_tau_2_0.75_lb_3,spy_msm,26,2019-02-06,0.3564,0.3702,0.0139,False
xgboost,spy_msm_tau_1_0.83_tau_2_0.75_lb_3,spy_msm,31,2019-07-09,0.355,0.4835,0.1286,False
xgboost,spy_msm_tau_1_0.83_tau_2_0.75_lb_3,spy_msm,38,2020-02-06,0.5184,0.346,-0.1723,True
xgboost,spy_msm_tau_1_0.83_tau_2_0.75_lb_3,spy_msm,42,2020-06-08,0.346,0.3288,-0.0173,False
xgboost,spy_msm_tau_1_0.83_tau_2_0.75_lb_3,spy_msm,46,2020-10-06,0.3288,0.5141,0.1853,False
xgboost,spy_msm_tau_1_0.83_tau_2_0.75_lb_3,spy_msm,51,2021-03-09,0.5162,0.3402,-0.176,False
xgboost,spy_msm_tau_1_0.83_tau_2_0.75_lb_3,spy_msm,55,2021-07-08,0.3402,0.3369,-0.0033,False
xgboost,spy_msm_tau_1_0.83_tau_2_0.75_lb_3,spy_msm,68,2022-08-08,0.4116,0.4141,0.0025,False
xgboost,spy_msm_tau_1_0.83_tau_2_0.75_lb_3,spy_msm,75,2023-03-09,0.4239,0.4422,0.0182,False
xgboost,spy_msm_tau_1_0.83_tau_2_0.75_lb_3,spy_msm,78,2023-06-08,0.3862,0.3558,-0.0304,False
xgboost,spy_msm_tau_1_0.83_tau_2_0.75_lb_4,spy_msm,9,2017-09-05,0.3849,0.4155,0.0305,False
xgboost,spy_msm_tau_1_0.83_tau_2_0.75_lb_4,spy_msm,15,2018-03-07,0.4964,0.4225,-0.0739,False
xgboost,spy_msm_tau_1_0.83_tau_2_0.75_lb_4,spy_msm,19,2018-07-06,0.4225,0.3355,-0.087,False
xgboost,spy_msm_tau_1_0.83_tau_2_0.75_lb_4,spy_msm,23,2018-11-02,0.3355,0.4709,0.1354,False
xgboost,spy_msm_tau_1_0.83_tau_2_0.75_lb_4,spy_msm,26,2019-02-06,0.4793,0.3565,-0.1228,False
xgboost,spy_msm_tau_1_0.83_tau_2_0.75_lb_4,spy_msm,31,2019-07-09,0.4022,0.4725,0.0703,False
xgboost,spy_msm_tau_1_0.83_tau_2_0.75_lb_4,spy_msm,38,2020-02-06,0.5013,0.4063,-0.095,True
xgboost,spy_msm_tau_1_0.83_tau_2_0.75_lb_4,spy_msm,42,2020-06-08,0.4063,0.3613,-0.045,False
xgboost,spy_msm_tau_1_0.83_tau_2_0.75_lb_4,spy_msm,46,2020-10-06,0.3613,0.4555,0.0942,False
xgboost,spy_msm_tau_1_0.83_tau_2_0.75_lb_4,spy_msm,51,2021-03-09,0.4367,0.3629,-0.0738,False
xgboost,spy_msm_tau_1_0.83_tau_2_0.75_lb_4,spy_msm,55,2021-07-08,0.3629,0.3785,0.0155,False
xgboost,spy_msm_tau_1_0.83_tau_2_0.75_lb_4,spy_msm,59,2021-11-04,0.3785,0.3136,-0.0649,False
xgboost,spy_msm_tau_1_0.83_tau_2_0.75_lb_4,spy_msm,68,2022-08-08,0.5575,0.4141,-0.1434,False
xgboost,spy_msm_tau_1_0.83_tau_2_0.75_lb_4,spy_msm,75,2023-03-09,0.4239,0.519,0.0951,False
xgboost,spy_msm_tau_1_0.83_tau_2_0.75_lb_4,spy_msm,79,2023-07-11,0.519,0.4338,-0.0852,False
xgboost,spy_msm_tau_1_0.83_tau_2_0.75_lb_6,spy_msm,13,2018-01-04,0.4367,0.5705,0.1337,False
xgboost,spy_msm_tau_1_0.83_tau_2_0.75_lb_6,spy_msm,17,2018-05-07,0.5705,0.4216,-0.1488,False
xgboost,spy_msm_tau_1_0.83_tau_2_0.75_lb_6,spy_msm,21,2018-09-05,0.4216,0.3286,-0.093,False
xgboost,spy_msm_tau_1_0.83_tau_2_0.75_lb_6,spy_msm,25,2019-01-07,0.3286,0.3188,-0.0098,False
xgboost,spy_msm_tau_1_0.83_tau_2_0.75_lb_6,spy_msm,29,2019-05-08,0.3188,0.53,0.2111,False
xgboost,spy_msm_tau_1_0.83_tau_2_0.75_lb_6,spy_msm,39,2020-03-09,0.4084,0.3691,-0.0393,True
xgboost,spy_msm_tau_1_0.83_tau_2_0.75_lb_6,spy_msm,43,2020-07-08,0.3691,0.3565,-0.0126,False
xgboost,spy_msm_tau_1_0.83_tau_2_0.75_lb_6,spy_msm,47,2020-11-04,0.3565,0.4012,0.0447,False
xgboost,spy_msm_tau_1_0.83_tau_2_0.75_lb_6,spy_msm,52,2021-04-08,0.4204,0.4371,0.0167,False
xgboost,spy_msm_tau_1_0.83_tau_2_0.75_lb_6,spy_msm,56,2021-08-06,0.4371,0.3519,-0.0852,False
xgboost,spy_msm_tau_1_0.83_tau_2_0.75_lb_6,spy_msm,60,2021-12-06,0.3519,0.3529,0.001,False
xgboost,spy_msm_tau_1_0.83_tau_2_0.75_lb_6,spy_msm,68,2022-08-08,0.4512,0.4052,-0.046,False
xgboost,spy_msm_tau_1_0.83_tau_2_0.75_lb_6,spy_msm,72,2022-12-06,0.4052,0.3564,-0.0488,False
xgboost,spy_msm_tau_1_0.83_tau_2_0.75_lb_6,spy_msm,75,2023-03-09,0.418,0.4247,0.0067,False
xgboost,spy_msm_tau_1_0.83_tau_2_0.75_lb_6,spy_msm,79,2023-07-11,0.4247,0.4245,-0.0001,False
xgboost,spy_msm_tau_1_0.83_tau_2_0.78_lb_3,spy_msm,7,2017-07-06,0.5552,0.426,-0.1291,False
xgboost,spy_msm_tau_1_0.83_tau_2_0.78_lb_3,spy_msm,11,2017-11-02,0.426,0.577,0.151,False
xgboost,spy_msm_tau_1_0.83_tau_2_0.78_lb_3,spy_msm,15,2018-03-07,0.577,0.4327,-0.1443,False
xgboost,spy_msm_tau_1_0.83_tau_2_0.78_lb_3,spy_msm,21,2018-09-05,0.3857,0.3415,-0.0442,False
xgboost,spy_msm_tau_1_0.83_tau_2_0.78_lb_3,spy_msm,26,2019-02-06,0.3564,0.3702,0.0139,False
xgboost,spy_msm_tau_1_0.83_tau_2_0.78_lb_3,spy_msm,31,2019-07-09,0.355,0.4835,0.1286,False
xgboost,spy_msm_tau_1_0.83_tau_2_0.78_lb_3,spy_msm,38,2020-02-06,0.5184,0.346,-0.1723,True
xgboost,spy_msm_tau_1_0.83_tau_2_0.78_lb_3,spy_msm,42,2020-06-08,0.346,0.3288,-0.0173,False
xgboost,spy_msm_tau_1_0.83_tau_2_0.78_lb_3,spy_msm,46,2020-10-06,0.3288,0.5141,0.1853,False
xgboost,spy_msm_tau_1_0.83_tau_2_0.78_lb_3,spy_msm,51,2021-03-09,0.5162,0.3402,-0.176,False
xgboost,spy_msm_tau_1_0.83_tau_2_0.78_lb_3,spy_msm,55,2021-07-08,0.3402,0.3369,-0.0033,False
xgboost,spy_msm_tau_1_0.83_tau_2_0.78_lb_3,spy_msm,68,2022-08-08,0.4116,0.4141,0.0025,False
xgboost,spy_msm_tau_1_0.83_tau_2_0.78_lb_3,spy_msm,75,2023-03-09,0.4239,0.4422,0.0182,False
xgboost,spy_msm_tau_1_0.83_tau_2_0.78_lb_3,spy_msm,78,2023-06-08,0.3862,0.3558,-0.0304,False
xgboost,spy_msm_tau_1_0.83_tau_2_0.78_lb_4,spy_msm,9,2017-09-05,0.3849,0.4155,0.0305,False
xgboost,spy_msm_tau_1_0.83_tau_2_0.78_lb_4,spy_msm,15,2018-03-07,0.4964,0.4225,-0.0739,False
xgboost,spy_msm_tau_1_0.83_tau_2_0.78_lb_4,spy_msm,19,2018-07-06,0.4225,0.3355,-0.087,False
xgboost,spy_msm_tau_1_0.83_tau_2_0.78_lb_4,spy_msm,23,2018-11-02,0.3355,0.4709,0.1354,False
xgboost,spy_msm_tau_1_0.83_tau_2_0.78_lb_4,spy_msm,26,2019-02-06,0.4793,0.3565,-0.1228,False
xgboost,spy_msm_tau_1_0.83_tau_2_0.78_lb_4,spy_msm,31,2019-07-09,0.4022,0.4725,0.0703,False
xgboost,spy_msm_tau_1_0.83_tau_2_0.78_lb_4,spy_msm,38,2020-02-06,0.5013,0.4063,-0.095,True
xgboost,spy_msm_tau_1_0.83_tau_2_0.78_lb_4,spy_msm,42,2020-06-08,0.4063,0.3613,-0.045,False
xgboost,spy_msm_tau_1_0.83_tau_2_0.78_lb_4,spy_msm,46,2020-10-06,0.3613,0.4555,0.0942,False
xgboost,spy_msm_tau_1_0.83_tau_2_0.78_lb_4,spy_msm,51,2021-03-09,0.4367,0.3629,-0.0738,False
xgboost,spy_msm_tau_1_0.83_tau_2_0.78_lb_4,spy_msm,55,2021-07-08,0.3629,0.3785,0.0155,False
xgboost,spy_msm_tau_1_0.83_tau_2_0.78_lb_4,spy_msm,59,2021-11-04,0.3785,0.3136,-0.0649,False
xgboost,spy_msm_tau_1_0.83_tau_2_0.78_lb_4,spy_msm,68,2022-08-08,0.5575,0.4141,-0.1434,False
xgboost,spy_msm_tau_1_0.83_tau_2_0.78_lb_4,spy_msm,75,2023-03-09,0.4239,0.519,0.0951,False
xgboost,spy_msm_tau_1_0.83_tau_2_0.78_lb_4,spy_msm,79,2023-07-11,0.519,0.4338,-0.0852,False
xgboost,spy_msm_tau_1_0.83_tau_2_0.78_lb_6,spy_msm,13,2018-01-04,0.4367,0.5705,0.1337,False
xgboost,spy_msm_tau_1_0.83_tau_2_0.78_lb_6,spy_msm,17,2018-05-07,0.5705,0.4216,-0.1488,False
xgboost,spy_msm_tau_1_0.83_tau_2_0.78_lb_6,spy_msm,21,2018-09-05,0.4216,0.3286,-0.093,False
xgboost,spy_msm_tau_1_0.83_tau_2_0.78_lb_6,spy_msm,25,2019-01-07,0.3286,0.3188,-0.0098,False
xgboost,spy_msm_tau_1_0.83_tau_2_0.78_lb_6,spy_msm,29,2019-05-08,0.3188,0.53,0.2111,False
xgboost,spy_msm_tau_1_0.83_tau_2_0.78_lb_6,spy_msm,39,2020-03-09,0.4084,0.3691,-0.0393,True
xgboost,spy_msm_tau_1_0.83_tau_2_0.78_lb_6,spy_msm,43,2020-07-08,0.3691,0.3565,-0.0126,False
xgboost,spy_msm_tau_1_0.83_tau_2_0.78_lb_6,spy_msm,47,2020-11-04,0.3565,0.4012,0.0447,False
xgboost,spy_msm_tau_1_0.83_tau_2_0.78_lb_6,spy_msm,52,2021-04-08,0.4204,0.4371,0.0167,False
xgboost,spy_msm_tau_1_0.83_tau_2_0.78_lb_6,spy_msm,56,2021-08-06,0.4371,0.3519,-0.0852,False
xgboost,spy_msm_tau_1_0.83_tau_2_0.78_lb_6,spy_msm,60,2021-12-06,0.3519,0.3529,0.001,False
xgboost,spy_msm_tau_1_0.83_tau_2_0.78_lb_6,spy_msm,68,2022-08-08,0.4512,0.4052,-0.046,False
xgboost,spy_msm_tau_1_0.83_tau_2_0.78_lb_6,spy_msm,72,2022-12-06,0.4052,0.3564,-0.0488,False
xgboost,spy_msm_tau_1_0.83_tau_2_0.78_lb_6,spy_msm,75,2023-03-09,0.418,0.4247,0.0067,False
xgboost,spy_msm_tau_1_0.83_tau_2_0.78_lb_6,spy_msm,79,2023-07-11,0.4247,0.4245,-0.0001,False
xgboost,spy_msm_tau_1_0.88_tau_2_0.72_lb_3,spy_msm,7,2017-07-06,0.5552,0.426,-0.1291,False
xgboost,spy_msm_tau_1_0.88_tau_2_0.72_lb_3,spy_msm,11,2017-11-02,0.426,0.577,0.151,False
xgboost,spy_msm_tau_1_0.88_tau_2_0.72_lb_3,spy_msm,15,2018-03-07,0.577,0.4327,-0.1443,False
xgboost,spy_msm_tau_1_0.88_tau_2_0.72_lb_3,spy_msm,20,2018-08-06,0.3994,0.3499,-0.0496,False
xgboost,spy_msm_tau_1_0.88_tau_2_0.72_lb_3,spy_msm,26,2019-02-06,0.3427,0.2406,-0.1021,False
xgboost,spy_msm_tau_1_0.88_tau_2_0.72_lb_3,spy_msm,30,2019-06-07,0.2406,0.5281,0.2875,False
xgboost,spy_msm_tau_1_0.88_tau_2_0.72_lb_3,spy_msm,38,2020-02-06,0.4702,0.3506,-0.1196,True
xgboost,spy_msm_tau_1_0.88_tau_2_0.72_lb_3,spy_msm,42,2020-06-08,0.3506,0.3481,-0.0025,False
xgboost,spy_msm_tau_1_0.88_tau_2_0.72_lb_3,spy_msm,46,2020-10-06,0.3481,0.5195,0.1714,False
xgboost,spy_msm_tau_1_0.88_tau_2_0.72_lb_3,spy_msm,51,2021-03-09,0.4871,0.3442,-0.1429,False
xgboost,spy_msm_tau_1_0.88_tau_2_0.72_lb_3,spy_msm,55,2021-07-08,0.3442,0.3369,-0.0073,False
xgboost,spy_msm_tau_1_0.88_tau_2_0.72_lb_3,spy_msm,68,2022-08-08,0.4153,0.4141,-0.0013,False
xgboost,spy_msm_tau_1_0.88_tau_2_0.72_lb_3,spy_msm,75,2023-03-09,0.4239,0.519,0.0951,False
xgboost,spy_msm_tau_1_0.88_tau_2_0.72_lb_3,spy_msm,79,2023-07-11,0.519,0.4338,-0.0852,False
xgboost,spy_msm_tau_1_0.88_tau_2_0.72_lb_4,spy_msm,9,2017-09-05,0.3849,0.4155,0.0305,False
xgboost,spy_msm_tau_1_0.88_tau_2_0.72_lb_4,spy_msm,15,2018-03-07,0.4964,0.4225,-0.0739,False
xgboost,spy_msm_tau_1_0.88_tau_2_0.72_lb_4,spy_msm,19,2018-07-06,0.4225,0.3355,-0.087,False
xgboost,spy_msm_tau_1_0.88_tau_2_0.72_lb_4,spy_msm,23,2018-11-02,0.3355,0.4709,0.1354,False
xgboost,spy_msm_tau_1_0.88_tau_2_0.72_lb_4,spy_msm,26,2019-02-06,0.4793,0.3565,-0.1228,False
xgboost,spy_msm_tau_1_0.88_tau_2_0.72_lb_4,spy_msm,30,2019-06-07,0.3565,0.4751,0.1186,False
xgboost,spy_msm_tau_1_0.88_tau_2_0.72_lb_4,spy_msm,34,2019-10-07,0.4751,0.4248,-0.0503,False
xgboost,spy_msm_tau_1_0.88_tau_2_0.72_lb_4,spy_msm,38,2020-02-06,0.4248,0.3819,-0.0429,True
xgboost,spy_msm_tau_1_0.88_tau_2_0.72_lb_4,spy_msm,42,2020-06-08,0.3819,0.3578,-0.0241,False
xgboost,spy_msm_tau_1_0.88_tau_2_0.72_lb_4,spy_msm,46,2020-10-06,0.3578,0.5029,0.1451,False
xgboost,spy_msm_tau_1_0.88_tau_2_0.72_lb_4,spy_msm,50,2021-02-05,0.5029,0.4315,-0.0714,False
xgboost,spy_msm_tau_1_0.88_tau_2_0.72_lb_4,spy_msm,54,2021-06-08,0.4315,0.4114,-0.0201,False
xgboost,spy_msm_tau_1_0.88_tau_2_0.72_lb_4,spy_msm,58,2021-10-06,0.4114,0.3264,-0.085,False
xgboost,spy_msm_tau_1_0.88_tau_2_0.72_lb_4,spy_msm,68,2022-08-08,0.3738,0.3594,-0.0144,False
xgboost,spy_msm_tau_1_0.88_tau_2_0.72_lb_4,spy_msm,75,2023-03-09,0.4566,0.4216,-0.035,False
xgboost,spy_msm_tau_1_0.88_tau_2_0.72_lb_4,spy_msm,79,2023-07-11,0.4216,0.4212,-0.0005,False
xgboost,spy_msm_tau_1_0.88_tau_2_0.72_lb_6,spy_msm,13,2018-01-04,0.4367,0.5705,0.1337,False
xgboost,spy_msm_tau_1_0.88_tau_2_0.72_lb_6,spy_msm,17,2018-05-07,0.5705,0.4216,-0.1488,False
xgboost,spy_msm_tau_1_0.88_tau_2_0.72_lb_6,spy_msm,21,2018-09-05,0.4216,0.3286,-0.093,False
xgboost,spy_msm_tau_1_0.88_tau_2_0.72_lb_6,spy_msm,25,2019-01-07,0.3286,0.3188,-0.0098,False
xgboost,spy_msm_tau_1_0.88_tau_2_0.72_lb_6,spy_msm,29,2019-05-08,0.3188,0.53,0.2111,False
xgboost,spy_msm_tau_1_0.88_tau_2_0.72_lb_6,spy_msm,33,2019-09-06,0.53,0.5076,-0.0224,False
xgboost,spy_msm_tau_1_0.88_tau_2_0.72_lb_6,spy_msm,38,2020-02-06,0.4951,0.3327,-0.1624,True
xgboost,spy_msm_tau_1_0.88_tau_2_0.72_lb_6,spy_msm,42,2020-06-08,0.3327,0.3327,0.0,False
xgboost,spy_msm_tau_1_0.88_tau_2_0.72_lb_6,spy_msm,46,2020-10-06,0.3327,0.5183,0.1856,False
xgboost,spy_msm_tau_1_0.88_tau_2_0.72_lb_6,spy_msm,50,2021-02-05,0.5183,0.3509,-0.1674,False
xgboost,spy_msm_tau_1_0.88_tau_2_0.72_lb_6,spy_msm,54,2021-06-08,0.3509,0.3646,0.0138,False
xgboost,spy_msm_tau_1_0.88_tau_2_0.72_lb_6,spy_msm,58,2021-10-06,0.3646,0.4041,0.0395,False
xgboost,spy_msm_tau_1_0.88_tau_2_0.72_lb_6,spy_msm,68,2022-08-08,0.5102,0.4098,-0.1004,False
xgboost,spy_msm_tau_1_0.88_tau_2_0.72_lb_6,spy_msm,72,2022-12-06,0.4098,0.4051,-0.0048,False
xgboost,spy_msm_tau_1_0.88_tau_2_0.72_lb_6,spy_msm,75,2023-03-09,0.4828,0.551,0.0682,False
xgboost,spy_msm_tau_1_0.88_tau_2_0.72_lb_6,spy_msm,79,2023-07-11,0.551,0.4534,-0.0976,False
xgboost,spy_msm_tau_1_0.88_tau_2_0.75_lb_3,spy_msm,7,2017-07-06,0.5552,0.426,-0.1291,False
xgboost,spy_msm_tau_1_0.88_tau_2_0.75_lb_3,spy_msm,11,2017-11-02,0.426,0.577,0.151,False
xgboost,spy_msm_tau_1_0.88_tau_2_0.75_lb_3,spy_msm,15,2018-03-07,0.577,0.4327,-0.1443,False
xgboost,spy_msm_tau_1_0.88_tau_2_0.75_lb_3,spy_msm,20,2018-08-06,0.3994,0.3499,-0.0496,False
xgboost,spy_msm_tau_1_0.88_tau_2_0.75_lb_3,spy_msm,26,2019-02-06,0.3427,0.2406,-0.1021,False
xgboost,spy_msm_tau_1_0.88_tau_2_0.75_lb_3,spy_msm,30,2019-06-07,0.2406,0.5281,0.2875,False
xgboost,spy_msm_tau_1_0.88_tau_2_0.75_lb_3,spy_msm,38,2020-02-06,0.4702,0.3506,-0.1196,True
xgboost,spy_msm_tau_1_0.88_tau_2_0.75_lb_3,spy_msm,42,2020-06-08,0.3506,0.3481,-0.0025,False
xgboost,spy_msm_tau_1_0.88_tau_2_0.75_lb_3,spy_msm,46,2020-10-06,0.3481,0.5195,0.1714,False
xgboost,spy_msm_tau_1_0.88_tau_2_0.75_lb_3,spy_msm,51,2021-03-09,0.4871,0.3442,-0.1429,False
xgboost,spy_msm_tau_1_0.88_tau_2_0.75_lb_3,spy_msm,55,2021-07-08,0.3442,0.3369,-0.0073,False
xgboost,spy_msm_tau_1_0.88_tau_2_0.75_lb_3,spy_msm,68,2022-08-08,0.4153,0.4141,-0.0013,False
xgboost,spy_msm_tau_1_0.88_tau_2_0.75_lb_3,spy_msm,75,2023-03-09,0.4239,0.519,0.0951,False
xgboost,spy_msm_tau_1_0.88_tau_2_0.75_lb_3,spy_msm,79,2023-07-11,0.519,0.4338,-0.0852,False
xgboost,spy_msm_tau_1_0.88_tau_2_0.75_lb_4,spy_msm,9,2017-09-05,0.3849,0.4155,0.0305,False
xgboost,spy_msm_tau_1_0.88_tau_2_0.75_lb_4,spy_msm,15,2018-03-07,0.4964,0.4225,-0.0739,False
xgboost,spy_msm_tau_1_0.88_tau_2_0.75_lb_4,spy_msm,19,2018-07-06,0.4225,0.3355,-0.087,False
xgboost,spy_msm_tau_1_0.88_tau_2_0.75_lb_4,spy_msm,23,2018-11-02,0.3355,0.4709,0.1354,False
xgboost,spy_msm_tau_1_0.88_tau_2_0.75_lb_4,spy_msm,26,2019-02-06,0.4793,0.3565,-0.1228,False
xgboost,spy_msm_tau_1_0.88_tau_2_0.75_lb_4,spy_msm,30,2019-06-07,0.3565,0.4751,0.1186,False
xgboost,spy_msm_tau_1_0.88_tau_2_0.75_lb_4,spy_msm,34,2019-10-07,0.4751,0.4248,-0.0503,False
xgboost,spy_msm_tau_1_0.88_tau_2_0.75_lb_4,spy_msm,38,2020-02-06,0.4248,0.3819,-0.0429,True
xgboost,spy_msm_tau_1_0.88_tau_2_0.75_lb_4,spy_msm,42,2020-06-08,0.3819,0.3578,-0.0241,False
xgboost,spy_msm_tau_1_0.88_tau_2_0.75_lb_4,spy_msm,46,2020-10-06,0.3578,0.5029,0.1451,False
xgboost,spy_msm_tau_1_0.88_tau_2_0.75_lb_4,spy_msm,50,2021-02-05,0.5029,0.4315,-0.0714,False
xgboost,spy_msm_tau_1_0.88_tau_2_0.75_lb_4,spy_msm,54,2021-06-08,0.4315,0.4114,-0.0201,False
xgboost,spy_msm_tau_1_0.88_tau_2_0.75_lb_4,spy_msm,58,2021-10-06,0.4114,0.3264,-0.085,False
xgboost,spy_msm_tau_1_0.88_tau_2_0.75_lb_4,spy_msm,68,2022-08-08,0.3738,0.3594,-0.0144,False
xgboost,spy_msm_tau_1_0.88_tau_2_0.75_lb_4,spy_msm,75,2023-03-09,0.4566,0.4216,-0.035,False
xgboost,spy_msm_tau_1_0.88_tau_2_0.75_lb_4,spy_msm,79,2023-07-11,0.4216,0.4212,-0.0005,False
xgboost,spy_msm_tau_1_0.88_tau_2_0.75_lb_6,spy_msm,13,2018-01-04,0.4367,0.5705,0.1337,False
xgboost,spy_msm_tau_1_0.88_tau_2_0.75_lb_6,spy_msm,17,2018-05-07,0.5705,0.4216,-0.1488,False
xgboost,spy_msm_tau_1_0.88_tau_2_0.75_lb_6,spy_msm,21,2018-09-05,0.4216,0.3286,-0.093,False
xgboost,spy_msm_tau_1_0.88_tau_2_0.75_lb_6,spy_msm,25,2019-01-07,0.3286,0.3188,-0.0098,False
xgboost,spy_msm_tau_1_0.88_tau_2_0.75_lb_6,spy_msm,29,2019-05-08,0.3188,0.53,0.2111,False
xgboost,spy_msm_tau_1_0.88_tau_2_0.75_lb_6,spy_msm,33,2019-09-06,0.53,0.5076,-0.0224,False
xgboost,spy_msm_tau_1_0.88_tau_2_0.75_lb_6,spy_msm,38,2020-02-06,0.4951,0.3327,-0.1624,True
xgboost,spy_msm_tau_1_0.88_tau_2_0.75_lb_6,spy_msm,42,2020-06-08,0.3327,0.3327,0.0,False
xgboost,spy_msm_tau_1_0.88_tau_2_0.75_lb_6,spy_msm,46,2020-10-06,0.3327,0.5183,0.1856,False
xgboost,spy_msm_tau_1_0.88_tau_2_0.75_lb_6,spy_msm,50,2021-02-05,0.5183,0.3509,-0.1674,False
xgboost,spy_msm_tau_1_0.88_tau_2_0.75_lb_6,spy_msm,54,2021-06-08,0.3509,0.3646,0.0138,False
xgboost,spy_msm_tau_1_0.88_tau_2_0.75_lb_6,spy_msm,58,2021-10-06,0.3646,0.4041,0.0395,False
xgboost,spy_msm_tau_1_0.88_tau_2_0.75_lb_6,spy_msm,68,2022-08-08,0.5102,0.4098,-0.1004,False
xgboost,spy_msm_tau_1_0.88_tau_2_0.75_lb_6,spy_msm,72,2022-12-06,0.4098,0.4051,-0.0048,False
xgboost,spy_msm_tau_1_0.88_tau_2_0.75_lb_6,spy_msm,75,2023-03-09,0.4828,0.551,0.0682,False
xgboost,spy_msm_tau_1_0.88_tau_2_0.75_lb_6,spy_msm,79,2023-07-11,0.551,0.4534,-0.0976,False
xgboost,spy_msm_tau_1_0.88_tau_2_0.78_lb_3,spy_msm,7,2017-07-06,0.5552,0.426,-0.1291,False
xgboost,spy_msm_tau_1_0.88_tau_2_0.78_lb_3,spy_msm,11,2017-11-02,0.426,0.577,0.151,False
xgboost,spy_msm_tau_1_0.88_tau_2_0.78_lb_3,spy_msm,15,2018-03-07,0.577,0.4327,-0.1443,False
xgboost,spy_msm_tau_1_0.88_tau_2_0.78_lb_3,spy_msm,20,2018-08-06,0.3994,0.3499,-0.0496,False
xgboost,spy_msm_tau_1_0.88_tau_2_0.78_lb_3,spy_msm,26,2019-02-06,0.3427,0.2406,-0.1021,False
xgboost,spy_msm_tau_1_0.88_tau_2_0.78_lb_3,spy_msm,30,2019-06-07,0.2406,0.5281,0.2875,False
xgboost,spy_msm_tau_1_0.88_tau_2_0.78_lb_3,spy_msm,38,2020-02-06,0.4702,0.3506,-0.1196,True
xgboost,spy_msm_tau_1_0.88_tau_2_0.78_lb_3,spy_msm,42,2020-06-08,0.3506,0.3481,-0.0025,False
xgboost,spy_msm_tau_1_0.88_tau_2_0.78_lb_3,spy_msm,46,2020-10-06,0.3481,0.5195,0.1714,False
xgboost,spy_msm_tau_1_0.88_tau_2_0.78_lb_3,spy_msm,50,2021-02-05,0.5195,0.3316,-0.1879,False
xgboost,spy_msm_tau_1_0.88_tau_2_0.78_lb_3,spy_msm,54,2021-06-08,0.3316,0.3002,-0.0314,False
xgboost,spy_msm_tau_1_0.88_tau_2_0.78_lb_3,spy_msm,57,2021-09-07,0.3349,0.3647,0.0298,False
xgboost,spy_msm_tau_1_0.88_tau_2_0.78_lb_3,spy_msm,68,2022-08-08,0.5151,0.4054,-0.1097,False
xgboost,spy_msm_tau_1_0.88_tau_2_0.78_lb_3,spy_msm,75,2023-03-09,0.4527,0.5165,0.0638,False
xgboost,spy_msm_tau_1_0.88_tau_2_0.78_lb_3,spy_msm,79,2023-07-11,0.5165,0.5208,0.0043,False
xgboost,spy_msm_tau_1_0.88_tau_2_0.78_lb_4,spy_msm,9,2017-09-05,0.3849,0.4155,0.0305,False
xgboost,spy_msm_tau_1_0.88_tau_2_0.78_lb_4,spy_msm,15,2018-03-07,0.4964,0.4225,-0.0739,False
xgboost,spy_msm_tau_1_0.88_tau_2_0.78_lb_4,spy_msm,19,2018-07-06,0.4225,0.3355,-0.087,False
xgboost,spy_msm_tau_1_0.88_tau_2_0.78_lb_4,spy_msm,23,2018-11-02,0.3355,0.4709,0.1354,False
xgboost,spy_msm_tau_1_0.88_tau_2_0.78_lb_4,spy_msm,26,2019-02-06,0.4793,0.3565,-0.1228,False
xgboost,spy_msm_tau_1_0.88_tau_2_0.78_lb_4,spy_msm,30,2019-06-07,0.3565,0.4751,0.1186,False
xgboost,spy_msm_tau_1_0.88_tau_2_0.78_lb_4,spy_msm,34,2019-10-07,0.4751,0.3895,-0.0856,False
xgboost,spy_msm_tau_1_0.88_tau_2_0.78_lb_4,spy_msm,37,2020-01-07,0.5109,0.3622,-0.1488,True
xgboost,spy_msm_tau_1_0.88_tau_2_0.78_lb_4,spy_msm,41,2020-05-07,0.3622,0.3025,-0.0597,False
xgboost,spy_msm_tau_1_0.88_tau_2_0.78_lb_4,spy_msm,45,2020-09-04,0.3025,0.4364,0.1339,False
xgboost,spy_msm_tau_1_0.88_tau_2_0.78_lb_4,spy_msm,50,2021-02-05,0.4372,0.3197,-0.1175,False
xgboost,spy_msm_tau_1_0.88_tau_2_0.78_lb_4,spy_msm,54,2021-06-08,0.3197,0.4347,0.115,False
xgboost,spy_msm_tau_1_0.88_tau_2_0.78_lb_4,spy_msm,58,2021-10-06,0.4347,0.4122,-0.0225,False
xgboost,spy_msm_tau_1_0.88_tau_2_0.78_lb_4,spy_msm,68,2022-08-08,0.5339,0.4239,-0.11,False
xgboost,spy_msm_tau_1_0.88_tau_2_0.78_lb_4,spy_msm,75,2023-03-09,0.4591,0.3991,-0.06,False
xgboost,spy_msm_tau_1_0.88_tau_2_0.78_lb_4,spy_msm,79,2023-07-11,0.3991,0.4865,0.0874,False
xgboost,spy_msm_tau_1_0.88_tau_2_0.78_lb_6,spy_msm,13,2018-01-04,0.4367,0.5705,0.1337,False
xgboost,spy_msm_tau_1_0.88_tau_2_0.78_lb_6,spy_msm,17,2018-05-07,0.5705,0.4216,-0.1488,False
xgboost,spy_msm_tau_1_0.88_tau_2_0.78_lb_6,spy_msm,21,2018-09-05,0.4216,0.3286,-0.093,False
xgboost,spy_msm_tau_1_0.88_tau_2_0.78_lb_6,spy_msm,25,2019-01-07,0.3286,0.3188,-0.0098,False
xgboost,spy_msm_tau_1_0.88_tau_2_0.78_lb_6,spy_msm,29,2019-05-08,0.3188,0.53,0.2111,False
xgboost,spy_msm_tau_1_0.88_tau_2_0.78_lb_6,spy_msm,33,2019-09-06,0.53,0.5076,-0.0224,False
xgboost,spy_msm_tau_1_0.88_tau_2_0.78_lb_6,spy_msm,38,2020-02-06,0.4951,0.3327,-0.1624,True
xgboost,spy_msm_tau_1_0.88_tau_2_0.78_lb_6,spy_msm,42,2020-06-08,0.3327,0.3327,0.0,False
xgboost,spy_msm_tau_1_0.88_tau_2_0.78_lb_6,spy_msm,46,2020-10-06,0.3327,0.5183,0.1856,False
xgboost,spy_msm_tau_1_0.88_tau_2_0.78_lb_6,spy_msm,50,2021-02-05,0.5183,0.3509,-0.1674,False
xgboost,spy_msm_tau_1_0.88_tau_2_0.78_lb_6,spy_msm,54,2021-06-08,0.3509,0.3646,0.0138,False
xgboost,spy_msm_tau_1_0.88_tau_2_0.78_lb_6,spy_msm,58,2021-10-06,0.3646,0.4041,0.0395,False
xgboost,spy_msm_tau_1_0.88_tau_2_0.78_lb_6,spy_msm,68,2022-08-08,0.5102,0.4098,-0.1004,False
xgboost,spy_msm_tau_1_0.88_tau_2_0.78_lb_6,spy_msm,72,2022-12-06,0.4098,0.4051,-0.0048,False
xgboost,spy_msm_tau_1_0.88_tau_2_0.78_lb_6,spy_msm,75,2023-03-09,0.4828,0.551,0.0682,False
xgboost,spy_msm_tau_1_0.88_tau_2_0.78_lb_6,spy_msm,79,2023-07-11,0.551,0.4534,-0.0976,False
xgboost,spy_msm_tau_1_0.8_tau_2_0.72_lb_3,spy_msm,7,2017-07-06,0.5552,0.426,-0.1291,False
xgboost,spy_msm_tau_1_0.8_tau_2_0.72_lb_3,spy_msm,11,2017-11-02,0.426,0.577,0.151,False
xgboost,spy_msm_tau_1_0.8_tau_2_0.72_lb_3,spy_msm,15,2018-03-07,0.577,0.4327,-0.1443,False
xgboost,spy_msm_tau_1_0.8_tau_2_0.72_lb_3,spy_msm,21,2018-09-05,0.3857,0.3415,-0.0442,False
xgboost,spy_msm_tau_1_0.8_tau_2_0.72_lb_3,spy_msm,26,2019-02-06,0.3564,0.3702,0.0139,False
xgboost,spy_msm_tau_1_0.8_tau_2_0.72_lb_3,spy_msm,31,2019-07-09,0.355,0.4835,0.1286,False
xgboost,spy_msm_tau_1_0.8_tau_2_0.72_lb_3,spy_msm,38,2020-02-06,0.5184,0.346,-0.1723,True
xgboost,spy_msm_tau_1_0.8_tau_2_0.72_lb_3,spy_msm,42,2020-06-08,0.346,0.3288,-0.0173,False
xgboost,spy_msm_tau_1_0.8_tau_2_0.72_lb_3,spy_msm,46,2020-10-06,0.3288,0.5141,0.1853,False
xgboost,spy_msm_tau_1_0.8_tau_2_0.72_lb_3,spy_msm,51,2021-03-09,0.5162,0.3402,-0.176,False
xgboost,spy_msm_tau_1_0.8_tau_2_0.72_lb_3,spy_msm,55,2021-07-08,0.3402,0.3369,-0.0033,False
xgboost,spy_msm_tau_1_0.8_tau_2_0.72_lb_3,spy_msm,68,2022-08-08,0.4116,0.4141,0.0025,False
xgboost,spy_msm_tau_1_0.8_tau_2_0.72_lb_3,spy_msm,75,2023-03-09,0.4239,0.4422,0.0182,False
xgboost,spy_msm_tau_1_0.8_tau_2_0.72_lb_3,spy_msm,78,2023-06-08,0.3862,0.3558,-0.0304,False
xgboost,spy_msm_tau_1_0.8_tau_2_0.72_lb_4,spy_msm,9,2017-09-05,0.3849,0.4155,0.0305,False
xgboost,spy_msm_tau_1_0.8_tau_2_0.72_lb_4,spy_msm,15,2018-03-07,0.4964,0.4225,-0.0739,False
xgboost,spy_msm_tau_1_0.8_tau_2_0.72_lb_4,spy_msm,19,2018-07-06,0.4225,0.3355,-0.087,False
xgboost,spy_msm_tau_1_0.8_tau_2_0.72_lb_4,spy_msm,23,2018-11-02,0.3355,0.4709,0.1354,False
xgboost,spy_msm_tau_1_0.8_tau_2_0.72_lb_4,spy_msm,26,2019-02-06,0.4793,0.3565,-0.1228,False
xgboost,spy_msm_tau_1_0.8_tau_2_0.72_lb_4,spy_msm,31,2019-07-09,0.4022,0.4725,0.0703,False
xgboost,spy_msm_tau_1_0.8_tau_2_0.72_lb_4,spy_msm,38,2020-02-06,0.5013,0.4063,-0.095,True
xgboost,spy_msm_tau_1_0.8_tau_2_0.72_lb_4,spy_msm,42,2020-06-08,0.4063,0.3613,-0.045,False
xgboost,spy_msm_tau_1_0.8_tau_2_0.72_lb_4,spy_msm,46,2020-10-06,0.3613,0.4555,0.0942,False
xgboost,spy_msm_tau_1_0.8_tau_2_0.72_lb_4,spy_msm,51,2021-03-09,0.4367,0.3629,-0.0738,False
xgboost,spy_msm_tau_1_0.8_tau_2_0.72_lb_4,spy_msm,55,2021-07-08,0.3629,0.3785,0.0155,False
xgboost,spy_msm_tau_1_0.8_tau_2_0.72_lb_4,spy_msm,59,2021-11-04,0.3785,0.3136,-0.0649,False
xgboost,spy_msm_tau_1_0.8_tau_2_0.72_lb_4,spy_msm,68,2022-08-08,0.5575,0.4141,-0.1434,False
xgboost,spy_msm_tau_1_0.8_tau_2_0.72_lb_4,spy_msm,75,2023-03-09,0.4239,0.519,0.0951,False
xgboost,spy_msm_tau_1_0.8_tau_2_0.72_lb_4,spy_msm,79,2023-07-11,0.519,0.4338,-0.0852,False
xgboost,spy_msm_tau_1_0.8_tau_2_0.72_lb_6,spy_msm,13,2018-01-04,0.4367,0.5705,0.1337,False
xgboost,spy_msm_tau_1_0.8_tau_2_0.72_lb_6,spy_msm,17,2018-05-07,0.5705,0.4216,-0.1488,False
xgboost,spy_msm_tau_1_0.8_tau_2_0.72_lb_6,spy_msm,21,2018-09-05,0.4216,0.3286,-0.093,False
xgboost,spy_msm_tau_1_0.8_tau_2_0.72_lb_6,spy_msm,25,2019-01-07,0.3286,0.3188,-0.0098,False
xgboost,spy_msm_tau_1_0.8_tau_2_0.72_lb_6,spy_msm,29,2019-05-08,0.3188,0.53,0.2111,False
xgboost,spy_msm_tau_1_0.8_tau_2_0.72_lb_6,spy_msm,39,2020-03-09,0.4084,0.3691,-0.0393,True
xgboost,spy_msm_tau_1_0.8_tau_2_0.72_lb_6,spy_msm,43,2020-07-08,0.3691,0.3565,-0.0126,False
xgboost,spy_msm_tau_1_0.8_tau_2_0.72_lb_6,spy_msm,47,2020-11-04,0.3565,0.4012,0.0447,False
xgboost,spy_msm_tau_1_0.8_tau_2_0.72_lb_6,spy_msm,52,2021-04-08,0.4204,0.4371,0.0167,False
xgboost,spy_msm_tau_1_0.8_tau_2_0.72_lb_6,spy_msm,56,2021-08-06,0.4371,0.3519,-0.0852,False
xgboost,spy_msm_tau_1_0.8_tau_2_0.72_lb_6,spy_msm,60,2021-12-06,0.3519,0.3529,0.001,False
xgboost,spy_msm_tau_1_0.8_tau_2_0.72_lb_6,spy_msm,68,2022-08-08,0.4512,0.4052,-0.046,False
xgboost,spy_msm_tau_1_0.8_tau_2_0.72_lb_6,spy_msm,72,2022-12-06,0.4052,0.3564,-0.0488,False
xgboost,spy_msm_tau_1_0.8_tau_2_0.72_lb_6,spy_msm,75,2023-03-09,0.418,0.4247,0.0067,False
xgboost,spy_msm_tau_1_0.8_tau_2_0.72_lb_6,spy_msm,79,2023-07-11,0.4247,0.4245,-0.0001,False
xgboost,spy_msm_tau_1_0.8_tau_2_0.75_lb_3,spy_msm,7,2017-07-06,0.5552,0.426,-0.1291,False
xgboost,spy_msm_tau_1_0.8_tau_2_0.75_lb_3,spy_msm,11,2017-11-02,0.426,0.577,0.151,False
xgboost,spy_msm_tau_1_0.8_tau_2_0.75_lb_3,spy_msm,15,2018-03-07,0.577,0.4327,-0.1443,False
xgboost,spy_msm_tau_1_0.8_tau_2_0.75_lb_3,spy_msm,21,2018-09-05,0.3857,0.3415,-0.0442,False
xgboost,spy_msm_tau_1_0.8_tau_2_0.75_lb_3,spy_msm,26,2019-02-06,0.3564,0.3702,0.0139,False
xgboost,spy_msm_tau_1_0.8_tau_2_0.75_lb_3,spy_msm,31,2019-07-09,0.355,0.4835,0.1286,False
xgboost,spy_msm_tau_1_0.8_tau_2_0.75_lb_3,spy_msm,38,2020-02-06,0.5184,0.346,-0.1723,True
xgboost,spy_msm_tau_1_0.8_tau_2_0.75_lb_3,spy_msm,42,2020-06-08,0.346,0.3288,-0.0173,False
xgboost,spy_msm_tau_1_0.8_tau_2_0.75_lb_3,spy_msm,46,2020-10-06,0.3288,0.5141,0.1853,False
xgboost,spy_msm_tau_1_0.8_tau_2_0.75_lb_3,spy_msm,51,2021-03-09,0.5162,0.3402,-0.176,False
xgboost,spy_msm_tau_1_0.8_tau_2_0.75_lb_3,spy_msm,55,2021-07-08,0.3402,0.3369,-0.0033,False
xgboost,spy_msm_tau_1_0.8_tau_2_0.75_lb_3,spy_msm,68,2022-08-08,0.4116,0.4141,0.0025,False
xgboost,spy_msm_tau_1_0.8_tau_2_0.75_lb_3,spy_msm,75,2023-03-09,0.4239,0.4422,0.0182,False
xgboost,spy_msm_tau_1_0.8_tau_2_0.75_lb_3,spy_msm,78,2023-06-08,0.3862,0.3558,-0.0304,False
xgboost,spy_msm_tau_1_0.8_tau_2_0.75_lb_4,spy_msm,9,2017-09-05,0.3849,0.4155,0.0305,False
xgboost,spy_msm_tau_1_0.8_tau_2_0.75_lb_4,spy_msm,15,2018-03-07,0.4964,0.4225,-0.0739,False
xgboost,spy_msm_tau_1_0.8_tau_2_0.75_lb_4,spy_msm,19,2018-07-06,0.4225,0.3355,-0.087,False
xgboost,spy_msm_tau_1_0.8_tau_2_0.75_lb_4,spy_msm,23,2018-11-02,0.3355,0.4709,0.1354,False
xgboost,spy_msm_tau_1_0.8_tau_2_0.75_lb_4,spy_msm,26,2019-02-06,0.4793,0.3565,-0.1228,False
xgboost,spy_msm_tau_1_0.8_tau_2_0.75_lb_4,spy_msm,31,2019-07-09,0.4022,0.4725,0.0703,False
xgboost,spy_msm_tau_1_0.8_tau_2_0.75_lb_4,spy_msm,38,2020-02-06,0.5013,0.4063,-0.095,True
xgboost,spy_msm_tau_1_0.8_tau_2_0.75_lb_4,spy_msm,42,2020-06-08,0.4063,0.3613,-0.045,False
xgboost,spy_msm_tau_1_0.8_tau_2_0.75_lb_4,spy_msm,46,2020-10-06,0.3613,0.4555,0.0942,False
xgboost,spy_msm_tau_1_0.8_tau_2_0.75_lb_4,spy_msm,51,2021-03-09,0.4367,0.3629,-0.0738,False
xgboost,spy_msm_tau_1_0.8_tau_2_0.75_lb_4,spy_msm,55,2021-07-08,0.3629,0.3785,0.0155,False
xgboost,spy_msm_tau_1_0.8_tau_2_0.75_lb_4,spy_msm,59,2021-11-04,0.3785,0.3136,-0.0649,False
xgboost,spy_msm_tau_1_0.8_tau_2_0.75_lb_4,spy_msm,68,2022-08-08,0.5575,0.4141,-0.1434,False
xgboost,spy_msm_tau_1_0.8_tau_2_0.75_lb_4,spy_msm,75,2023-03-09,0.4239,0.519,0.0951,False
xgboost,spy_msm_tau_1_0.8_tau_2_0.75_lb_4,spy_msm,79,2023-07-11,0.519,0.4338,-0.0852,False
xgboost,spy_msm_tau_1_0.8_tau_2_0.75_lb_6,spy_msm,13,2018-01-04,0.4367,0.5705,0.1337,False
xgboost,spy_msm_tau_1_0.8_tau_2_0.75_lb_6,spy_msm,17,2018-05-07,0.5705,0.4216,-0.1488,False
xgboost,spy_msm_tau_1_0.8_tau_2_0.75_lb_6,spy_msm,21,2018-09-05,0.4216,0.3286,-0.093,False
xgboost,spy_msm_tau_1_0.8_tau_2_0.75_lb_6,spy_msm,25,2019-01-07,0.3286,0.3188,-0.0098,False
xgboost,spy_msm_tau_1_0.8_tau_2_0.75_lb_6,spy_msm,29,2019-05-08,0.3188,0.53,0.2111,False
xgboost,spy_msm_tau_1_0.8_tau_2_0.75_lb_6,spy_msm,39,2020-03-09,0.4084,0.3691,-0.0393,True
xgboost,spy_msm_tau_1_0.8_tau_2_0.75_lb_6,spy_msm,43,2020-07-08,0.3691,0.3565,-0.0126,False
xgboost,spy_msm_tau_1_0.8_tau_2_0.75_lb_6,spy_msm,47,2020-11-04,0.3565,0.4012,0.0447,False
xgboost,spy_msm_tau_1_0.8_tau_2_0.75_lb_6,spy_msm,52,2021-04-08,0.4204,0.4371,0.0167,False
xgboost,spy_msm_tau_1_0.8_tau_2_0.75_lb_6,spy_msm,56,2021-08-06,0.4371,0.3519,-0.0852,False
xgboost,spy_msm_tau_1_0.8_tau_2_0.75_lb_6,spy_msm,60,2021-12-06,0.3519,0.3529,0.001,False
xgboost,spy_msm_tau_1_0.8_tau_2_0.75_lb_6,spy_msm,68,2022-08-08,0.4512,0.4052,-0.046,False
xgboost,spy_msm_tau_1_0.8_tau_2_0.75_lb_6,spy_msm,72,2022-12-06,0.4052,0.3564,-0.0488,False
xgboost,spy_msm_tau_1_0.8_tau_2_0.75_lb_6,spy_msm,75,2023-03-09,0.418,0.4247,0.0067,False
xgboost,spy_msm_tau_1_0.8_tau_2_0.75_lb_6,spy_msm,79,2023-07-11,0.4247,0.4245,-0.0001,False
xgboost,timeout_msm_tau_1_0.83_tau_2_0.72_lb_3,timeout_msm,7,2017-07-06,0.5552,0.426,-0.1291,False
xgboost,timeout_msm_tau_1_0.83_tau_2_0.72_lb_3,timeout_msm,11,2017-11-02,0.426,0.577,0.151,False
xgboost,timeout_msm_tau_1_0.83_tau_2_0.72_lb_3,timeout_msm,16,2018-04-06,0.5569,0.4047,-0.1522,False
xgboost,timeout_msm_tau_1_0.83_tau_2_0.72_lb_3,timeout_msm,20,2018-08-06,0.4047,0.3499,-0.0548,False
xgboost,timeout_msm_tau_1_0.83_tau_2_0.72_lb_3,timeout_msm,24,2018-12-04,0.3499,0.5438,0.1939,False
xgboost,timeout_msm_tau_1_0.83_tau_2_0.72_lb_3,timeout_msm,28,2019-04-08,0.5438,0.4419,-0.1019,False
xgboost,timeout_msm_tau_1_0.83_tau_2_0.72_lb_3,timeout_msm,31,2019-07-09,0.3855,0.4254,0.0399,False
xgboost,timeout_msm_tau_1_0.83_tau_2_0.72_lb_3,timeout_msm,38,2020-02-06,0.4636,0.3733,-0.0903,True
xgboost,timeout_msm_tau_1_0.83_tau_2_0.72_lb_3,timeout_msm,42,2020-06-08,0.3733,0.3327,-0.0405,False
xgboost,timeout_msm_tau_1_0.83_tau_2_0.72_lb_3,timeout_msm,46,2020-10-06,0.3327,0.5183,0.1856,False
xgboost,timeout_msm_tau_1_0.83_tau_2_0.72_lb_3,timeout_msm,52,2021-04-08,0.5285,0.4275,-0.101,False
xgboost,timeout_msm_tau_1_0.83_tau_2_0.72_lb_3,timeout_msm,56,2021-08-06,0.4275,0.3191,-0.1084,False
xgboost,timeout_msm_tau_1_0.83_tau_2_0.72_lb_3,timeout_msm,60,2021-12-06,0.3191,0.3524,0.0333,False
xgboost,timeout_msm_tau_1_0.83_tau_2_0.72_lb_3,timeout_msm,64,2022-04-06,0.3524,0.5417,0.1893,True
xgboost,timeout_msm_tau_1_0.83_tau_2_0.72_lb_3,timeout_msm,68,2022-08-08,0.5417,0.4357,-0.106,False
xgboost,timeout_msm_tau_1_0.83_tau_2_0.72_lb_3,timeout_msm,74,2023-02-07,0.4273,0.383,-0.0443,False
xgboost,timeout_msm_tau_1_0.83_tau_2_0.72_lb_3,timeout_msm,78,2023-06-08,0.383,0.3932,0.0102,False
xgboost,timeout_msm_tau_1_0.83_tau_2_0.72_lb_4,timeout_msm,8,2017-08-04,0.4772,0.3861,-0.0911,False
xgboost,timeout_msm_tau_1_0.83_tau_2_0.72_lb_4,timeout_msm,12,2017-12-04,0.3861,0.5558,0.1698,False
xgboost,timeout_msm_tau_1_0.83_tau_2_0.72_lb_4,timeout_msm,16,2018-04-06,0.5558,0.4488,-0.1071,False
xgboost,timeout_msm_tau_1_0.83_tau_2_0.72_lb_4,timeout_msm,20,2018-08-06,0.4488,0.3344,-0.1144,False
xgboost,timeout_msm_tau_1_0.83_tau_2_0.72_lb_4,timeout_msm,24,2018-12-04,0.3344,0.5186,0.1842,False
xgboost,timeout_msm_tau_1_0.83_tau_2_0.72_lb_4,timeout_msm,28,2019-04-08,0.5186,0.471,-0.0476,False
xgboost,timeout_msm_tau_1_0.83_tau_2_0.72_lb_4,timeout_msm,32,2019-08-07,0.471,0.524,0.053,False
xgboost,timeout_msm_tau_1_0.83_tau_2_0.72_lb_4,timeout_msm,39,2020-03-09,0.3875,0.4159,0.0283,True
xgboost,timeout_msm_tau_1_0.83_tau_2_0.72_lb_4,timeout_msm,43,2020-07-08,0.4159,0.338,-0.0779,False
xgboost,timeout_msm_tau_1_0.83_tau_2_0.72_lb_4,timeout_msm,47,2020-11-04,0.338,0.4942,0.1562,False
xgboost,timeout_msm_tau_1_0.83_tau_2_0.72_lb_4,timeout_msm,50,2021-02-05,0.4769,0.3685,-0.1084,False
xgboost,timeout_msm_tau_1_0.83_tau_2_0.72_lb_4,timeout_msm,54,2021-06-08,0.3685,0.3941,0.0256,False
xgboost,timeout_msm_tau_1_0.83_tau_2_0.72_lb_4,timeout_msm,58,2021-10-06,0.3941,0.3367,-0.0575,False
xgboost,timeout_msm_tau_1_0.83_tau_2_0.72_lb_4,timeout_msm,62,2022-02-04,0.3367,0.4077,0.0711,True
xgboost,timeout_msm_tau_1_0.83_tau_2_0.72_lb_4,timeout_msm,66,2022-06-07,0.4077,0.3253,-0.0824,False
xgboost,timeout_msm_tau_1_0.83_tau_2_0.72_lb_4,timeout_msm,70,2022-10-06,0.3253,0.3952,0.0699,False
xgboost,timeout_msm_tau_1_0.83_tau_2_0.72_lb_4,timeout_msm,74,2023-02-07,0.3952,0.4368,0.0416,False
xgboost,timeout_msm_tau_1_0.83_tau_2_0.72_lb_4,timeout_msm,78,2023-06-08,0.4368,0.3411,-0.0957,False
xgboost,timeout_msm_tau_1_0.83_tau_2_0.72_lb_6,timeout_msm,10,2017-10-04,0.3609,0.4573,0.0964,False
xgboost,timeout_msm_tau_1_0.83_tau_2_0.72_lb_6,timeout_msm,13,2018-01-04,0.3846,0.5763,0.1916,False
xgboost,timeout_msm_tau_1_0.83_tau_2_0.72_lb_6,timeout_msm,17,2018-05-07,0.5763,0.3924,-0.1838,False
xgboost,timeout_msm_tau_1_0.83_tau_2_0.72_lb_6,timeout_msm,21,2018-09-05,0.3924,0.3837,-0.0087,False
xgboost,timeout_msm_tau_1_0.83_tau_2_0.72_lb_6,timeout_msm,25,2019-01-07,0.3837,0.3863,0.0026,False
xgboost,timeout_msm_tau_1_0.83_tau_2_0.72_lb_6,timeout_msm,29,2019-05-08,0.3863,0.5543,0.168,False
xgboost,timeout_msm_tau_1_0.83_tau_2_0.72_lb_6,timeout_msm,33,2019-09-06,0.5543,0.6127,0.0584,False
xgboost,timeout_msm_tau_1_0.83_tau_2_0.72_lb_6,timeout_msm,37,2020-01-07,0.6127,0.3976,-0.2151,True
xgboost,timeout_msm_tau_1_0.83_tau_2_0.72_lb_6,timeout_msm,41,2020-05-07,0.3976,0.3683,-0.0293,False
xgboost,timeout_msm_tau_1_0.83_tau_2_0.72_lb_6,timeout_msm,45,2020-09-04,0.3683,0.4793,0.111,False
xgboost,timeout_msm_tau_1_0.83_tau_2_0.72_lb_6,timeout_msm,49,2021-01-06,0.4793,0.3599,-0.1194,False
xgboost,timeout_msm_tau_1_0.83_tau_2_0.72_lb_6,timeout_msm,53,2021-05-07,0.3599,0.3355,-0.0244,False
xgboost,timeout_msm_tau_1_0.83_tau_2_0.72_lb_6,timeout_msm,57,2021-09-07,0.3355,0.3877,0.0522,False
xgboost,timeout_msm_tau_1_0.83_tau_2_0.72_lb_6,timeout_msm,61,2022-01-05,0.3877,0.5676,0.1798,False
xgboost,timeout_msm_tau_1_0.83_tau_2_0.72_lb_6,timeout_msm,65,2022-05-06,0.5676,0.5513,-0.0163,True
xgboost,timeout_msm_tau_1_0.83_tau_2_0.72_lb_6,timeout_msm,69,2022-09-07,0.5513,0.4111,-0.1402,False
xgboost,timeout_msm_tau_1_0.83_tau_2_0.72_lb_6,timeout_msm,73,2023-01-06,0.4111,0.381,-0.0301,False
xgboost,timeout_msm_tau_1_0.83_tau_2_0.72_lb_6,timeout_msm,77,2023-05-09,0.381,0.352,-0.029,False
xgboost,timeout_msm_tau_1_0.83_tau_2_0.72_lb_6,timeout_msm,81,2023-09-08,0.352,0.4846,0.1325,False
xgboost,timeout_msm_tau_1_0.83_tau_2_0.75_lb_3,timeout_msm,7,2017-07-06,0.5552,0.426,-0.1291,False
xgboost,timeout_msm_tau_1_0.83_tau_2_0.75_lb_3,timeout_msm,11,2017-11-02,0.426,0.577,0.151,False
xgboost,timeout_msm_tau_1_0.83_tau_2_0.75_lb_3,timeout_msm,16,2018-04-06,0.5569,0.4047,-0.1522,False
xgboost,timeout_msm_tau_1_0.83_tau_2_0.75_lb_3,timeout_msm,20,2018-08-06,0.4047,0.3499,-0.0548,False
xgboost,timeout_msm_tau_1_0.83_tau_2_0.75_lb_3,timeout_msm,24,2018-12-04,0.3499,0.5438,0.1939,False
xgboost,timeout_msm_tau_1_0.83_tau_2_0.75_lb_3,timeout_msm,28,2019-04-08,0.5438,0.4419,-0.1019,False
xgboost,timeout_msm_tau_1_0.83_tau_2_0.75_lb_3,timeout_msm,31,2019-07-09,0.3855,0.4254,0.0399,False
xgboost,timeout_msm_tau_1_0.83_tau_2_0.75_lb_3,timeout_msm,38,2020-02-06,0.4636,0.3733,-0.0903,True
xgboost,timeout_msm_tau_1_0.83_tau_2_0.75_lb_3,timeout_msm,42,2020-06-08,0.3733,0.3327,-0.0405,False
xgboost,timeout_msm_tau_1_0.83_tau_2_0.75_lb_3,timeout_msm,46,2020-10-06,0.3327,0.5183,0.1856,False
xgboost,timeout_msm_tau_1_0.83_tau_2_0.75_lb_3,timeout_msm,52,2021-04-08,0.5285,0.4275,-0.101,False
xgboost,timeout_msm_tau_1_0.83_tau_2_0.75_lb_3,timeout_msm,56,2021-08-06,0.4275,0.3191,-0.1084,False
xgboost,timeout_msm_tau_1_0.83_tau_2_0.75_lb_3,timeout_msm,60,2021-12-06,0.3191,0.3524,0.0333,False
xgboost,timeout_msm_tau_1_0.83_tau_2_0.75_lb_3,timeout_msm,64,2022-04-06,0.3524,0.5417,0.1893,True
xgboost,timeout_msm_tau_1_0.83_tau_2_0.75_lb_3,timeout_msm,68,2022-08-08,0.5417,0.4357,-0.106,False
xgboost,timeout_msm_tau_1_0.83_tau_2_0.75_lb_3,timeout_msm,74,2023-02-07,0.4273,0.383,-0.0443,False
xgboost,timeout_msm_tau_1_0.83_tau_2_0.75_lb_3,timeout_msm,78,2023-06-08,0.383,0.3932,0.0102,False
xgboost,timeout_msm_tau_1_0.83_tau_2_0.75_lb_4,timeout_msm,8,2017-08-04,0.4772,0.3861,-0.0911,False
xgboost,timeout_msm_tau_1_0.83_tau_2_0.75_lb_4,timeout_msm,12,2017-12-04,0.3861,0.5558,0.1698,False
xgboost,timeout_msm_tau_1_0.83_tau_2_0.75_lb_4,timeout_msm,16,2018-04-06,0.5558,0.4488,-0.1071,False
xgboost,timeout_msm_tau_1_0.83_tau_2_0.75_lb_4,timeout_msm,20,2018-08-06,0.4488,0.3344,-0.1144,False
xgboost,timeout_msm_tau_1_0.83_tau_2_0.75_lb_4,timeout_msm,24,2018-12-04,0.3344,0.5186,0.1842,False
xgboost,timeout_msm_tau_1_0.83_tau_2_0.75_lb_4,timeout_msm,28,2019-04-08,0.5186,0.471,-0.0476,False
xgboost,timeout_msm_tau_1_0.83_tau_2_0.75_lb_4,timeout_msm,32,2019-08-07,0.471,0.524,0.053,False
xgboost,timeout_msm_tau_1_0.83_tau_2_0.75_lb_4,timeout_msm,39,2020-03-09,0.3875,0.4159,0.0283,True
xgboost,timeout_msm_tau_1_0.83_tau_2_0.75_lb_4,timeout_msm,43,2020-07-08,0.4159,0.338,-0.0779,False
xgboost,timeout_msm_tau_1_0.83_tau_2_0.75_lb_4,timeout_msm,47,2020-11-04,0.338,0.4942,0.1562,False
xgboost,timeout_msm_tau_1_0.83_tau_2_0.75_lb_4,timeout_msm,50,2021-02-05,0.4769,0.3685,-0.1084,False
xgboost,timeout_msm_tau_1_0.83_tau_2_0.75_lb_4,timeout_msm,54,2021-06-08,0.3685,0.3941,0.0256,False
xgboost,timeout_msm_tau_1_0.83_tau_2_0.75_lb_4,timeout_msm,58,2021-10-06,0.3941,0.3367,-0.0575,False
xgboost,timeout_msm_tau_1_0.83_tau_2_0.75_lb_4,timeout_msm,62,2022-02-04,0.3367,0.4077,0.0711,True
xgboost,timeout_msm_tau_1_0.83_tau_2_0.75_lb_4,timeout_msm,66,2022-06-07,0.4077,0.3253,-0.0824,False
xgboost,timeout_msm_tau_1_0.83_tau_2_0.75_lb_4,timeout_msm,70,2022-10-06,0.3253,0.3952,0.0699,False
xgboost,timeout_msm_tau_1_0.83_tau_2_0.75_lb_4,timeout_msm,74,2023-02-07,0.3952,0.4368,0.0416,False
xgboost,timeout_msm_tau_1_0.83_tau_2_0.75_lb_4,timeout_msm,78,2023-06-08,0.4368,0.3411,-0.0957,False
xgboost,timeout_msm_tau_1_0.83_tau_2_0.75_lb_6,timeout_msm,10,2017-10-04,0.3609,0.4573,0.0964,False
xgboost,timeout_msm_tau_1_0.83_tau_2_0.75_lb_6,timeout_msm,13,2018-01-04,0.3846,0.5763,0.1916,False
xgboost,timeout_msm_tau_1_0.83_tau_2_0.75_lb_6,timeout_msm,17,2018-05-07,0.5763,0.3924,-0.1838,False
xgboost,timeout_msm_tau_1_0.83_tau_2_0.75_lb_6,timeout_msm,21,2018-09-05,0.3924,0.3837,-0.0087,False
xgboost,timeout_msm_tau_1_0.83_tau_2_0.75_lb_6,timeout_msm,25,2019-01-07,0.3837,0.3863,0.0026,False
xgboost,timeout_msm_tau_1_0.83_tau_2_0.75_lb_6,timeout_msm,29,2019-05-08,0.3863,0.5543,0.168,False
xgboost,timeout_msm_tau_1_0.83_tau_2_0.75_lb_6,timeout_msm,33,2019-09-06,0.5543,0.6127,0.0584,False
xgboost,timeout_msm_tau_1_0.83_tau_2_0.75_lb_6,timeout_msm,37,2020-01-07,0.6127,0.3976,-0.2151,True
xgboost,timeout_msm_tau_1_0.83_tau_2_0.75_lb_6,timeout_msm,41,2020-05-07,0.3976,0.3683,-0.0293,False
xgboost,timeout_msm_tau_1_0.83_tau_2_0.75_lb_6,timeout_msm,45,2020-09-04,0.3683,0.4793,0.111,False
xgboost,timeout_msm_tau_1_0.83_tau_2_0.75_lb_6,timeout_msm,49,2021-01-06,0.4793,0.3599,-0.1194,False
xgboost,timeout_msm_tau_1_0.83_tau_2_0.75_lb_6,timeout_msm,53,2021-05-07,0.3599,0.3355,-0.0244,False
xgboost,timeout_msm_tau_1_0.83_tau_2_0.75_lb_6,timeout_msm,57,2021-09-07,0.3355,0.3877,0.0522,False
xgboost,timeout_msm_tau_1_0.83_tau_2_0.75_lb_6,timeout_msm,61,2022-01-05,0.3877,0.5676,0.1798,False
xgboost,timeout_msm_tau_1_0.83_tau_2_0.75_lb_6,timeout_msm,65,2022-05-06,0.5676,0.5513,-0.0163,True
xgboost,timeout_msm_tau_1_0.83_tau_2_0.75_lb_6,timeout_msm,69,2022-09-07,0.5513,0.4111,-0.1402,False
xgboost,timeout_msm_tau_1_0.83_tau_2_0.75_lb_6,timeout_msm,73,2023-01-06,0.4111,0.381,-0.0301,False
xgboost,timeout_msm_tau_1_0.83_tau_2_0.75_lb_6,timeout_msm,77,2023-05-09,0.381,0.352,-0.029,False
xgboost,timeout_msm_tau_1_0.83_tau_2_0.75_lb_6,timeout_msm,81,2023-09-08,0.352,0.4846,0.1325,False
xgboost,timeout_msm_tau_1_0.83_tau_2_0.78_lb_3,timeout_msm,7,2017-07-06,0.5552,0.426,-0.1291,False
xgboost,timeout_msm_tau_1_0.83_tau_2_0.78_lb_3,timeout_msm,11,2017-11-02,0.426,0.577,0.151,False
xgboost,timeout_msm_tau_1_0.83_tau_2_0.78_lb_3,timeout_msm,16,2018-04-06,0.5569,0.4047,-0.1522,False
xgboost,timeout_msm_tau_1_0.83_tau_2_0.78_lb_3,timeout_msm,20,2018-08-06,0.4047,0.3499,-0.0548,False
xgboost,timeout_msm_tau_1_0.83_tau_2_0.78_lb_3,timeout_msm,24,2018-12-04,0.3499,0.5438,0.1939,False
xgboost,timeout_msm_tau_1_0.83_tau_2_0.78_lb_3,timeout_msm,28,2019-04-08,0.5438,0.4419,-0.1019,False
xgboost,timeout_msm_tau_1_0.83_tau_2_0.78_lb_3,timeout_msm,31,2019-07-09,0.3855,0.4254,0.0399,False
xgboost,timeout_msm_tau_1_0.83_tau_2_0.78_lb_3,timeout_msm,38,2020-02-06,0.4636,0.3733,-0.0903,True
xgboost,timeout_msm_tau_1_0.83_tau_2_0.78_lb_3,timeout_msm,42,2020-06-08,0.3733,0.3327,-0.0405,False
xgboost,timeout_msm_tau_1_0.83_tau_2_0.78_lb_3,timeout_msm,46,2020-10-06,0.3327,0.5183,0.1856,False
xgboost,timeout_msm_tau_1_0.83_tau_2_0.78_lb_3,timeout_msm,50,2021-02-05,0.5183,0.3509,-0.1674,False
xgboost,timeout_msm_tau_1_0.83_tau_2_0.78_lb_3,timeout_msm,54,2021-06-08,0.3509,0.3646,0.0138,False
xgboost,timeout_msm_tau_1_0.83_tau_2_0.78_lb_3,timeout_msm,58,2021-10-06,0.3646,0.4041,0.0395,False
xgboost,timeout_msm_tau_1_0.83_tau_2_0.78_lb_3,timeout_msm,62,2022-02-04,0.4041,0.4816,0.0775,True
xgboost,timeout_msm_tau_1_0.83_tau_2_0.78_lb_3,timeout_msm,68,2022-08-08,0.4951,0.3673,-0.1278,False
xgboost,timeout_msm_tau_1_0.83_tau_2_0.78_lb_3,timeout_msm,74,2023-02-07,0.4159,0.3399,-0.076,False
xgboost,timeout_msm_tau_1_0.83_tau_2_0.78_lb_3,timeout_msm,78,2023-06-08,0.3399,0.3364,-0.0036,False
xgboost,timeout_msm_tau_1_0.83_tau_2_0.78_lb_4,timeout_msm,8,2017-08-04,0.4772,0.3861,-0.0911,False
xgboost,timeout_msm_tau_1_0.83_tau_2_0.78_lb_4,timeout_msm,12,2017-12-04,0.3861,0.5558,0.1698,False
xgboost,timeout_msm_tau_1_0.83_tau_2_0.78_lb_4,timeout_msm,16,2018-04-06,0.5558,0.4488,-0.1071,False
xgboost,timeout_msm_tau_1_0.83_tau_2_0.78_lb_4,timeout_msm,20,2018-08-06,0.4488,0.3344,-0.1144,False
xgboost,timeout_msm_tau_1_0.83_tau_2_0.78_lb_4,timeout_msm,24,2018-12-04,0.3344,0.5186,0.1842,False
xgboost,timeout_msm_tau_1_0.83_tau_2_0.78_lb_4,timeout_msm,28,2019-04-08,0.5186,0.471,-0.0476,False
xgboost,timeout_msm_tau_1_0.83_tau_2_0.78_lb_4,timeout_msm,32,2019-08-07,0.471,0.524,0.053,False
xgboost,timeout_msm_tau_1_0.83_tau_2_0.78_lb_4,timeout_msm,39,2020-03-09,0.3875,0.4159,0.0283,True
xgboost,timeout_msm_tau_1_0.83_tau_2_0.78_lb_4,timeout_msm,43,2020-07-08,0.4159,0.338,-0.0779,False
xgboost,timeout_msm_tau_1_0.83_tau_2_0.78_lb_4,timeout_msm,47,2020-11-04,0.338,0.4942,0.1562,False
xgboost,timeout_msm_tau_1_0.83_tau_2_0.78_lb_4,timeout_msm,50,2021-02-05,0.4769,0.3685,-0.1084,False
xgboost,timeout_msm_tau_1_0.83_tau_2_0.78_lb_4,timeout_msm,54,2021-06-08,0.3685,0.3941,0.0256,False
xgboost,timeout_msm_tau_1_0.83_tau_2_0.78_lb_4,timeout_msm,58,2021-10-06,0.3941,0.3367,-0.0575,False
xgboost,timeout_msm_tau_1_0.83_tau_2_0.78_lb_4,timeout_msm,62,2022-02-04,0.3367,0.4077,0.0711,True
xgboost,timeout_msm_tau_1_0.83_tau_2_0.78_lb_4,timeout_msm,66,2022-06-07,0.4077,0.3253,-0.0824,False
xgboost,timeout_msm_tau_1_0.83_tau_2_0.78_lb_4,timeout_msm,70,2022-10-06,0.3253,0.3952,0.0699,False
xgboost,timeout_msm_tau_1_0.83_tau_2_0.78_lb_4,timeout_msm,74,2023-02-07,0.3952,0.4368,0.0416,False
xgboost,timeout_msm_tau_1_0.83_tau_2_0.78_lb_4,timeout_msm,78,2023-06-08,0.4368,0.3411,-0.0957,False
xgboost,timeout_msm_tau_1_0.83_tau_2_0.78_lb_6,timeout_msm,10,2017-10-04,0.3609,0.4573,0.0964,False
xgboost,timeout_msm_tau_1_0.83_tau_2_0.78_lb_6,timeout_msm,13,2018-01-04,0.3846,0.5763,0.1916,False
xgboost,timeout_msm_tau_1_0.83_tau_2_0.78_lb_6,timeout_msm,17,2018-05-07,0.5763,0.3924,-0.1838,False
xgboost,timeout_msm_tau_1_0.83_tau_2_0.78_lb_6,timeout_msm,21,2018-09-05,0.3924,0.3837,-0.0087,False
xgboost,timeout_msm_tau_1_0.83_tau_2_0.78_lb_6,timeout_msm,25,2019-01-07,0.3837,0.3863,0.0026,False
xgboost,timeout_msm_tau_1_0.83_tau_2_0.78_lb_6,timeout_msm,29,2019-05-08,0.3863,0.5543,0.168,False
xgboost,timeout_msm_tau_1_0.83_tau_2_0.78_lb_6,timeout_msm,33,2019-09-06,0.5543,0.6127,0.0584,False
xgboost,timeout_msm_tau_1_0.83_tau_2_0.78_lb_6,timeout_msm,37,2020-01-07,0.6127,0.3976,-0.2151,True
xgboost,timeout_msm_tau_1_0.83_tau_2_0.78_lb_6,timeout_msm,41,2020-05-07,0.3976,0.3683,-0.0293,False
xgboost,timeout_msm_tau_1_0.83_tau_2_0.78_lb_6,timeout_msm,45,2020-09-04,0.3683,0.4793,0.111,False
xgboost,timeout_msm_tau_1_0.83_tau_2_0.78_lb_6,timeout_msm,49,2021-01-06,0.4793,0.3599,-0.1194,False
xgboost,timeout_msm_tau_1_0.83_tau_2_0.78_lb_6,timeout_msm,53,2021-05-07,0.3599,0.3355,-0.0244,False
xgboost,timeout_msm_tau_1_0.83_tau_2_0.78_lb_6,timeout_msm,57,2021-09-07,0.3355,0.3877,0.0522,False
xgboost,timeout_msm_tau_1_0.83_tau_2_0.78_lb_6,timeout_msm,61,2022-01-05,0.3877,0.5676,0.1798,False
xgboost,timeout_msm_tau_1_0.83_tau_2_0.78_lb_6,timeout_msm,65,2022-05-06,0.5676,0.5513,-0.0163,True
xgboost,timeout_msm_tau_1_0.83_tau_2_0.78_lb_6,timeout_msm,69,2022-09-07,0.5513,0.4111,-0.1402,False
xgboost,timeout_msm_tau_1_0.83_tau_2_0.78_lb_6,timeout_msm,73,2023-01-06,0.4111,0.381,-0.0301,False
xgboost,timeout_msm_tau_1_0.83_tau_2_0.78_lb_6,timeout_msm,77,2023-05-09,0.381,0.352,-0.029,False
xgboost,timeout_msm_tau_1_0.83_tau_2_0.78_lb_6,timeout_msm,81,2023-09-08,0.352,0.4846,0.1325,False
xgboost,timeout_msm_tau_1_0.88_tau_2_0.72_lb_3,timeout_msm,7,2017-07-06,0.5552,0.426,-0.1291,False
xgboost,timeout_msm_tau_1_0.88_tau_2_0.72_lb_3,timeout_msm,11,2017-11-02,0.426,0.577,0.151,False
xgboost,timeout_msm_tau_1_0.88_tau_2_0.72_lb_3,timeout_msm,15,2018-03-07,0.577,0.4327,-0.1443,False
xgboost,timeout_msm_tau_1_0.88_tau_2_0.72_lb_3,timeout_msm,19,2018-07-06,0.4327,0.3462,-0.0864,False
xgboost,timeout_msm_tau_1_0.88_tau_2_0.72_lb_3,timeout_msm,23,2018-11-02,0.3462,0.4409,0.0947,False
xgboost,timeout_msm_tau_1_0.88_tau_2_0.72_lb_3,timeout_msm,27,2019-03-08,0.4409,0.3779,-0.063,False
xgboost,timeout_msm_tau_1_0.88_tau_2_0.72_lb_3,timeout_msm,31,2019-07-09,0.3779,0.4823,0.1044,False
xgboost,timeout_msm_tau_1_0.88_tau_2_0.72_lb_3,timeout_msm,38,2020-02-06,0.5309,0.3822,-0.1487,True
xgboost,timeout_msm_tau_1_0.88_tau_2_0.72_lb_3,timeout_msm,42,2020-06-08,0.3822,0.3482,-0.034,False
xgboost,timeout_msm_tau_1_0.88_tau_2_0.72_lb_3,timeout_msm,46,2020-10-06,0.3482,0.5274,0.1792,False
xgboost,timeout_msm_tau_1_0.88_tau_2_0.72_lb_3,timeout_msm,49,2021-01-06,0.5142,0.4091,-0.1051,False
xgboost,timeout_msm_tau_1_0.88_tau_2_0.72_lb_3,timeout_msm,53,2021-05-07,0.4091,0.3719,-0.0372,False
xgboost,timeout_msm_tau_1_0.88_tau_2_0.72_lb_3,timeout_msm,57,2021-09-07,0.3719,0.3816,0.0098,False
xgboost,timeout_msm_tau_1_0.88_tau_2_0.72_lb_3,timeout_msm,60,2021-12-06,0.3854,0.3533,-0.0321,False
xgboost,timeout_msm_tau_1_0.88_tau_2_0.72_lb_3,timeout_msm,64,2022-04-06,0.3533,0.5038,0.1505,True
xgboost,timeout_msm_tau_1_0.88_tau_2_0.72_lb_3,timeout_msm,68,2022-08-08,0.5038,0.4416,-0.0622,False
xgboost,timeout_msm_tau_1_0.88_tau_2_0.72_lb_3,timeout_msm,72,2022-12-06,0.4416,0.4292,-0.0124,False
xgboost,timeout_msm_tau_1_0.88_tau_2_0.72_lb_3,timeout_msm,76,2023-04-10,0.4292,0.4012,-0.028,False
xgboost,timeout_msm_tau_1_0.88_tau_2_0.72_lb_4,timeout_msm,8,2017-08-04,0.4772,0.3861,-0.0911,False
xgboost,timeout_msm_tau_1_0.88_tau_2_0.72_lb_4,timeout_msm,12,2017-12-04,0.3861,0.5558,0.1698,False
xgboost,timeout_msm_tau_1_0.88_tau_2_0.72_lb_4,timeout_msm,16,2018-04-06,0.5558,0.4488,-0.1071,False
xgboost,timeout_msm_tau_1_0.88_tau_2_0.72_lb_4,timeout_msm,20,2018-08-06,0.4488,0.3344,-0.1144,False
xgboost,timeout_msm_tau_1_0.88_tau_2_0.72_lb_4,timeout_msm,24,2018-12-04,0.3344,0.5186,0.1842,False
xgboost,timeout_msm_tau_1_0.88_tau_2_0.72_lb_4,timeout_msm,28,2019-04-08,0.5186,0.471,-0.0476,False
xgboost,timeout_msm_tau_1_0.88_tau_2_0.72_lb_4,timeout_msm,32,2019-08-07,0.471,0.524,0.053,False
xgboost,timeout_msm_tau_1_0.88_tau_2_0.72_lb_4,timeout_msm,38,2020-02-06,0.4818,0.414,-0.0678,True
xgboost,timeout_msm_tau_1_0.88_tau_2_0.72_lb_4,timeout_msm,42,2020-06-08,0.414,0.3194,-0.0946,False
xgboost,timeout_msm_tau_1_0.88_tau_2_0.72_lb_4,timeout_msm,46,2020-10-06,0.3194,0.5903,0.2709,False
xgboost,timeout_msm_tau_1_0.88_tau_2_0.72_lb_4,timeout_msm,50,2021-02-05,0.5903,0.3396,-0.2507,False
xgboost,timeout_msm_tau_1_0.88_tau_2_0.72_lb_4,timeout_msm,54,2021-06-08,0.3396,0.364,0.0245,False
xgboost,timeout_msm_tau_1_0.88_tau_2_0.72_lb_4,timeout_msm,58,2021-10-06,0.364,0.4144,0.0504,False
xgboost,timeout_msm_tau_1_0.88_tau_2_0.72_lb_4,timeout_msm,62,2022-02-04,0.4144,0.5189,0.1045,True
xgboost,timeout_msm_tau_1_0.88_tau_2_0.72_lb_4,timeout_msm,66,2022-06-07,0.5189,0.4518,-0.0671,False
xgboost,timeout_msm_tau_1_0.88_tau_2_0.72_lb_4,timeout_msm,70,2022-10-06,0.4518,0.4888,0.037,False
xgboost,timeout_msm_tau_1_0.88_tau_2_0.72_lb_4,timeout_msm,74,2023-02-07,0.4888,0.3731,-0.1157,False
xgboost,timeout_msm_tau_1_0.88_tau_2_0.72_lb_4,timeout_msm,78,2023-06-08,0.3731,0.3924,0.0192,False
xgboost,timeout_msm_tau_1_0.88_tau_2_0.72_lb_6,timeout_msm,10,2017-10-04,0.3609,0.4573,0.0964,False
xgboost,timeout_msm_tau_1_0.88_tau_2_0.72_lb_6,timeout_msm,13,2018-01-04,0.3846,0.5763,0.1916,False
xgboost,timeout_msm_tau_1_0.88_tau_2_0.72_lb_6,timeout_msm,17,2018-05-07,0.5763,0.3924,-0.1838,False
xgboost,timeout_msm_tau_1_0.88_tau_2_0.72_lb_6,timeout_msm,21,2018-09-05,0.3924,0.3837,-0.0087,False
xgboost,timeout_msm_tau_1_0.88_tau_2_0.72_lb_6,timeout_msm,25,2019-01-07,0.3837,0.3863,0.0026,False
xgboost,timeout_msm_tau_1_0.88_tau_2_0.72_lb_6,timeout_msm,29,2019-05-08,0.3863,0.5543,0.168,False
xgboost,timeout_msm_tau_1_0.88_tau_2_0.72_lb_6,timeout_msm,33,2019-09-06,0.5543,0.6127,0.0584,False
xgboost,timeout_msm_tau_1_0.88_tau_2_0.72_lb_6,timeout_msm,37,2020-01-07,0.6127,0.3976,-0.2151,True
xgboost,timeout_msm_tau_1_0.88_tau_2_0.72_lb_6,timeout_msm,41,2020-05-07,0.3976,0.3683,-0.0293,False
xgboost,timeout_msm_tau_1_0.88_tau_2_0.72_lb_6,timeout_msm,45,2020-09-04,0.3683,0.4793,0.111,False
xgboost,timeout_msm_tau_1_0.88_tau_2_0.72_lb_6,timeout_msm,49,2021-01-06,0.4793,0.3599,-0.1194,False
xgboost,timeout_msm_tau_1_0.88_tau_2_0.72_lb_6,timeout_msm,53,2021-05-07,0.3599,0.3355,-0.0244,False
xgboost,timeout_msm_tau_1_0.88_tau_2_0.72_lb_6,timeout_msm,57,2021-09-07,0.3355,0.3877,0.0522,False
xgboost,timeout_msm_tau_1_0.88_tau_2_0.72_lb_6,timeout_msm,61,2022-01-05,0.3877,0.5676,0.1798,False
xgboost,timeout_msm_tau_1_0.88_tau_2_0.72_lb_6,timeout_msm,65,2022-05-06,0.5676,0.5513,-0.0163,True
xgboost,timeout_msm_tau_1_0.88_tau_2_0.72_lb_6,timeout_msm,69,2022-09-07,0.5513,0.4111,-0.1402,False
xgboost,timeout_msm_tau_1_0.88_tau_2_0.72_lb_6,timeout_msm,73,2023-01-06,0.4111,0.381,-0.0301,False
xgboost,timeout_msm_tau_1_0.88_tau_2_0.72_lb_6,timeout_msm,77,2023-05-09,0.381,0.352,-0.029,False
xgboost,timeout_msm_tau_1_0.88_tau_2_0.72_lb_6,timeout_msm,81,2023-09-08,0.352,0.4846,0.1325,False
xgboost,timeout_msm_tau_1_0.88_tau_2_0.75_lb_3,timeout_msm,7,2017-07-06,0.5552,0.426,-0.1291,False
xgboost,timeout_msm_tau_1_0.88_tau_2_0.75_lb_3,timeout_msm,11,2017-11-02,0.426,0.577,0.151,False
xgboost,timeout_msm_tau_1_0.88_tau_2_0.75_lb_3,timeout_msm,15,2018-03-07,0.577,0.4327,-0.1443,False
xgboost,timeout_msm_tau_1_0.88_tau_2_0.75_lb_3,timeout_msm,19,2018-07-06,0.4327,0.3462,-0.0864,False
xgboost,timeout_msm_tau_1_0.88_tau_2_0.75_lb_3,timeout_msm,23,2018-11-02,0.3462,0.4409,0.0947,False
xgboost,timeout_msm_tau_1_0.88_tau_2_0.75_lb_3,timeout_msm,27,2019-03-08,0.4409,0.3779,-0.063,False
xgboost,timeout_msm_tau_1_0.88_tau_2_0.75_lb_3,timeout_msm,31,2019-07-09,0.3779,0.4823,0.1044,False
xgboost,timeout_msm_tau_1_0.88_tau_2_0.75_lb_3,timeout_msm,38,2020-02-06,0.5309,0.3822,-0.1487,True
xgboost,timeout_msm_tau_1_0.88_tau_2_0.75_lb_3,timeout_msm,42,2020-06-08,0.3822,0.3482,-0.034,False
xgboost,timeout_msm_tau_1_0.88_tau_2_0.75_lb_3,timeout_msm,46,2020-10-06,0.3482,0.5274,0.1792,False
xgboost,timeout_msm_tau_1_0.88_tau_2_0.75_lb_3,timeout_msm,49,2021-01-06,0.5142,0.4091,-0.1051,False
xgboost,timeout_msm_tau_1_0.88_tau_2_0.75_lb_3,timeout_msm,53,2021-05-07,0.4091,0.3719,-0.0372,False
xgboost,timeout_msm_tau_1_0.88_tau_2_0.75_lb_3,timeout_msm,57,2021-09-07,0.3719,0.3816,0.0098,False
xgboost,timeout_msm_tau_1_0.88_tau_2_0.75_lb_3,timeout_msm,60,2021-12-06,0.3854,0.3533,-0.0321,False
xgboost,timeout_msm_tau_1_0.88_tau_2_0.75_lb_3,timeout_msm,64,2022-04-06,0.3533,0.5038,0.1505,True
xgboost,timeout_msm_tau_1_0.88_tau_2_0.75_lb_3,timeout_msm,68,2022-08-08,0.5038,0.4416,-0.0622,False
xgboost,timeout_msm_tau_1_0.88_tau_2_0.75_lb_3,timeout_msm,72,2022-12-06,0.4416,0.4292,-0.0124,False
xgboost,timeout_msm_tau_1_0.88_tau_2_0.75_lb_3,timeout_msm,76,2023-04-10,0.4292,0.4012,-0.028,False
xgboost,timeout_msm_tau_1_0.88_tau_2_0.75_lb_4,timeout_msm,8,2017-08-04,0.4772,0.3861,-0.0911,False
xgboost,timeout_msm_tau_1_0.88_tau_2_0.75_lb_4,timeout_msm,12,2017-12-04,0.3861,0.5558,0.1698,False
xgboost,timeout_msm_tau_1_0.88_tau_2_0.75_lb_4,timeout_msm,16,2018-04-06,0.5558,0.4488,-0.1071,False
xgboost,timeout_msm_tau_1_0.88_tau_2_0.75_lb_4,timeout_msm,20,2018-08-06,0.4488,0.3344,-0.1144,False
xgboost,timeout_msm_tau_1_0.88_tau_2_0.75_lb_4,timeout_msm,24,2018-12-04,0.3344,0.5186,0.1842,False
xgboost,timeout_msm_tau_1_0.88_tau_2_0.75_lb_4,timeout_msm,28,2019-04-08,0.5186,0.471,-0.0476,False
xgboost,timeout_msm_tau_1_0.88_tau_2_0.75_lb_4,timeout_msm,32,2019-08-07,0.471,0.524,0.053,False
xgboost,timeout_msm_tau_1_0.88_tau_2_0.75_lb_4,timeout_msm,36,2019-12-05,0.524,0.4044,-0.1196,False
xgboost,timeout_msm_tau_1_0.88_tau_2_0.75_lb_4,timeout_msm,40,2020-04-07,0.4044,0.4583,0.0538,True
xgboost,timeout_msm_tau_1_0.88_tau_2_0.75_lb_4,timeout_msm,44,2020-08-06,0.4583,0.5312,0.0729,False
xgboost,timeout_msm_tau_1_0.88_tau_2_0.75_lb_4,timeout_msm,48,2020-12-04,0.5312,0.5073,-0.0239,False
xgboost,timeout_msm_tau_1_0.88_tau_2_0.75_lb_4,timeout_msm,52,2021-04-08,0.5073,0.3873,-0.12,False
xgboost,timeout_msm_tau_1_0.88_tau_2_0.75_lb_4,timeout_msm,56,2021-08-06,0.3873,0.3472,-0.0401,False
xgboost,timeout_msm_tau_1_0.88_tau_2_0.75_lb_4,timeout_msm,60,2021-12-06,0.3472,0.3253,-0.0218,False
xgboost,timeout_msm_tau_1_0.88_tau_2_0.75_lb_4,timeout_msm,64,2022-04-06,0.3253,0.4525,0.1272,True
xgboost,timeout_msm_tau_1_0.88_tau_2_0.75_lb_4,timeout_msm,68,2022-08-08,0.4525,0.4669,0.0144,False
xgboost,timeout_msm_tau_1_0.88_tau_2_0.75_lb_4,timeout_msm,72,2022-12-06,0.4669,0.3764,-0.0904,False
xgboost,timeout_msm_tau_1_0.88_tau_2_0.75_lb_4,timeout_msm,76,2023-04-10,0.3764,0.2783,-0.0982,False
xgboost,timeout_msm_tau_1_0.88_tau_2_0.75_lb_4,timeout_msm,80,2023-08-09,0.2783,0.4873,0.209,False
xgboost,timeout_msm_tau_1_0.88_tau_2_0.75_lb_6,timeout_msm,10,2017-10-04,0.3609,0.4573,0.0964,False
xgboost,timeout_msm_tau_1_0.88_tau_2_0.75_lb_6,timeout_msm,13,2018-01-04,0.3846,0.5763,0.1916,False
xgboost,timeout_msm_tau_1_0.88_tau_2_0.75_lb_6,timeout_msm,17,2018-05-07,0.5763,0.3924,-0.1838,False
xgboost,timeout_msm_tau_1_0.88_tau_2_0.75_lb_6,timeout_msm,21,2018-09-05,0.3924,0.3837,-0.0087,False
xgboost,timeout_msm_tau_1_0.88_tau_2_0.75_lb_6,timeout_msm,25,2019-01-07,0.3837,0.3863,0.0026,False
xgboost,timeout_msm_tau_1_0.88_tau_2_0.75_lb_6,timeout_msm,29,2019-05-08,0.3863,0.5543,0.168,False
xgboost,timeout_msm_tau_1_0.88_tau_2_0.75_lb_6,timeout_msm,33,2019-09-06,0.5543,0.6127,0.0584,False
xgboost,timeout_msm_tau_1_0.88_tau_2_0.75_lb_6,timeout_msm,37,2020-01-07,0.6127,0.3976,-0.2151,True
xgboost,timeout_msm_tau_1_0.88_tau_2_0.75_lb_6,timeout_msm,41,2020-05-07,0.3976,0.3683,-0.0293,False
xgboost,timeout_msm_tau_1_0.88_tau_2_0.75_lb_6,timeout_msm,45,2020-09-04,0.3683,0.4793,0.111,False
xgboost,timeout_msm_tau_1_0.88_tau_2_0.75_lb_6,timeout_msm,49,2021-01-06,0.4793,0.3599,-0.1194,False
xgboost,timeout_msm_tau_1_0.88_tau_2_0.75_lb_6,timeout_msm,53,2021-05-07,0.3599,0.3355,-0.0244,False
xgboost,timeout_msm_tau_1_0.88_tau_2_0.75_lb_6,timeout_msm,57,2021-09-07,0.3355,0.3877,0.0522,False
xgboost,timeout_msm_tau_1_0.88_tau_2_0.75_lb_6,timeout_msm,61,2022-01-05,0.3877,0.5676,0.1798,False
xgboost,timeout_msm_tau_1_0.88_tau_2_0.75_lb_6,timeout_msm,65,2022-05-06,0.5676,0.5513,-0.0163,True
xgboost,timeout_msm_tau_1_0.88_tau_2_0.75_lb_6,timeout_msm,69,2022-09-07,0.5513,0.4111,-0.1402,False
xgboost,timeout_msm_tau_1_0.88_tau_2_0.75_lb_6,timeout_msm,73,2023-01-06,0.4111,0.381,-0.0301,False
xgboost,timeout_msm_tau_1_0.88_tau_2_0.75_lb_6,timeout_msm,77,2023-05-09,0.381,0.352,-0.029,False
xgboost,timeout_msm_tau_1_0.88_tau_2_0.75_lb_6,timeout_msm,81,2023-09-08,0.352,0.4846,0.1325,False
xgboost,timeout_msm_tau_1_0.88_tau_2_0.78_lb_3,timeout_msm,7,2017-07-06,0.5552,0.426,-0.1291,False
xgboost,timeout_msm_tau_1_0.88_tau_2_0.78_lb_3,timeout_msm,11,2017-11-02,0.426,0.577,0.151,False
xgboost,timeout_msm_tau_1_0.88_tau_2_0.78_lb_3,timeout_msm,15,2018-03-07,0.577,0.4327,-0.1443,False
xgboost,timeout_msm_tau_1_0.88_tau_2_0.78_lb_3,timeout_msm,19,2018-07-06,0.4327,0.3462,-0.0864,False
xgboost,timeout_msm_tau_1_0.88_tau_2_0.78_lb_3,timeout_msm,23,2018-11-02,0.3462,0.4409,0.0947,False
xgboost,timeout_msm_tau_1_0.88_tau_2_0.78_lb_3,timeout_msm,27,2019-03-08,0.4409,0.3779,-0.063,False
xgboost,timeout_msm_tau_1_0.88_tau_2_0.78_lb_3,timeout_msm,31,2019-07-09,0.3779,0.4823,0.1044,False
xgboost,timeout_msm_tau_1_0.88_tau_2_0.78_lb_3,timeout_msm,38,2020-02-06,0.5309,0.3822,-0.1487,True
xgboost,timeout_msm_tau_1_0.88_tau_2_0.78_lb_3,timeout_msm,42,2020-06-08,0.3822,0.3482,-0.034,False
xgboost,timeout_msm_tau_1_0.88_tau_2_0.78_lb_3,timeout_msm,46,2020-10-06,0.3482,0.5274,0.1792,False
xgboost,timeout_msm_tau_1_0.88_tau_2_0.78_lb_3,timeout_msm,49,2021-01-06,0.5142,0.4091,-0.1051,False
xgboost,timeout_msm_tau_1_0.88_tau_2_0.78_lb_3,timeout_msm,53,2021-05-07,0.4091,0.3719,-0.0372,False
xgboost,timeout_msm_tau_1_0.88_tau_2_0.78_lb_3,timeout_msm,57,2021-09-07,0.3719,0.3816,0.0098,False
xgboost,timeout_msm_tau_1_0.88_tau_2_0.78_lb_3,timeout_msm,60,2021-12-06,0.3854,0.3533,-0.0321,False
xgboost,timeout_msm_tau_1_0.88_tau_2_0.78_lb_3,timeout_msm,64,2022-04-06,0.3533,0.5038,0.1505,True
xgboost,timeout_msm_tau_1_0.88_tau_2_0.78_lb_3,timeout_msm,68,2022-08-08,0.5038,0.4416,-0.0622,False
xgboost,timeout_msm_tau_1_0.88_tau_2_0.78_lb_3,timeout_msm,72,2022-12-06,0.4416,0.4292,-0.0124,False
xgboost,timeout_msm_tau_1_0.88_tau_2_0.78_lb_3,timeout_msm,76,2023-04-10,0.4292,0.4012,-0.028,False
xgboost,timeout_msm_tau_1_0.88_tau_2_0.78_lb_4,timeout_msm,8,2017-08-04,0.4772,0.3861,-0.0911,False
xgboost,timeout_msm_tau_1_0.88_tau_2_0.78_lb_4,timeout_msm,12,2017-12-04,0.3861,0.5558,0.1698,False
xgboost,timeout_msm_tau_1_0.88_tau_2_0.78_lb_4,timeout_msm,16,2018-04-06,0.5558,0.4488,-0.1071,False
xgboost,timeout_msm_tau_1_0.88_tau_2_0.78_lb_4,timeout_msm,20,2018-08-06,0.4488,0.3344,-0.1144,False
xgboost,timeout_msm_tau_1_0.88_tau_2_0.78_lb_4,timeout_msm,24,2018-12-04,0.3344,0.5186,0.1842,False
xgboost,timeout_msm_tau_1_0.88_tau_2_0.78_lb_4,timeout_msm,28,2019-04-08,0.5186,0.471,-0.0476,False
xgboost,timeout_msm_tau_1_0.88_tau_2_0.78_lb_4,timeout_msm,32,2019-08-07,0.471,0.524,0.053,False
xgboost,timeout_msm_tau_1_0.88_tau_2_0.78_lb_4,timeout_msm,36,2019-12-05,0.524,0.4044,-0.1196,False
xgboost,timeout_msm_tau_1_0.88_tau_2_0.78_lb_4,timeout_msm,40,2020-04-07,0.4044,0.4583,0.0538,True
xgboost,timeout_msm_tau_1_0.88_tau_2_0.78_lb_4,timeout_msm,44,2020-08-06,0.4583,0.5312,0.0729,False
xgboost,timeout_msm_tau_1_0.88_tau_2_0.78_lb_4,timeout_msm,48,2020-12-04,0.5312,0.5073,-0.0239,False
xgboost,timeout_msm_tau_1_0.88_tau_2_0.78_lb_4,timeout_msm,52,2021-04-08,0.5073,0.3873,-0.12,False
xgboost,timeout_msm_tau_1_0.88_tau_2_0.78_lb_4,timeout_msm,56,2021-08-06,0.3873,0.3472,-0.0401,False
xgboost,timeout_msm_tau_1_0.88_tau_2_0.78_lb_4,timeout_msm,60,2021-12-06,0.3472,0.3253,-0.0218,False
xgboost,timeout_msm_tau_1_0.88_tau_2_0.78_lb_4,timeout_msm,64,2022-04-06,0.3253,0.4525,0.1272,True
xgboost,timeout_msm_tau_1_0.88_tau_2_0.78_lb_4,timeout_msm,68,2022-08-08,0.4525,0.4669,0.0144,False
xgboost,timeout_msm_tau_1_0.88_tau_2_0.78_lb_4,timeout_msm,72,2022-12-06,0.4669,0.3764,-0.0904,False
xgboost,timeout_msm_tau_1_0.88_tau_2_0.78_lb_4,timeout_msm,76,2023-04-10,0.3764,0.2783,-0.0982,False
xgboost,timeout_msm_tau_1_0.88_tau_2_0.78_lb_4,timeout_msm,80,2023-08-09,0.2783,0.4873,0.209,False
xgboost,timeout_msm_tau_1_0.88_tau_2_0.78_lb_6,timeout_msm,10,2017-10-04,0.3609,0.4573,0.0964,False
xgboost,timeout_msm_tau_1_0.88_tau_2_0.78_lb_6,timeout_msm,13,2018-01-04,0.3846,0.5763,0.1916,False
xgboost,timeout_msm_tau_1_0.88_tau_2_0.78_lb_6,timeout_msm,17,2018-05-07,0.5763,0.3924,-0.1838,False
xgboost,timeout_msm_tau_1_0.88_tau_2_0.78_lb_6,timeout_msm,21,2018-09-05,0.3924,0.3837,-0.0087,False
xgboost,timeout_msm_tau_1_0.88_tau_2_0.78_lb_6,timeout_msm,25,2019-01-07,0.3837,0.3863,0.0026,False
xgboost,timeout_msm_tau_1_0.88_tau_2_0.78_lb_6,timeout_msm,29,2019-05-08,0.3863,0.5543,0.168,False
xgboost,timeout_msm_tau_1_0.88_tau_2_0.78_lb_6,timeout_msm,33,2019-09-06,0.5543,0.6127,0.0584,False
xgboost,timeout_msm_tau_1_0.88_tau_2_0.78_lb_6,timeout_msm,37,2020-01-07,0.6127,0.3976,-0.2151,True
xgboost,timeout_msm_tau_1_0.88_tau_2_0.78_lb_6,timeout_msm,41,2020-05-07,0.3976,0.3683,-0.0293,False
xgboost,timeout_msm_tau_1_0.88_tau_2_0.78_lb_6,timeout_msm,45,2020-09-04,0.3683,0.4793,0.111,False
xgboost,timeout_msm_tau_1_0.88_tau_2_0.78_lb_6,timeout_msm,49,2021-01-06,0.4793,0.3599,-0.1194,False
xgboost,timeout_msm_tau_1_0.88_tau_2_0.78_lb_6,timeout_msm,53,2021-05-07,0.3599,0.3355,-0.0244,False
xgboost,timeout_msm_tau_1_0.88_tau_2_0.78_lb_6,timeout_msm,57,2021-09-07,0.3355,0.3877,0.0522,False
xgboost,timeout_msm_tau_1_0.88_tau_2_0.78_lb_6,timeout_msm,61,2022-01-05,0.3877,0.5676,0.1798,False
xgboost,timeout_msm_tau_1_0.88_tau_2_0.78_lb_6,timeout_msm,65,2022-05-06,0.5676,0.5513,-0.0163,True
xgboost,timeout_msm_tau_1_0.88_tau_2_0.78_lb_6,timeout_msm,69,2022-09-07,0.5513,0.4111,-0.1402,False
xgboost,timeout_msm_tau_1_0.88_tau_2_0.78_lb_6,timeout_msm,73,2023-01-06,0.4111,0.381,-0.0301,False
xgboost,timeout_msm_tau_1_0.88_tau_2_0.78_lb_6,timeout_msm,77,2023-05-09,0.381,0.352,-0.029,False
xgboost,timeout_msm_tau_1_0.88_tau_2_0.78_lb_6,timeout_msm,81,2023-09-08,0.352,0.4846,0.1325,False
xgboost,timeout_msm_tau_1_0.8_tau_2_0.72_lb_3,timeout_msm,8,2017-08-04,0.4772,0.3861,-0.0911,False
xgboost,timeout_msm_tau_1_0.8_tau_2_0.72_lb_3,timeout_msm,12,2017-12-04,0.3861,0.5558,0.1698,False
xgboost,timeout_msm_tau_1_0.8_tau_2_0.72_lb_3,timeout_msm,16,2018-04-06,0.5558,0.4488,-0.1071,False
xgboost,timeout_msm_tau_1_0.8_tau_2_0.72_lb_3,timeout_msm,20,2018-08-06,0.4488,0.3344,-0.1144,False
xgboost,timeout_msm_tau_1_0.8_tau_2_0.72_lb_3,timeout_msm,24,2018-12-04,0.3344,0.5186,0.1842,False
xgboost,timeout_msm_tau_1_0.8_tau_2_0.72_lb_3,timeout_msm,28,2019-04-08,0.5186,0.471,-0.0476,False
xgboost,timeout_msm_tau_1_0.8_tau_2_0.72_lb_3,timeout_msm,39,2020-03-09,0.3518,0.389,0.0372,True
xgboost,timeout_msm_tau_1_0.8_tau_2_0.72_lb_3,timeout_msm,44,2020-08-06,0.4409,0.5068,0.0659,False
xgboost,timeout_msm_tau_1_0.8_tau_2_0.72_lb_3,timeout_msm,52,2021-04-08,0.4979,0.39,-0.1079,False
xgboost,timeout_msm_tau_1_0.8_tau_2_0.72_lb_3,timeout_msm,57,2021-09-07,0.3703,0.3562,-0.0141,False
xgboost,timeout_msm_tau_1_0.8_tau_2_0.72_lb_3,timeout_msm,60,2021-12-06,0.3537,0.3992,0.0455,False
xgboost,timeout_msm_tau_1_0.8_tau_2_0.72_lb_3,timeout_msm,63,2022-03-08,0.3406,0.5284,0.1878,True
xgboost,timeout_msm_tau_1_0.8_tau_2_0.72_lb_3,timeout_msm,68,2022-08-08,0.5467,0.3877,-0.1589,False
xgboost,timeout_msm_tau_1_0.8_tau_2_0.72_lb_3,timeout_msm,75,2023-03-09,0.4146,0.4563,0.0418,False
xgboost,timeout_msm_tau_1_0.8_tau_2_0.72_lb_3,timeout_msm,79,2023-07-11,0.4563,0.4369,-0.0194,False
xgboost,timeout_msm_tau_1_0.8_tau_2_0.72_lb_4,timeout_msm,8,2017-08-04,0.4772,0.3861,-0.0911,False
xgboost,timeout_msm_tau_1_0.8_tau_2_0.72_lb_4,timeout_msm,12,2017-12-04,0.3861,0.5558,0.1698,False
xgboost,timeout_msm_tau_1_0.8_tau_2_0.72_lb_4,timeout_msm,16,2018-04-06,0.5558,0.4488,-0.1071,False
xgboost,timeout_msm_tau_1_0.8_tau_2_0.72_lb_4,timeout_msm,20,2018-08-06,0.4488,0.3344,-0.1144,False
xgboost,timeout_msm_tau_1_0.8_tau_2_0.72_lb_4,timeout_msm,24,2018-12-04,0.3344,0.5186,0.1842,False
xgboost,timeout_msm_tau_1_0.8_tau_2_0.72_lb_4,timeout_msm,28,2019-04-08,0.5186,0.471,-0.0476,False
xgboost,timeout_msm_tau_1_0.8_tau_2_0.72_lb_4,timeout_msm,32,2019-08-07,0.471,0.524,0.053,False
xgboost,timeout_msm_tau_1_0.8_tau_2_0.72_lb_4,timeout_msm,39,2020-03-09,0.3875,0.4159,0.0283,True
xgboost,timeout_msm_tau_1_0.8_tau_2_0.72_lb_4,timeout_msm,43,2020-07-08,0.4159,0.338,-0.0779,False
xgboost,timeout_msm_tau_1_0.8_tau_2_0.72_lb_4,timeout_msm,47,2020-11-04,0.338,0.4942,0.1562,False
xgboost,timeout_msm_tau_1_0.8_tau_2_0.72_lb_4,timeout_msm,50,2021-02-05,0.4769,0.3685,-0.1084,False
xgboost,timeout_msm_tau_1_0.8_tau_2_0.72_lb_4,timeout_msm,54,2021-06-08,0.3685,0.3941,0.0256,False
xgboost,timeout_msm_tau_1_0.8_tau_2_0.72_lb_4,timeout_msm,58,2021-10-06,0.3941,0.3367,-0.0575,False
xgboost,timeout_msm_tau_1_0.8_tau_2_0.72_lb_4,timeout_msm,62,2022-02-04,0.3367,0.4077,0.0711,True
xgboost,timeout_msm_tau_1_0.8_tau_2_0.72_lb_4,timeout_msm,66,2022-06-07,0.4077,0.3253,-0.0824,False
xgboost,timeout_msm_tau_1_0.8_tau_2_0.72_lb_4,timeout_msm,70,2022-10-06,0.3253,0.3952,0.0699,False
xgboost,timeout_msm_tau_1_0.8_tau_2_0.72_lb_4,timeout_msm,74,2023-02-07,0.3952,0.4368,0.0416,False
xgboost,timeout_msm_tau_1_0.8_tau_2_0.72_lb_4,timeout_msm,78,2023-06-08,0.4368,0.3411,-0.0957,False
xgboost,timeout_msm_tau_1_0.8_tau_2_0.72_lb_6,timeout_msm,10,2017-10-04,0.3609,0.4573,0.0964,False
xgboost,timeout_msm_tau_1_0.8_tau_2_0.72_lb_6,timeout_msm,13,2018-01-04,0.3846,0.5763,0.1916,False
xgboost,timeout_msm_tau_1_0.8_tau_2_0.72_lb_6,timeout_msm,17,2018-05-07,0.5763,0.3924,-0.1838,False
xgboost,timeout_msm_tau_1_0.8_tau_2_0.72_lb_6,timeout_msm,21,2018-09-05,0.3924,0.3837,-0.0087,False
xgboost,timeout_msm_tau_1_0.8_tau_2_0.72_lb_6,timeout_msm,25,2019-01-07,0.3837,0.3863,0.0026,False
xgboost,timeout_msm_tau_1_0.8_tau_2_0.72_lb_6,timeout_msm,29,2019-05-08,0.3863,0.5543,0.168,False
xgboost,timeout_msm_tau_1_0.8_tau_2_0.72_lb_6,timeout_msm,33,2019-09-06,0.5543,0.6127,0.0584,False
xgboost,timeout_msm_tau_1_0.8_tau_2_0.72_lb_6,timeout_msm,37,2020-01-07,0.6127,0.3976,-0.2151,True
xgboost,timeout_msm_tau_1_0.8_tau_2_0.72_lb_6,timeout_msm,41,2020-05-07,0.3976,0.3683,-0.0293,False
xgboost,timeout_msm_tau_1_0.8_tau_2_0.72_lb_6,timeout_msm,45,2020-09-04,0.3683,0.4793,0.111,False
xgboost,timeout_msm_tau_1_0.8_tau_2_0.72_lb_6,timeout_msm,49,2021-01-06,0.4793,0.3599,-0.1194,False
xgboost,timeout_msm_tau_1_0.8_tau_2_0.72_lb_6,timeout_msm,53,2021-05-07,0.3599,0.3355,-0.0244,False
xgboost,timeout_msm_tau_1_0.8_tau_2_0.72_lb_6,timeout_msm,57,2021-09-07,0.3355,0.3877,0.0522,False
xgboost,timeout_msm_tau_1_0.8_tau_2_0.72_lb_6,timeout_msm,61,2022-01-05,0.3877,0.5676,0.1798,False
xgboost,timeout_msm_tau_1_0.8_tau_2_0.72_lb_6,timeout_msm,65,2022-05-06,0.5676,0.5513,-0.0163,True
xgboost,timeout_msm_tau_1_0.8_tau_2_0.72_lb_6,timeout_msm,69,2022-09-07,0.5513,0.4111,-0.1402,False
xgboost,timeout_msm_tau_1_0.8_tau_2_0.72_lb_6,timeout_msm,73,2023-01-06,0.4111,0.381,-0.0301,False
xgboost,timeout_msm_tau_1_0.8_tau_2_0.72_lb_6,timeout_msm,77,2023-05-09,0.381,0.352,-0.029,False
xgboost,timeout_msm_tau_1_0.8_tau_2_0.72_lb_6,timeout_msm,81,2023-09-08,0.352,0.4846,0.1325,False
xgboost,timeout_msm_tau_1_0.8_tau_2_0.75_lb_3,timeout_msm,8,2017-08-04,0.4772,0.3861,-0.0911,False
xgboost,timeout_msm_tau_1_0.8_tau_2_0.75_lb_3,timeout_msm,12,2017-12-04,0.3861,0.5558,0.1698,False
xgboost,timeout_msm_tau_1_0.8_tau_2_0.75_lb_3,timeout_msm,16,2018-04-06,0.5558,0.4488,-0.1071,False
xgboost,timeout_msm_tau_1_0.8_tau_2_0.75_lb_3,timeout_msm,20,2018-08-06,0.4488,0.3344,-0.1144,False
xgboost,timeout_msm_tau_1_0.8_tau_2_0.75_lb_3,timeout_msm,24,2018-12-04,0.3344,0.5186,0.1842,False
xgboost,timeout_msm_tau_1_0.8_tau_2_0.75_lb_3,timeout_msm,28,2019-04-08,0.5186,0.471,-0.0476,False
xgboost,timeout_msm_tau_1_0.8_tau_2_0.75_lb_3,timeout_msm,39,2020-03-09,0.3518,0.389,0.0372,True
xgboost,timeout_msm_tau_1_0.8_tau_2_0.75_lb_3,timeout_msm,44,2020-08-06,0.4409,0.5068,0.0659,False
xgboost,timeout_msm_tau_1_0.8_tau_2_0.75_lb_3,timeout_msm,52,2021-04-08,0.4979,0.39,-0.1079,False
xgboost,timeout_msm_tau_1_0.8_tau_2_0.75_lb_3,timeout_msm,57,2021-09-07,0.3703,0.3562,-0.0141,False
xgboost,timeout_msm_tau_1_0.8_tau_2_0.75_lb_3,timeout_msm,60,2021-12-06,0.3537,0.3992,0.0455,False
xgboost,timeout_msm_tau_1_0.8_tau_2_0.75_lb_3,timeout_msm,63,2022-03-08,0.3406,0.5284,0.1878,True
xgboost,timeout_msm_tau_1_0.8_tau_2_0.75_lb_3,timeout_msm,68,2022-08-08,0.5467,0.3877,-0.1589,False
xgboost,timeout_msm_tau_1_0.8_tau_2_0.75_lb_3,timeout_msm,75,2023-03-09,0.4146,0.4563,0.0418,False
xgboost,timeout_msm_tau_1_0.8_tau_2_0.75_lb_3,timeout_msm,79,2023-07-11,0.4563,0.4369,-0.0194,False
xgboost,timeout_msm_tau_1_0.8_tau_2_0.75_lb_4,timeout_msm,8,2017-08-04,0.4772,0.3861,-0.0911,False
xgboost,timeout_msm_tau_1_0.8_tau_2_0.75_lb_4,timeout_msm,12,2017-12-04,0.3861,0.5558,0.1698,False
xgboost,timeout_msm_tau_1_0.8_tau_2_0.75_lb_4,timeout_msm,16,2018-04-06,0.5558,0.4488,-0.1071,False
xgboost,timeout_msm_tau_1_0.8_tau_2_0.75_lb_4,timeout_msm,20,2018-08-06,0.4488,0.3344,-0.1144,False
xgboost,timeout_msm_tau_1_0.8_tau_2_0.75_lb_4,timeout_msm,24,2018-12-04,0.3344,0.5186,0.1842,False
xgboost,timeout_msm_tau_1_0.8_tau_2_0.75_lb_4,timeout_msm,28,2019-04-08,0.5186,0.471,-0.0476,False
xgboost,timeout_msm_tau_1_0.8_tau_2_0.75_lb_4,timeout_msm,32,2019-08-07,0.471,0.524,0.053,False
xgboost,timeout_msm_tau_1_0.8_tau_2_0.75_lb_4,timeout_msm,39,2020-03-09,0.3875,0.4159,0.0283,True
xgboost,timeout_msm_tau_1_0.8_tau_2_0.75_lb_4,timeout_msm,43,2020-07-08,0.4159,0.338,-0.0779,False
xgboost,timeout_msm_tau_1_0.8_tau_2_0.75_lb_4,timeout_msm,47,2020-11-04,0.338,0.4942,0.1562,False
xgboost,timeout_msm_tau_1_0.8_tau_2_0.75_lb_4,timeout_msm,50,2021-02-05,0.4769,0.3685,-0.1084,False
xgboost,timeout_msm_tau_1_0.8_tau_2_0.75_lb_4,timeout_msm,54,2021-06-08,0.3685,0.3941,0.0256,False
xgboost,timeout_msm_tau_1_0.8_tau_2_0.75_lb_4,timeout_msm,58,2021-10-06,0.3941,0.3367,-0.0575,False
xgboost,timeout_msm_tau_1_0.8_tau_2_0.75_lb_4,timeout_msm,62,2022-02-04,0.3367,0.4077,0.0711,True
xgboost,timeout_msm_tau_1_0.8_tau_2_0.75_lb_4,timeout_msm,66,2022-06-07,0.4077,0.3253,-0.0824,False
xgboost,timeout_msm_tau_1_0.8_tau_2_0.75_lb_4,timeout_msm,70,2022-10-06,0.3253,0.3952,0.0699,False
xgboost,timeout_msm_tau_1_0.8_tau_2_0.75_lb_4,timeout_msm,74,2023-02-07,0.3952,0.4368,0.0416,False
xgboost,timeout_msm_tau_1_0.8_tau_2_0.75_lb_4,timeout_msm,78,2023-06-08,0.4368,0.3411,-0.0957,False
xgboost,timeout_msm_tau_1_0.8_tau_2_0.75_lb_6,timeout_msm,10,2017-10-04,0.3609,0.4573,0.0964,False
xgboost,timeout_msm_tau_1_0.8_tau_2_0.75_lb_6,timeout_msm,13,2018-01-04,0.3846,0.5763,0.1916,False
xgboost,timeout_msm_tau_1_0.8_tau_2_0.75_lb_6,timeout_msm,17,2018-05-07,0.5763,0.3924,-0.1838,False
xgboost,timeout_msm_tau_1_0.8_tau_2_0.75_lb_6,timeout_msm,21,2018-09-05,0.3924,0.3837,-0.0087,False
xgboost,timeout_msm_tau_1_0.8_tau_2_0.75_lb_6,timeout_msm,25,2019-01-07,0.3837,0.3863,0.0026,False
xgboost,timeout_msm_tau_1_0.8_tau_2_0.75_lb_6,timeout_msm,29,2019-05-08,0.3863,0.5543,0.168,False
xgboost,timeout_msm_tau_1_0.8_tau_2_0.75_lb_6,timeout_msm,33,2019-09-06,0.5543,0.6127,0.0584,False
xgboost,timeout_msm_tau_1_0.8_tau_2_0.75_lb_6,timeout_msm,37,2020-01-07,0.6127,0.3976,-0.2151,True
xgboost,timeout_msm_tau_1_0.8_tau_2_0.75_lb_6,timeout_msm,41,2020-05-07,0.3976,0.3683,-0.0293,False
xgboost,timeout_msm_tau_1_0.8_tau_2_0.75_lb_6,timeout_msm,45,2020-09-04,0.3683,0.4793,0.111,False
xgboost,timeout_msm_tau_1_0.8_tau_2_0.75_lb_6,timeout_msm,49,2021-01-06,0.4793,0.3599,-0.1194,False
xgboost,timeout_msm_tau_1_0.8_tau_2_0.75_lb_6,timeout_msm,53,2021-05-07,0.3599,0.3355,-0.0244,False
xgboost,timeout_msm_tau_1_0.8_tau_2_0.75_lb_6,timeout_msm,57,2021-09-07,0.3355,0.3877,0.0522,False
xgboost,timeout_msm_tau_1_0.8_tau_2_0.75_lb_6,timeout_msm,61,2022-01-05,0.3877,0.5676,0.1798,False
xgboost,timeout_msm_tau_1_0.8_tau_2_0.75_lb_6,timeout_msm,65,2022-05-06,0.5676,0.5513,-0.0163,True
xgboost,timeout_msm_tau_1_0.8_tau_2_0.75_lb_6,timeout_msm,69,2022-09-07,0.5513,0.4111,-0.1402,False
xgboost,timeout_msm_tau_1_0.8_tau_2_0.75_lb_6,timeout_msm,73,2023-01-06,0.4111,0.381,-0.0301,False
xgboost,timeout_msm_tau_1_0.8_tau_2_0.75_lb_6,timeout_msm,77,2023-05-09,0.381,0.352,-0.029,False
xgboost,timeout_msm_tau_1_0.8_tau_2_0.75_lb_6,timeout_msm,81,2023-09-08,0.352,0.4846,0.1325,False
