Date,SPY,QQQ,IWM,TLT,GLD,HYG,UUP,VIX,OVX,MOVE,USO,T10Y2Y,BAA10Y,USEPUINDXD,DGS10,DFF
2017-01-03,194.46788024902344,112.28057861328124,120.6715087890625,92.85320281982422,110.47000122070312,53.58851623535156,22.305194854736328,12.850000381469728,32.880001068115234,76.7300033569336,91.5199966430664,1.23,2.27,89.85,2.45,0.66
2017-01-04,195.62478637695312,112.89110565185548,122.68389892578124,93.210205078125,110.86000061035156,53.87831497192383,22.13811492919922,11.850000381469728,32.36000061035156,76.41000366210938,92.63999938964844,1.22,2.25,101.99,2.46,0.66
2017-01-05,195.46939086914065,113.5298080444336,121.2681121826172,94.66934204101562,112.58000183105467,53.79815673828125,21.904203414916992,11.670000076293944,31.559999465942383,76.5,93.5999984741211,1.2,2.25,134.47,2.37,0.66
2017-01-06,196.16873168945312,114.52542877197266,120.82286834716795,93.8000717163086,111.75,53.78582382202149,22.06293296813965,11.31999969482422,30.46999931335449,75.23999786376953,93.44000244140624,1.2,2.24,96.97,2.42,0.66
2017-01-09,195.52120971679688,114.90113830566406,120.03040313720705,94.55289459228516,112.66999816894533,53.77349853515625,22.00445556640625,11.5600004196167,33.72999954223633,74.83000183105469,90.4800033569336,1.17,2.24,121.76,2.38,0.66
2017-01-10,195.52120971679688,115.15472412109376,121.1790771484375,94.4907684326172,113.1500015258789,53.77962875366211,22.012805938720703,11.489999771118164,33.61000061035156,73.26000213623047,88.55999755859375,1.19,2.24,121.9,2.38,0.66
2017-01-11,196.07369995117188,115.46470642089844,121.39276885986328,94.80901336669922,113.5,53.81049728393555,21.96268081665039,11.260000228881836,32.95000076293945,72.83000183105469,90.95999908447266,1.18,2.22,124.56,2.38,0.66
2017-01-12,195.58160400390625,115.28624725341795,120.45782470703124,94.59944915771484,113.91000366210938,53.82283782958984,21.87914085388184,11.539999961853027,32.369998931884766,73.73999786376953,92.31999969482422,1.18,2.25,113.32,2.36,0.66
2017-01-13,196.0305938720703,115.68074035644533,121.33045196533205,94.14929962158205,114.20999908447266,53.841339111328125,21.854080200195312,11.229999542236328,30.729999542236328,74.5,91.27999877929688,1.19,2.23,135.56,2.4,0.66
2017-01-17,195.33981323242188,115.33321380615234,119.68314361572266,95.13492584228516,115.8499984741211,53.78582382202149,21.653583526611328,11.869999885559082,31.25,73.94000244140625,91.44000244140624,1.16,2.26,160.96,2.33,0.66
2017-01-18,195.7715606689453,115.56804656982422,120.07493591308594,93.91644287109376,114.87000274658205,53.83517074584961,21.854080200195312,12.479999542236328,31.239999771118164,73.94000244140625,89.27999877929688,1.19,2.22,135.59,2.42,0.66
2017-01-19,195.04627990722656,115.51168823242188,119.09544372558594,93.27230834960938,114.7699966430664,53.66250228881836,21.82066345214844,12.779999732971191,30.8799991607666,78.31999969482422,89.36000061035156,1.22,2.21,95.56,2.47,0.66
2017-01-20,195.76292419433597,115.76526641845705,119.70982360839844,93.08606719970705,115.0500030517578,53.767337799072266,21.7454776763916,11.539999961853027,29.190000534057617,76.70999908447266,91.12000274658205,1.28,2.21,141.55,2.48,0.66
2017-01-23,195.2534942626953,115.85921478271484,119.21124267578124,94.017333984375,115.79000091552734,53.767337799072266,21.62852096557617,11.770000457763672,30.790000915527344,75.5199966430664,90.55999755859376,1.25,2.21,154.77,2.41,0.66
2017-01-24,196.50543212890625,116.63880157470705,121.0365982055664,93.37320709228516,115.2699966430664,53.8043327331543,21.63687515258789,11.06999969482422,29.59000015258789,75.52999877929688,90.95999908447266,1.26,2.22,136.15,2.47,0.66
2017-01-25,198.20626831054688,117.81288146972656,122.17633819580078,92.20130157470705,114.31999969482422,53.99546432495117,21.56168937683105,10.8100004196167,30.40999984741211,77.05999755859375,90.4800033569336,1.3,2.21,175.14,2.53,0.66
2017-01-26,197.99908447265625,117.93498229980467,121.68663787841795,92.5116958618164,113.26000213623048,53.970802307128906,21.703706741333008,10.630000114440918,29.59000015258789,74.69000244140625,92.23999786376952,1.3,2.2,89.25,2.51,0.66
2017-01-27,197.68826293945312,118.16040802001952,121.2681121826172,92.845458984375,113.48999786376952,54.0201530456543,21.712060928344727,10.579999923706056,29.780000686645508,72.19000244140625,91.1999969482422,1.27,2.19,135.05,2.49,0.66
2017-01-30,196.46226501464844,117.23992156982422,119.5762939453125,92.56602478027344,113.97000122070312,53.90914535522461,21.67029190063477,11.880000114440918,30.940000534057617,72.36000061035156,90.23999786376952,1.27,2.21,115.06,2.49,0.66
2017-01-31,196.44497680664065,117.00511169433594,120.41327667236328,93.210205078125,115.5500030517578,53.85366439819336,21.494855880737305,11.989999771118164,31.32999992370605,72.5199966430664,90.55999755859376,1.26,2.23,139.29,2.45,0.56
2017-02-01,196.5226593017578,117.81288146972656,120.34204864501952,92.63388061523438,115.1999969482422,54.05304718017578,21.51156616210937,11.8100004196167,30.649999618530277,70.83999633789062,91.83999633789062,1.26,2.23,158.28,2.48,0.66
2017-02-02,196.6522216796875,117.70954895019533,120.03929901123048,92.59498596191406,115.83999633789062,54.084014892578125,21.544981002807617,11.93000030517578,29.38999938964844,69.91999816894531,92.08000183105467,1.27,2.23,113.53,2.48,0.66
2017-02-03,198.0076904296875,118.04771423339844,121.87359619140624,92.55608367919922,116.12999725341795,54.17693328857422,21.5366268157959,10.970000267028809,28.11000061035156,67.38999938964844,92.31999969482422,1.28,2.24,131.28,2.49,0.66
2017-02-06,197.6537170410156,118.1885986328125,120.95645904541016,93.11611938476562,117.6999969482422,54.1397590637207,21.55333137512207,11.369999885559082,29.3700008392334,67.55000305175781,91.04000091552734,1.26,2.25,150.83,2.42,0.66
2017-02-07,197.66238403320312,118.62066650390624,120.42217254638672,93.8005142211914,117.45999908447266,54.05928421020508,21.661937713623047,11.289999961853027,29.61000061035156,68.06999969482422,89.5199966430664,1.24,2.24,121.82,2.4,0.66
2017-02-08,197.9213714599609,118.81790161132812,120.20850372314452,95.07611846923828,118.19000244140624,54.09639358520508,21.63687515258789,11.449999809265137,29.09000015258789,68.73999786376953,89.83999633789062,1.19,2.25,118.99,2.34,0.66
2017-02-09,199.0955810546875,119.24999237060548,121.90030670166016,93.97945404052734,117.29000091552734,54.17072677612305,21.72041320800781,10.880000114440918,28.25,68.94999694824219,90.8000030517578,1.2,2.24,74.34,2.4,0.66
2017-02-10,199.8812561035156,119.64446258544922,122.82634735107422,93.9250030517578,117.5999984741211,54.20791244506836,21.7454776763916,10.850000381469728,26.43000030517578,69.62999725341797,92.0,1.21,2.23,231.24,2.41,0.66
2017-02-13,200.96917724609372,120.32073211669922,123.14688873291016,93.62944793701172,116.8000030517578,54.28841018676758,21.795602798461918,11.06999969482422,26.989999771118164,68.83000183105469,90.55999755859376,1.23,2.23,77.85,2.43,0.66
2017-02-14,201.77200317382807,120.7246322631836,123.5565414428711,92.95279693603516,116.93000030517578,54.3255615234375,21.845726013183597,10.739999771118164,27.489999771118164,67.26000213623047,91.04000091552734,1.22,2.21,120.2,2.47,0.66
2017-02-15,202.82537841796875,121.43846893310548,124.29559326171876,92.52498626708984,117.4499969482422,54.34415817260742,21.803955078125,11.970000267028809,27.75,65.51000213623047,90.87999725341795,1.24,2.19,130.16,2.51,0.66
2017-02-16,202.65267944335935,121.4009246826172,123.94834899902344,93.0305633544922,118.08000183105467,54.30079650878906,21.678646087646484,11.760000228881836,27.3700008392334,68.2300033569336,91.27999877929688,1.23,2.2,89.07,2.45,0.66
2017-02-17,202.9721527099609,121.92691040039062,123.86815643310548,93.58280181884766,117.68000030517578,54.35654067993164,21.78724670410156,11.489999771118164,25.290000915527344,69.77999877929688,91.12000274658205,1.21,2.21,143.29,2.42,0.66
2017-02-21,204.1809234619141,122.52804565429688,124.83871459960938,93.41941833496094,117.75,54.53611755371094,21.887495040893555,11.56999969482422,25.790000915527344,68.72000122070312,92.31999969482422,1.21,2.2,87.54,2.43,0.66
2017-02-22,203.9995574951172,122.57498931884766,124.28665924072266,93.57501983642578,117.91000366210938,54.56092071533203,21.837371826171875,11.739999771118164,27.09000015258789,69.26000213623047,90.87999725341795,1.2,2.21,226.71,2.42,0.66
2017-02-23,204.1376953125,122.11478424072266,123.54764556884766,93.85498046875,118.94000244140624,54.61042404174805,21.78724670410156,11.710000038146973,25.790000915527344,68.63999938964844,92.23999786376952,1.2,2.23,84.74,2.38,0.66
2017-02-24,204.396728515625,122.34954833984376,123.45853424072266,94.89727783203124,119.6999969482422,54.653785705566406,21.829015731811523,11.470000267028809,25.71999931335449,69.8499984741211,91.68000030517578,1.19,2.23,99.0,2.31,0.66
2017-02-27,204.7161865234375,122.49983978271484,124.66065979003906,94.33723449707033,119.12000274658205,54.72191619873047,21.829015731811523,12.09000015258789,25.01000022888184,70.88999938964844,91.76000213623048,1.16,2.21,117.37,2.36,0.66
2017-02-28,204.16363525390625,122.12413024902344,122.73731994628906,94.6872329711914,119.2300033569336,54.67854309082031,21.81230926513672,12.920000076293944,25.459999084472656,70.88999938964844,91.5999984741211,1.14,2.19,114.25,2.36,0.57
2017-03-01,207.0214080810547,123.4579086303711,124.98120880126952,93.10062408447266,119.05999755859376,54.88014602661133,21.96268081665039,12.539999961853027,24.670000076293945,70.88999938964844,91.1999969482422,1.17,2.18,111.9,2.46,0.66
2017-03-02,205.71766662597656,122.83799743652344,123.54764556884766,92.76554107666016,117.58000183105467,54.7059326171875,22.054576873779297,11.8100004196167,25.940000534057617,69.54000091552734,89.36000061035156,1.17,2.16,125.27,2.49,0.66
2017-03-03,205.8472137451172,123.06342315673828,123.45853424072266,93.00709533691406,117.51000213623048,54.73078155517578,21.86243438720703,10.960000038146973,25.59000015258789,65.79000091552734,90.31999969482422,1.17,2.16,88.91,2.49,0.66
2017-03-06,205.2342529296875,122.79100799560548,122.6126480102539,92.56291198730467,116.72000122070312,54.5566635131836,21.937620162963867,11.239999771118164,26.959999084472656,65.41000366210938,90.23999786376952,1.18,2.17,104.29,2.49,0.66
2017-03-07,204.6211853027344,122.58438110351562,121.81126403808594,92.28235626220705,115.77999877929688,54.20212936401367,21.96268081665039,11.449999809265137,26.459999084472656,66.02999877929688,90.16000366210938,1.2,2.15,71.17,2.52,0.66
2017-03-08,204.24136352539065,122.8004379272461,121.0098648071289,91.78367614746094,115.05999755859376,53.84134292602539,22.037864685058597,11.859999656677246,31.739999771118164,66.61000061035156,85.36000061035156,1.21,2.15,124.51,2.57,0.66
2017-03-09,204.5003204345703,122.89436340332033,120.52906036376952,91.05109405517578,114.47000122070312,53.69830322265625,21.9960994720459,12.300000190734863,31.979999542236328,69.18000030517578,84.23999786376953,1.23,2.17,95.37,2.6,0.66
2017-03-10,205.2169189453125,123.4109344482422,121.06329345703124,91.37061309814452,114.72000122070312,53.67961120605469,21.845726013183597,11.65999984741211,33.45000076293945,67.69999694824219,82.31999969482422,1.22,2.18,81.65,2.58,0.66
2017-03-13,205.32054138183597,123.61758422851562,121.34820556640624,90.79393768310548,114.73999786376952,53.72316360473633,21.87914085388184,11.350000381469728,32.38999938964844,65.63999938964844,82.23999786376953,1.22,2.17,56.5,2.62,0.66
2017-03-14,204.53488159179688,123.31700134277344,120.76946258544922,91.23039245605467,114.12000274658205,53.56144714355469,21.954326629638672,12.300000190734863,33.189998626708984,65.18000030517578,81.5199966430664,1.2,2.18,122.3,2.6,0.66
2017-03-15,206.30479431152344,124.07784271240234,122.63936614990234,92.34471130371094,116.25,54.301639556884766,21.69535446166992,11.630000114440918,30.07999992370605,61.619998931884766,83.04000091552734,1.18,2.2,159.48,2.51,0.66
2017-03-16,205.8989715576172,123.99329376220705,122.79963684082033,91.87713623046876,116.7300033569336,54.14613342285156,21.620166778564453,11.210000038146973,28.6299991607666,60.43999862670898,82.87999725341797,1.18,2.21,91.44,2.53,0.91
2017-03-17,205.5373992919922,123.9499969482422,123.28939056396484,92.45382690429688,116.98999786376952,54.16480255126953,21.62852096557617,11.279999732971191,27.450000762939453,60.720001220703125,82.63999938964844,1.17,2.22,152.01,2.5,0.91
2017-03-20,205.3119659423828,124.06292724609376,122.75515747070312,92.85125732421876,117.51000213623048,54.05905532836914,21.63687515258789,11.34000015258789,28.11000061035156,59.81999969482422,82.16000366210938,1.17,2.23,161.69,2.47,0.91
2017-03-21,202.6758728027344,122.18051147460938,119.29131317138672,93.62272644042967,118.54000091552734,53.67339324951172,21.503210067749023,12.470000267028809,30.56999969482422,62.130001068115234,80.87999725341797,1.16,2.23,184.47,2.43,0.91
2017-03-22,203.1527862548828,123.00877380371094,119.31808471679688,93.99678802490234,118.83000183105467,53.804012298583984,21.486501693725582,12.8100004196167,30.049999237060547,62.130001068115234,80.95999908447266,1.13,2.23,65.8,2.4,0.91
2017-03-23,202.9360198974609,122.69815063476562,120.01258850097656,93.86434173583984,118.66999816894533,53.82266616821289,21.51156616210937,13.119999885559082,29.790000915527344,65.22000122070312,80.08000183105469,1.15,2.24,48.67,2.41,0.91
2017-03-24,202.7885589599609,122.9522933959961,120.09920501708984,94.19945526123048,118.86000061035156,54.00929260253906,21.503210067749023,12.960000038146973,30.989999771118164,64.44999694824219,80.72000122070312,1.14,2.22,106.37,2.4,0.91
2017-03-27,202.58042907714844,123.14997863769533,120.3224639892578,94.62799835205078,119.52999877929688,53.95327377319336,21.386253356933597,12.5,30.780000686645508,62.68000030517578,80.31999969482422,1.11,2.23,83.12,2.38,0.91
2017-03-28,204.0546112060547,123.9029541015625,121.26012420654295,93.99678802490234,119.04000091552734,54.25185394287109,21.503210067749023,11.529999732971191,29.920000076293945,61.95000076293945,81.19999694824219,1.12,2.22,89.73,2.42,0.91
2017-03-29,204.24539184570312,124.47708129882812,121.65301513671876,94.55784606933594,119.33000183105467,54.36382675170898,21.544981002807617,11.420000076293944,28.540000915527344,61.02000045776367,82.95999908447266,1.13,2.23,66.64,2.39,0.91
2017-03-30,204.89572143554688,124.68418884277344,122.57281494140624,93.7941665649414,118.47000122070312,54.61885452270508,21.686996459960938,11.539999961853027,27.81999969482422,60.93999862670898,84.55999755859375,1.14,2.23,91.55,2.42,0.91
2017-03-31,204.4188232421875,124.59944915771484,122.76925659179688,94.0669403076172,118.72000122070312,54.600223541259766,21.678646087646484,12.369999885559082,27.59000015258789,60.70000076293945,85.12000274658203,1.13,2.24,221.37,2.4,0.82
2017-04-03,204.06329345703125,124.52417755126952,121.4744644165039,95.01573944091795,119.3499984741211,54.57083511352539,21.678646087646484,12.380000114440918,26.88999938964844,61.22999954223633,84.4000015258789,1.11,2.26,115.76,2.35,0.91
2017-04-04,204.19332885742188,124.72179412841795,121.33152770996094,94.50031280517578,119.62000274658205,54.58955764770508,21.703706741333008,11.789999961853027,27.96999931335449,64.7699966430664,85.68000030517578,1.11,2.26,103.95,2.36,0.91
2017-04-05,203.5863800048828,124.21353912353516,119.95636749267578,94.78927612304688,119.62000274658205,54.54589080810547,21.69535446166992,12.890000343322754,27.729999542236328,63.720001220703125,85.44000244140625,1.1,2.29,75.28,2.34,0.91
2017-04-06,204.15866088867188,124.27941131591795,121.0725555419922,94.648681640625,119.18000030517578,54.61456680297852,21.7454776763916,12.390000343322754,26.790000915527344,68.25,86.87999725341797,1.1,2.27,82.38,2.34,0.91
2017-04-07,203.95053100585935,124.21353912353516,121.01898193359376,94.26605987548828,119.45999908447266,54.58955764770508,21.845726013183597,12.869999885559082,27.459999084472656,68.66000366210938,87.68000030517578,1.09,2.24,67.93,2.38,0.91
2017-04-10,204.07196044921875,124.26065063476562,121.28690338134766,94.70338439941406,119.45999908447266,54.6645393371582,21.803955078125,14.050000190734863,26.709999084472656,68.5,89.12000274658203,1.08,2.24,118.06,2.37,0.91
2017-04-11,203.8291931152344,123.72406768798828,122.25131225585938,95.60144805908205,121.19000244140624,54.558353424072266,21.73712539672852,15.06999969482422,27.270000457763672,70.55999755859375,89.36000061035156,1.08,2.24,41.86,2.32,0.91
2017-04-12,202.9360198974609,123.22525024414062,120.59034729003906,96.12467193603516,122.0199966430664,54.59584045410156,21.62852096557617,15.770000457763672,26.920000076293945,73.41999816894531,88.87999725341797,1.04,2.28,79.49,2.28,0.91
2017-04-13,201.6179351806641,122.73582458496094,119.4115753173828,96.4214096069336,122.5999984741211,54.48338317871094,21.703706741333008,15.960000038146973,26.020000457763672,74.4800033569336,89.04000091552734,1.03,2.28,59.73,2.24,0.91
2017-04-17,203.404296875,123.75233459472656,120.81363677978516,96.12467193603516,122.23999786376952,54.64579391479492,21.64522933959961,14.65999984741211,25.799999237060547,70.95999908447266,88.4800033569336,1.05,2.29,119.99,2.26,0.91
2017-04-18,202.7972412109375,123.56410217285156,120.84039306640624,97.3819808959961,122.81999969482422,54.6333122253418,21.461441040039062,14.420000076293944,26.8799991607666,72.87000274658203,88.31999969482422,1.0,2.29,71.39,2.18,0.91
2017-04-19,202.4244384765625,123.7617645263672,121.26012420654295,96.85094451904295,121.7300033569336,54.58333587646485,21.5366268157959,14.93000030517578,29.809999465942383,73.12999725341797,84.95999908447266,1.02,2.29,93.31,2.21,0.91
2017-04-20,204.07196044921875,124.79714965820312,122.80498504638672,96.47607421875,121.95999908447266,54.76448822021485,21.544981002807617,14.149999618530272,27.959999084472656,73.86000061035156,84.31999969482422,1.03,2.28,55.86,2.24,0.91
2017-04-21,203.42160034179688,124.76886749267578,122.52816772460938,96.47607421875,122.30999755859376,54.72076034545898,21.56168937683105,14.630000114440918,30.059999465942383,77.1500015258789,82.55999755859375,1.04,2.29,124.51,2.24,0.91
2017-04-24,205.6588134765625,126.27484130859376,124.05519104003906,95.99967956542967,121.4800033569336,54.97689056396485,21.36119270324707,10.84000015258789,29.8799991607666,63.27000045776367,82.0,1.03,2.28,144.04,2.28,0.91
2017-04-25,206.85549926757807,127.18782806396484,125.2607421875,94.84393310546876,120.25,55.07684326171875,21.302715301513672,10.760000228881836,29.38999938964844,62.36000061035156,82.87999725341797,1.06,2.26,58.82,2.35,0.91
2017-04-26,206.72544860839844,127.00895690917967,125.90367126464844,95.3672103881836,120.83999633789062,55.02682495117188,21.35283851623535,10.850000381469728,29.31999969482422,60.95000076293945,82.08000183105469,1.04,2.27,70.4,2.32,0.91
2017-04-27,206.89878845214844,127.77135467529295,125.86793518066406,95.33594512939452,120.38999938964844,55.0643196105957,21.386253356933597,10.359999656677246,29.8799991607666,59.81999969482422,81.91999816894531,1.05,2.28,63.06,2.3,0.91
2017-04-28,206.44790649414065,127.99727630615234,124.18016052246094,95.54674530029295,120.7699966430664,55.04560089111328,21.36119270324707,10.81999969482422,28.549999237060547,60.18999862670898,81.91999816894531,1.01,2.28,62.79,2.29,0.83
2017-05-01,206.9681701660156,129.13613891601562,124.89461517333984,94.75251770019533,119.66999816894533,55.07383346557617,21.377899169921875,10.109999656677246,29.420000076293945,59.400001525878906,81.19999694824219,1.05,2.29,97.49,2.33,0.91
2017-05-02,207.04623413085935,129.3526153564453,124.26055908203124,95.23766326904295,119.6500015258789,55.09260559082031,21.344486236572266,10.59000015258789,32.22999954223633,60.31999969482422,79.36000061035156,1.02,2.3,89.58,2.29,0.91
2017-05-03,206.7947235107422,128.9385528564453,123.49261474609376,95.3002700805664,117.9800033569336,55.14282989501953,21.428024291992188,10.68000030517578,32.79999923706055,59.380001068115234,79.44000244140625,1.03,2.23,86.79,2.33,0.91
2017-05-04,207.0375518798828,128.98556518554688,123.32292175292967,94.83073425292967,116.79000091552734,54.84798049926758,21.294361114501957,10.460000038146973,34.66999816894531,60.08000183105469,75.68000030517578,1.04,2.25,184.47,2.36,0.91
2017-05-05,207.8526306152344,129.4561767578125,124.1177215576172,94.91676330566406,117.01000213623048,54.94205474853516,21.26094436645508,10.56999969482422,33.83000183105469,58.720001220703125,77.27999877929688,1.04,2.24,72.21,2.36,0.91
2017-05-08,207.8180389404297,129.73855590820312,123.59978485107422,94.40033721923828,116.75,55.00479888916016,21.377899169921875,9.770000457763672,33.849998474121094,55.40999984741211,77.36000061035156,1.06,2.23,113.15,2.39,0.91
2017-05-09,207.6272735595703,130.19032287597656,123.5461883544922,94.39250183105467,116.0500030517578,54.967166900634766,21.486501693725582,9.960000038146973,34.209999084472656,55.220001220703125,76.55999755859375,1.05,2.22,84.95,2.42,0.91
2017-05-10,208.00006103515625,130.265625,124.31413269042967,94.28295135498048,116.04000091552734,55.20555114746094,21.494855880737305,10.210000038146973,34.02000045776367,55.02999877929688,78.87999725341797,1.06,2.22,67.32,2.41,0.91
2017-05-11,207.5751800537109,130.16204833984375,123.44792938232422,94.28295135498048,116.5,55.21183776855469,21.503210067749023,10.600000381469728,33.720001220703125,54.470001220703125,79.5199966430664,1.04,2.24,49.78,2.39,0.91
2017-05-12,207.2283172607422,130.45388793945312,122.79607391357422,94.99507904052734,116.83000183105467,55.192989349365234,21.394609451293945,10.399999618530272,33.720001220703125,55.709999084472656,79.5999984741211,1.04,2.25,129.4,2.33,0.91
2017-05-15,208.3729248046875,130.8679962158203,123.75157165527344,94.7368392944336,117.13999938964844,55.3184814453125,21.336132049560547,10.420000076293944,33.099998474121094,56.72999954223633,81.36000061035156,1.03,2.25,169.44,2.34,0.91
2017-05-16,208.18218994140625,131.4139404296875,123.79621887207033,95.0889663696289,117.6500015258789,55.400020599365234,21.177404403686523,10.649999618530272,33.439998626708984,55.5,80.87999725341797,1.04,2.24,118.0,2.33,0.91
2017-05-17,204.48817443847656,128.07257080078125,120.45641326904295,96.47411346435548,119.79000091552734,55.15538024902344,21.035385131835938,15.59000015258789,33.900001525878906,62.58000183105469,81.5199966430664,0.96,2.26,62.79,2.22,0.91
2017-05-18,205.3119659423828,129.19264221191406,120.89396667480467,96.5837173461914,118.80999755859376,55.21810531616211,21.110570907592773,14.65999984741211,32.79999923706055,58.97999954223633,82.08000183105469,0.96,2.26,89.48,2.23,0.91
2017-05-19,206.6473388671875,129.73855590820312,121.4744644165039,96.81063079833984,119.4000015258789,55.3184814453125,20.96020126342773,12.039999961853027,29.76000022888184,57.81999969482422,83.83999633789062,0.95,2.26,87.23,2.23,0.91
2017-05-22,207.69656372070312,130.83035278320312,122.29595947265624,96.54454040527344,119.9000015258789,55.48785018920898,20.92678451538086,10.93000030517578,30.59000015258789,55.470001220703125,84.31999969482422,0.96,2.24,83.62,2.25,0.91
2017-05-23,208.1561279296875,130.96212768554688,122.69781494140624,95.89502716064452,119.13999938964844,55.48160171508789,21.0186824798584,10.720000267028809,31.770000457763672,55.470001220703125,85.12000274658203,0.98,2.22,64.98,2.29,0.91
2017-05-24,208.64175415039065,131.56454467773438,122.77815246582033,96.43502044677734,119.61000061035156,55.57569885253906,20.951847076416016,10.020000457763672,30.940000534057617,54.40999984741211,84.80000305175781,0.97,2.25,76.1,2.26,0.91
2017-05-25,209.63897705078125,132.68458557128906,122.85855865478516,96.46632385253906,119.4800033569336,55.5317497253418,20.97690963745117,9.989999771118164,33.029998779296875,54.31999969482422,80.31999969482422,0.95,2.24,51.65,2.25,0.91
2017-05-26,209.5955810546875,132.91989135742188,122.82284545898438,96.6306381225586,120.54000091552734,55.563133239746094,21.02703094482422,9.8100004196167,30.040000915527344,54.04999923706055,82.23999786376953,0.95,2.24,62.91,2.25,0.91
2017-05-30,209.4135589599609,133.0327606201172,121.8584442138672,97.10800170898438,120.13999938964844,55.61959457397461,21.001972198486328,10.380000114440918,30.299999237060547,54.04999923706055,81.91999816894531,0.93,2.25,45.36,2.21,0.91
2017-05-31,209.3615264892578,132.9857940673828,121.73340606689452,97.35061645507812,120.62000274658205,55.61333084106445,20.951847076416016,10.40999984741211,32.290000915527344,53.95000076293945,79.68000030517578,0.93,2.23,168.16,2.21,0.83
2017-06-01,211.0263519287109,133.50343322753906,124.08200073242188,97.3608169555664,120.72000122070312,55.77521514892578,20.97690963745117,9.890000343322754,31.190000534057617,54.0,79.27999877929688,0.93,2.24,100.04,2.21,0.91
2017-06-02,211.728759765625,135.0281982421875,124.88568878173828,98.51361083984376,121.61000061035156,55.80673599243164,20.87666130065918,9.75,32.470001220703125,53.7400016784668,78.87999725341797,0.87,2.24,61.36,2.15,0.91
2017-06-05,211.5727081298828,135.00003051757812,124.10880279541016,97.9019012451172,121.7300033569336,55.75631713867188,20.893367767333984,10.06999969482422,33.709999084472656,53.0,78.4000015258789,0.86,2.24,274.58,2.18,0.91
2017-06-06,210.8962860107422,134.4635009765625,123.99266052246094,98.4351577758789,123.0999984741211,55.66814041137695,20.843244552612305,10.449999809265137,32.119998931884766,53.220001220703125,79.76000213623047,0.84,2.25,85.3,2.14,0.91
2017-06-07,211.2865295410156,134.99058532714844,124.10880279541016,97.96463775634766,122.4499969482422,55.554725646972656,20.86830711364746,10.390000343322754,34.22999954223633,54.79999923706055,75.68000030517578,0.86,2.23,46.07,2.18,0.91
2017-06-08,211.3905792236328,135.1317596435547,125.80545806884766,97.70587158203124,121.6500015258789,55.59883880615234,20.943492889404297,10.15999984741211,33.84000015258789,53.72999954223633,75.44000244140625,0.86,2.23,33.16,2.19,0.91
2017-06-09,211.06976318359372,131.75279235839844,126.45735168457033,97.5568618774414,120.54000091552734,55.6429328918457,21.01032447814941,10.699999809265137,32.59000015258789,52.560001373291016,75.91999816894531,0.86,2.21,65.8,2.21,0.91
2017-06-12,211.0263519287109,131.0468292236328,126.25198364257812,97.52547454833984,120.36000061035156,55.737430572509766,20.97690963745117,11.460000038146973,33.95000076293945,52.31999969482422,76.16000366210938,0.86,2.22,98.63,2.21,0.91
2017-06-13,212.05825805664065,132.1103973388672,126.89491271972656,97.5411605834961,120.4800033569336,55.83823013305664,20.951847076416016,10.420000076293944,32.34000015258789,51.66999816894531,76.80000305175781,0.83,2.21,144.57,2.21,0.91
2017-06-14,211.78944396972656,131.53627014160156,126.14476776123048,99.04685974121094,119.81999969482422,55.84454345703125,20.935138702392575,10.640000343322754,32.02000045776367,52.220001220703125,73.83999633789062,0.8,2.19,48.72,2.15,0.91
2017-06-15,211.3819732666016,130.9527130126953,125.50182342529295,98.89000701904295,119.31999969482422,55.63034439086914,21.060449600219727,10.899999618530272,31.899999618530277,51.59000015258789,73.44000244140625,0.81,2.18,67.05,2.16,1.16
2017-06-16,211.42807006835935,130.38455200195312,125.18928527832033,99.08605194091795,119.33999633789062,55.53580474853516,20.985265731811523,10.380000114440918,27.93000030517578,51.47999954223633,73.91999816894531,0.84,2.19,80.07,2.16,1.16
2017-06-19,213.1882781982422,132.5647430419922,126.1180191040039,98.94491577148438,118.43000030517578,55.7059440612793,21.0771598815918,10.369999885559082,30.34000015258789,51.59999847412109,72.95999908447266,0.83,2.17,75.3,2.19,1.16
2017-06-20,211.75048828125,131.52651977539062,124.84103393554688,99.83109283447266,118.18000030517578,55.5106086730957,21.110570907592773,10.859999656677246,32.4900016784668,51.59999847412109,71.5999984741211,0.8,2.16,93.24,2.16,1.16
2017-06-21,211.69827270507807,132.82894897460938,124.52847290039062,100.03501892089844,118.5199966430664,55.18932723999024,21.068803787231445,10.75,33.31999969482422,51.63999938964844,69.68000030517578,0.8,2.15,90.96,2.16,1.16
2017-06-22,211.6023712158203,132.7912139892578,125.0017318725586,100.2545928955078,118.91999816894533,55.34053039550781,21.0771598815918,10.479999542236328,32.650001525878906,51.130001068115234,70.23999786376953,0.81,2.16,93.79,2.15,1.16
2017-06-23,211.8550720214844,133.3008575439453,125.83226013183594,100.20751953125,119.43000030517578,55.56731414794922,21.01032447814941,10.020000457763672,31.920000076293945,51.15999984741211,70.87999725341797,0.81,2.15,135.04,2.15,1.16
2017-06-26,211.99447631835935,132.67796325683594,125.98407745361328,100.58392333984376,118.36000061035156,55.6429328918457,21.04374122619629,9.899999618530272,31.770000457763672,50.02000045776367,71.44000244140625,0.78,2.15,44.92,2.14,1.16
2017-06-27,210.28665161132807,130.27130126953125,124.87674713134766,99.50953674316406,118.80999755859376,55.46654510498047,20.809829711914062,11.0600004196167,32.279998779296875,52.09999847412109,72.80000305175781,0.83,2.12,93.1,2.21,1.16
2017-06-28,212.16876220703125,132.1494903564453,126.78776550292967,99.18021392822266,118.9000015258789,55.69332885742188,20.742996215820312,10.029999732971191,30.799999237060547,52.5099983215332,73.5999984741211,0.88,2.14,95.31,2.22,1.16
2017-06-29,210.30404663085935,129.85601806640625,126.03763580322266,98.34890747070312,118.31999969482422,55.554725646972656,20.64274787902832,11.4399995803833,30.459999084472656,54.65999984741211,73.68000030517578,0.89,2.11,65.45,2.27,1.16
2017-06-30,210.69615173339844,129.90328979492188,125.84115600585938,98.12149810791016,118.0199966430664,55.68703842163086,20.67616271972656,11.18000030517578,28.700000762939453,55.220001220703125,76.0,0.93,2.09,111.89,2.31,1.06
2017-07-03,211.0533905029297,128.5347137451172,126.89491271972656,97.80557250976562,116.08999633789062,55.65983200073242,20.801475524902344,11.220000267028809,30.26000022888184,55.25,76.95999908447266,0.94,2.07,101.66,2.35,1.16
2017-07-05,211.5413818359375,129.79940795898438,126.4394989013672,97.82915496826172,116.5199966430664,55.61553192138672,20.809829711914062,11.06999969482422,32.61000061035156,56.43999862670898,74.0,0.92,2.08,57.04,2.33,1.16
2017-07-06,209.60694885253903,128.629150390625,124.7883758544922,97.0197296142578,116.47000122070312,55.476356506347656,20.71793556213379,12.539999961853027,32.81999969482422,56.959999084472656,74.4800033569336,0.97,2.07,76.45,2.37,1.16
2017-07-07,210.96630859375,130.01646423339844,125.99910736083984,96.43822479248048,115.27999877929688,55.42571258544922,20.751352310180664,11.1899995803833,33.16999816894531,55.7599983215332,72.80000305175781,0.99,2.08,160.41,2.39,1.16
2017-07-10,211.19284057617188,130.86587524414062,125.45206451416016,96.5796890258789,115.47000122070312,55.48900604248047,20.75970268249512,11.109999656677246,33.22999954223633,53.18000030517578,73.04000091552734,0.98,2.08,92.94,2.38,1.16
2017-07-11,211.0360107421875,131.2340087890625,125.81976318359376,96.74465942382812,115.62000274658205,55.45103073120117,20.68451690673828,10.890000343322754,33.61000061035156,53.220001220703125,74.16000366210938,1.0,2.08,85.23,2.37,1.16
2017-07-12,212.6218719482422,132.7912139892578,126.788330078125,97.41265869140624,116.02999877929688,55.81167984008789,20.68451690673828,10.300000190734863,32.47999954223633,52.43000030517578,74.63999938964844,0.98,2.09,70.04,2.33,1.16
2017-07-13,212.9791259765625,133.08380126953125,126.89600372314452,96.7997589111328,115.81999969482422,55.85594940185547,20.692874908447266,9.899999618530272,31.76000022888184,52.209999084472656,75.76000213623047,0.98,2.09,73.54,2.35,1.16
2017-07-14,213.9724884033203,134.1314239501953,127.1112289428711,96.9176025390625,116.7699966430664,56.01416778564453,20.567562103271484,9.510000228881836,30.280000686645508,51.02999877929688,76.72000122070312,0.98,2.09,90.61,2.33,1.16
2017-07-17,213.94630432128903,134.19747924804688,127.40716552734376,97.1847686767578,117.29000091552734,56.03313446044922,20.567562103271484,9.81999969482422,30.61000061035156,50.0,75.5999984741211,0.95,2.09,92.6,2.31,1.16
2017-07-18,214.05963134765625,135.0940704345703,127.07534790039062,98.03346252441406,118.11000061035156,56.05844879150391,20.458959579467773,9.890000343322754,29.959999084472656,49.54999923706055,76.31999969482422,0.91,2.08,88.82,2.27,1.16
2017-07-19,215.21856689453125,135.8868408203125,128.33995056152344,98.07276916503906,118.08000183105467,56.15332412719727,20.50908088684082,9.789999961853027,29.549999237060547,48.2599983215332,77.5199966430664,0.9,2.07,51.42,2.27,1.16
2017-07-20,215.3144378662109,136.06617736816406,128.4296112060547,98.35564422607422,118.23999786376952,56.18498992919922,20.383773803710938,9.579999923706056,29.25,47.0,76.87999725341797,0.9,2.05,100.4,2.27,1.16
2017-07-21,215.1226959228516,136.00950622558594,127.84664916992188,98.77216339111328,119.26000213623048,56.14068984985352,20.31694221496582,9.359999656677246,29.25,47.45000076293945,74.72000122070312,0.88,2.05,73.36,2.24,1.16
2017-07-24,215.0704345703125,136.63246154785156,128.02603149414062,98.3870849609375,119.30999755859376,56.18498992919922,20.325294494628903,9.43000030517578,29.239999771118164,47.0,76.0,0.89,2.06,305.98,2.26,1.16
2017-07-25,215.5931701660156,136.283203125,129.19192504882812,97.10617065429688,118.91999816894533,56.21028137207031,20.35871315002441,9.43000030517578,29.18000030517578,49.56999969482422,78.4800033569336,0.93,2.05,162.68,2.33,1.16
2017-07-26,215.60198974609372,136.72682189941406,128.4744415283203,97.26334381103516,119.87999725341795,56.29253768920898,20.24175262451172,9.600000381469728,29.440000534057617,47.27999877929688,79.68000030517578,0.93,2.07,80.27,2.29,1.16
2017-07-27,215.4015350341797,135.86802673339844,127.65830993652344,96.7839813232422,119.79000091552734,56.248268127441406,20.31694221496582,10.109999656677246,29.809999465942383,48.41999816894531,80.4800033569336,0.96,2.07,40.48,2.32,1.16
2017-07-28,215.14886474609372,135.75473022460938,127.3175048828125,97.3576889038086,120.69000244140624,56.25459289550781,20.191633224487305,10.289999961853027,29.86000061035156,48.52999877929688,81.36000061035156,0.96,2.05,45.32,2.3,1.16
2017-07-31,215.0268096923828,135.178955078125,126.91387939453124,97.47551727294922,120.75,56.25459289550781,20.108089447021484,10.260000228881836,30.84000015258789,48.13999938964844,82.23999786376953,0.96,2.06,80.96,2.3,1.07
2017-08-01,215.506103515625,135.49044799804688,127.15606689453124,98.1598663330078,120.6500015258789,56.31048202514648,20.141510009765625,10.09000015258789,30.540000915527344,49.970001220703125,80.72000122070312,0.92,2.06,70.77,2.26,1.16
2017-08-02,215.61065673828125,135.85855102539062,125.76596069335938,98.21502685546876,120.4000015258789,56.32321166992188,20.11644554138184,10.279999732971191,30.43000030517578,48.75,81.12000274658203,0.91,2.05,57.38,2.27,1.16
2017-08-03,215.19239807128903,135.33006286621094,125.1381378173828,99.23094940185548,120.58999633789062,56.215179443359375,20.06632232666016,10.4399995803833,29.649999618530277,47.93000030517578,80.16000366210938,0.9,2.05,61.0,2.24,1.16
2017-08-04,215.5845184326172,135.57542419433594,125.7480010986328,98.38829040527344,119.6500015258789,56.22787857055664,20.24175262451172,10.029999732971191,28.530000686645508,47.27999877929688,81.04000091552734,0.91,2.05,63.9,2.27,1.16
2017-08-07,215.9853515625,136.4342803955078,125.95427703857422,98.49857330322266,119.51000213623048,56.2025032043457,20.233402252197266,9.93000030517578,28.729999542236328,46.90999984741211,80.80000305175781,0.9,2.06,96.65,2.26,1.16
2017-08-08,215.4538116455078,136.1982879638672,125.55963134765624,98.14411163330078,119.86000061035156,55.96106719970703,20.266820907592773,10.960000038146973,29.440000534057617,47.34000015258789,80.4800033569336,0.93,2.07,56.87,2.29,1.16
2017-08-09,215.4451446533203,136.0189666748047,124.47445678710938,98.67962646484376,121.30999755859376,55.74503326416016,20.250110626220703,11.109999656677246,29.059999465942383,49.66999816894531,81.19999694824219,0.91,2.09,62.08,2.24,1.16
2017-08-10,212.404052734375,133.10269165039062,122.21440887451172,99.52237701416016,122.20999908447266,55.38923645019531,20.21669578552246,16.040000915527344,29.270000457763672,52.0,79.27999877929688,0.87,2.11,66.59,2.2,1.16
2017-08-11,212.71771240234372,134.11256408691406,122.39378356933594,99.569580078125,122.79000091552734,55.48452758789063,20.141510009765625,15.510000228881836,28.40999984741211,52.060001373291016,79.91999816894531,0.89,2.12,41.93,2.19,1.16
2017-08-14,214.82640075683597,135.8396759033203,124.25021362304688,99.05769348144533,121.91999816894533,55.77680969238281,20.225046157836918,12.329999923706056,29.15999984741211,49.29999923706055,77.76000213623047,0.89,2.11,88.94,2.22,1.16
2017-08-15,214.8002777099609,135.9340362548828,123.22783660888672,98.64032745361328,120.9800033569336,55.79585647583008,20.31694221496582,12.039999961853027,29.309999465942383,48.630001068115234,78.0,0.92,2.09,86.83,2.27,1.16
2017-08-16,215.17491149902344,136.16998291015625,123.2637176513672,99.00255584716795,121.87000274658205,55.80219650268555,20.250110626220703,11.739999771118164,29.18000030517578,48.470001220703125,76.55999755859375,0.9,2.09,47.71,2.23,1.16
2017-08-17,211.8201904296875,133.38580322265625,121.0125961303711,99.74285888671876,122.48999786376952,55.49088668823242,20.291881561279297,15.550000190734863,29.309999465942383,48.84000015258789,76.95999908447266,0.87,2.11,56.82,2.19,1.16
2017-08-18,211.48910522460935,133.29144287109375,121.00363159179688,99.71924591064452,122.3000030517578,55.573490142822266,20.225046157836918,14.260000228881836,27.530000686645508,50.15999984741211,79.76000213623047,0.86,2.12,60.34,2.19,1.16
2017-08-21,211.6547088623047,133.12155151367188,120.92292785644533,99.9633560180664,122.76000213623048,55.630672454833984,20.16656875610352,13.1899995803833,28.770000457763672,52.060001373291016,77.68000030517578,0.86,2.12,60.63,2.18,1.16
2017-08-22,213.8679656982422,135.15074157714844,122.23235321044922,99.57748413085938,122.20999908447266,55.85939407348633,20.250110626220703,11.350000381469728,27.96999931335449,51.29999923706055,78.16000366210938,0.89,2.1,74.28,2.22,1.16
2017-08-23,213.1011199951172,134.66932678222656,122.0350112915039,100.2547607421875,122.66999816894533,55.86574935913086,20.16656875610352,12.25,27.799999237060547,52.08000183105469,79.04000091552734,0.85,2.12,69.07,2.17,1.16
2017-08-24,212.6044769287109,134.2729949951172,122.41170501708984,99.8846435546875,122.29000091552734,55.94835662841797,20.20834350585937,12.229999542236328,28.3700008392334,52.4900016784668,77.68000030517578,0.86,2.12,42.9,2.19,1.16
2017-08-25,213.1011199951172,133.98983764648438,122.76148986816406,100.27053833007812,122.73999786376952,56.05000686645508,20.041257858276367,11.279999732971191,28.8799991607666,50.560001373291016,78.0,0.82,2.12,72.15,2.17,1.16
2017-08-28,213.10987854003903,134.4051055908203,123.28167724609376,100.2075424194336,124.69000244140624,56.05635070800781,19.9827823638916,11.31999969482422,30.38999938964844,48.86000061035156,76.23999786376953,0.83,2.13,80.49,2.16,1.16
2017-08-29,213.3538055419922,134.93362426757812,123.30854034423828,100.53043365478516,124.41999816894533,55.9864616394043,20.007843017578125,11.699999809265137,30.489999771118164,51.400001525878906,75.68000030517578,0.8,2.15,81.46,2.13,1.16
2017-08-30,214.36459350585935,136.5191650390625,124.09778594970705,100.4989242553711,124.36000061035156,56.138938903808594,20.133155822753903,11.220000267028809,29.780000686645508,51.560001373291016,75.04000091552734,0.82,2.14,42.02,2.15,1.16
2017-08-31,215.65423583984372,137.98207092285156,125.31748962402344,100.79818725585938,125.81999969482422,56.29144287109375,20.074676513671875,10.59000015258789,29.100000381469727,51.130001068115234,77.04000091552734,0.79,2.14,43.34,2.12,1.07
2017-09-01,215.95919799804688,137.7932891845703,126.02603912353516,100.02717590332033,126.05999755859376,56.34884643554688,20.11644554138184,10.130000114440918,28.96999931335449,49.43999862670898,77.36000061035156,0.81,2.15,57.53,2.16,1.16
2017-09-05,214.4081268310547,136.5569610595703,124.81527709960938,101.61338806152344,127.45999908447266,56.22123336791992,20.007843017578125,12.229999542236328,29.57999992370605,53.31999969482422,79.36000061035156,0.77,2.16,142.33,2.07,1.16
2017-09-06,215.1400909423828,136.97222900390625,125.07534790039062,100.9899444580078,126.80999755859376,56.18296813964844,19.991134643554688,11.630000114440918,30.06999969482422,52.91999816894531,80.31999969482422,0.8,2.17,198.18,2.1,1.16
2017-09-07,215.11399841308597,137.2930908203125,124.76145935058594,102.0237808227539,128.1300048828125,56.18937301635742,19.849119186401367,11.550000190734863,29.729999542236328,54.0099983215332,80.23999786376953,0.78,2.17,88.44,2.05,1.16
2017-09-08,214.86126708984372,136.10394287109375,124.8601303100586,101.80281066894533,127.97000122070312,56.01068878173828,19.79899406433105,12.119999885559082,29.489999771118164,54.0099983215332,77.83999633789062,0.79,2.17,68.98,2.06,1.16
2017-09-11,217.15301513671875,137.67059326171875,126.16954803466795,100.58743286132812,126.19000244140624,56.18937301635742,19.93265914916992,10.729999542236328,27.729999542236328,51.880001068115234,78.55999755859375,0.82,2.15,94.13,2.14,1.16
2017-09-12,217.88494873046875,138.00091552734375,126.94078826904295,100.05873107910156,126.55999755859376,56.259521484375,19.92430305480957,10.579999923706056,27.59000015258789,51.650001525878906,78.95999908447266,0.84,2.16,59.02,2.17,1.16
2017-09-13,217.989501953125,138.189697265625,127.3175048828125,99.66413879394533,125.61000061035156,56.27867126464844,20.041257858276367,10.5,26.6200008392334,51.369998931884766,80.55999755859375,0.85,2.13,71.31,2.2,1.16
2017-09-14,217.9197998046875,137.37802124023438,127.20092010498048,100.07453918457033,126.16000366210938,56.355247497558594,19.9827823638916,10.4399995803833,26.09000015258789,50.72999954223633,81.04000091552734,0.83,2.11,120.33,2.2,1.16
2017-09-15,218.21316528320312,137.84996032714844,127.72109985351562,100.1139678955078,125.52999877929688,56.406288146972656,19.91594886779785,10.170000076293944,26.649999618530277,50.630001068115234,81.5999984741211,0.81,2.1,72.36,2.2,1.16
2017-09-18,218.67726135253903,137.6693115234375,128.59104919433594,99.53784942626952,124.36000061035156,56.38076019287109,19.966073989868164,10.149999618530272,27.530000686645508,50.15999984741211,81.36000061035156,0.83,2.1,68.55,2.23,1.16
2017-09-19,218.8961639404297,137.90574645996094,128.59104919433594,99.29325103759766,124.62000274658205,56.43816375732422,19.907594680786133,10.18000030517578,25.76000022888184,49.86000061035156,80.87999725341797,0.84,2.09,58.25,2.24,1.16
2017-09-20,218.9750061035156,137.48008728027344,129.00357055664062,99.36422729492188,123.62000274658205,56.43180465698242,20.06632232666016,9.779999732971191,26.989999771118164,49.150001525878906,81.91999816894531,0.83,2.06,52.37,2.28,1.16
2017-09-21,218.38824462890625,136.63827514648438,128.86907958984375,99.30901336669922,122.68000030517578,56.36159133911133,20.007843017578125,9.670000076293944,26.299999237060547,48.310001373291016,82.0,0.82,2.05,55.35,2.27,1.16
2017-09-22,218.43209838867188,136.50584411621094,129.41612243652344,99.5931167602539,123.23999786376952,56.41901779174805,19.991134643554688,9.59000015258789,26.38999938964844,50.52000045776367,81.91999816894531,0.8,2.05,63.09,2.26,1.16
2017-09-25,217.98545837402344,135.06817626953125,129.59548950195312,100.21656036376952,124.52999877929688,56.4509391784668,20.108089447021484,10.210000038146973,26.93000030517578,51.11000061035156,84.4000015258789,0.78,2.06,105.42,2.22,1.16
2017-09-26,218.1167907714844,135.4181671142578,130.0082244873047,100.03508758544922,123.13999938964844,56.52111053466797,20.1749210357666,10.170000076293944,27.799999237060547,50.63999938964844,83.91999816894531,0.79,2.04,58.14,2.24,1.16
2017-09-27,218.96624755859372,136.63827514648438,132.55242919921875,98.52774810791016,121.9800033569336,56.546634674072266,20.27517318725586,9.869999885559082,27.290000915527344,52.08000183105469,84.16000366210938,0.84,2.06,63.54,2.31,1.16
2017-09-28,219.22894287109372,136.5910186767578,132.903076171875,98.23578643798828,122.20999908447266,56.546634674072266,20.21669578552246,9.550000190734863,27.18000030517578,51.86000061035156,83.44000244140625,0.86,2.05,103.05,2.31,1.16
2017-09-29,219.99954223632807,137.57467651367188,133.21766662597656,98.45672607421876,121.58000183105467,56.62957382202149,20.199989318847656,9.510000228881836,26.82999992370605,52.880001068115234,83.44000244140625,0.86,2.0,107.61,2.33,1.06
2017-10-02,220.9540252685547,137.69766235351562,134.85391235351562,98.2764129638672,120.7699966430664,56.60074996948242,20.31694221496582,9.449999809265137,27.71999931335449,54.459999084472656,81.68000030517578,0.85,1.99,75.31,2.34,1.16
2017-10-03,221.4269256591797,137.99090576171875,135.1505889892578,98.37132263183594,120.83000183105467,56.70328521728516,20.3085880279541,9.510000228881836,27.950000762939453,54.59999847412109,81.44000244140625,0.86,2.0,52.47,2.33,1.16
2017-10-04,221.68960571289065,138.123291015625,134.7190704345703,98.37924194335938,121.16999816894533,56.64559173583984,20.283527374267575,9.630000114440918,27.040000915527344,54.4900016784668,80.63999938964844,0.86,2.01,48.06,2.33,1.16
2017-10-05,223.00315856933597,139.4758758544922,135.08767700195312,98.00757598876952,120.5199966430664,56.71604919433594,20.392126083374023,9.1899995803833,26.450000762939453,55.58000183105469,82.0,0.86,2.0,40.99,2.35,1.16
2017-10-06,222.7491912841797,139.66505432128906,134.89886474609375,97.73080444335938,121.08999633789062,56.63277816772461,20.35871315002441,9.649999618530272,27.59000015258789,54.97999954223633,79.76000213623047,0.83,1.98,85.68,2.37,1.16
2017-10-09,222.3813934326172,139.50424194335938,134.3414306640625,98.03919982910156,122.08000183105467,56.63918685913086,20.325294494628903,10.329999923706056,27.31999969482422,54.97999954223633,80.0,0.84,1.97,42.94,2.35,1.16
2017-10-10,222.9681396484375,139.60826110839844,134.72804260253906,98.19732666015624,122.4000015258789,56.68401718139648,20.21669578552246,10.079999923706056,26.540000915527344,53.88999938964844,82.23999786376953,0.84,1.97,74.46,2.35,1.16
2017-10-11,223.3184051513672,140.02444458007812,134.62918090820312,98.38713073730467,122.79000091552734,56.6263542175293,20.1582145690918,9.850000381469728,26.43000030517578,52.68999862670898,82.87999725341797,0.84,1.97,60.44,2.35,1.16
2017-10-12,222.98565673828125,139.76905822753906,134.53025817871094,98.80623626708984,122.88999938964844,56.56230163574219,20.199989318847656,9.90999984741211,25.850000381469727,51.81999969482422,81.83999633789062,0.82,1.97,37.61,2.33,1.16
2017-10-13,223.2571563720703,140.3082275390625,134.28753662109375,99.5179214477539,123.81999969482422,56.58793640136719,20.199989318847656,9.609999656677246,25.729999542236328,50.84999847412109,82.95999908447266,0.77,1.97,63.88,2.28,1.16
2017-10-16,223.5548095703125,140.79061889648438,134.17066955566406,99.4467544555664,122.97000122070312,56.61997604370117,20.250110626220703,9.90999984741211,26.31999969482422,50.84999847412109,83.68000030517578,0.76,1.97,98.42,2.3,1.16
2017-10-17,223.71246337890625,140.9702911376953,133.78407287597656,99.5732879638672,122.12999725341795,56.70328521728516,20.30023193359375,10.3100004196167,25.8700008392334,49.02999877929688,83.91999816894531,0.76,1.95,49.38,2.3,1.16
2017-10-18,223.93136596679688,140.8000030517578,134.42239379882812,98.91695404052734,121.66999816894533,56.76089859008789,20.27517318725586,10.06999969482422,26.40999984741211,50.290000915527344,83.83999633789062,0.75,1.95,100.11,2.34,1.16
2017-10-19,223.99269104003903,140.2798309326172,134.21556091308594,99.0909194946289,122.38999938964844,56.76729965209961,20.225046157836918,10.050000190734863,26.299999237060547,51.4900016784668,82.80000305175781,0.75,1.94,82.48,2.33,1.16
2017-10-20,225.1486053466797,140.6581573486328,134.8359375,98.03919982910156,121.61000061035156,56.81855773925781,20.342004776000977,9.970000267028809,24.51000022888184,53.97999954223633,83.44000244140625,0.79,1.94,62.32,2.39,1.16
2017-10-23,224.27291870117188,139.74073791503906,133.82899475097656,98.21317291259766,121.8000030517578,56.75448989868164,20.367067337036133,11.06999969482422,25.07999992370605,54.09999847412109,83.36000061035156,0.8,1.94,136.2,2.38,1.16
2017-10-24,224.66696166992188,139.9771728515625,134.10775756835938,97.60426330566406,121.33000183105467,56.75448989868164,20.40048217773437,11.15999984741211,25.600000381469727,55.93999862670898,84.31999969482422,0.82,1.92,37.25,2.42,1.16
2017-10-25,223.5548095703125,139.4474639892578,133.46043395996094,97.13773345947266,121.3499984741211,56.59433364868164,20.35035896301269,11.229999542236328,25.440000534057617,57.36000061035156,83.83999633789062,0.83,1.93,60.11,2.44,1.16
2017-10-26,223.8438262939453,139.00291442871094,133.73912048339844,96.81353759765624,120.33000183105467,56.52389144897461,20.567562103271484,11.300000190734863,25.21999931335449,57.34999847412109,84.55999755859375,0.83,1.91,114.37,2.46,1.16
2017-10-27,225.6740264892578,143.0512237548828,134.6651153564453,97.45404052734376,120.9000015258789,56.67763900756836,20.6176872253418,9.800000190734863,25.18000030517578,54.66999816894531,86.72000122070312,0.83,1.93,87.39,2.42,1.16
2017-10-30,224.8332977294922,143.37278747558594,133.2446746826172,98.38713073730467,121.12999725341795,56.66481399536133,20.51743698120117,10.5,25.32999992370605,51.68999862670898,86.95999908447266,0.79,1.92,64.62,2.37,1.16
2017-10-31,225.18360900878903,143.91192626953125,134.1885986328125,98.41876220703124,120.66999816894533,56.67763900756836,20.53414726257324,10.18000030517578,25.309999465942383,51.150001525878906,87.44000244140625,0.78,1.91,50.39,2.38,1.07
2017-11-01,225.4813537597656,143.86465454101562,133.29859924316406,98.8569793701172,121.11000061035156,56.62356948852539,20.57591438293457,10.199999809265137,25.649999618530277,49.93999862670898,87.19999694824219,0.76,1.92,66.7,2.37,1.16
2017-11-02,225.56890869140625,143.59034729003906,133.6941680908203,99.29280853271484,121.19000244140624,56.59140396118164,20.57591438293457,9.93000030517578,25.649999618530277,48.72999954223633,87.91999816894531,0.74,1.91,85.31,2.35,1.16
2017-11-03,226.32208251953125,144.9712677001953,133.60423278808594,99.56224060058594,120.62000274658205,56.59785461425781,20.62604141235352,9.140000343322754,24.81999969482422,45.83000183105469,89.44000244140625,0.71,1.91,103.89,2.34,1.16
2017-11-06,226.67230224609372,145.46311950683594,133.757080078125,99.9347152709961,121.6500015258789,56.6042594909668,20.57591438293457,9.399999618530272,26.850000381469727,45.04999923706055,92.08000183105467,0.71,1.92,92.35,2.32,1.16
2017-11-07,226.51470947265625,145.5482940673828,132.1568603515625,100.3547134399414,121.20999908447266,56.443458557128906,20.609331130981445,9.890000343322754,28.75,44.20000076293945,91.91999816894533,0.69,1.9,100.93,2.32,1.16
2017-11-08,226.89996337890625,146.13467407226562,132.33665466308594,100.13280487060548,121.62999725341795,56.19256591796875,20.60097885131836,9.779999732971191,27.989999771118164,43.970001220703125,91.27999877929688,0.67,1.92,67.48,2.32,1.16
2017-11-09,226.0768280029297,145.36854553222656,131.86915588378906,99.8475341796875,122.12999725341795,55.915958404541016,20.51743698120117,10.5,28.3700008392334,44.9900016784668,91.68000030517578,0.7,1.93,65.11,2.33,1.16
2017-11-10,226.0067596435547,145.35911560058594,131.77029418945312,98.34193420410156,121.12999725341795,56.03816223144531,20.500730514526367,11.289999961853027,29.399999618530277,47.290000915527344,91.36000061035156,0.73,1.93,56.77,2.4,1.16
2017-11-13,226.2169189453125,145.53878784179688,131.80624389648438,98.54794311523438,121.30999755859376,55.99958038330078,20.51743698120117,11.5,30.21999931335449,46.38999938964844,91.04000091552734,0.7,1.93,134.97,2.4,1.16
2017-11-14,225.69151306152344,145.00912475585938,131.44659423828125,99.2136001586914,121.55999755859376,55.761566162109375,20.37541961669922,11.59000015258789,30.07999992370605,47.77000045776367,89.04000091552734,0.7,1.93,107.88,2.38,1.16
2017-11-15,224.56187438964844,144.32809448242188,130.92515563964844,100.29127502441406,121.41000366210938,55.761566162109375,20.367067337036133,13.130000114440918,29.84000015258789,48.0,88.72000122070312,0.65,1.95,58.1,2.33,1.16
2017-11-16,226.4708709716797,146.17250061035156,132.8490753173828,99.41960144042967,121.4000015258789,56.30834579467773,20.392126083374023,11.760000228881836,28.420000076293945,47.7400016784668,88.55999755859375,0.65,1.92,83.79,2.37,1.16
2017-11-17,225.80538940429688,145.61447143554688,133.46043395996094,100.15658569335938,122.86000061035156,56.26976013183594,20.333650588989254,11.43000030517578,26.959999084472656,49.09000015258789,90.8000030517578,0.62,1.93,98.62,2.35,1.16
2017-11-20,226.19065856933597,145.5009765625,134.43136596679688,100.1169662475586,121.30999755859376,56.28263473510742,20.433897018432617,10.649999618530272,27.18000030517578,48.09999847412109,90.23999786376952,0.6,1.91,79.5,2.37,1.16
2017-11-21,227.67059326171875,147.08050537109375,135.83384704589844,100.4339599609375,121.51000213623048,56.39844131469727,20.408836364746094,9.729999542236328,26.63999938964844,48.09000015258789,91.1999969482422,0.59,1.88,199.49,2.36,1.16
2017-11-22,227.4691925048828,147.26026916503906,135.6540985107422,100.75882720947266,122.62999725341795,56.48848342895508,20.250110626220703,9.880000114440918,26.82999992370605,46.880001068115234,92.8000030517578,0.58,1.91,52.93,2.32,1.16
2017-11-24,227.9946136474609,147.79937744140625,135.7079620361328,100.48147583007812,122.31999969482422,56.52708053588867,20.1582145690918,9.670000076293944,26.8799991607666,46.15999984741211,94.31999969482422,0.59,1.9,34.88,2.34,1.16
2017-11-27,227.8807678222656,147.73318481445312,135.29444885253906,100.3388671875,122.83000183105467,56.35340118408203,20.183277130126957,9.869999885559082,28.36000061035156,45.290000915527344,92.72000122070312,0.58,1.93,31.11,2.32,1.16
2017-11-28,230.19256591796875,148.111572265625,137.4251251220703,100.47357177734376,122.80999755859376,56.52708053588867,20.266820907592773,10.029999732971191,28.1299991607666,44.93000030517578,92.63999938964844,0.59,1.91,206.63,2.34,1.16
2017-11-29,230.05242919921875,145.5293426513672,137.8836212158203,99.48303985595705,122.04000091552734,56.45631408691406,20.25846290588379,10.699999809265137,28.020000457763672,45.540000915527344,91.76000213623048,0.59,1.92,103.98,2.37,1.16
2017-11-30,232.0664825439453,146.74949645996094,138.13534545898438,99.15020751953124,121.0999984741211,56.469200134277344,20.20834350585937,11.279999732971191,25.950000762939453,46.83000183105469,91.76000213623048,0.64,1.88,101.48,2.42,1.07
2017-12-01,231.58489990234372,146.12525939941406,137.56900024414062,100.48819732666016,121.58999633789062,56.451114654541016,20.191633224487305,11.43000030517578,23.729999542236328,50.16999816894531,93.36000061035156,0.59,1.87,86.95,2.37,1.16
2017-12-04,231.3046722412109,144.44161987304688,137.05653381347656,100.53581237792967,121.18000030517578,56.43172454833984,20.25846290588379,11.68000030517578,23.68000030517578,48.7599983215332,91.91999816894533,0.57,1.87,101.07,2.37,1.16
2017-12-05,230.4727783203125,144.5361785888672,135.69000244140625,101.03609466552734,120.31999969482422,56.39942932128906,20.291881561279297,11.329999923706056,23.1299991607666,49.2400016784668,92.31999969482422,0.53,1.84,95.44,2.36,1.16
2017-12-06,230.5165557861328,145.18882751464844,135.0516815185547,101.38543701171876,120.06999969482422,56.347755432128906,20.342004776000977,11.020000457763672,23.1299991607666,49.31999969482422,89.5999984741211,0.55,1.86,57.79,2.33,1.16
2017-12-07,231.243408203125,145.68069458007812,135.99566650390625,100.59138488769533,118.48999786376952,56.37360763549805,20.383773803710938,10.15999984741211,23.1299991607666,49.2400016784668,90.63999938964844,0.57,1.88,40.69,2.37,1.16
2017-12-08,232.50442504882807,146.3238525390625,136.12152099609375,100.59937286376952,118.4800033569336,56.43172454833984,20.417192459106445,9.579999923706056,23.850000381469727,47.4900016784668,91.91999816894533,0.58,1.87,63.52,2.38,1.16
2017-12-11,233.20494079589844,147.45883178710938,136.06765747070312,100.39291381835938,118.01000213623048,56.44465637207031,20.417192459106445,9.34000015258789,22.959999084472656,46.56999969482422,92.8000030517578,0.57,1.85,81.46,2.39,1.16
2017-12-12,233.6165313720703,147.26026916503906,135.64505004882812,100.35319519042967,118.1500015258789,56.41880035400391,20.45060539245605,9.920000076293944,22.84000015258789,46.75,91.5199966430664,0.57,1.84,66.43,2.4,1.17
2017-12-13,233.5902557373047,147.54400634765625,136.4541778564453,101.10755157470705,119.16999816894533,56.451114654541016,20.3085880279541,10.18000030517578,23.489999771118164,45.02999877929688,90.63999938964844,0.57,1.83,52.01,2.36,1.17
2017-12-14,232.6357269287109,147.43994140625,134.94381713867188,101.53634643554688,118.93000030517578,56.33482360839844,20.325294494628903,10.489999771118164,23.0,44.84000015258789,91.44000244140624,0.53,1.82,32.59,2.35,1.41
2017-12-15,234.57305908203125,149.11412048339844,136.86776733398438,101.91748046875,119.18000030517578,56.34127807617188,20.408836364746094,9.420000076293944,21.25,46.43000030517578,91.68000030517578,0.51,1.8,104.84,2.35,1.41
2017-12-18,236.0605316162109,150.3643341064453,138.71969604492188,100.98844146728516,119.7300033569336,56.39942932128906,20.37789726257324,9.529999732971191,18.43000030517578,46.72999954223633,91.5199966430664,0.55,1.81,94.77,2.39,1.42
2017-12-19,235.1539001464844,149.4733428955078,137.62295532226562,99.67820739746094,119.81999969482422,56.28314971923828,20.31936264038086,10.029999732971191,18.8799991607666,48.959999084472656,92.08000183105467,0.59,1.81,82.4,2.46,1.42
2017-12-20,235.0306701660156,149.3122100830078,137.8926544189453,98.57449340820312,120.13999938964844,56.32836151123047,20.294279098510746,9.720000267028809,19.459999084472656,49.95000076293945,92.87999725341795,0.62,1.82,57.2,2.49,1.42
2017-12-21,235.5148162841797,149.3311767578125,138.4963836669922,99.14899444580078,120.30999755859376,56.38739776611328,20.285919189453125,9.619999885559082,17.860000610351562,51.59999847412109,93.12000274658205,0.59,1.79,92.94,2.48,1.42
2017-12-22,235.4532165527344,149.16061401367188,138.24368286132812,99.28430938720705,120.94000244140624,56.43928527832031,20.294279098510746,9.899999618530272,19.26000022888184,50.380001068115234,93.27999877929688,0.57,1.79,72.69,2.48,1.42
2017-12-26,235.1715240478516,148.35494995117188,138.3249053955078,99.5787353515625,121.7699966430664,56.52361297607422,20.27755355834961,10.25,20.989999771118164,48.81999969482422,95.5999984741211,0.55,1.78,106.31,2.47,1.42
2017-12-27,235.2859649658203,148.37384033203125,138.18951416015625,100.87576293945312,122.2300033569336,56.54957580566406,20.235746383666992,10.470000267028809,20.63999938964844,47.72999954223633,95.36000061035156,0.53,1.76,58.44,2.42,1.42
2017-12-28,235.7699737548828,148.553955078125,138.73095703125,100.78826141357422,122.8499984741211,56.52361297607422,20.177209854125977,10.18000030517578,20.709999084472656,46.18999862670898,95.76000213623048,0.52,1.76,63.24,2.43,1.42
2017-12-29,234.88104248046875,147.63453674316406,137.5848846435547,100.94742584228516,123.6500015258789,56.60799026489258,20.09359359741211,11.039999961853027,21.31999969482422,46.59999847412109,96.08000183105467,0.51,1.77,146.43,2.4,1.33
2018-01-02,236.56219482421875,150.22218322753906,138.88438415527344,99.85724639892578,125.1500015258789,56.659854888916016,20.009973526000977,9.770000457763672,22.729999542236328,49.16999816894531,96.55999755859376,0.54,1.78,111.2,2.46,1.42
2018-01-03,238.05841064453125,151.6818389892578,139.02877807617188,100.33468627929688,124.81999969482422,56.93231964111328,20.08523178100586,9.149999618530272,22.75,47.59999847412109,98.72000122070312,0.5,1.77,52.45,2.44,1.42
2018-01-04,239.0618133544922,151.94720458984375,139.39877319335938,100.31876373291016,125.45999908447266,57.02961730957031,20.01833724975586,9.220000267028809,22.1200008392334,47.380001068115234,98.95999908447266,0.5,1.75,243.48,2.46,1.42
2018-01-05,240.655029296875,153.47325134277344,139.68756103515625,100.03224182128906,125.33000183105467,57.06855010986328,20.03506088256836,9.220000267028809,22.299999237060547,46.06999969482422,98.4800033569336,0.51,1.76,108.68,2.47,1.42
2018-01-08,241.09507751464844,154.07032775878906,139.9041290283203,99.9686279296875,125.30999755859376,57.02315139770508,20.12703895568848,9.520000457763672,21.899999618530277,45.900001525878906,99.04000091552734,0.53,1.74,77.28,2.49,1.42
2018-01-09,241.6407012939453,154.07986450195312,139.71466064453125,98.63180541992188,124.7300033569336,56.84798431396485,20.168851852416992,10.079999923706056,22.959999084472656,47.290000915527344,100.55999755859376,0.57,1.74,157.58,2.55,1.42
2018-01-10,241.2710418701172,153.71963500976562,139.73269653320312,98.51243591308594,125.02999877929688,56.72475051879883,20.11867904663086,9.81999969482422,23.520000457763672,49.16999816894531,101.44000244140624,0.57,1.73,89.18,2.55,1.42
2018-01-11,243.03135681152344,154.771728515625,142.1331787109375,98.91822052001952,125.44000244140624,56.912872314453125,20.03506088256836,9.880000114440918,23.520000457763672,48.18999862670898,101.5999984741211,0.56,1.69,111.72,2.54,1.42
2018-01-12,244.61572265625,155.90916442871094,142.7288055419922,99.08537292480467,126.95999908447266,56.81557083129883,19.82600975036621,10.15999984741211,23.520000457763672,47.61000061035156,102.95999908447266,0.56,1.68,107.69,2.55,1.42
2018-01-16,243.7795562744141,155.46363830566406,140.90585327148438,99.49910736083984,127.16999816894533,56.78312683105469,19.717308044433597,11.65999984741211,26.40999984741211,45.90999984741211,102.08000183105467,0.51,1.66,61.57,2.54,1.42
2018-01-17,246.10317993164065,157.14134216308594,142.24143981933594,99.3638916015625,126.13999938964844,56.78960418701172,19.76747703552246,11.90999984741211,24.700000762939453,45.880001068115234,102.23999786376952,0.52,1.66,61.83,2.57,1.42
2018-01-18,245.68955993652344,157.16978454589844,141.2667999267578,98.44083404541016,125.86000061035156,56.73122024536133,19.742393493652344,12.220000267028809,24.3799991607666,48.54999923706055,102.08000183105467,0.57,1.64,115.86,2.62,1.42
2018-01-19,246.8073272705078,157.66268920898438,143.12583923339844,97.923583984375,126.41999816894533,56.78960418701172,19.775840759277344,11.270000457763672,21.200000762939453,48.54999923706055,101.76000213623048,0.58,1.64,88.34,2.64,1.42
2018-01-22,248.81407165527344,159.34979248046875,143.89288330078125,98.01910400390624,126.6500015258789,56.84149169921875,19.708946228027344,11.029999732971191,22.030000686645508,52.59999847412109,102.23999786376952,0.58,1.64,110.72,2.66,1.42
2018-01-23,249.3421630859375,160.66726684570312,144.35311889648438,98.44083404541016,127.27999877929688,57.01015472412109,19.658775329589844,11.100000381469728,22.34000015258789,52.54999923706055,103.76000213623048,0.57,1.64,74.52,2.63,1.42
2018-01-24,249.24534606933597,159.62464904785156,143.4597625732422,97.90766143798828,128.8300018310547,56.92584609985352,19.466453552246094,11.470000267028809,23.93000030517578,54.11000061035156,105.76000213623048,0.57,1.65,93.27,2.65,1.42
2018-01-25,249.3509063720703,159.5677947998047,143.51385498046875,98.7113800048828,127.97000122070312,56.88689422607422,19.49153709411621,11.579999923706056,22.350000381469727,53.380001068115234,104.4800033569336,0.55,1.61,77.97,2.63,1.42
2018-01-26,252.238037109375,162.01318359375,144.02825927734375,98.34530639648438,128.07000732421875,56.93231964111328,19.449729919433597,11.079999923706056,22.290000915527344,55.630001068115234,105.91999816894533,0.53,1.6,110.0,2.66,1.42
2018-01-29,250.565673828125,161.22650146484375,143.216064453125,97.66098022460938,127.3499984741211,56.73122024536133,19.49989891052246,13.84000015258789,22.729999542236328,55.97999954223633,104.87999725341795,0.59,1.59,85.23,2.7,1.42
2018-01-30,247.99554443359372,159.89952087402344,141.84439086914062,97.08804321289062,126.8000030517578,56.53661346435547,19.466453552246094,14.789999961853027,22.899999618530277,57.27999877929688,103.1999969482422,0.6,1.59,68.45,2.73,1.42
2018-01-31,248.11871337890625,160.5630340576172,141.1043701171875,97.66098022460938,127.6500015258789,56.6339225769043,19.441368103027344,13.539999961853027,22.229999542236328,57.20000076293945,103.83999633789062,0.58,1.56,71.84,2.72,1.34
2018-02-01,247.8370361328125,159.19813537597656,141.5465850830078,96.24561309814452,128.07000732421875,56.52707290649414,19.341026306152344,13.470000267028809,22.239999771118164,57.83000183105469,105.91999816894533,0.62,1.56,49.78,2.78,1.42
2018-02-02,242.44168090820312,156.0228729248047,138.82125854492188,95.3525161743164,126.38999938964844,56.16874313354492,19.45809364318848,17.309999465942383,23.799999237060547,60.33000183105469,104.31999969482422,0.69,1.58,61.2,2.84,1.42
2018-02-05,232.3022003173828,149.87139892578125,133.4878692626953,96.25360107421876,126.70999908447266,55.85604476928711,19.541709899902344,37.31999969482422,25.90999984741211,60.40999984741211,102.16000366210938,0.69,1.63,145.79,2.77,1.42
2018-02-06,236.8790283203125,153.84283447265625,135.08517456054688,95.65555572509766,125.37999725341795,56.19480514526367,19.583518981933597,29.979999542236328,26.59000015258789,60.40999984741211,101.5999984741211,0.69,1.61,92.59,2.79,1.42
2018-02-07,235.5940093994141,151.85243225097656,135.22047424316406,94.74650573730467,124.79000091552734,55.98634719848633,19.734033584594727,27.729999542236328,26.790000915527344,66.06999969482422,98.95999908447266,0.69,1.62,58.29,2.84,1.42
2018-02-08,226.75714111328125,145.4451141357422,131.24984741210938,94.64286041259766,124.9800033569336,55.49774932861328,19.734033584594727,33.459999084472656,29.5,67.8499984741211,96.72000122070312,0.72,1.63,89.29,2.85,1.42
2018-02-09,230.16331481933597,147.95684814453125,132.45004272460938,94.04481506347656,124.7699966430664,55.34139633178711,19.750757217407227,29.059999465942383,29.850000381469727,67.8499984741211,94.87999725341795,0.78,1.67,82.68,2.83,1.42
2018-02-12,233.54318237304688,150.58229064941406,133.70443725585938,94.4594268798828,125.37000274658205,55.71923828125,19.683860778808597,25.61000061035156,29.420000076293945,69.86000061035156,95.12000274658205,0.77,1.64,80.89,2.86,1.42
2018-02-13,234.1241149902344,151.35952758789062,133.99322509765625,94.882080078125,126.08000183105467,55.54335784912109,19.575159072875977,24.96999931335449,30.38999938964844,68.97000122070312,94.95999908447266,0.73,1.69,104.55,2.83,1.42
2018-02-14,237.28390502929688,154.193603515625,136.40272521972656,93.82948303222656,128.22999572753906,55.64109420776367,19.42464256286621,19.26000022888184,27.729999542236328,69.5199966430664,97.44000244140624,0.74,1.66,107.01,2.91,1.42
2018-02-15,240.3117218017578,157.05601501464844,137.8917236328125,94.14847564697266,128.3800048828125,56.09059143066406,19.341026306152344,19.1299991607666,27.56999969482422,66.68000030517578,98.63999938964844,0.71,1.63,88.63,2.9,1.42
2018-02-16,240.38211059570312,156.3546142578125,138.37901306152344,94.6588134765625,127.95999908447266,56.31858444213867,19.474815368652344,19.459999084472656,26.96999931335449,63.02999877929688,99.04000091552734,0.66,1.66,80.52,2.87,1.42
2018-02-20,238.87705993652344,156.66741943359375,137.24200439453125,94.2441635131836,126.23999786376952,56.12316131591797,19.600242614746094,20.600000381469727,27.57999992370605,60.2599983215332,99.12000274658205,0.63,1.67,80.15,2.88,1.42
2018-02-21,237.68878173828125,156.22190856933594,137.38638305664062,93.08792114257812,125.66000366210938,55.86906814575195,19.675498962402344,20.020000457763672,26.93000030517578,61.15999984741211,98.31999969482422,0.68,1.67,95.81,2.94,1.42
2018-02-22,237.9968719482422,156.20301818847656,137.16976928710938,93.36702728271484,126.3000030517578,55.908164978027344,19.608604431152344,18.71999931335449,24.979999542236328,61.13999938964844,100.72000122070312,0.67,1.68,50.25,2.92,1.42
2018-02-23,241.7902984619141,159.3971710205078,138.95660400390625,94.19635772705078,126.13999938964844,56.279483795166016,19.650413513183597,16.489999771118164,24.3700008392334,64.5999984741211,102.16000366210938,0.63,1.68,55.72,2.88,1.42
2018-02-26,244.5980682373047,161.51083374023438,139.86802673339844,94.22819519042967,126.4499969482422,56.37724685668945,19.625328063964844,15.800000190734863,24.36000061035156,63.720001220703125,102.87999725341795,0.64,1.7,68.6,2.86,1.42
2018-02-27,241.54391479492188,159.51089477539062,137.85562133789062,94.09265899658205,125.12999725341795,56.2274169921875,19.750757217407227,18.59000015258789,25.290000915527344,63.93000030517578,101.1999969482422,0.63,1.69,52.64,2.9,1.42
2018-02-28,239.09706115722656,158.48724365234375,135.68081665039062,94.69068145751952,125.0,56.142704010009766,19.809289932250977,19.850000381469727,26.920000076293945,62.970001220703125,98.95999908447266,0.62,1.68,46.68,2.87,1.35
2018-03-01,235.6203765869141,155.899658203125,135.31979370117188,95.33708953857422,124.72000122070312,55.77057647705078,19.742393493652344,22.46999931335449,26.979999542236328,63.65999984741211,98.8000030517578,0.59,1.72,69.3,2.81,1.42
2018-03-02,236.8350372314453,157.33090209960938,137.48562622070312,94.5620346069336,125.38999938964844,56.0844955444336,19.658775329589844,19.59000015258789,26.149999618530277,65.30000305175781,98.95999908447266,0.61,1.72,39.63,2.86,1.42
2018-03-05,239.5723876953125,159.0749053955078,138.7130126953125,94.30638122558594,125.18000030517578,56.0844955444336,19.658775329589844,18.729999542236328,26.299999237060547,64.70999908447266,100.72000122070312,0.64,1.72,148.37,2.88,1.42
2018-03-06,240.17965698242188,159.74789428710938,140.2109832763672,94.39422607421876,126.52999877929688,56.1629753112793,19.608604431152344,18.36000061035156,25.549999237060547,63.5,100.55999755859376,0.63,1.75,133.87,2.88,1.42
2018-03-07,240.0916290283203,160.1175079345703,141.4473419189453,94.29035949707033,125.72000122070312,56.02562713623047,19.591880798339844,17.760000228881836,26.940000534057617,63.34999847412109,98.8000030517578,0.64,1.77,87.33,2.89,1.42
2018-03-08,241.2534637451172,160.99900817871094,141.1585235595703,94.83370971679688,125.41999816894533,56.09101104736328,19.717308044433597,16.540000915527344,26.15999984741211,61.58000183105469,97.1999969482422,0.61,1.78,57.0,2.86,1.42
2018-03-09,245.45181274414065,164.12684631347656,143.41458129882812,94.2104949951172,125.54000091552734,56.29378509521485,19.692222595214844,14.640000343322754,26.229999542236328,58.970001220703125,99.76000213623048,0.63,1.77,132.57,2.9,1.42
2018-03-12,245.1437530517578,164.99887084960938,143.6673126220703,94.75379180908205,125.54000091552734,56.20221328735352,19.667137145996094,15.779999732971191,24.020000457763672,58.290000915527344,98.95999908447266,0.6,1.79,107.4,2.87,1.42
2018-03-13,243.5594787597656,162.75250244140625,142.99949645996094,95.23319244384766,125.77999877929688,56.02562713623047,19.616966247558597,16.350000381469727,25.5,55.06999969482422,97.91999816894533,0.58,1.8,54.85,2.84,1.42
2018-03-14,242.3096466064453,162.7240447998047,142.32266235351562,96.07215118408205,125.6999969482422,55.960235595703125,19.625328063964844,17.229999542236328,25.209999084472656,57.84999847412109,98.23999786376952,0.55,1.8,79.61,2.81,1.42
2018-03-15,242.0455780029297,162.58187866210938,141.6097869873047,96.07215118408205,124.9000015258789,55.99947738647461,19.700584411621094,16.59000015258789,25.06999969482422,57.709999084472656,98.72000122070312,0.53,1.81,43.98,2.82,1.43
2018-03-16,242.30812072753903,162.09854125976562,142.4038848876953,95.72857666015624,124.5999984741211,56.11720657348633,19.750757217407227,15.800000190734863,24.530000686645508,59.0099983215332,100.4000015258789,0.54,1.79,110.96,2.85,1.43
2018-03-19,239.0295867919922,158.63995361328125,141.0322265625,95.42495727539062,124.87000274658205,55.888275146484375,19.667137145996094,19.020000457763672,25.280000686645508,59.97999954223633,100.4000015258789,0.54,1.8,74.64,2.85,1.43
2018-03-20,239.4360809326172,159.16207885742188,140.99607849121094,95.04146575927734,124.30999755859376,55.99947738647461,19.78420639038086,18.200000762939453,25.299999237060547,57.88999938964844,102.4800033569336,0.55,1.79,79.32,2.89,1.44
2018-03-21,238.9766082763672,158.4690704345703,141.8173065185547,95.14533996582033,126.4800033569336,56.01910400390625,19.625328063964844,17.860000610351562,25.950000762939453,55.720001220703125,105.44000244140624,0.58,1.82,55.83,2.89,1.44
2018-03-22,233.00277709960935,154.5576934814453,138.70762634277344,96.08814239501952,125.9800033569336,55.68551254272461,19.650413513183597,23.34000015258789,26.46999931335449,55.93000030517578,103.5999984741211,0.54,1.84,57.36,2.83,1.68
2018-03-23,228.03640747070312,150.48480224609375,135.7226104736328,96.01622009277344,127.61000061035156,55.54164123535156,19.583518981933597,24.8700008392334,27.559999465942383,56.16999816894531,106.23999786376952,0.54,1.87,66.64,2.82,1.68
2018-03-26,234.27528381347656,156.07662963867188,138.68946838378906,95.64869689941406,128.27999877929688,55.901363372802734,19.49153709411621,21.030000686645508,27.709999084472656,54.54999923706055,105.68000030517578,0.52,1.84,89.77,2.85,1.68
2018-03-27,230.28988647460935,151.02601623535156,136.00306701660156,96.67146301269533,127.48999786376952,55.84903335571289,19.583518981933597,22.5,27.3799991607666,56.27000045776367,104.63999938964844,0.52,1.86,22.48,2.78,1.68
2018-03-28,229.6094207763672,149.28855895996094,135.95785522460938,96.92708587646484,125.7300033569336,55.822853088378906,19.75911521911621,22.8700008392334,26.670000076293945,58.34999847412109,104.31999969482422,0.49,1.86,26.48,2.77,1.68
2018-03-29,232.5432586669922,152.02279663085938,137.3327178955078,97.39852905273438,125.79000091552734,56.01253890991211,19.742393493652344,19.96999931335449,25.06999969482422,58.540000915527344,104.72000122070312,0.47,1.85,16.75,2.74,1.68
2018-04-02,227.52394104003903,147.63671875,133.9860076904297,97.59068298339844,127.26000213623048,55.79518508911133,19.734033584594727,23.6200008392334,27.530000686645508,58.65999984741211,101.91999816894533,0.48,1.86,167.71,2.73,1.68
2018-04-03,230.4400634765625,149.298095703125,135.90357971191406,96.83802795410156,126.3000030517578,55.95278930664063,19.76747703552246,21.100000381469727,26.88999938964844,56.02000045776367,102.4800033569336,0.51,1.84,88.73,2.79,1.69
2018-04-04,232.9055633544922,151.65255737304688,137.6312255859375,96.63782501220705,126.4499969482422,56.07756805419922,19.75911521911621,20.059999465942383,26.170000076293945,55.34999847412109,102.55999755859376,0.51,1.85,52.9,2.79,1.69
2018-04-05,234.7436981201172,152.5164794921875,138.77088928222656,95.91719818115234,125.8000030517578,56.12352752685547,19.834373474121094,18.940000534057617,24.3799991607666,53.720001220703125,102.63999938964844,0.53,1.84,109.08,2.83,1.69
2018-04-06,229.51220703125,148.70001220703125,136.00306701660156,96.96613311767578,126.38999938964844,55.99876022338867,19.75911521911621,21.489999771118164,24.989999771118164,56.06999969482422,100.08000183105467,0.5,1.84,70.62,2.77,1.69
2018-04-09,230.64334106445312,149.7443389892578,136.1658477783203,97.12630462646484,126.81999969482422,56.20890426635742,19.708946228027344,21.770000457763672,25.63999938964844,52.5099983215332,102.16000366210938,0.49,1.83,275.14,2.78,1.69
2018-04-10,234.3106689453125,153.04815673828125,138.73472595214844,96.95012664794922,127.12000274658205,56.4124870300293,19.658775329589844,20.46999931335449,28.049999237060547,51.43000030517578,106.0,0.48,1.8,56.17,2.8,1.69
2018-04-11,233.08236694335935,152.1652374267578,139.033203125,97.29442596435548,128.11000061035156,56.432159423828125,19.642053604125977,20.239999771118164,29.420000076293945,50.5,107.5999984741211,0.47,1.8,79.88,2.79,1.69
2018-04-12,234.9999847412109,153.9975128173828,139.98297119140625,96.58179473876952,126.62000274658205,56.6357650756836,19.683860778808597,18.489999771118164,28.729999542236328,51.4900016784668,108.16000366210938,0.49,1.79,190.11,2.83,1.69
2018-04-13,234.3106689453125,153.20001220703125,139.2502899169922,96.80599975585938,127.4499969482422,56.668643951416016,19.683860778808597,17.40999984741211,28.520000457763672,51.13999938964844,108.4000015258789,0.45,1.79,141.34,2.82,1.69
2018-04-16,236.2371063232422,154.3677978515625,140.5347137451172,96.83802795410156,127.62999725341795,56.75397109985352,19.616966247558597,16.559999465942383,28.84000015258789,49.7400016784668,107.04000091552734,0.44,1.77,65.26,2.83,1.69
2018-04-17,238.7644805908203,157.69056701660156,142.06333923339844,97.1022720336914,127.75,56.78026580810547,19.616966247558597,15.25,27.8799991607666,48.34000015258789,107.27999877929688,0.41,1.76,65.55,2.82,1.69
2018-04-18,238.94119262695312,158.0133819580078,142.44322204589844,96.3255386352539,127.8499984741211,56.72115707397461,19.658775329589844,15.600000381469728,29.420000076293945,50.0,111.04000091552734,0.45,1.76,71.44,2.87,1.69
2018-04-19,237.6156311035156,156.5608673095703,141.45729064941406,95.54085540771484,127.5999984741211,56.54385757446289,19.717308044433597,15.960000038146973,29.36000061035156,51.09999847412109,110.16000366210938,0.48,1.77,46.61,2.92,1.69
2018-04-20,235.60081481933597,154.08294677734375,140.69749450683594,94.85224151611328,126.62999725341795,56.40592575073242,19.834373474121094,16.8799991607666,28.989999771118164,52.709999084472656,110.0,0.5,1.78,47.54,2.96,1.7
2018-04-23,235.56553649902344,153.69371032714844,140.48948669433594,94.8762664794922,125.62000274658205,56.2548713684082,19.95980453491211,16.34000015258789,28.96999931335449,52.790000915527344,111.36000061035156,0.49,1.76,66.91,2.98,1.7
2018-04-24,232.3929901123047,150.43739318847656,139.68450927734375,94.44390106201172,126.2300033569336,56.14324569702149,19.934717178344727,18.020000457763672,29.149999618530277,53.0,109.44000244140624,0.52,1.77,35.09,3.0,1.7
2018-04-25,232.96743774414065,150.6177520751953,139.47642517089844,93.81134796142578,125.41000366210938,56.14981842041016,20.01833724975586,17.84000015258789,28.15999984741211,55.20000076293945,109.76000213623048,0.54,1.8,108.69,3.03,1.7
2018-04-26,235.3357696533203,153.7886199951172,140.11863708496094,94.46790313720705,124.97000122070312,56.3468132019043,20.11031723022461,16.239999771118164,26.86000061035156,53.13999938964844,110.16000366210938,0.51,1.8,68.42,3.0,1.7
2018-04-27,235.5566253662109,153.88357543945312,139.91961669921875,95.1965789794922,125.5,56.32054138183594,20.09359359741211,15.40999984741211,25.59000015258789,51.27000045776367,109.83999633789062,0.47,1.8,25.82,2.96,1.7
2018-04-30,233.7450714111328,152.7918243408203,138.68045043945312,95.36470794677734,124.58999633789062,56.28116226196289,20.177209854125977,15.93000030517578,28.280000686645508,50.34999847412109,110.4000015258789,0.46,1.79,86.67,2.95,1.69
2018-05-01,234.1604461669922,154.53868103027344,139.3588409423828,95.02124786376952,123.70999908447266,56.32272338867188,20.31100273132324,15.489999771118164,28.06999969482422,51.77999877929688,108.87999725341795,0.47,1.82,101.87,2.97,1.7
2018-05-02,232.5874481201172,153.62725830078125,139.88345336914062,94.91691589355467,123.6500015258789,56.30292510986328,20.402982711791992,15.970000267028809,27.31999969482422,49.04999923706055,109.36000061035156,0.48,1.83,95.92,2.97,1.7
2018-05-03,232.0748748779297,153.6082763671875,139.12364196777344,95.34224700927734,124.27999877929688,56.29632186889648,20.31936264038086,15.899999618530272,26.690000534057617,49.43000030517578,110.55999755859376,0.45,1.86,57.16,2.94,1.7
2018-05-04,235.0794677734375,156.52285766601562,140.86032104492188,95.48668670654295,124.54000091552734,56.33589553833008,20.34444808959961,14.770000457763672,26.170000076293945,49.43000030517578,112.72000122070312,0.44,1.86,38.51,2.95,1.7
2018-05-07,235.87478637695312,157.823486328125,142.05433654785156,95.33419799804688,124.56999969482422,56.38865280151367,20.386260986328125,14.75,28.86000061035156,48.02000045776367,112.8000030517578,0.46,1.87,96.74,2.95,1.7
2018-05-08,235.87478637695312,157.66213989257812,142.75979614257812,95.2459487915039,124.58999633789062,56.30292510986328,20.461515426635746,14.710000038146973,26.76000022888184,48.81999969482422,112.4800033569336,0.46,1.87,100.02,2.97,1.7
2018-05-09,238.1547393798828,159.3804168701172,143.52867126464844,94.67617797851562,124.33000183105467,56.39523696899414,20.461515426635746,13.420000076293944,26.709999084472656,49.369998931884766,114.95999908447266,0.46,1.86,62.2,3.0,1.7
2018-05-10,240.3815460205078,161.03231811523438,144.29747009277344,95.43854522705078,125.18000030517578,56.56012725830078,20.369535446166992,13.229999542236328,26.61000061035156,47.810001373291016,115.27999877929688,0.43,1.84,74.02,2.97,1.7
2018-05-11,241.11505126953125,160.88050842285156,144.57789611816406,95.67927551269533,125.0,56.54032516479492,20.336088180541992,12.649999618530272,25.739999771118164,47.060001373291016,114.0,0.43,1.82,78.27,2.97,1.7
2018-05-14,241.22999572753903,161.15579223632812,144.02613830566406,95.17369842529295,124.48999786376952,56.55352020263672,20.361173629760746,12.93000030517578,25.93000030517578,48.34000015258789,115.04000091552734,0.45,1.81,127.21,3.0,1.7
2018-05-15,239.56866455078125,159.37098693847656,144.05328369140625,94.0903549194336,122.4800033569336,56.276512145996094,20.48660087585449,14.630000114440918,26.61000061035156,52.65999984741211,115.1999969482422,0.5,1.81,42.73,3.08,1.7
2018-05-16,240.5760040283203,160.4247283935547,145.55477905273438,93.729248046875,122.29000091552734,56.34907913208008,20.536771774291992,13.420000076293944,25.729999542236328,55.130001068115234,115.68000030517578,0.51,1.8,50.06,3.09,1.7
2018-05-17,240.37278747558597,159.80767822265625,146.22412109375,93.25580596923828,122.36000061035156,56.382057189941406,20.56185913085937,13.43000030517578,25.11000061035156,54.18999862670898,115.91999816894533,0.54,1.82,74.49,3.11,1.7
2018-05-18,239.7719268798828,158.9817352294922,146.41404724121094,94.05828094482422,122.41000366210938,56.32272338867188,20.603668212890625,13.420000076293944,25.229999542236328,53.2599983215332,115.44000244140624,0.51,1.83,129.32,3.06,1.7
2018-05-21,241.5746154785156,159.87413024902344,147.3818817138672,94.1064453125,122.4800033569336,56.40187072753906,20.586944580078125,13.079999923706056,25.790000915527344,53.08000183105469,117.36000061035156,0.48,1.83,87.84,3.06,1.7
2018-05-22,240.9029693603516,159.66525268554688,146.31455993652344,93.9620132446289,122.41000366210938,56.44137191772461,20.578582763671875,13.220000267028809,25.88999938964844,52.56999969482422,116.4800033569336,0.47,1.83,92.17,3.06,1.7
2018-05-23,241.56578063964844,161.01339721679688,146.50450134277344,94.64408111572266,122.54000091552734,56.487586975097656,20.66220092773437,12.579999923706056,26.040000915527344,53.27000045776367,116.08000183105467,0.48,1.84,171.23,3.01,1.7
2018-05-24,241.07086181640625,160.9658660888672,146.55877685546875,95.39837646484376,123.58999633789062,56.520538330078125,20.637115478515625,12.529999732971191,25.3700008392334,52.15999984741211,114.31999969482422,0.48,1.84,48.9,2.98,1.7
2018-05-25,240.4964599609375,161.1272735595703,146.29649353027344,95.99224090576172,123.20999908447266,56.42820739746094,20.737459182739254,13.220000267028809,27.76000022888184,54.09999847412109,109.44000244140624,0.45,1.85,102.1,2.93,1.7
2018-05-29,237.73057556152344,160.415283203125,146.0974884033203,98.09473419189452,123.19000244140624,56.19080352783203,20.879608154296875,17.020000457763672,29.040000915527344,63.0,108.08000183105467,0.45,1.96,50.44,2.77,1.7
2018-05-30,240.9029693603516,161.5640106201172,148.41299438476562,97.4367218017578,123.37000274658205,56.36227035522461,20.72073745727539,14.9399995803833,27.899999618530277,61.86000061035156,110.63999938964844,0.42,1.91,135.21,2.84,1.7
2018-05-31,239.4272003173828,161.45956420898438,147.22813415527344,97.27620697021484,123.0999984741211,56.30950927734375,20.704008102416992,15.43000030517578,27.61000061035156,60.540000915527344,108.4000015258789,0.43,1.89,77.32,2.83,1.7
2018-06-01,241.77784729003903,163.99436950683594,148.19595336914062,96.76221466064452,122.48999786376952,56.43799591064453,20.737459182739254,13.460000038146973,28.649999618530277,56.93999862670898,106.0,0.42,1.9,109.62,2.89,1.7
2018-06-04,242.92665100097656,165.47543334960938,148.9828643798828,96.0624542236328,122.37000274658205,56.55729293823242,20.72073745727539,12.739999771118164,29.489999771118164,54.29999923706055,104.95999908447266,0.42,1.88,80.79,2.94,1.7
2018-06-05,243.1034240722656,165.98806762695312,149.90550231933594,96.28765106201172,122.8499984741211,56.623531341552734,20.695646286010746,12.399999618530272,29.299999237060547,54.459999084472656,105.76000213623048,0.43,1.9,36.31,2.92,1.7
2018-06-06,245.13580322265625,166.95645141601562,150.9909210205078,95.50749206542967,122.91999816894533,56.76264953613281,20.637115478515625,11.640000343322754,29.13999938964844,56.43999862670898,105.27999877929688,0.45,1.91,37.98,2.97,1.7
2018-06-07,245.10931396484372,165.59884643554688,150.16786193847656,96.43244934082033,122.86000061035156,56.782527923583984,20.595304489135746,12.130000114440918,28.049999237060547,56.58000183105469,106.8000030517578,0.43,1.89,55.99,2.93,1.7
2018-06-08,245.83395385742188,165.60836791992188,150.62008666992188,96.14289093017578,123.01000213623048,56.74940872192383,20.603668212890625,12.18000030517578,27.59000015258789,59.56999969482422,106.16000366210938,0.43,1.9,112.51,2.93,1.7
2018-06-11,246.16099548339844,166.0545196533203,150.84617614746094,95.96595001220705,123.2300033569336,56.85540390014648,20.620391845703125,12.350000381469728,26.86000061035156,57.83000183105469,106.87999725341795,0.44,1.89,138.36,2.96,1.7
2018-06-12,246.47906494140625,166.92794799804688,151.53363037109375,95.99005889892578,122.81999969482422,56.90176010131836,20.66220092773437,12.34000015258789,26.57999992370605,55.959999084472656,107.1999969482422,0.42,1.88,235.59,2.96,1.7
2018-06-13,245.69261169433597,166.91848754882812,150.93661499023438,95.94181060791016,123.19000244140624,56.92164993286133,20.628751754760746,12.9399995803833,27.07999992370605,53.790000915527344,107.76000213623048,0.39,1.87,137.07,2.98,1.7
2018-06-14,246.311279296875,168.6083221435547,151.74163818359375,96.73810577392578,123.37999725341795,57.087249755859375,20.896333694458008,12.119999885559082,26.690000534057617,52.5,108.16000366210938,0.35,1.88,96.72,2.94,1.9
2018-06-15,245.9969482421875,168.01974487304688,151.78689575195312,96.8265151977539,121.33999633789062,57.054141998291016,20.879608154296875,11.979999542236328,27.63999938964844,53.08000183105469,104.4000015258789,0.38,1.87,68.71,2.93,1.9
2018-06-18,245.49093627929688,167.92271423339844,152.50144958496094,96.73810577392578,121.11000061035156,57.04754257202149,20.879608154296875,12.3100004196167,27.57999992370605,52.33000183105469,106.31999969482422,0.36,1.9,79.32,2.92,1.9
2018-06-19,244.5500640869141,167.44699096679688,152.510498046875,97.30113220214844,120.8000030517578,56.9680290222168,20.93814468383789,13.350000381469728,28.01000022888184,52.400001525878906,105.12000274658205,0.35,1.91,165.86,2.89,1.91
2018-06-20,244.96728515625,168.6361846923828,153.74061584472656,96.4485321044922,120.26000213623048,57.02764892578125,20.95486640930176,12.789999961853027,28.059999465942383,51.91999816894531,106.23999786376952,0.37,1.92,222.05,2.93,1.92
2018-06-21,243.43161010742188,167.1710968017578,152.30247497558594,96.9552993774414,120.0500030517578,56.90841293334961,20.896333694458008,14.640000343322754,27.780000686645508,53.09000015258789,106.4800033569336,0.34,1.95,71.67,2.9,1.92
2018-06-22,243.8754730224609,166.79998779296875,151.79592895507812,96.9472198486328,120.33999633789062,56.91501235961914,20.82107734680176,13.770000457763672,25.520000457763672,53.02999877929688,112.16000366210938,0.34,1.97,80.35,2.9,1.92
2018-06-25,240.5556182861328,163.04196166992188,149.31761169433594,97.16441345214844,119.88999938964844,56.782527923583984,20.78763198852539,17.329999923706055,26.100000381469727,53.040000915527344,110.16000366210938,0.33,1.99,63.53,2.87,1.92
2018-06-26,241.0881500244141,163.7079620361328,150.1859130859375,97.30113220214844,119.26000213623048,56.7759017944336,20.896333694458008,15.920000076293944,25.670000076293945,51.29999923706055,114.16000366210938,0.35,1.99,218.91,2.88,1.92
2018-06-27,239.09092712402344,161.48167419433594,147.77989196777344,98.21807098388672,118.58000183105467,56.65667724609375,21.02176284790039,17.90999984741211,27.690000534057617,53.04999923706055,117.1999969482422,0.31,1.98,39.58,2.83,1.91
2018-06-28,240.45802307128903,162.8707275390625,148.2321319580078,98.2421875,118.22000122070312,56.497650146484375,21.02176284790039,16.850000381469727,27.350000381469727,52.130001068115234,118.87999725341795,0.32,2.0,89.28,2.84,1.91
2018-06-29,240.80409240722656,163.30838012695312,148.1326141357422,97.90435791015624,118.6500015258789,56.36513900756836,20.85452651977539,16.09000015258789,27.18000030517578,51.16999816894531,120.4800033569336,0.33,1.99,54.02,2.85,1.91
2018-07-02,241.3189392089844,164.4025115966797,149.15475463867188,97.8277816772461,117.45999908447266,56.41904830932617,20.95486640930176,15.600000381469728,28.649999618530277,50.25,119.68000030517578,0.3,1.97,80.26,2.87,1.91
2018-07-03,240.4668426513672,162.49966430664062,149.74937438964844,98.35179138183594,118.6500015258789,56.42571258544922,20.88797187805176,16.139999389648438,28.57999992370605,51.220001220703125,119.36000061035156,0.3,1.99,119.73,2.83,1.91
2018-07-05,242.42855834960935,164.5166778564453,151.45599365234375,98.6339340209961,119.0500030517578,56.6386604309082,20.82107734680176,14.970000267028809,28.770000457763672,51.459999084472656,118.23999786376952,0.29,1.95,80.07,2.84,1.91
2018-07-06,244.4791259765625,167.07591247558594,152.73599243164062,98.95647430419922,118.86000061035156,56.78505706787109,20.754180908203125,13.369999885559082,28.1299991607666,50.130001068115234,119.68000030517578,0.29,1.96,184.49,2.82,1.91
2018-07-09,246.6804656982422,168.5791473388672,153.69821166992188,98.31954193115234,119.1500015258789,56.87156677246094,20.76254272460937,12.6899995803833,28.1200008392334,49.68999862670898,120.23999786376952,0.29,1.93,110.48,2.86,1.91
2018-07-10,247.5680694580078,168.70281982421875,152.99920654296875,98.31150817871094,118.93000030517578,56.87824249267578,20.770906448364254,12.640000343322754,26.899999618530277,49.810001373291016,120.55999755859376,0.28,1.91,81.98,2.87,1.91
2018-07-11,245.75729370117188,167.84658813476562,151.70108032226562,98.6904067993164,117.63999938964844,56.79170608520508,20.913057327270508,13.630000114440918,28.559999465942383,50.47999954223633,114.4800033569336,0.27,1.91,40.76,2.85,1.91
2018-07-12,247.98536682128903,170.7388458251953,152.43643188476562,98.68236541748048,118.12999725341795,56.97138595581055,20.92978286743164,12.579999923706056,27.809999465942383,48.56999969482422,115.12000274658205,0.25,1.9,84.92,2.85,1.91
2018-07-13,248.18060302734372,170.8815155029297,151.9824981689453,98.9322509765625,117.61000061035156,56.97138595581055,20.90469741821289,12.18000030517578,27.540000915527344,48.27999877929688,115.76000213623048,0.24,1.9,74.75,2.83,1.91
2018-07-16,247.95867919921875,170.472412109375,151.39242553710938,98.52111053466795,117.5500030517578,56.93145751953125,20.871248245239254,12.829999923706056,29.01000022888184,47.790000915527344,111.5199966430664,0.26,1.91,89.31,2.85,1.91
2018-07-17,248.9616851806641,171.50949096679688,152.06417846679688,98.33572387695312,116.27999877929688,56.9514045715332,20.963228225708008,12.0600004196167,28.0,46.63999938964844,111.5999984741211,0.24,1.9,58.55,2.86,1.91
2018-07-18,249.4855194091797,171.18594360351562,152.49085998535156,97.94065856933594,116.30999755859376,56.97806167602539,20.98831558227539,12.100000381469728,27.239999771118164,45.2599983215332,112.8000030517578,0.28,1.89,75.12,2.88,1.91
2018-07-19,248.54458618164065,170.3297576904297,153.57113647460938,98.5614242553711,115.80999755859376,56.9514045715332,21.030122756958008,12.869999885559082,26.84000015258789,47.11000061035156,113.04000091552734,0.24,1.9,55.33,2.84,1.91
2018-07-20,248.26048278808597,170.2917022705078,152.94479370117188,97.35215759277344,116.55999755859376,56.97806167602539,20.862886428833008,12.859999656677246,26.01000022888184,49.04999923706055,113.1999969482422,0.29,1.91,132.11,2.89,1.91
2018-07-23,248.7220916748047,170.833984375,153.13540649414062,96.15099334716795,116.0,56.95808029174805,20.896333694458008,12.619999885559082,26.149999618530277,51.5099983215332,112.72000122070312,0.32,1.91,78.59,2.96,1.91
2018-07-24,249.97364807128903,171.53802490234375,151.50140380859375,96.48152160644533,116.04000091552734,57.07787704467773,20.90469741821289,12.40999984741211,25.649999618530277,50.310001373291016,113.83999633789062,0.32,1.88,77.37,2.95,1.91
2018-07-25,252.1039886474609,173.93556213378906,152.05514526367188,96.32833099365234,116.68000030517578,57.18435287475586,20.804351806640625,12.289999961853027,25.34000015258789,48.290000915527344,115.36000061035156,0.28,1.87,57.92,2.94,1.91
2018-07-26,251.5093688964844,171.3001708984375,152.87216186523438,96.14295959472656,115.7699966430664,57.191009521484375,20.946504592895508,12.140000343322754,24.8799991607666,49.27000045776367,115.76000213623048,0.29,1.85,104.65,2.98,1.91
2018-07-27,249.8049774169922,168.9882354736328,150.02166748046875,96.30413818359376,115.83000183105467,57.17103958129883,20.92141914367676,13.029999732971191,24.96999931335449,48.83000183105469,114.55999755859376,0.29,1.84,61.47,2.96,1.91
2018-07-30,248.50022888183597,166.60023498535156,149.0594024658203,95.97366333007812,115.6500015258789,57.191009521484375,20.846162796020508,14.260000228881836,25.82999992370605,49.41999816894531,116.31999969482422,0.32,1.84,153.38,2.98,1.91
2018-07-31,249.72511291503903,167.87513732910156,150.575439453125,96.49766540527344,115.98999786376952,57.31078720092773,20.88797187805176,12.829999923706056,26.520000457763672,46.5,114.23999786376952,0.29,1.83,91.35,2.96,1.91
2018-08-01,249.3078765869141,168.5125274658203,150.4755859375,95.71146392822266,115.13999938964844,57.362247467041016,20.913057327270508,13.149999618530272,26.450000762939453,48.380001068115234,112.72000122070312,0.33,1.83,57.71,3.0,1.91
2018-08-02,250.666015625,170.80543518066406,151.573974609375,95.84882354736328,114.5199966430664,57.39567565917969,21.030122756958008,12.1899995803833,25.729999542236328,48.0,114.87999725341795,0.32,1.84,117.93,2.98,1.91
2018-08-03,251.7401428222656,171.3286590576172,151.0474853515625,96.3255386352539,114.91999816894533,57.44248580932617,21.046846389770508,11.640000343322754,25.61000061035156,47.66999816894531,114.16000366210938,0.32,1.84,87.73,2.95,1.91
2018-08-06,252.6633453369141,172.3372039794922,151.89173889160156,96.38208770751952,114.33000183105467,57.54939651489258,21.08029556274414,11.270000457763672,25.420000076293945,46.86000061035156,114.4800033569336,0.3,1.82,112.91,2.94,1.91
2018-08-07,253.49761962890625,172.9651336669922,152.25485229492188,95.88115692138672,114.58999633789062,57.57611846923828,21.05520820617676,10.93000030517578,25.21999931335449,47.150001525878906,114.87999725341795,0.3,1.82,72.24,2.98,1.91
2018-08-08,253.3911590576172,173.17445373535156,152.11866760253906,95.97811126708984,114.91000366210938,57.54267883300781,21.030122756958008,10.850000381469728,26.40999984741211,46.84000015258789,111.1999969482422,0.28,1.84,56.98,2.96,1.91
2018-08-09,253.0449981689453,173.0697479248047,152.50904846191406,96.78609466552734,114.73999786376952,57.50260162353516,21.155553817749023,11.270000457763672,25.399999618530277,47.34999847412109,111.04000091552734,0.29,1.85,69.96,2.93,1.91
2018-08-10,251.3495330810547,171.74732971191406,152.08238220214844,97.48904418945312,114.69000244140624,57.40235900878906,21.30606460571289,13.15999984741211,25.450000762939453,50.630001068115234,112.63999938964844,0.26,1.87,76.97,2.87,1.91
2018-08-13,250.4085693359375,171.55703735351562,151.19271850585938,97.28700256347656,112.95999908447266,57.362247467041016,21.314428329467773,14.779999732971191,25.309999465942383,50.77000045776367,112.08000183105467,0.27,1.91,88.52,2.88,1.91
2018-08-14,252.0064239501953,172.63211059570312,152.6906280517578,97.06886291503906,113.06999969482422,57.462501525878906,21.39804458618164,13.3100004196167,26.18000030517578,49.84000015258789,111.91999816894533,0.26,1.9,55.18,2.89,1.91
2018-08-15,250.12454223632807,170.52005004882812,150.77516174316406,97.63444519042967,111.19000244140624,57.362247467041016,21.39804458618164,14.640000343322754,27.26000022888184,51.52000045776367,108.08000183105467,0.25,1.9,20.08,2.86,1.91
2018-08-16,252.1484222412109,171.08132934570312,152.17312622070312,97.62635040283205,111.0999984741211,57.43574905395508,21.381322860717773,13.449999809265137,26.32999992370605,50.61000061035156,109.04000091552734,0.24,1.89,30.89,2.87,1.92
2018-08-17,253.03614807128903,171.11940002441406,152.82675170898438,97.74755096435548,112.12999725341795,57.50260162353516,21.27261734008789,12.640000343322754,25.709999084472656,50.68999862670898,109.5199966430664,0.26,1.89,62.36,2.87,1.92
2018-08-20,253.5775604248047,170.9671630859375,153.25344848632812,98.40203094482422,112.69000244140624,57.52933883666992,21.22244453430176,12.489999771118164,25.26000022888184,50.970001220703125,110.08000183105467,0.22,1.89,45.18,2.82,1.92
2018-08-21,254.17230224609372,171.5950927734375,155.01455688476562,98.07074737548828,113.0199966430664,57.61621475219727,21.097021102905277,12.859999656677246,25.07999992370605,50.31999969482422,110.63999938964844,0.24,1.88,81.92,2.85,1.92
2018-08-22,254.0214080810547,172.26104736328125,155.3957977294922,98.45858001708984,113.2699966430664,57.63628387451172,21.038488388061523,12.25,24.71999931335449,49.63999938964844,114.16000366210938,0.22,1.91,38.52,2.82,1.92
2018-08-23,253.6841583251953,172.0137481689453,154.92376708984375,98.61207580566406,112.1999969482422,57.62959671020508,21.172273635864254,12.40999984741211,24.350000381469727,49.20000076293945,114.16000366210938,0.21,1.9,89.75,2.82,1.92
2018-08-24,255.2108612060547,173.612060546875,155.7680206298828,98.8060073852539,114.16000366210938,57.72984313964844,21.07193374633789,11.989999771118164,23.309999465942383,49.15999984741211,115.44000244140624,0.19,1.9,80.33,2.82,1.92
2018-08-27,257.2258605957031,175.38168334960938,155.9949493408203,98.24044036865234,114.58999633789062,57.74989318847656,20.98831558227539,12.15999984741211,23.68000030517578,49.380001068115234,116.0,0.18,1.89,108.44,2.85,1.92
2018-08-28,257.3502197265625,175.63853454589844,156.14022827148438,97.6506118774414,113.68000030517578,57.7231674194336,20.98831558227539,12.5,24.5,49.95000076293945,115.44000244140624,0.21,1.9,165.65,2.88,1.92
2018-08-29,258.7348022460937,177.66505432128906,156.5941162109375,97.7798843383789,114.1999969482422,57.689727783203125,20.95486640930176,12.25,24.31999969482422,49.09999847412109,117.27999877929688,0.22,1.88,92.96,2.89,1.92
2018-08-30,257.6874389648437,177.35104370117188,156.46701049804688,97.98992156982422,113.63999938964844,57.6429443359375,20.971590042114254,13.529999732971191,24.88999938964844,50.40999984741211,118.0,0.22,1.9,90.46,2.86,1.92
2018-08-31,257.69635009765625,177.57943725585938,157.06614685058594,97.76372528076172,113.51000213623048,57.71645736694336,21.06357192993164,12.859999656677246,25.020000457763672,50.709999084472656,117.68000030517578,0.24,1.92,121.46,2.86,1.91
2018-09-04,257.2524108886719,176.81832885742188,156.36717224121094,97.19850158691406,112.93000030517578,57.5963134765625,21.155553817749023,13.15999984741211,26.700000762939453,49.56999969482422,116.63999938964844,0.24,1.94,74.36,2.9,1.92
2018-09-05,256.5600891113281,174.53494262695312,155.94960021972656,96.93936920166016,113.31999969482422,57.53593444824219,21.08029556274414,13.90999984741211,26.6200008392334,48.400001525878906,115.91999816894533,0.24,1.95,37.66,2.9,1.92
2018-09-06,255.7878570556641,172.97463989257812,154.8965301513672,97.29566192626952,113.54000091552734,57.58292770385742,21.08029556274414,14.649999618530272,26.15999984741211,48.650001525878906,114.4000015258789,0.24,1.93,68.5,2.88,1.92
2018-09-07,255.2907867431641,172.30865478515625,154.8148193359375,96.46966552734376,113.2300033569336,57.522491455078125,21.13882827758789,14.880000114440918,26.06999969482422,49.43000030517578,114.23999786376952,0.23,1.93,67.9,2.94,1.92
2018-09-10,255.7345733642578,172.8890380859375,155.00547790527344,96.82598876953124,113.1500015258789,57.63659286499024,21.097021102905277,14.15999984741211,26.1299991607666,47.68999862670898,113.68000030517578,0.21,1.92,47.25,2.94,1.92
2018-09-11,256.5777893066406,174.2209930419922,155.25962829589844,96.08909606933594,113.22000122070312,57.650020599365234,21.113740921020508,13.220000267028809,27.13999938964844,47.970001220703125,116.8000030517578,0.22,1.9,49.37,2.98,1.92
2018-09-12,256.6399841308594,173.70721435546875,154.887451171875,96.3157958984375,114.16999816894533,57.78425216674805,21.038488388061523,13.140000343322754,26.940000534057617,46.790000915527344,118.23999786376952,0.23,1.89,40.31,2.97,1.92
2018-09-13,258.1578674316406,175.5624542236328,154.92376708984375,96.46157836914062,113.76000213623048,57.891639709472656,20.97995376586914,12.369999885559082,26.700000762939453,46.060001373291016,115.91999816894533,0.21,1.87,29.73,2.97,1.92
2018-09-14,258.20233154296875,175.04869079589844,155.57742309570312,96.0000228881836,113.0199966430664,57.94533920288086,21.05520820617676,12.06999969482422,26.399999618530277,47.45000076293945,116.0,0.21,1.88,36.1,2.99,1.92
2018-09-17,256.8353271484375,172.52745056152344,153.9252166748047,96.0000228881836,113.61000061035156,57.90507888793945,20.95486640930176,13.68000030517578,26.489999771118164,46.810001373291016,115.76000213623048,0.21,1.88,100.71,2.99,1.92
2018-09-18,258.2288818359375,173.95455932617188,154.56973266601562,94.995849609375,113.44000244140624,57.89837265014648,20.98831558227539,12.789999961853027,26.799999237060547,47.970001220703125,117.5199966430664,0.24,1.88,71.72,3.05,1.92
2018-09-19,258.50408935546875,173.8213348388672,154.00689697265625,94.42903137207033,113.87999725341795,57.79095458984375,20.97995376586914,11.75,26.350000381469727,48.790000915527344,119.5199966430664,0.27,1.88,74.06,3.08,1.92
2018-09-20,260.5990295410156,175.7432098388672,155.43212890625,94.86630249023438,114.2699966430664,57.87149429321289,20.829439163208008,11.800000190734863,26.06999969482422,49.34000015258789,118.4000015258789,0.26,1.85,54.24,3.07,1.92
2018-09-21,260.36083984375,174.78233337402344,154.687744140625,94.82582092285156,113.48999786376952,57.884952545166016,20.896333694458008,11.68000030517578,26.149999618530277,48.83000183105469,119.68000030517578,0.26,1.83,88.17,3.07,1.92
2018-09-24,259.495849609375,175.26840209960938,154.11582946777344,94.58285522460938,113.47000122070312,57.85811996459961,20.896333694458008,12.199999809265137,26.96999931335449,48.310001373291016,122.0,0.25,1.84,89.13,3.08,1.93
2018-09-25,259.2551574707031,175.50665283203125,154.3518829345703,94.48571014404295,113.6500015258789,57.81111907958984,20.913057327270508,12.420000076293944,26.82999992370605,49.380001068115234,122.16000366210938,0.27,1.83,55.65,3.1,1.93
2018-09-26,258.47930908203125,175.63059997558594,152.94105529785156,95.14971160888672,113.0500030517578,57.87149429321289,20.92141914367676,12.890000343322754,26.530000686645508,47.43999862670898,120.87999725341795,0.23,1.84,37.16,3.06,1.93
2018-09-27,259.20166015625,177.11740112304688,152.9501495361328,95.21452331542967,112.0500030517578,57.97891616821289,21.07193374633789,12.40999984741211,26.450000762939453,45.709999084472656,122.08000183105467,0.23,1.83,22.95,3.06,2.18
2018-09-28,259.2283935546875,177.07928466796875,153.41433715820312,94.96348571777344,112.76000213623048,58.019161224365234,21.12210273742676,12.119999885559082,26.729999542236328,46.15999984741211,124.16000366210938,0.24,1.84,52.38,3.05,2.18
2018-10-01,260.12908935546875,177.44149780273438,151.39373779296875,94.2663345336914,112.56999969482422,58.18707656860352,21.155553817749023,12.0,27.950000762939453,44.27999877929688,127.5999984741211,0.27,1.83,166.69,3.09,2.18
2018-10-02,259.9774475097656,177.04115295410156,149.75535583496094,94.84255981445312,113.87000274658205,58.139896392822266,21.18899726867676,12.050000190734863,27.68000030517578,45.34999847412109,126.95999908447266,0.23,1.84,130.93,3.05,2.18
2018-10-03,260.12017822265625,177.23179626464844,151.0659942626953,93.19503784179688,113.41999816894533,57.98482131958008,21.255895614624023,11.609999656677246,28.040000915527344,50.209999084472656,128.63999938964844,0.3,1.83,107.49,3.15,2.18
2018-10-04,258.08709716796875,173.8291778564453,148.94525146484375,92.53763580322266,113.4800033569336,57.769020080566406,21.264257431030277,14.220000267028809,28.899999618530277,55.06999969482422,125.91999816894533,0.32,1.84,119.36,3.19,2.18
2018-10-05,256.642578125,171.70370483398438,147.59817504882812,91.74229431152344,113.8000030517578,57.5128288269043,21.23917007446289,14.81999969482422,28.84000015258789,55.18999862670898,125.5199966430664,0.35,1.85,66.64,3.23,2.18
2018-10-08,256.642578125,170.65528869628906,147.28871154785156,91.43389129638672,112.54000091552734,57.38471603393555,21.264257431030277,15.6899995803833,28.86000061035156,55.18999862670898,125.44000244140624,0.33,1.84,112.49,3.21,2.18
2018-10-09,256.26812744140625,171.2081298828125,146.71524047851562,92.35912322998048,112.5999984741211,57.47237014770508,21.255895614624023,15.949999809265137,27.899999618530277,53.45000076293945,126.55999755859376,0.33,1.84,31.39,3.21,2.18
2018-10-10,248.1538848876953,163.6785125732422,142.50103759765625,92.1074676513672,112.87999725341795,57.0610580444336,21.23080825805664,22.959999084472656,28.809999465942383,55.70000076293945,123.04000091552734,0.34,1.86,58.99,3.22,2.18
2018-10-11,242.6878204345703,161.64837646484375,139.77952575683594,93.22747802734376,115.77999877929688,57.1082763671875,21.113740921020508,24.979999542236328,29.290000915527344,56.06999969482422,119.5999984741211,0.29,1.88,68.38,3.14,2.18
2018-10-12,246.0583953857422,166.1470947265625,139.80679321289062,92.9028549194336,115.2300033569336,57.41167449951172,21.18063735961914,21.309999465942383,27.729999542236328,54.369998931884766,120.95999908447266,0.3,1.88,103.11,3.15,2.18
2018-10-15,244.67623901367188,164.13600158691406,140.32562255859375,92.86226654052734,116.0,57.371212005615234,21.130464553833008,21.299999237060547,28.59000015258789,51.25,121.04000091552734,0.31,1.89,85.8,3.16,2.18
2018-10-16,250.0262908935547,168.91110229492188,144.39427185058594,93.07327270507812,115.8000030517578,57.56675720214844,21.13882827758789,17.6200008392334,28.59000015258789,50.18000030517578,121.5199966430664,0.29,1.88,109.71,3.16,2.18
2018-10-17,250.0708770751953,168.97779846191406,143.77536010742188,92.52141571044922,115.79000091552734,57.4521484375,21.24753189086914,17.399999618530273,28.1299991607666,48.9900016784668,118.55999755859376,0.3,1.88,77.94,3.19,2.19
2018-10-18,246.4595642089844,165.06051635742188,141.08114624023438,92.48892974853516,115.91999816894533,57.20942306518555,21.33951187133789,20.059999465942383,28.530000686645508,52.63999938964844,116.4800033569336,0.3,1.92,100.13,3.17,2.19
2018-10-19,246.32579040527344,164.9080047607422,139.58840942382812,92.28602600097656,116.01000213623048,57.24313354492188,21.29770278930664,19.88999938964844,27.420000076293945,52.040000915527344,117.76000213623048,0.28,1.92,70.3,3.2,2.19
2018-10-22,245.22021484375,165.75634765625,139.2880096435547,92.16431427001952,115.70999908447266,57.27008819580078,21.372961044311523,19.63999938964844,27.76000022888184,51.84999847412109,117.91999816894533,0.28,1.92,89.49,3.2,2.19
2018-10-23,243.97178649902344,165.14630126953125,138.041015625,92.45648956298828,116.38999938964844,57.21617889404297,21.33951187133789,20.709999084472656,29.3799991607666,55.0099983215332,112.31999969482422,0.28,1.96,52.04,3.17,2.2
2018-10-24,236.57981872558597,157.588134765625,132.8438262939453,93.15443420410156,116.66000366210938,56.9329719543457,21.448217391967773,25.229999542236328,29.799999237060547,57.68999862670898,112.4000015258789,0.26,1.99,73.6,3.1,2.2
2018-10-25,240.8241729736328,163.03993225097656,135.72003173828125,92.7648696899414,116.4000015258789,57.047584533691406,21.506750106811523,24.21999931335449,28.5,56.70000076293945,113.68000030517578,0.28,1.98,89.53,3.14,2.2
2018-10-26,236.58871459960935,158.84619140625,134.23641967773438,93.32488250732422,116.7699966430664,56.79140472412109,21.448217391967773,24.15999984741211,29.09000015258789,62.70000076293945,114.63999938964844,0.27,2.02,65.53,3.08,2.2
2018-10-29,235.27798461914065,155.57701110839844,133.49916076660156,93.11389923095705,116.30999755859376,56.737430572509766,21.506750106811523,24.700000762939453,29.459999084472656,59.77000045776367,112.87999725341795,0.27,2.02,64.23,3.08,2.2
2018-10-30,238.76443481445312,158.14089965820312,136.28433227539062,92.6512680053711,115.8000030517578,56.87228012084961,21.598731994628903,23.350000381469727,29.899999618530277,61.790000915527344,112.23999786376952,0.28,2.03,51.28,3.12,2.2
2018-10-31,241.3146209716797,161.85804748535156,136.5574188232422,92.1805648803711,115.1500015258789,56.87228012084961,21.590370178222656,21.229999542236328,30.1200008392334,60.130001068115234,110.31999969482422,0.28,2.03,79.07,3.15,2.2
2018-11-01,243.88267517089844,163.99301147460938,139.70669555664062,92.26595306396484,116.62999725341795,57.1331787109375,21.448217391967773,19.34000015258789,31.540000915527344,58.540000915527344,107.68000030517578,0.3,2.04,84.17,3.14,2.2
2018-11-02,242.4381256103516,161.4386749267578,140.17086791992188,91.11882781982422,116.6500015258789,57.09931564331055,21.498390197753903,19.51000022888184,32.209999084472656,61.41999816894531,106.4800033569336,0.31,2.02,82.99,3.22,2.19
2018-11-05,243.77566528320312,161.0384063720703,140.0616912841797,91.47679138183594,116.37000274658205,57.14672470092773,21.490026473999023,19.959999084472656,32.68000030517578,59.900001525878906,106.4000015258789,0.29,2.02,90.47,3.2,2.2
2018-11-06,245.31825256347656,162.25839233398438,140.75344848632812,91.41986846923828,116.04000091552734,57.29580307006836,21.439855575561523,19.90999984741211,34.150001525878906,59.0099983215332,105.44000244140624,0.29,1.98,148.95,3.22,2.2
2018-11-07,250.5701904296875,167.3479766845703,143.27468872070312,91.54191589355467,116.02999877929688,57.62779998779297,21.39804458618164,16.360000610351562,33.04999923706055,59.0099983215332,104.4800033569336,0.26,1.96,61.17,3.22,2.2
2018-11-08,250.1154937744141,166.28048706054688,142.8923797607422,91.53376770019533,115.77999877929688,57.48549270629883,21.523473739624023,16.719999313354492,32.22999954223633,51.58000183105469,102.72000122070312,0.26,1.96,51.63,3.24,2.2
2018-11-09,247.6723175048828,163.4783172607422,140.24374389648438,92.21712493896484,114.4800033569336,57.16028594970703,21.565282821655277,17.360000610351562,35.099998474121094,53.540000915527344,101.5999984741211,0.25,1.98,41.01,3.19,2.19
2018-11-12,243.04454040527344,158.5316619873047,137.46763610839844,92.81914520263672,113.66000366210938,56.80794143676758,21.75760841369629,20.450000762939453,40.13999938964844,53.540000915527344,99.83999633789062,0.25,2.04,42.33,3.14,2.19
2018-11-13,242.58973693847656,158.66513061523438,137.03074645996094,92.76221466064452,113.6999969482422,56.71308135986328,21.682350158691406,20.020000457763672,55.709999084472656,52.22999954223633,93.5199966430664,0.25,2.04,64.87,3.14,2.2
2018-11-14,240.9312438964844,157.4546661376953,136.02952575683594,92.81914520263672,114.63999938964844,56.60467147827149,21.60709381103516,21.25,47.06999969482422,53.900001525878906,95.5999984741211,0.26,2.09,53.94,3.12,2.2
2018-11-15,243.44573974609372,160.20916748046875,137.96823120117188,92.77850341796876,114.7699966430664,56.59111404418945,21.657264709472656,19.979999542236328,43.869998931884766,56.220001220703125,95.83999633789062,0.25,2.13,55.04,3.11,2.2
2018-11-16,244.0787811279297,159.64682006835938,138.29588317871094,93.31546783447266,115.62000274658205,56.42169952392578,21.498390197753903,18.13999938964844,40.560001373291016,60.43000030517578,96.55999755859376,0.27,2.13,30.47,3.08,2.2
2018-11-19,239.95040893554688,154.46182250976562,135.4924774169922,93.57579803466795,115.66999816894533,56.24551773071289,21.481664657592773,20.100000381469727,43.45000076293945,59.470001220703125,97.12000274658205,0.27,2.16,10.92,3.06,2.2
2018-11-20,235.50978088378903,151.69784545898438,132.88021850585938,93.60833740234376,115.66999816894533,56.0693473815918,21.590370178222656,22.479999542236328,56.560001373291016,59.4900016784668,90.16000366210938,0.27,2.17,29.26,3.06,2.2
2018-11-21,236.3123016357422,152.85105895996094,134.73704528808594,93.57579803466795,115.86000061035156,56.35393524169922,21.590370178222656,20.799999237060547,51.790000915527344,57.650001525878906,92.16000366210938,0.25,2.17,46.86,3.06,2.2
2018-11-23,234.73406982421875,151.74549865722656,134.60955810546875,93.67340850830078,115.7699966430664,56.04228210449219,21.632177352905277,21.520000457763672,65.16999816894531,57.310001373291016,86.63999938964844,0.24,2.18,24.17,3.05,2.2
2018-11-26,238.5236968994141,155.25294494628906,136.35719299316406,93.4618911743164,115.63999938964844,56.30656051635742,21.67398834228516,18.899999618530277,57.869998931884766,51.52999877929688,87.5199966430664,0.23,2.16,168.44,3.07,2.2
2018-11-27,239.326171875,155.77713012695312,135.22854614257812,93.56766510009766,114.9499969482422,56.27941131591797,21.732521057128903,19.020000457763672,54.63999938964844,51.2400016784668,87.5999984741211,0.23,2.2,93.08,3.06,2.2
2018-11-28,244.8367462158203,160.7905731201172,138.56900024414062,93.112060546875,115.37999725341795,56.7469367980957,21.623815536499023,18.489999771118164,53.9900016784668,50.7599983215332,85.27999877929688,0.25,2.22,100.92,3.06,2.2
2018-11-29,244.30181884765625,160.266357421875,138.19581604003906,93.47816467285156,115.73999786376952,56.7604866027832,21.590370178222656,18.790000915527344,53.959999084472656,50.91999816894531,86.95999908447266,0.22,2.26,183.21,3.03,2.2
2018-11-30,245.7909240722656,161.42913818359375,138.9148406982422,93.8280258178711,115.54000091552734,56.64527893066406,21.67398834228516,18.06999969482422,56.040000915527344,52.43000030517578,85.83999633789062,0.21,2.27,136.43,3.01,2.2
2018-12-03,249.0454864501953,164.2503662109375,140.24374389648438,94.49420928955078,116.41000366210938,57.0373420715332,21.682350158691406,16.440000534057617,49.61000061035156,50.310001373291016,90.16000366210938,0.15,2.26,158.49,2.98,2.19
2018-12-04,240.97581481933597,157.95030212402344,134.27281188964844,96.07621002197266,117.12000274658205,56.68345260620117,21.64054107666016,20.739999771118164,49.84000015258789,53.86000061035156,89.44000244140625,0.11,2.25,109.29,2.91,2.2
2018-12-06,240.6102294921875,159.06541442871094,133.98153686523438,96.3779067993164,117.13999938964844,56.48605728149414,21.632177352905277,21.190000534057617,50.130001068115234,53.86000061035156,87.5199966430664,0.12,2.29,110.19,2.87,2.2
2018-12-07,235.0194091796875,153.81378173828125,131.08709716796875,96.55730438232422,118.08999633789062,56.37713241577149,21.57364273071289,23.229999542236328,41.83000183105469,60.7400016784668,88.87999725341797,0.13,2.31,101.45,2.85,2.19
2018-12-10,235.4652099609375,155.42453002929688,130.704833984375,96.95686340332033,117.68000030517578,56.41796875,21.71579933166504,22.63999938964844,45.060001373291016,60.2599983215332,86.0,0.13,2.31,71.08,2.85,2.2
2018-12-11,235.5187225341797,155.93917846679688,130.5683135986328,96.94056701660156,117.54000091552734,56.52007675170898,21.77433204650879,21.76000022888184,41.459999084472656,58.72999954223633,87.5999984741211,0.11,2.26,88.44,2.89,2.19
2018-12-12,236.70462036132807,157.31166076660156,131.81529235839844,96.50837707519533,117.79000091552734,56.70383834838867,21.690711975097656,21.459999084472656,39.900001525878906,58.22999954223633,86.55999755859375,0.14,2.24,57.97,2.91,2.19
2018-12-13,236.62445068359372,157.35935974121094,129.94937133789062,96.2800521850586,117.52999877929688,56.8399543762207,21.690711975097656,20.649999618530277,39.25,55.75,89.68000030517578,0.16,2.25,121.67,2.91,2.19
2018-12-14,232.25521850585935,153.52783203125,127.98334503173828,96.6143798828125,117.05999755859376,56.60174560546875,21.77433204650879,21.6299991607666,42.380001068115234,56.130001068115234,86.55999755859375,0.16,2.25,86.56,2.89,2.19
2018-12-17,227.69873046875,150.04896545410156,125.13309478759766,97.17709350585938,117.87000274658205,56.23422622680664,21.71579933166504,24.520000457763672,46.59000015258789,55.40999984741211,83.5999984741211,0.16,2.25,101.75,2.86,2.2
2018-12-18,227.44903564453125,150.99258422851562,124.97784423828124,97.7590103149414,118.1500015258789,56.13230514526367,21.707433700561523,25.57999992370605,53.34999847412109,59.400001525878906,78.31999969482422,0.17,2.26,103.24,2.82,2.2
2018-12-19,224.0428466796875,147.28489685058594,122.37509155273438,99.05049896240234,117.43000030517578,55.62623596191406,21.71579933166504,25.57999992370605,50.86000061035156,59.0099983215332,80.16000366210938,0.14,2.27,114.17,2.77,2.2
2018-12-20,220.39584350585935,145.14999389648438,120.35680389404295,98.69084930419922,119.23999786376952,55.14068603515625,21.548561096191406,28.3799991607666,52.88999938964844,58.7599983215332,77.76000213623047,0.12,2.28,79.38,2.79,2.4
2018-12-21,215.88011169433597,140.65126037597656,117.23348999023438,98.67447662353516,118.72000122070312,54.86714172363281,21.690711975097656,30.11000061035156,51.7599983215332,61.61000061035156,76.55999755859375,0.16,2.31,144.91,2.79,2.4
2018-12-24,210.1758575439453,137.16334533691406,114.95951080322266,99.1649398803711,120.0199966430664,54.456809997558594,21.5943603515625,36.06999969482422,56.72999954223633,66.04000091552734,74.31999969482422,0.19,2.35,141.79,2.74,2.4
2018-12-26,220.79498291015625,145.72769165039062,120.48464965820312,98.10230255126952,119.66000366210938,55.37322998046875,21.704235076904297,30.40999984741211,54.06999969482422,63.88999938964844,79.19999694824219,0.2,2.33,198.19,2.81,2.4
2018-12-27,222.4901428222656,146.29168701171875,120.98693084716795,98.11868286132812,120.56999969482422,55.33899688720703,21.61126518249512,29.959999084472656,57.15999984741211,68.33999633789062,76.95999908447266,0.21,2.36,161.1,2.77,2.4
2018-12-28,222.2030792236328,146.21517944335938,121.333984375,98.94424438476562,121.05999755859376,55.42109298706055,21.55210304260254,28.34000015258789,53.11000061035156,66.66000366210938,76.23999786376953,0.2,2.44,156.65,2.72,2.4
2018-12-31,224.14935302734372,147.44825744628906,122.2837905883789,99.32024383544922,121.25,55.46210861206055,21.509845733642575,25.420000076293945,51.869998931884766,66.58000183105469,77.27999877929688,0.21,2.45,149.82,2.69,2.4
2019-01-02,224.3825225830078,148.04086303710938,122.97782135009766,99.8433609008789,121.33000183105467,55.38685607910156,21.67042732238769,23.21999931335449,54.720001220703125,62.79999923706055,78.80000305175781,0.16,2.45,146.97,2.66,2.4
2019-01-03,219.02813720703125,143.20428466796875,120.7768783569336,100.97953033447266,122.43000030517578,55.41424179077149,21.55210304260254,25.450000762939453,53.56999969482422,65.79000091552734,79.5999984741211,0.17,2.48,212.58,2.56,2.4
2019-01-04,226.3646697998047,149.3312225341797,125.2883529663086,99.8106460571289,121.44000244140624,56.344276428222656,21.518293380737305,21.3799991607666,51.52000045776367,65.81999969482422,81.44000244140625,0.17,2.45,153.15,2.67,2.4
2019-01-07,228.14944458007807,151.10910034179688,127.4800796508789,99.5163803100586,121.86000061035156,56.891387939453125,21.42532730102539,21.399999618530277,50.41999816894531,60.880001068115234,82.31999969482422,0.17,2.42,148.61,2.7,2.4
2019-01-08,230.29302978515625,152.47592163085938,129.43446350097656,99.25485229492188,121.52999877929688,57.26071166992188,21.49294090270996,20.46999931335449,46.08000183105469,59.04999923706055,84.0,0.15,2.39,259.25,2.73,2.4
2019-01-09,231.3692779541016,153.7185516357422,130.5029296875,99.09952545166016,122.30999755859376,57.3291130065918,21.290096282958984,19.979999542236328,44.36000061035156,57.02000045776367,88.4000015258789,0.18,2.39,120.42,2.74,2.4
2019-01-10,232.1854553222656,154.15823364257812,131.1788330078125,98.46199035644533,121.58999633789062,57.55473327636719,21.41687393188477,19.5,42.9900016784668,56.650001525878906,88.80000305175781,0.18,2.42,148.84,2.74,2.4
2019-01-11,232.27511596679688,153.5942840576172,131.21531677246094,98.8461685180664,121.8000030517578,57.3701057434082,21.433778762817383,18.190000534057617,40.9900016784668,55.93999862670898,87.19999694824219,0.16,2.42,170.68,2.71,2.4
2019-01-14,230.8580017089844,152.23703002929688,129.9093475341797,98.47832489013672,122.08999633789062,57.1854362487793,21.433778762817383,19.06999969482422,40.810001373291016,55.34000015258789,85.5199966430664,0.18,2.46,223.58,2.71,2.4
2019-01-15,233.5038909912109,155.2096710205078,131.0052490234375,98.11868286132812,121.87999725341795,57.376953125,21.509845733642575,18.600000381469727,39.75,53.0099983215332,88.0,0.19,2.46,104.39,2.72,2.4
2019-01-16,234.0688934326172,155.1809844970703,131.982421875,98.2167510986328,122.2699966430664,57.465858459472656,21.53519821166992,19.040000915527344,38.77000045776367,51.95000076293945,88.4800033569336,0.18,2.45,173.46,2.73,2.4
2019-01-17,235.84469604492188,156.40443420410156,133.17880249023438,98.24128723144533,122.11000061035156,57.62316131591797,21.53519821166992,18.059999465942383,37.02999877929688,53.43999862670898,88.23999786376953,0.19,2.43,168.92,2.75,2.4
2019-01-18,238.98377990722656,157.95297241210938,134.5486602783203,97.72635650634766,121.0199966430664,57.78725814819336,21.602813720703125,17.799999237060547,35.630001068115234,53.77999877929688,90.4800033569336,0.17,2.38,154.17,2.79,2.4
2019-01-22,235.7550048828125,154.7891082763672,132.42076110839844,98.38842010498048,121.4499969482422,57.40430450439453,21.602813720703125,20.799999237060547,38.2599983215332,54.63999938964844,88.95999908447266,0.16,2.38,107.95,2.74,2.4
2019-01-23,236.24832153320312,154.98980712890625,132.0554962158203,98.3475341796875,121.27999877929688,57.52054977416992,21.55210304260254,19.520000457763672,37.68999862670898,54.18999862670898,88.4000015258789,0.18,2.37,88.26,2.76,2.4
2019-01-24,236.37391662597656,155.99346923828125,132.8500213623047,98.99330139160156,121.08999633789062,57.58210372924805,21.678878784179688,18.88999938964844,36.75,54.18000030517578,89.36000061035156,0.16,2.37,106.06,2.72,2.4
2019-01-25,238.37396240234372,157.85739135742188,134.55775451660156,98.51915740966795,122.86000061035156,57.72575378417969,21.50139045715332,17.420000076293945,35.209999084472656,52.5,90.0,0.16,2.34,105.17,2.76,2.4
2019-01-28,236.5622711181641,155.90745544433594,133.83631896972656,98.42108154296876,123.29000091552734,57.63683319091797,21.518293380737305,18.8700008392334,37.61000061035156,50.95000076293945,87.5999984741211,0.15,2.36,73.71,2.75,2.4
2019-01-29,236.24832153320312,154.43540954589844,133.5166778564453,98.91969299316406,123.9800033569336,57.60261535644531,21.52674674987793,19.1299991607666,37.130001068115234,49.79999923706055,89.27999877929688,0.16,2.36,62.53,2.72,2.4
2019-01-30,239.9883728027344,158.3639373779297,134.97789001464844,98.8461685180664,124.69000244140624,58.06083679199219,21.41687393188477,17.65999984741211,35.59000015258789,48.31999969482422,91.1999969482422,0.18,2.37,123.71,2.7,2.4
2019-01-31,242.09597778320312,160.73443603515625,136.12855529785156,99.69622802734376,124.75,58.20444869995117,21.45913314819336,16.56999969482422,34.970001220703125,49.810001373291016,90.8000030517578,0.18,2.38,126.24,2.63,2.4
2019-02-01,242.2125701904297,160.05577087402344,136.23817443847656,99.0940933227539,124.5,58.17627716064453,21.45913314819336,16.139999389648438,33.400001525878906,48.790000915527344,93.04000091552734,0.18,2.31,95.81,2.7,2.4
2019-02-04,243.9166259765625,162.0439453125,137.86375427246094,98.65168762207033,123.95999908447266,58.31367492675781,21.518293380737305,15.729999542236328,33.70000076293945,48.869998931884766,92.0,0.2,2.3,216.31,2.73,2.4
2019-02-05,244.9391021728516,163.4776611328125,138.0098419189453,99.10231018066406,124.27999877929688,58.51975631713867,21.57745933532715,15.56999969482422,34.56999969482422,48.619998931884766,90.31999969482422,0.18,2.27,87.75,2.71,2.4
2019-02-06,244.61622619628903,162.99020385742188,137.8363494873047,99.15144348144533,123.44000244140624,58.4648323059082,21.661975860595703,15.380000114440918,33.02000045776367,47.43999862670898,90.55999755859376,0.18,2.28,145.25,2.7,2.4
2019-02-07,242.28439331054688,160.80133056640625,136.70396423339844,99.8068389892578,123.73999786376952,58.26557540893555,21.71268844604492,16.3700008392334,34.34000015258789,48.970001220703125,88.55999755859375,0.17,2.31,93.79,2.65,2.4
2019-02-08,242.58029174804688,161.11679077148438,136.85000610351562,100.23280334472656,124.20999908447266,58.25184631347656,21.738040924072266,15.720000267028809,32.560001373291016,49.630001068115234,88.63999938964844,0.18,2.3,76.81,2.63,2.4
2019-02-11,242.71484375,160.96383666992188,137.99159240722656,99.8396224975586,123.5999984741211,58.27931213378906,21.822559356689453,15.970000267028809,33.34000015258789,48.31999969482422,88.08000183105469,0.17,2.3,59.53,2.65,2.4
2019-02-12,245.8360290527344,163.3439178466797,139.7176055908203,99.58563995361328,123.86000061035156,58.560997009277344,21.746496200561523,15.43000030517578,32.689998626708984,49.02000045776367,89.27999877929688,0.18,2.3,45.91,2.68,2.4
2019-02-13,246.63424682617188,163.45860290527344,140.1103515625,99.20877075195312,123.37000274658205,58.478546142578125,21.86482048034668,15.649999618530272,32.2599983215332,48.16999816894531,90.72000122070312,0.18,2.27,93.01,2.71,2.4
2019-02-14,246.08714294433597,163.65928649902344,140.42996215820312,99.77406311035156,124.05999755859376,58.48541259765625,21.839466094970703,16.219999313354492,32.099998474121094,47.18999862670898,91.83999633789062,0.16,2.3,35.99,2.66,2.4
2019-02-15,248.7688140869141,164.34751892089844,142.66746520996094,99.9297332763672,124.8000030517578,58.67095947265625,21.79720497131348,14.90999984741211,29.459999084472656,45.72999954223633,93.68000030517578,0.14,2.28,55.54,2.66,2.4
2019-02-19,249.1993103027344,164.67251586914062,143.0601348876953,100.18367004394533,126.6999969482422,58.6915397644043,21.71268844604492,14.880000114440918,31.0,45.060001373291016,94.23999786376952,0.15,2.28,79.79,2.65,2.4
2019-02-20,249.7015686035156,164.643798828125,143.73594665527344,99.8969497680664,126.4800033569336,58.73963165283203,21.729591369628903,14.020000457763672,30.76000022888184,44.540000915527344,95.44000244140624,0.15,2.23,65.36,2.65,2.4
2019-02-21,248.81369018554688,164.04165649414062,143.1879425048828,99.00399017333984,125.0500030517578,58.68467712402344,21.746496200561523,14.460000038146973,30.15999984741211,46.54999923706055,95.04000091552734,0.16,2.23,87.44,2.69,2.4
2019-02-22,250.3563537597656,165.25558471679688,144.4300079345703,99.59381866455078,125.5,58.80142593383789,21.738040924072266,13.510000228881836,29.850000381469727,47.220001220703125,95.5999984741211,0.17,2.25,115.34,2.65,2.4
2019-02-25,250.6971740722656,165.8577423095703,144.4665069580078,99.29888916015624,125.37000274658205,58.849552154541016,21.721141815185547,14.850000381469728,32.689998626708984,46.15999984741211,92.55999755859376,0.16,2.23,84.03,2.67,2.4
2019-02-26,250.5177154541016,166.02980041503906,143.47108459472656,99.79044342041016,125.58000183105467,58.92511749267578,21.636619567871094,15.170000076293944,31.56999969482422,46.27999877929688,93.04000091552734,0.16,2.24,68.54,2.64,2.4
2019-02-27,250.4102020263672,165.92469787597656,143.6720428466797,98.65988159179688,124.69000244140624,58.94575500488281,21.65352439880371,14.699999809265137,31.01000022888184,46.27999877929688,95.12000274658205,0.19,2.25,128.81,2.69,2.4
2019-02-28,249.9437255859375,165.54232788085938,143.1788330078125,98.32401275634766,123.98999786376952,58.91135787963867,21.67042732238769,14.779999732971191,30.270000457763672,47.220001220703125,95.5999984741211,0.21,2.22,125.24,2.73,2.4
2019-03-01,251.5043792724609,166.68934631347656,144.51220703125,97.41519927978516,121.87999725341795,59.0783805847168,21.754945755004883,13.56999969482422,30.309999465942383,47.900001525878906,93.27999877929688,0.21,2.22,110.76,2.76,2.4
2019-03-04,250.58950805664065,166.718017578125,143.20623779296875,98.17870330810548,121.55999755859376,58.98868560791016,21.780303955078125,14.630000114440918,30.200000762939453,46.7400016784668,94.4000015258789,0.17,2.22,71.01,2.72,2.4
2019-03-05,250.2486724853516,166.84230041503906,142.53953552246094,98.38394927978516,121.72000122070312,58.96104049682617,21.839466094970703,14.739999771118164,29.790000915527344,45.86000061035156,94.55999755859376,0.17,2.22,138.38,2.72,2.4
2019-03-06,248.73294067382807,165.89599609375,139.74505615234375,98.74518585205078,121.61000061035156,58.864444732666016,21.839466094970703,15.739999771118164,29.690000534057617,45.630001068115234,94.0,0.17,2.25,78.64,2.69,2.4
2019-03-07,246.65220642089844,163.86004638671875,138.52133178710938,99.38551330566406,121.51000213623048,58.82304000854492,22.033855438232425,16.59000015258789,30.43000030517578,45.83000183105469,94.4800033569336,0.17,2.25,138.86,2.64,2.4
2019-03-08,246.1588287353516,163.6114959716797,138.4847412109375,99.80419921875,122.83999633789062,58.72643280029297,21.96624183654785,16.049999237060547,29.770000457763672,45.83000183105469,93.83999633789062,0.17,2.27,81.81,2.62,2.4
2019-03-11,249.72854614257807,167.0143280029297,140.9048614501953,99.50867462158205,122.23999786376952,58.91964721679688,21.915529251098636,14.329999923706056,29.18000030517578,44.84000015258789,94.87999725341795,0.17,2.27,161.35,2.64,2.4
2019-03-12,250.6701812744141,167.93190002441406,140.9779052734375,100.20647430419922,122.9800033569336,59.0231819152832,21.87327003479004,13.770000457763672,28.559999465942383,44.86000061035156,95.12000274658205,0.16,2.25,93.23,2.61,2.4
2019-03-13,252.32940673828125,169.1936492919922,141.53500366210938,100.01768493652344,123.83999633789062,59.18186950683594,21.771848678588867,13.40999984741211,28.1299991607666,44.56999969482422,97.5199966430664,0.16,2.26,81.38,2.61,2.4
2019-03-14,252.1680145263672,168.90692138671875,140.95970153808594,99.2952117919922,122.41000366210938,59.14046478271485,21.839466094970703,13.5,27.21999931335449,45.2400016784668,97.76000213623048,0.17,2.27,56.33,2.63,2.4
2019-03-15,253.41378784179688,170.47447204589844,141.33409118652344,99.95198059082033,122.97000122070312,59.1956787109375,21.80565643310547,12.880000114440918,26.270000457763672,46.04999923706055,97.5999984741211,0.16,2.28,66.48,2.59,2.4
2019-03-18,254.33262634277344,170.8804473876953,142.23822021484375,99.8945083618164,123.04000091552734,59.17498779296875,21.780303955078125,13.100000381469728,26.479999542236328,44.95000076293945,98.4800033569336,0.15,2.27,77.23,2.6,2.4
2019-03-19,254.3957061767578,171.4550323486328,141.5167694091797,99.67284393310548,123.37999725341795,59.20951461791992,21.754945755004883,13.5600004196167,28.440000534057617,43.68000030517578,98.23999786376952,0.15,2.27,82.83,2.61,2.4
2019-03-20,253.63006591796875,172.13485717773438,140.3373260498047,100.71544647216795,124.18000030517578,59.4648323059082,21.62817001342773,13.90999984741211,27.209999084472656,42.52999877929688,100.0,0.14,2.29,75.89,2.54,2.41
2019-03-21,256.49462890625,174.82568359375,142.17788696289062,100.93712615966795,123.68000030517578,59.45101547241211,21.763399124145508,13.630000114440918,27.13999938964844,44.5099983215332,99.5199966430664,0.13,2.28,91.17,2.54,2.41
2019-03-22,251.55812072753903,170.98583984375,137.00425720214844,102.5051727294922,123.97000122070312,59.23710632324219,21.80565643310547,16.479999542236328,27.780000686645508,52.2599983215332,97.83999633789062,0.13,2.3,83.99,2.44,2.41
2019-03-25,251.36900329589844,170.66026306152344,137.60858154296875,102.66934967041016,124.91999816894533,59.21640396118164,21.80565643310547,16.329999923706055,29.31999969482422,57.11000061035156,98.0,0.17,2.28,69.27,2.43,2.4
2019-03-26,253.2427215576172,171.4550323486328,139.05543518066406,102.5954818725586,124.3000030517578,59.361289978027344,21.87327003479004,14.68000030517578,27.920000076293945,56.5099983215332,99.76000213623048,0.17,2.3,78.28,2.41,2.4
2019-03-27,251.91845703125,170.35379028320312,138.5151824951172,103.5395736694336,123.6500015258789,59.40270614624024,21.89862823486328,15.149999618530272,28.11000061035156,60.970001220703125,98.72000122070312,0.17,2.28,92.66,2.39,2.41
2019-03-28,252.87332153320312,170.74647521972656,139.7512969970703,103.90081787109376,121.9000015258789,59.5200424194336,21.97469139099121,14.43000030517578,28.520000457763672,59.93000030517578,98.8000030517578,0.16,2.27,53.74,2.39,2.41
2019-03-29,254.4678955078125,172.0391387939453,140.18167114257812,103.8022918701172,122.01000213623048,59.6718635559082,22.000049591064453,13.710000038146973,26.75,58.54999923706055,100.0,0.14,2.26,91.25,2.41,2.43
2019-04-01,257.4856872558594,174.31822204589844,141.7108917236328,102.32788848876952,121.52999877929688,59.65728378295898,21.98314476013184,13.399999618530272,26.229999542236328,52.68999862670898,102.55999755859376,0.16,2.24,117.34,2.49,2.41
2019-04-02,257.6116943359375,174.9789581298828,141.34458923339844,102.51712036132812,121.9800033569336,59.68499755859375,22.00849914550781,13.359999656677246,26.280000686645508,54.209999084472656,104.08000183105467,0.18,2.24,130.56,2.48,2.41
2019-04-03,258.0171203613281,175.98439025878906,142.07713317871094,101.62857055664062,121.8000030517578,59.7057991027832,21.97469139099121,13.739999771118164,25.56999969482422,53.84000015258789,103.91999816894533,0.19,2.23,81.95,2.52,2.41
2019-04-04,258.7017822265625,175.91737365722656,142.7730255126953,101.91649627685548,122.11000061035156,59.7959098815918,22.000049591064453,13.579999923706056,25.21999931335449,51.70000076293945,103.36000061035156,0.18,2.22,82.78,2.51,2.41
2019-04-05,259.9539489746094,176.82708740234375,144.10995483398438,102.04815673828124,121.9800033569336,59.906837463378906,22.02540397644043,12.81999969482422,24.0,49.220001220703125,105.1999969482422,0.15,2.22,50.15,2.5,2.41
2019-04-08,260.1521301269531,177.2771453857422,143.87185668945312,101.68612670898438,122.51000213623048,59.87217330932617,21.949337005615234,13.18000030517578,24.32999992370605,47.88999938964844,107.1999969482422,0.16,2.21,58.07,2.52,2.41
2019-04-09,258.81890869140625,176.6546630859375,142.11375427246094,102.00700378417967,123.1500015258789,59.83058166503906,21.957788467407227,14.279999732971191,24.65999984741211,48.83000183105469,106.63999938964844,0.16,2.19,60.19,2.51,2.41
2019-04-10,259.70166015625,177.60269165039062,144.04580688476562,102.25386810302734,123.52999877929688,60.09394454956055,21.923982620239254,13.300000190734863,24.68000030517578,48.59999847412109,107.27999877929688,0.17,2.21,71.78,2.48,2.41
2019-04-11,259.6295471191406,177.1813507080078,143.8626708984375,101.65321350097656,121.9499969482422,60.18408203125,21.991596221923828,13.020000457763672,25.700000762939453,46.900001525878906,106.16000366210938,0.16,2.2,54.57,2.51,2.41
2019-04-12,261.38629150390625,177.94741821289062,144.38462829589844,100.92918395996094,121.83000183105467,60.27416610717773,21.94088363647461,12.010000228881836,25.700000762939453,48.84000015258789,106.4000015258789,0.16,2.15,75.79,2.56,2.41
2019-04-15,261.215087890625,177.9761505126953,143.9176483154297,101.18421936035156,121.5999984741211,60.23260498046875,21.932435989379883,12.31999969482422,25.51000022888184,47.63999938964844,105.91999816894533,0.15,2.15,76.25,2.55,2.41
2019-04-16,261.38629150390625,178.58900451660156,144.25645446777344,100.55070495605467,120.51000213623048,60.19791030883789,21.98314476013184,12.18000030517578,25.56999969482422,48.310001373291016,106.95999908447266,0.19,2.12,58.1,2.6,2.41
2019-04-17,260.7466735839844,179.21144104003906,142.9378662109375,100.59186553955078,120.27999877929688,60.05239486694336,21.96624183654785,12.600000381469728,25.190000534057617,48.650001525878906,106.23999786376952,0.19,2.13,63.24,2.59,2.42
2019-04-18,261.2601623535156,179.44126892089844,142.51666259765625,101.11837005615234,120.37000274658205,60.08011245727539,22.08456802368164,12.09000015258789,24.450000762939453,49.22999954223633,106.55999755859376,0.19,2.12,56.96,2.57,2.43
2019-04-22,261.4852600097656,179.94874572753906,142.14122009277344,100.63298034667967,120.37000274658205,59.976104736328125,22.033855438232425,12.420000076293944,26.06999969482422,48.77999877929688,109.36000061035156,0.21,2.14,78.68,2.59,2.44
2019-04-23,263.83648681640625,182.23741149902344,144.28390502929688,100.84690856933594,120.12000274658205,60.18408203125,22.109922409057617,12.279999732971191,26.559999465942383,49.790000915527344,110.31999969482422,0.21,2.14,56.96,2.57,2.44
2019-04-24,263.2509460449219,181.662841796875,144.7325897216797,101.6696548461914,120.47000122070312,60.100868225097656,22.21979713439941,13.140000343322754,25.280000686645508,50.52000045776367,109.44000244140624,0.21,2.14,60.14,2.53,2.44
2019-04-25,263.0888366699219,182.4002227783203,143.53306579589844,101.52156829833984,120.56999969482422,60.12860870361328,22.26205444335937,13.25,25.56999969482422,49.790000915527344,108.23999786376952,0.21,2.14,76.31,2.54,2.44
2019-04-26,264.31402587890625,182.5629730224609,144.92494201660156,101.8671417236328,121.37000274658205,60.2811279296875,22.23669815063477,12.729999542236328,31.239999771118164,49.43000030517578,104.72000122070312,0.23,2.13,67.89,2.51,2.44
2019-04-29,264.7283630371094,182.91726684570312,145.62081909179688,101.21712493896484,120.83000183105467,60.253414154052734,22.18598937988281,13.109999656677246,29.040000915527344,48.04999923706055,105.83999633789062,0.24,2.13,97.53,2.54,2.45
2019-04-30,264.8634338378906,181.5000457763672,144.94322204589844,101.73546600341795,121.1999969482422,60.26031875610352,22.11837577819824,13.119999885559082,29.309999465942383,49.470001220703125,106.31999969482422,0.24,2.14,75.34,2.51,2.45
2019-05-01,262.8726501464844,180.91595458984372,143.56961059570312,102.15515899658205,120.4000015258789,60.06264877319336,22.14373016357422,14.800000190734863,29.40999984741211,46.75,105.76000213623048,0.21,2.11,112.75,2.52,2.45
2019-05-02,262.3050537109375,180.13070678710938,144.2381134033203,101.66871643066406,119.94000244140624,60.1043815612793,22.194440841674805,14.420000076293944,30.489999771118164,46.720001220703125,102.55999755859376,0.2,2.12,30.2,2.55,2.41
2019-05-03,264.8724975585937,183.00341796875,146.9943389892578,101.95729064941406,120.6500015258789,60.25754165649414,22.109922409057617,12.869999885559082,29.8799991607666,45.77999877929688,102.95999908447266,0.21,2.11,57.65,2.54,2.4
2019-05-06,263.78253173828125,181.8830718994141,147.15916442871094,102.23760223388672,120.80999755859376,60.285377502441406,22.1268253326416,15.4399995803833,30.90999984741211,47.81999969482422,104.55999755859376,0.2,2.14,93.78,2.51,2.4
2019-05-07,259.3774108886719,178.3400421142578,144.24732971191406,103.0208740234375,121.20999908447266,59.92341232299805,22.14373016357422,19.31999969482422,34.06999969482422,52.36000061035156,101.83999633789062,0.17,2.17,111.09,2.45,2.4
2019-05-08,259.0170593261719,177.88998413085938,143.54220581054688,102.57565307617188,120.91000366210938,59.944313049316406,22.152179718017575,19.399999618530277,32.22999954223633,51.310001373291016,103.12000274658205,0.19,2.17,101.81,2.49,2.39
2019-05-09,258.2333374023437,176.93240356445312,143.02029418945312,102.99614715576172,121.1999969482422,59.85380554199219,22.109922409057617,19.100000381469727,32.47999954223633,54.720001220703125,102.4800033569336,0.19,2.21,67.46,2.45,2.38
2019-05-10,259.5305480957031,177.1526336669922,143.4140167236328,102.85596466064452,121.43000030517578,60.020877838134766,22.101470947265625,16.040000915527344,32.79999923706055,53.4900016784668,102.72000122070312,0.21,2.2,108.12,2.47,2.38
2019-05-13,253.00848388671875,171.00497436523438,138.8448028564453,103.66400909423828,122.66999816894533,59.47098922729492,22.101470947265625,20.549999237060547,34.599998474121094,57.88999938964844,101.44000244140624,0.22,2.25,94.65,2.4,2.38
2019-05-14,255.29656982421875,172.88182067871094,140.59375,103.3589096069336,122.45999908447266,59.60324096679688,22.152179718017575,18.059999465942383,32.130001068115234,55.34999847412109,102.95999908447266,0.22,2.24,126.65,2.42,2.38
2019-05-15,256.7920227050781,175.32366943359375,141.05154418945312,103.99378967285156,122.38999938964844,59.65889739990234,22.160633087158203,16.440000534057617,29.26000022888184,57.400001525878906,103.76000213623048,0.21,2.26,132.3,2.37,2.4
2019-05-16,259.170166015625,177.0856170654297,141.9306182861328,103.64751434326172,121.51000213623048,59.83989334106445,22.21979713439941,15.289999961853027,29.420000076293945,56.97999954223633,105.12000274658205,0.2,2.24,94.72,2.4,2.39
2019-05-17,257.49468994140625,175.27578735351562,139.9527130126953,103.87834167480467,120.6500015258789,59.81898880004883,22.270505905151367,15.960000038146973,29.440000534057617,56.970001220703125,104.63999938964844,0.19,2.24,117.89,2.39,2.39
2019-05-20,255.79205322265625,172.31683349609375,138.98211669921875,103.66400909423828,120.63999938964844,59.76333999633789,22.253604888916016,16.309999465942383,27.6299991607666,56.54999923706055,105.1999969482422,0.2,2.24,95.08,2.41,2.39
2019-05-21,258.0982666015625,174.11712646484375,140.8501434326172,103.4990692138672,120.36000061035156,59.951271057128906,22.287410736083984,14.949999809265137,26.93000030517578,55.34999847412109,105.04000091552734,0.17,2.23,73.8,2.43,2.39
2019-05-22,257.30548095703125,173.34146118164062,139.6688690185547,104.09274291992188,120.23999786376952,60.00000762939453,22.30431365966797,14.75,28.190000534057617,54.959999084472656,101.91999816894533,0.16,2.26,69.8,2.39,2.38
2019-05-23,254.1616668701172,170.68894958496094,136.7936248779297,105.26351928710938,121.16999816894533,59.70070266723633,22.26205444335937,16.920000076293945,33.790000915527344,61.06999969482422,96.72000122070312,0.19,2.28,71.04,2.31,2.38
2019-05-24,254.73806762695312,170.60279846191406,138.07557678222656,105.3542022705078,121.3000030517578,59.617183685302734,22.18598937988281,15.850000381469728,33.189998626708984,60.540000915527344,97.83999633789062,0.16,2.31,144.24,2.32,2.38
2019-05-28,252.36888122558597,169.96119689941406,136.9767608642578,106.11275482177734,120.83000183105467,59.561466217041016,22.278959274291992,17.5,34.36000061035156,61.77000045776367,97.83999633789062,0.14,2.32,69.48,2.26,2.39
2019-05-29,250.67535400390625,168.56309509277344,135.83221435546875,106.43431854248048,120.87000274658205,59.40138244628906,22.329666137695312,17.899999618530273,36.43000030517578,63.15999984741211,97.91999816894533,0.16,2.33,55.62,2.25,2.39
2019-05-30,251.3599853515625,169.27174377441406,135.4567413330078,107.34947204589844,121.69000244140624,59.52667617797852,22.33812141418457,17.299999237060547,39.619998931884766,61.7400016784668,94.08000183105467,0.16,2.33,50.84,2.22,2.39
2019-05-31,247.97280883789065,166.5713653564453,133.561279296875,108.69342041015624,123.33000183105467,59.095123291015625,22.24514961242676,18.709999084472656,46.90999984741211,72.68000030517578,88.80000305175781,0.19,2.37,94.35,2.14,2.4
2019-06-03,247.34228515625,162.90382385253906,134.0282745361328,109.42047119140624,125.11000061035156,59.190208435058594,22.1268253326416,18.86000061035156,46.77999877929688,73.55999755859375,87.91999816894531,0.25,2.42,72.86,2.07,2.38
2019-06-04,252.7113037109375,167.4906463623047,137.49876403808594,108.17291259765624,125.1500015258789,59.78458786010742,22.101470947265625,16.969999313354492,43.459999084472656,75.26000213623047,89.27999877929688,0.24,2.42,120.06,2.12,2.38
2019-06-05,254.9002227783203,168.7355194091797,137.52618408203125,107.56156158447266,125.47000122070312,59.924407958984375,22.177536010742188,16.09000015258789,45.18999862670898,77.63999938964844,86.16000366210938,0.29,2.45,217.51,2.12,2.38
2019-06-06,256.55780029296875,170.07608032226562,137.16905212402344,107.90853881835938,125.87999725341795,60.05025100708008,22.101470947265625,15.93000030517578,40.65999984741211,73.41999816894531,88.4800033569336,0.24,2.44,137.43,2.12,2.37
2019-06-07,259.1251525878906,173.36062622070312,138.13970947265625,108.84213256835938,126.58999633789062,60.20411682128906,22.00849914550781,16.299999237060547,38.75,68.69000244140625,89.83999633789062,0.24,2.42,242.25,2.09,2.37
2019-06-10,260.31427001953125,175.38111877441406,138.9546661376953,107.81768035888672,125.33000183105467,60.295013427734375,22.033855438232425,15.9399995803833,39.119998931884766,65.62000274658203,88.87999725341797,0.25,2.39,162.1,2.15,2.37
2019-06-11,260.2512512207031,175.6204833984375,138.54258728027344,107.88377380371094,125.18000030517578,60.378902435302734,22.042308807373047,15.989999771118164,38.68999862670898,64.93000030517578,88.87999725341797,0.22,2.38,130.24,2.15,2.37
2019-06-12,259.79180908203125,174.60546875,138.69825744628906,107.96637725830078,125.83000183105467,60.239070892333984,22.101470947265625,15.90999984741211,43.060001373291016,68.43000030517578,85.12000274658203,0.25,2.41,116.03,2.13,2.37
2019-06-13,260.8637084960937,175.63963317871094,140.16334533691406,108.3381576538086,126.5999984741211,60.378902435302734,22.11837577819824,15.81999969482422,41.560001373291016,75.73999786376953,87.04000091552734,0.27,2.42,143.87,2.1,2.37
2019-06-14,260.57550048828125,174.89273071289062,138.93630981445312,108.61074829101562,126.55999755859376,60.33697509765625,22.23669815063477,15.279999732971191,42.88999938964844,80.81999969482422,87.5199966430664,0.25,2.42,145.07,2.09,2.36
2019-06-17,260.6746826171875,175.94607543945312,139.8947296142578,108.80081939697266,126.4800033569336,60.24606704711914,22.24514961242676,15.350000381469728,46.150001525878906,76.87999725341797,86.4800033569336,0.23,2.41,82.16,2.09,2.38
2019-06-18,263.4040222167969,178.50279235839844,141.521240234375,109.34613800048828,127.12000274658205,60.66559219360352,22.278959274291992,15.149999618530272,43.43000030517578,76.73999786376953,90.0,0.2,2.4,146.35,2.06,2.37
2019-06-19,263.99859619140625,179.17312622070312,142.02662658691406,109.50304412841795,127.88999938964844,60.952274322509766,22.177536010742188,14.329999923706056,40.790000915527344,71.37000274658203,90.63999938964844,0.29,2.41,77.89,2.03,2.37
2019-06-20,266.52099609375,180.8393402099609,142.69744873046875,109.79227447509766,131.11000061035156,61.25995635986328,22.042308807373047,14.75,41.65999984741211,72.37000274658203,94.8000030517578,0.29,2.38,116.67,2.01,2.37
2019-06-21,266.1335754394531,180.57122802734372,141.46603393554688,108.5859832763672,131.97999572753906,61.06414031982422,21.932435989379883,15.399999618530272,42.130001068115234,74.62999725341797,95.76000213623048,0.3,2.35,178.92,2.07,2.38
2019-06-24,265.8076171875,180.57699584960935,139.74771118164062,109.39569854736328,133.94000244140625,61.05717086791992,21.89862823486328,15.260000228881836,41.0,73.76000213623047,96.08000183105467,0.3,2.33,92.75,2.02,2.38
2019-06-25,263.2006530761719,177.4770965576172,138.89315795898438,109.7343978881836,134.1999969482422,60.798439025878906,21.949337005615234,16.280000686645508,40.2599983215332,74.22000122070312,96.0,0.29,2.34,74.19,2.0,2.38
2019-06-26,262.938232421875,178.30245971679688,138.57151794433594,109.03213500976562,132.97000122070312,60.77045440673828,21.96624183654785,16.209999084472656,38.45000076293945,73.7300033569336,98.31999969482422,0.28,2.32,142.51,2.05,2.38
2019-06-27,263.8705139160156,178.98385620117188,141.17201232910156,109.80050659179688,132.83999633789062,60.93829727172852,21.96624183654785,15.81999969482422,37.84000015258789,69.91999816894531,98.31999969482422,0.27,2.31,64.08,2.01,2.38
2019-06-28,265.2283630371094,179.21420288085938,142.89039611816406,109.72611236572266,133.1999969482422,60.9592399597168,21.949337005615234,15.079999923706056,39.459999084472656,70.43000030517578,96.31999969482422,0.25,2.31,129.48,2.0,2.4
2019-07-01,267.6363220214844,181.63262939453125,143.44175720214844,109.46955871582033,130.6199951171875,60.9775390625,22.109922409057617,14.0600004196167,35.91999816894531,66.52999877929688,98.23999786376952,0.25,2.29,174.62,2.03,2.39
2019-07-02,268.3334045410156,182.35238647460935,142.5687713623047,110.31388092041016,133.41000366210938,61.1109733581543,22.093017578125,12.93000030517578,37.77000045776367,68.5999984741211,93.5999984741211,0.21,2.29,144.12,1.98,2.4
2019-07-03,270.4786376953125,183.7247772216797,143.5887908935547,111.10032653808594,133.6300048828125,61.34276580810547,22.093017578125,12.56999969482422,36.720001220703125,68.33000183105469,94.16000366210938,0.19,2.26,126.27,1.96,2.41
2019-07-05,270.1708374023437,183.3505096435547,143.97470092773438,109.62677764892578,132.13999938964844,61.0969352722168,22.21134376525879,13.279999732971191,34.70000076293945,65.27999877929688,95.5999984741211,0.17,2.26,72.83,2.04,2.42
2019-07-08,268.6862487792969,182.0644989013672,142.60557556152344,109.77579498291016,131.2899932861328,60.9775390625,22.253604888916016,13.960000038146973,34.0,63.220001220703125,95.44000244140624,0.17,2.23,72.06,2.05,2.41
2019-07-09,269.0211486816406,182.9762420654297,142.79852294921875,109.7344207763672,131.75,60.90729141235352,22.270505905151367,14.09000015258789,30.299999237060547,62.900001525878906,96.31999969482422,0.15,2.22,40.14,2.07,2.41
2019-07-10,270.30670166015625,184.79966735839844,143.04660034179688,109.13011932373048,133.8300018310547,61.07583999633789,22.177536010742188,13.029999732971191,30.76000022888184,62.38999938964844,100.23999786376952,0.25,2.25,45.62,2.07,2.41
2019-07-11,270.94024658203125,184.66531372070312,142.34828186035156,107.67316436767578,132.6999969482422,60.95647048950195,22.177536010742188,12.93000030517578,29.86000061035156,62.959999084472656,100.4000015258789,0.28,2.25,103.84,2.13,2.4
2019-07-12,272.1531982421875,185.7305145263672,143.45094299316406,107.79737854003906,133.52999877929688,61.0548210144043,22.13528060913086,12.390000343322754,30.38999938964844,62.77999877929688,100.16000366210938,0.28,2.25,72.49,2.12,2.38
2019-07-15,272.2438049316406,186.3256072998047,142.69744873046875,108.418212890625,133.52999877929688,61.0969352722168,22.169084548950195,12.68000030517578,30.82999992370605,61.900001525878906,98.4000015258789,0.26,2.25,72.19,2.09,2.4
2019-07-16,271.3657531738281,185.3658599853516,142.6515350341797,108.09539031982422,132.39999389648438,60.97050094604492,22.270505905151367,12.859999656677246,32.060001373291016,61.290000915527344,96.55999755859376,0.26,2.23,53.41,2.13,2.41
2019-07-17,269.51910400390625,184.4541931152344,141.6315155029297,109.2625961303711,134.5800018310547,60.89326095581055,22.228246688842773,13.970000267028809,34.939998626708984,62.290000915527344,94.0,0.23,2.24,77.06,2.06,2.41
2019-07-18,270.5057067871094,184.66531372070312,142.1644744873047,109.2708740234375,136.47999572753906,60.92136001586914,22.109922409057617,13.529999732971191,33.06999969482422,63.119998931884766,92.4800033569336,0.27,2.27,61.63,2.04,2.41
2019-07-19,269.00311279296875,183.3120880126953,141.34664916992188,109.01423645019533,134.47000122070312,60.81597900390625,22.21979713439941,14.449999809265137,34.84000015258789,63.86000061035156,93.36000061035156,0.25,2.26,61.84,2.05,2.41
2019-07-22,269.6640014648437,184.77084350585935,141.21800231933594,109.2211685180664,134.4499969482422,61.0196533203125,22.26205444335937,13.529999732971191,33.630001068115234,60.970001220703125,93.44000244140624,0.25,2.24,75.32,2.05,2.4
2019-07-23,271.592041015625,185.9800720214844,142.1552734375,108.62512969970705,133.69000244140625,61.12505722045898,22.363475799560547,12.609999656677246,32.25,61.22999954223633,94.4800033569336,0.25,2.23,114.24,2.08,2.4
2019-07-24,272.8683776855469,187.2852783203125,144.50770568847656,109.09700775146484,134.3699951171875,61.1742057800293,22.363475799560547,12.06999969482422,32.86000061035156,60.709999084472656,92.72000122070312,0.22,2.15,79.72,2.05,2.4
2019-07-25,271.5648498535156,185.5098419189453,142.7617645263672,108.57552337646484,133.4199981689453,61.08991622924805,22.405736923217773,12.739999771118164,31.950000762939453,60.9900016784668,92.8000030517578,0.22,2.14,40.68,2.08,2.4
2019-07-26,273.38433837890625,187.41964721679688,144.4525604248047,108.83212280273438,133.63999938964844,61.22335052490234,22.43954467773437,12.15999984741211,32.290000915527344,58.900001525878906,93.1999969482422,0.22,2.13,116.11,2.08,2.4
2019-07-29,272.88641357421875,186.776611328125,143.4876708984375,108.86522674560548,134.52999877929688,61.1320915222168,22.45644760131836,12.829999923706056,31.6299991607666,58.54999923706055,94.55999755859376,0.21,2.13,86.97,2.06,2.4
2019-07-30,272.2166442871094,185.9704742431641,145.0406494140625,109.13011932373048,134.97999572753906,61.160152435302734,22.45644760131836,13.9399995803833,30.06999969482422,57.84000015258789,96.63999938964844,0.21,2.14,139.24,2.06,2.39
2019-07-31,269.23846435546875,183.3984832763672,143.86444091796875,110.00763702392578,133.2100067138672,61.0548210144043,22.5916748046875,16.1200008392334,30.770000457763672,55.25,96.31999969482422,0.13,2.13,103.01,2.02,2.4
2019-08-01,266.8938903808594,182.48675537109372,141.778564453125,112.1924057006836,136.41000366210938,61.02446746826172,22.52406120300293,17.8700008392334,36.43000030517578,64.68000030517578,90.4800033569336,0.17,2.17,150.2,1.9,2.14
2019-08-02,264.88433837890625,179.79962158203125,140.2071990966797,113.22919464111328,135.88999938964844,60.932762145996094,22.473350524902344,17.610000610351562,35.560001373291016,66.11000061035156,91.83999633789062,0.14,2.18,117.41,1.86,2.14
2019-08-05,256.91845703125,173.44638061523438,135.99859619140625,115.18671417236328,137.7899932861328,60.29796600341797,22.363475799560547,24.59000015258789,37.040000915527344,77.23999786376953,90.95999908447266,0.16,2.24,83.03,1.75,2.13
2019-08-06,260.521240234375,175.87442016601562,137.24830627441406,116.10739135742188,138.91000366210938,60.685916900634766,22.38883209228516,20.170000076293945,36.43000030517578,73.91999816894531,89.12000274658203,0.13,2.25,84.05,1.73,2.13
2019-08-07,260.6751708984375,176.8245391845703,137.21156311035156,116.14888763427734,141.02000427246094,60.67886352539063,22.37192916870117,19.489999771118164,38.09999847412109,79.08000183105469,86.72000122070312,0.12,2.23,92.22,1.71,2.12
2019-08-08,265.78955078125,180.67291259765625,140.17044067382812,116.39771270751952,141.72999572753906,60.91865158081055,22.38883209228516,16.90999984741211,35.97999954223633,78.55000305175781,87.68000030517578,0.1,2.25,93.48,1.72,2.12
2019-08-09,263.9791564941406,178.97427368164062,138.40614318847656,116.16551208496094,141.25999450683594,60.834022521972656,22.363475799560547,17.969999313354492,35.13999938964844,78.97000122070312,90.23999786376952,0.11,2.23,92.35,1.74,2.12
2019-08-12,260.765625,176.92050170898438,136.6142120361328,118.5875015258789,142.6300048828125,60.62240982055664,22.34657287597656,21.09000015258789,34.43000030517578,81.58000183105469,90.87999725341795,0.07,2.23,109.59,1.65,2.12
2019-08-13,264.8209228515625,180.79769897460935,138.0845184326172,118.18107604980467,141.77999877929688,60.89045715332031,22.4479923248291,17.520000457763672,33.189998626708984,77.69999694824219,94.95999908447266,0.02,2.22,70.1,1.68,2.12
2019-08-14,256.9908752441406,175.3945770263672,134.22509765625,120.84359741210938,142.75,60.34736633300781,22.49870491027832,22.100000381469727,35.83000183105469,87.22000122070312,91.5199966430664,0.01,2.23,133.71,1.59,2.12
2019-08-15,257.6697998046875,175.1930694580078,133.69212341308594,122.18731689453124,143.6999969482422,60.52367401123047,22.515607833862305,21.18000030517578,36.20000076293945,90.62000274658205,90.8000030517578,0.04,2.27,144.25,1.52,2.13
2019-08-16,261.47174072265625,178.00498962402344,136.57752990722656,121.2085952758789,142.77999877929688,60.72824478149414,22.53251266479492,18.46999931335449,35.02000045776367,89.5199966430664,91.1999969482422,0.07,2.26,105.71,1.55,2.13
2019-08-19,264.6218566894531,180.8360595703125,137.9558868408203,119.47500610351562,141.11000061035156,60.9045524597168,22.583223342895508,16.8799991607666,32.9900016784668,86.48999786376953,93.27999877929688,0.07,2.29,144.84,1.6,2.13
2019-08-20,262.5941467285156,179.43495178222656,137.05531311035156,120.71092987060548,142.2100067138672,60.95394515991211,22.53251266479492,17.5,32.34000015258789,86.86000061035156,93.04000091552734,0.05,2.3,229.29,1.55,2.13
2019-08-21,264.7305603027344,181.028076171875,138.18560791015625,119.90637969970705,141.75999450683594,61.21490478515625,22.55786895751953,15.800000190734863,32.38999938964844,84.51000213623047,92.87999725341795,0.03,2.25,278.29,1.59,2.12
2019-08-22,264.6490173339844,180.442626953125,137.8639373779297,119.1100616455078,141.39999389648438,61.32774353027344,22.540964126586918,16.68000030517578,32.38999938964844,83.1500015258789,92.23999786376952,0.01,2.25,186.06,1.62,2.12
2019-08-23,257.8508605957031,174.73240661621094,133.636962890625,121.06761169433594,144.1699981689453,61.04562377929688,22.41418838500977,19.8700008392334,35.20000076293945,91.81999969482422,89.5199966430664,0.01,2.27,268.83,1.52,2.12
2019-08-26,260.7022705078125,177.37158203125,135.10726928710938,120.57817840576172,144.19000244140625,61.34891891479492,22.53251266479492,19.31999969482422,35.41999816894531,87.9800033569336,89.44000244140625,0.0,2.27,267.98,1.54,2.12
2019-08-27,259.6793212890625,176.9972686767578,133.1040496826172,122.4361801147461,145.57000732421875,61.32071304321289,22.515607833862305,20.309999465942383,33.72999954223633,88.66999816894531,91.36000061035156,-0.04,2.26,173.5,1.49,2.12
2019-08-28,261.5080261230469,177.63067626953125,134.65699768066406,122.59378814697266,145.16000366210938,61.46881484985352,22.56631851196289,19.350000381469727,32.720001220703125,89.87000274658203,93.12000274658205,-0.03,2.26,132.75,1.47,2.12
2019-08-29,264.8481750488281,180.3466644287109,137.01856994628906,122.12928009033205,144.1199951171875,61.53230667114258,22.6254825592041,17.8799991607666,31.81999969482422,86.94000244140625,94.23999786376952,-0.03,2.27,100.25,1.5,2.12
2019-08-30,264.7305603027344,179.914794921875,136.77044677734375,122.16250610351562,143.75,61.47587203979492,22.71000099182129,18.979999542236328,32.15999984741211,86.88999938964844,91.68000030517578,0.0,2.26,116.43,1.5,2.13
2019-09-03,263.1826171875,178.1681365966797,134.76722717285156,122.32040405273438,145.75,61.29948425292969,22.760711669921875,19.65999984741211,35.72999954223633,85.2699966430664,89.76000213623047,0.0,2.28,95.61,1.47,2.13
2019-09-04,266.1697998046875,180.74012756347656,135.85154724121094,122.50311279296876,146.66000366210938,61.4269905090332,22.61702919006348,17.329999923706055,34.560001373291016,81.5999984741211,93.68000030517578,0.04,2.29,92.02,1.47,2.13
2019-09-05,269.5915222167969,184.05108642578125,138.3785858154297,120.28461456298828,143.13999938964844,61.667850494384766,22.6254825592041,16.270000457763672,33.5,79.91999816894531,93.5999984741211,0.02,2.28,106.57,1.57,2.13
2019-09-06,269.7996826171875,183.8687286376953,137.7445526123047,121.1404037475586,141.9199981689453,61.72451400756836,22.633934020996094,15.0,33.209999084472656,78.81999969482422,94.16000366210938,0.02,2.26,130.51,1.55,2.12
2019-09-09,269.935546875,183.48489379882807,139.591552734375,118.9883270263672,141.38999938964844,61.78828048706055,22.5916748046875,15.270000457763672,33.279998779296875,76.44000244140625,96.63999938964844,0.05,2.23,65.84,1.63,2.13
2019-09-10,269.8721618652344,182.95703125,141.37420654296875,116.90272521972656,140.17999267578125,61.823692321777344,22.61702919006348,15.199999809265137,33.54999923706055,76.77999877929688,95.83999633789062,0.05,2.22,64.63,1.72,2.13
2019-09-11,271.7912292480469,184.6748962402344,144.26873779296875,116.69499969482422,141.02999877929688,61.81660461425781,22.684642791748047,14.609999656677246,34.939998626708984,76.69999694824219,93.44000244140624,0.07,2.22,58.52,1.75,2.13
2019-09-12,272.7326354980469,185.44261169433597,144.3055419921875,115.93048858642578,141.32000732421875,61.85200500488281,22.61702919006348,14.220000267028809,35.58000183105469,77.56999969482422,91.76000213623048,0.07,2.22,100.33,1.79,2.13
2019-09-13,272.55157470703125,184.78045654296875,144.55360412597656,113.45433044433594,140.14999389648438,61.73868179321289,22.583223342895508,13.739999771118164,35.47999954223633,85.52999877929688,91.5199966430664,0.11,2.21,103.12,1.9,2.14
2019-09-16,271.709716796875,183.95509338378903,145.09573364257812,114.90023040771484,141.32000732421875,61.95823669433594,22.684642791748047,14.670000076293944,48.58000183105469,85.94999694824219,102.63999938964844,0.1,2.2,67.24,1.84,2.25
2019-09-17,272.39764404296875,184.8380126953125,144.7190399169922,115.52340698242188,141.60000610351562,61.99367141723633,22.583223342895508,14.4399995803833,44.88999938964844,84.76000213623047,98.31999969482422,0.09,2.21,79.18,1.81,2.3
2019-09-18,272.56060791015625,184.76126098632807,143.8276824951172,116.01364135742188,140.7100067138672,61.95823669433594,22.66774177551269,13.949999809265137,40.43999862670898,79.66000366210938,96.8000030517578,0.03,2.18,72.64,1.8,2.25
2019-09-19,272.54254150390625,185.06837463378903,143.12930297851562,116.36261749267578,141.27999877929688,61.88740539550781,22.61702919006348,14.050000190734863,41.150001525878906,78.13999938964844,97.5199966430664,0.05,2.17,184.82,1.79,1.9
2019-09-20,271.2547302246094,183.11056518554688,142.82606506347656,117.89986419677734,142.9499969482422,61.96533966064453,22.67619132995605,15.31999969482422,38.9900016784668,80.06999969482422,97.5999984741211,0.05,2.19,98.34,1.74,1.9
2019-09-23,271.1911926269531,183.1913146972656,142.71583557128906,117.87494659423828,143.75,61.93701171875,22.71000099182129,14.90999984741211,39.060001373291016,81.01000213623047,97.68000030517578,0.04,2.17,134.52,1.72,1.9
2019-09-24,269.063232421875,180.7584228515625,140.5616912841797,119.29586029052734,144.50999450683594,61.85200500488281,22.6254825592041,17.049999237060547,38.7400016784668,83.06999969482422,95.1999969482422,0.04,2.2,120.81,1.64,1.9
2019-09-25,270.65460205078125,182.78746032714844,142.10166931152344,117.55081939697266,141.8300018310547,61.78828048706055,22.80296897888184,15.960000038146973,38.369998931884766,80.22000122070312,94.4000015258789,0.05,2.2,144.83,1.73,1.9
2019-09-26,270.0908203125,182.11431884765625,140.51559448242188,118.30696105957033,141.7899932861328,61.74575805664063,22.86212921142578,16.06999969482422,37.52000045776367,79.87000274658203,94.4000015258789,0.04,2.18,60.07,1.7,1.85
2019-09-27,268.6357116699219,179.8544158935547,139.3905792236328,118.59783935546876,141.05999755859375,61.674922943115234,22.828325271606445,17.219999313354492,38.900001525878906,79.97000122070312,93.27999877929688,0.06,2.19,101.26,1.69,1.83
2019-09-30,269.88165283203125,181.5661773681641,139.5565643310547,118.88866424560548,138.8699951171875,61.74575805664063,22.904394149780277,16.239999771118164,38.75,77.19999694824219,90.72000122070312,0.05,2.2,113.0,1.68,1.9
2019-10-01,266.6714172363281,180.08526611328125,136.81777954101562,119.2465591430664,139.6300048828125,61.60353469848633,22.828325271606445,18.559999465942383,38.880001068115234,85.61000061035156,89.5199966430664,0.09,2.22,65.08,1.65,1.88
2019-10-02,261.9608154296875,176.98883056640625,135.78500366210938,119.53789520263672,141.25999450683594,61.240814208984375,22.81142234802246,20.559999465942383,39.619998931884766,89.38999938964844,87.83999633789062,0.12,2.26,92.82,1.6,1.85
2019-10-03,264.10699462890625,178.9313201904297,136.23687744140625,120.62830352783205,141.89999389648438,61.27638244628906,22.80296897888184,19.1200008392334,40.400001525878906,87.94000244140625,87.44000244140625,0.15,2.29,46.59,1.54,1.83
2019-10-04,267.680908203125,181.5661773681641,137.5278778076172,121.51898193359376,141.89999389648438,61.46839904785156,22.786067962646484,17.040000915527344,39.310001373291016,83.1500015258789,88.31999969482422,0.12,2.29,105.75,1.52,1.82
2019-10-07,266.5259094238281,181.01808166503903,137.28811645507812,120.51172637939452,140.69000244140625,61.41860961914063,22.828325271606445,17.860000610351562,39.41999816894531,81.86000061035156,88.31999969482422,0.1,2.28,137.56,1.56,1.82
2019-10-08,262.3882141113281,178.30624389648438,135.0565185546875,120.83638763427734,141.9199981689453,61.19103240966797,22.86212921142578,20.280000686645508,39.4900016784668,80.47000122070312,87.12000274658203,0.12,2.3,165.35,1.54,1.82
2019-10-09,264.8799743652344,180.04681396484375,135.6743927001953,120.15390014648438,142.0500030517578,61.37592697143555,22.845230102539062,18.63999938964844,38.0,79.30999755859375,87.91999816894531,0.12,2.29,62.58,1.59,1.82
2019-10-10,266.6714172363281,181.44114685058597,136.21839904785156,118.3642578125,140.80999755859375,61.45418548583984,22.752260208129883,17.56999969482422,39.52000045776367,80.13999938964844,89.5199966430664,0.14,2.27,119.93,1.67,1.82
2019-10-11,269.4359130859375,183.7779235839844,138.5238037109375,116.89928436279295,140.02999877929688,61.71015930175781,22.66774177551269,15.579999923706056,39.650001525878906,79.86000061035156,91.36000061035156,0.13,2.22,95.08,1.76,1.82
2019-10-14,269.13592529296875,183.7587127685547,138.01658630371094,117.74822998046876,140.58999633789062,61.75286865234375,22.735355377197266,14.56999969482422,40.209999084472656,79.86000061035156,89.44000244140625,0.16,2.21,108.55,1.77,1.82
2019-10-15,271.80047607421875,186.09548950195312,139.60269165039062,116.32493591308594,139.61000061035156,61.88798141479492,22.66774177551269,13.539999961853027,39.470001220703125,80.05999755859375,88.4800033569336,0.16,2.21,68.05,1.77,1.9
2019-10-16,271.36395263671875,185.63389587402344,139.75021362304688,116.46644592285156,140.41000366210938,61.838191986083984,22.60857963562012,13.68000030517578,39.470001220703125,77.94000244140625,89.12000274658203,0.17,2.22,114.65,1.75,1.9
2019-10-17,272.1641540527344,186.12432861328125,141.4008331298828,116.1834487915039,140.61000061035156,61.92354202270508,22.52406120300293,13.789999961853027,37.709999084472656,77.61000061035156,90.23999786376952,0.16,2.21,156.8,1.76,1.85
2019-10-18,270.972900390625,184.3357391357422,140.72767639160156,116.1834487915039,140.4600067138672,61.93778610229492,22.43954467773437,14.25,36.43000030517578,78.3499984741211,89.76000213623047,0.18,2.21,64.05,1.76,1.85
2019-10-21,272.8097839355469,185.9704742431641,142.0463409423828,115.3094253540039,139.7899932861328,61.959129333496094,22.45644760131836,14.0,36.65999984741211,80.25,89.68000030517578,0.18,2.19,57.74,1.8,1.85
2019-10-22,271.9186706542969,184.4895477294922,142.203125,115.9836196899414,140.1999969482422,61.97335052490234,22.507156372070312,14.460000038146973,35.52000045776367,78.7300033569336,90.72000122070312,0.18,2.17,42.25,1.78,1.85
2019-10-23,272.7098693847656,184.8453369140625,142.37831115722656,116.10015106201172,140.52999877929688,62.03020858764648,22.49870491027832,14.010000228881836,35.65999984741211,73.02999877929688,93.1999969482422,0.19,2.18,80.02,1.77,1.85
2019-10-24,273.1553955078125,186.6436309814453,142.17543029785156,115.86714935302734,141.52999877929688,62.101348876953125,22.56631851196289,13.710000038146973,35.95000076293945,68.97000122070312,93.83999633789062,0.19,2.17,56.27,1.77,1.85
2019-10-25,274.2740173339844,188.1341552734375,142.9315948486328,115.30110168457033,141.86000061035156,62.151126861572266,22.5916748046875,12.649999618530272,34.63999938964844,67.06999969482422,94.63999938964844,0.17,2.16,67.88,1.8,1.83
2019-10-28,275.8199157714844,189.99009704589844,144.16725158691406,114.25234985351562,140.63999938964844,62.14401245117188,22.57477188110352,13.109999656677246,35.63999938964844,67.41000366210938,93.1999969482422,0.21,2.16,28.94,1.85,1.83
2019-10-29,275.7381286621094,188.51876831054688,144.63754272460938,114.32722473144533,140.25,62.03020858764648,22.56631851196289,13.199999809265137,35.70000076293945,67.61000061035156,92.63999938964844,0.2,2.15,134.13,1.84,1.82
2019-10-30,276.5839233398437,189.43235778808597,144.15805053710938,116.00021362304688,141.02000427246094,61.95198822021485,22.515607833862305,12.329999923706056,34.36000061035156,63.31999969482422,91.76000213623048,0.17,2.17,111.12,1.78,1.82
2019-10-31,275.84722900390625,189.51890563964844,143.34652709960938,117.56515502929688,142.42999267578125,61.7386360168457,22.473350524902344,13.220000267028809,35.84000015258789,65.87999725341797,90.4000015258789,0.17,2.18,133.29,1.69,1.58
2019-11-01,278.4026184082031,191.240234375,145.7902069091797,117.2032699584961,142.55999755859375,62.00359344482422,22.46489906311035,12.300000190734863,34.369998931884766,57.27999877929688,93.5199966430664,0.17,2.16,35.14,1.73,1.57
2019-11-04,279.521240234375,192.4230194091797,146.5740203857422,115.66069793701172,142.14999389648438,62.1320915222168,22.54941749572754,12.829999923706056,35.630001068115234,60.18000030517578,94.4800033569336,0.19,2.16,75.66,1.79,1.56
2019-11-05,279.2120361328125,192.5287933349609,146.7584991455078,114.3599090576172,139.85000610351562,62.06785202026367,22.633934020996094,13.100000381469728,33.77000045776367,61.47999954223633,95.44000244140624,0.23,2.15,129.4,1.86,1.56
2019-11-06,279.2757873535156,192.0961151123047,145.91017150878906,115.05199432373048,140.4499969482422,61.99646759033203,22.633934020996094,12.619999885559082,33.220001220703125,61.72999954223633,94.4800033569336,0.2,2.14,48.77,1.81,1.55
2019-11-07,280.2578430175781,192.7403564453125,146.29737854003906,112.96739196777344,138.27000427246094,61.967872619628906,22.684642791748047,12.729999542236328,31.450000762939453,67.08000183105469,95.04000091552734,0.24,2.13,67.84,1.92,1.55
2019-11-08,280.9490051269531,193.50965881347656,146.6939239501953,112.49214935302734,137.38999938964844,62.02503204345703,22.735355377197266,12.06999969482422,31.450000762939453,64.44000244140625,95.91999816894533,0.26,2.11,127.43,1.94,1.55
2019-11-11,280.41241455078125,193.25001525878903,146.4173126220703,112.56716918945312,137.05999755859375,61.98933029174805,22.701547622680664,12.6899995803833,34.220001220703125,64.44000244140625,95.12000274658205,0.26,2.1,101.72,1.92,1.55
2019-11-12,281.0035095214844,193.80776977539065,146.46340942382812,113.08415222167967,137.42999267578125,62.00359344482422,22.735355377197266,12.68000030517578,33.7400016784668,69.81999969482422,94.95999908447266,0.26,2.1,89.57,1.92,1.55
2019-11-13,281.09442138671875,193.85581970214844,145.83628845214844,113.81788635253906,137.97999572753906,61.93929672241211,22.726903915405277,13.0,35.150001525878906,66.0999984741211,95.68000030517578,0.25,2.11,106.88,1.88,1.55
2019-11-14,281.503662109375,193.70201110839844,145.7902069091797,114.9936065673828,138.55999755859375,61.90363311767578,22.71000099182129,13.050000190734863,33.939998626708984,64.16999816894531,95.27999877929688,0.24,2.13,53.75,1.82,1.55
2019-11-15,283.540771484375,195.1252593994141,146.54637145996094,114.86851501464844,138.2100067138672,62.08931350708008,22.65928840637207,12.050000190734863,32.41999816894531,61.70000076293945,96.63999938964844,0.23,2.13,56.77,1.84,1.55
2019-11-18,283.74981689453125,195.2791290283203,146.17755126953125,115.07699584960938,138.6199951171875,62.010738372802734,22.61702919006348,12.460000038146973,33.68000030517578,64.12999725341797,95.1999969482422,0.21,2.14,19.85,1.81,1.55
2019-11-19,283.6680908203125,195.5675811767578,146.7216033935547,116.03590393066406,138.69000244140625,61.78935241699219,22.64238739013672,12.859999656677246,32.939998626708984,62.63999938964844,92.55999755859376,0.19,2.13,33.14,1.79,1.55
2019-11-20,282.6131286621094,194.3943634033203,146.1682891845703,117.23664855957033,138.75999450683594,61.66080856323242,22.64238739013672,12.779999732971191,32.20000076293945,65.58000183105469,95.1999969482422,0.17,2.16,46.27,1.73,1.55
2019-11-21,282.158447265625,193.96163940429688,145.44903564453125,116.50286865234376,138.0,61.675079345703125,22.67619132995605,13.130000114440918,31.59000015258789,61.83000183105469,97.5999984741211,0.17,2.15,65.17,1.77,1.55
2019-11-22,282.78594970703125,194.0866851806641,145.9009246826172,116.6529541015625,137.74000549316406,61.910770416259766,22.743806838989254,12.34000015258789,32.380001068115234,62.16999816894531,96.87999725341795,0.16,2.14,83.86,1.77,1.55
2019-11-25,284.9775695800781,196.38494873046875,148.99928283691406,116.9948272705078,137.0800018310547,62.07503890991211,22.760711669921875,11.869999885559082,31.899999618530277,61.54999923706055,96.87999725341795,0.15,2.13,41.17,1.76,1.55
2019-11-26,285.6232604980469,196.760009765625,149.10069274902344,117.6785659790039,137.74000549316406,62.146427154541016,22.735355377197266,11.539999961853027,31.25,60.38999938964844,97.5199966430664,0.16,2.11,37.49,1.74,1.55
2019-11-27,286.8964233398437,198.1351623535156,150.15196228027344,117.33667755126952,137.00999450683594,62.22502517700195,22.769163131713867,11.75,30.81999969482422,57.619998931884766,97.12000274658205,0.14,2.09,37.18,1.77,1.55
2019-11-29,285.8323974609375,197.2312164306641,149.17446899414062,117.08650207519533,137.86000061035156,62.08931350708008,22.743806838989254,12.619999885559082,36.72999954223633,56.56999969482422,92.95999908447266,0.17,2.08,122.19,1.78,1.56
2019-12-02,283.4044189453125,195.21176147460935,147.71749877929688,115.52542877197266,137.7899932861328,62.0470085144043,22.65083694458008,14.90999984741211,34.970001220703125,59.41999816894531,93.36000061035156,0.22,2.11,86.08,1.83,1.56
2019-12-03,281.503662109375,193.68272399902344,147.24717712402344,117.94770050048828,139.11000061035156,61.9609603881836,22.6254825592041,15.960000038146973,35.04999923706055,64.62000274658203,94.08000183105467,0.19,2.11,69.28,1.72,1.55
2019-12-04,283.2405090332031,194.66358947753903,148.26153564453125,116.77005004882812,138.9199981689453,62.14735794067383,22.60012626647949,14.800000190734863,32.209999084472656,63.0099983215332,97.5199966430664,0.19,2.11,64.18,1.77,1.55
2019-12-05,283.74981689453125,195.0482940673828,148.4090576171875,116.20201873779295,139.0,62.24058151245117,22.54941749572754,14.520000457763672,30.40999984741211,63.72999954223633,97.5199966430664,0.22,2.09,36.86,1.8,1.55
2019-12-06,286.34161376953125,197.1350555419922,150.14271545410156,115.55879974365234,137.6199951171875,62.32662582397461,22.633934020996094,13.619999885559082,30.020000457763672,64.06999969482422,98.55999755859376,0.23,2.07,134.85,1.84,1.55
2019-12-09,285.4413452148437,196.24073791503903,149.8568878173828,115.80941009521484,137.5800018310547,62.32662582397461,22.60857963562012,15.859999656677246,30.020000457763672,67.29000091552734,98.63999938964844,0.2,2.05,130.15,1.83,1.55
2019-12-10,285.1231689453125,196.0772399902344,149.94908142089844,115.81777954101562,137.97000122070312,62.47721099853516,22.583223342895508,15.68000030517578,27.940000534057617,67.08999633789062,99.12000274658205,0.2,2.01,189.13,1.85,1.55
2019-12-11,285.9324951171875,197.1158142089844,149.90298461914062,116.72821044921876,138.9199981689453,62.606224060058594,22.49870491027832,14.989999771118164,27.809999465942383,61.29999923706055,98.4000015258789,0.18,2.04,111.83,1.79,1.55
2019-12-12,288.39697265625,198.5871124267578,151.19395446777344,114.80707550048828,138.42999267578125,62.74961471557617,22.53251266479492,13.9399995803833,27.440000534057617,61.630001068115234,98.95999908447266,0.24,2.02,99.79,1.9,1.55
2019-12-13,288.5697326660156,199.24102783203125,150.61300659179688,116.13520050048828,139.0500030517578,62.81414413452149,22.53251266479492,12.630000114440918,26.76000022888184,56.43999862670898,99.91999816894533,0.21,2.02,164.4,1.82,1.55
2019-12-16,290.5521850585937,201.24124145507807,151.67459106445312,115.09109497070312,139.0399932861328,62.93602752685547,22.490257263183597,12.140000343322754,26.51000022888184,56.130001068115234,100.72000122070312,0.24,2.0,79.66,1.89,1.56
2019-12-17,290.6158447265625,201.3566131591797,152.4335479736328,114.93238830566406,139.00999450683594,63.12963104248047,22.53251266479492,12.289999961853027,26.32999992370605,55.380001068115234,101.76000213623048,0.26,1.99,140.79,1.89,1.55
2019-12-18,290.6340637207031,201.51046752929688,152.72972106933594,113.98853302001952,139.02000427246094,63.24435043334961,22.57477188110352,12.579999923706056,26.770000457763672,53.40999984741211,101.91999816894533,0.29,1.98,89.87,1.92,1.55
2019-12-19,291.8253479003906,202.7702178955078,153.3867950439453,114.17090606689452,139.3800048828125,63.211212158203125,22.57477188110352,12.5,24.799999237060547,53.70000076293945,102.23999786376952,0.3,1.96,70.52,1.92,1.55
2019-12-20,293.1048278808594,203.5876007080078,153.6089630126953,114.32147979736328,139.52000427246094,63.11768341064453,22.65083694458008,12.510000228881836,25.540000915527344,54.18999862670898,101.04000091552734,0.29,1.96,141.48,1.92,1.55
2019-12-23,293.5525817871094,204.12538146972656,153.91433715820312,114.15419006347656,139.9499969482422,63.14646530151367,22.638769149780277,12.609999656677246,25.11000061035156,55.310001373291016,101.5999984741211,0.29,1.96,110.91,1.93,1.55
2019-12-24,293.5617370605469,204.23138427734372,154.26602172851562,114.48046112060548,141.27000427246094,63.19686126708984,22.638769149780277,12.670000076293944,25.459999084472656,58.31999969482422,102.16000366210938,0.28,1.97,97.08,1.9,1.55
2019-12-26,295.1244201660156,206.03353881835935,154.26602172851562,114.75650787353516,142.3800048828125,63.29039001464844,22.60428237915039,12.649999618530272,24.07999992370605,56.41999816894531,103.12000274658205,0.26,1.97,106.92,1.9,1.55
2019-12-27,295.05126953125,205.86004638671875,153.50714111328125,114.88201904296876,142.3300018310547,63.26162338256836,22.492210388183597,13.43000030517578,25.15999984741211,55.29999923706055,103.27999877929688,0.29,1.96,127.92,1.88,1.55
2019-12-30,293.4245910644531,204.5108795166016,153.11837768554688,114.46371459960938,142.6300048828125,63.21844482421875,22.449106216430664,14.81999969482422,25.86000061035156,59.630001068115234,103.12000274658205,0.32,1.97,101.31,1.9,1.55
2019-12-31,294.137451171875,204.89634704589844,153.33126831054688,113.34265899658205,142.89999389648438,63.275997161865234,22.38875770568848,13.779999732971191,28.299999237060547,58.27999877929688,102.4800033569336,0.34,1.98,105.75,1.92,1.55
2020-01-02,296.8882141113281,208.3175811767578,153.43309020996094,114.6227035522461,143.9499969482422,63.5422248840332,22.466346740722656,12.470000267028809,28.75,57.20000076293945,102.4800033569336,0.3,1.98,139.13,1.88,1.55
2020-01-03,294.6400756835937,206.40939331054688,152.83152770996094,116.38794708251952,145.86000061035156,63.47746658325195,22.492210388183597,14.020000457763672,31.920000076293945,60.119998931884766,105.44000244140624,0.27,1.99,108.1,1.8,1.55
2020-01-06,295.7641296386719,207.73931884765625,153.0350799560547,115.72697448730467,147.38999938964844,63.412689208984375,22.44048500061035,13.850000381469728,32.31999969482422,62.790000915527344,105.27999877929688,0.27,2.02,147.96,1.81,1.55
2020-01-07,294.9325256347656,207.7104034423828,152.52610778808594,115.15807342529295,147.97000122070312,63.35514831542969,22.518075942993164,13.789999961853027,31.799999237060547,62.630001068115234,105.04000091552734,0.29,2.03,103.98,1.83,1.55
2020-01-08,296.50439453125,209.27163696289065,152.9981231689453,114.39681243896484,146.86000061035156,63.412689208984375,22.57842254638672,13.449999809265137,32.599998474121094,60.4900016784668,101.27999877929688,0.29,2.05,91.15,1.87,1.55
2020-01-09,298.5148010253906,211.0448303222656,153.1831817626953,114.79832458496094,146.02999877929688,63.57820129394531,22.62152671813965,12.539999961853027,33.220001220703125,57.65999984741211,99.91999816894533,0.27,2.03,71.92,1.85,1.55
2020-01-10,297.65576171875,210.50518798828125,152.609375,115.81897735595705,146.91000366210938,63.59980392456055,22.60428237915039,12.5600004196167,30.3799991607666,53.31999969482422,99.27999877929688,0.27,1.99,74.58,1.83,1.54
2020-01-13,299.7030029296875,212.93377685546875,153.59974670410156,115.4676513671875,145.82000732421875,63.59980392456055,22.60428237915039,12.31999969482422,34.25,53.27000045776367,97.5999984741211,0.27,1.99,124.82,1.85,1.54
2020-01-14,299.2460632324219,212.0953063964844,154.16427612304688,116.06161499023438,145.69000244140625,63.59257125854492,22.612903594970703,12.390000343322754,33.619998931884766,52.34999847412109,98.23999786376952,0.24,1.99,109.27,1.82,1.54
2020-01-15,299.9222412109375,212.1820526123047,154.9046630859375,116.831298828125,146.5399932861328,63.60696792602539,22.57842254638672,12.420000076293944,33.380001068115234,50.540000915527344,97.44000244140624,0.23,2.01,98.77,1.79,1.54
2020-01-16,302.4170837402344,214.2154998779297,156.90379333496094,116.46324157714844,146.30999755859375,63.62859344482422,22.612903594970703,12.31999969482422,29.790000915527344,50.369998931884766,98.31999969482422,0.23,2.0,88.05,1.81,1.54
2020-01-17,303.3583984375,215.27560424804688,156.47808837890625,115.4676513671875,146.5800018310547,63.57820129394531,22.69049453735352,12.100000381469728,28.600000381469727,49.66999816894531,98.63999938964844,0.26,1.98,77.76,1.84,1.55
2020-01-21,302.7642822265625,215.17926025390625,155.18234252929688,116.68067932128906,146.74000549316406,63.441497802734375,22.67325210571289,12.850000381469728,27.65999984741211,53.41999816894531,97.91999816894533,0.25,1.97,87.56,1.78,1.55
2020-01-22,302.8008728027344,215.7478485107422,155.0805206298828,117.09070587158205,146.7899932861328,63.55662536621094,22.656009674072266,12.90999984741211,30.700000762939453,51.310001373291016,95.1999969482422,0.24,1.97,77.19,1.77,1.55
2020-01-23,303.1481628417969,216.44171142578125,154.97869873046875,117.91053009033205,147.1199951171875,63.36235046386719,22.71635627746582,12.979999542236328,31.950000762939453,55.34000015258789,93.27999877929688,0.23,1.98,70.67,1.74,1.55
2020-01-24,300.4522705078125,214.6203155517578,153.07211303710938,118.86428833007812,147.97999572753906,63.09610748291016,22.75083923339844,14.5600004196167,34.54999923706055,59.93999862670898,91.44000244140624,0.21,1.98,48.48,1.7,1.55
2020-01-27,295.6361694335937,210.18716430664065,151.33218383789062,120.71311950683594,148.99000549316406,62.67158889770508,22.78532600402832,18.229999542236328,37.720001220703125,66.7300033569336,88.80000305175781,0.17,2.04,22.25,1.61,1.55
2020-01-28,298.7342224121094,213.4156494140625,152.5908203125,119.76783752441406,147.66000366210938,63.211212158203125,22.78532600402832,16.280000686645508,36.41999816894531,65.5999984741211,90.0,0.2,2.04,94.68,1.65,1.55
2020-01-29,298.48736572265625,213.76255798339844,151.72084045410156,120.93901824951172,148.4600067138672,63.17528533935547,22.819808959960938,16.389999389648438,35.72999954223633,66.16999816894531,89.27999877929688,0.18,2.05,88.62,1.6,1.55
2020-01-30,299.4562072753906,214.5239105224609,151.72084045410156,120.95574188232422,148.47000122070312,63.24000930786133,22.75083923339844,15.489999771118164,37.4900016784668,71.06999969482422,88.63999938964844,0.16,2.08,142.05,1.57,1.6
2020-01-31,294.0186767578125,211.12193298339844,148.57408142089844,122.06007385253906,149.3300018310547,62.98100280761719,22.656009674072266,18.84000015258789,40.34999847412109,72.9800033569336,86.72000122070312,0.18,2.13,122.2,1.51,1.59
2020-02-03,296.20269775390625,214.3118896484375,150.2307586669922,121.96115112304688,148.36000061035156,62.97088623046875,22.76808357238769,17.969999313354492,41.810001373291016,72.80999755859375,83.91999816894531,0.18,2.1,124.15,1.54,1.59
2020-02-04,300.71734619140625,219.21722412109372,152.49830627441406,120.31867980957033,146.42999267578125,63.34659957885742,22.802566528320312,16.049999237060547,39.43999862670898,68.16999816894531,83.5199966430664,0.2,2.09,111.96,1.61,1.59
2020-02-05,304.18994140625,219.9399871826172,154.84912109375,119.0030288696289,146.61000061035156,63.606727600097656,22.88877868652344,15.149999618530272,37.880001068115234,64.06999969482422,85.5999984741211,0.22,2.07,84.94,1.66,1.59
2020-02-06,305.2134704589844,221.8385162353516,154.49740600585938,119.53933715820312,147.39999389648438,63.65731430053711,22.931884765625,14.960000038146973,36.43999862670898,61.2400016784668,85.91999816894531,0.21,2.05,81.75,1.65,1.59
2020-02-07,303.5867919921875,220.88446044921875,152.60011291503906,121.0309600830078,147.7899932861328,63.563385009765625,22.98360824584961,15.470000267028809,37.5099983215332,65.58999633789062,84.63999938964844,0.18,2.05,130.27,1.59,1.58
2020-02-10,305.8531799316406,223.5539703369141,153.46083068847656,121.3662338256836,148.1699981689453,63.65010070800781,23.01809310913086,15.039999961853027,39.0099983215332,68.12999725341797,83.36000061035156,0.19,2.06,111.39,1.56,1.58
2020-02-11,306.3832702636719,223.592529296875,154.52517700195312,120.75450897216795,147.66000366210938,63.69341659545898,22.99222946166992,15.18000030517578,37.52000045776367,64.88999938964844,84.0,0.18,2.05,152.71,1.59,1.58
2020-02-12,308.35723876953125,225.77052307128903,155.5895538330078,120.14270782470705,147.5399932861328,63.859596252441406,23.05257606506348,13.739999771118164,35.58000183105469,63.52000045776367,86.4800033569336,0.18,2.06,79.26,1.62,1.58
2020-02-13,308.0282897949219,225.4813690185547,155.99679565429688,120.60365295410156,148.3800048828125,63.88130569458008,23.07843971252441,14.149999618530272,35.84000015258789,63.5099983215332,86.72000122070312,0.17,2.05,82.23,1.61,1.58
2020-02-14,308.5216979980469,226.1270294189453,155.39515686035156,121.131591796875,149.0,63.87407684326172,23.0698184967041,13.68000030517578,35.93000030517578,62.380001068115234,87.5999984741211,0.17,2.04,71.98,1.59,1.58
2020-02-18,307.7266845703125,226.2137908935547,155.06201171875,121.96115112304688,150.91000366210938,63.7440071105957,23.156028747558597,14.829999923706056,33.470001220703125,67.66000366210938,87.5999984741211,0.14,2.05,77.38,1.55,1.59
2020-02-19,309.1979675292969,228.38221740722656,155.85800170898438,121.95278930664062,151.7899932861328,63.772926330566406,23.19913101196289,14.380000114440918,32.27000045776367,68.04000091552734,89.44000244140625,0.14,2.05,56.47,1.56,1.59
2020-02-20,307.9277038574219,226.261962890625,156.23741149902344,122.9081039428711,152.41000366210938,63.88130569458008,23.268102645874023,15.5600004196167,33.15999984741211,69.5999984741211,90.23999786376952,0.13,2.05,103.7,1.52,1.59
2020-02-21,304.756591796875,221.9156494140625,154.65481567382812,124.05615234375,154.6999969482422,63.82349395751953,23.130163192749023,17.079999923706055,35.869998931884766,74.54000091552734,89.27999877929688,0.12,2.09,106.59,1.46,1.58
2020-02-24,294.64923095703125,213.35780334472656,149.9993896484375,125.90816497802734,156.08999633789062,63.13705062866211,23.13878631591797,25.030000686645508,39.52999877929688,86.91999816894531,85.91999816894531,0.12,2.13,88.73,1.38,1.58
2020-02-25,285.7207336425781,207.55616760253903,144.6683807373047,126.57849884033205,153.3000030517578,62.69629669189453,23.0698184967041,27.850000381469727,42.5,87.37999725341797,83.19999694824219,0.13,2.19,147.84,1.33,1.58
2020-02-26,284.6697692871094,208.6259613037109,142.99317932128906,125.90816497802734,153.97000122070312,62.76130676269531,23.087060928344727,27.559999465942383,43.400001525878906,87.0,81.5199966430664,0.17,2.2,97.49,1.33,1.58
2020-02-27,271.884765625,198.17921447753903,137.9583282470703,127.2739715576172,154.0,61.915958404541016,22.949125289916992,39.15999984741211,49.41999816894531,92.58999633789062,78.23999786376953,0.19,2.27,106.55,1.3,1.58
2020-02-28,270.74237060546875,198.33343505859372,135.43170166015625,130.14833068847656,148.3800048828125,62.168827056884766,22.87153625488281,40.11000061035156,51.25,109.66999816894533,75.5999984741211,0.27,2.38,172.45,1.13,1.58
2020-03-02,282.4672546386719,208.568115234375,139.78160095214844,129.19073486328125,149.1999969482422,62.64056396484375,22.75083923339844,33.41999816894531,48.33000183105469,104.88999938964844,79.36000061035156,0.26,2.44,153.53,1.1,1.59
2020-03-03,274.37957763671875,201.87989807128903,136.93104553222656,131.196533203125,153.88999938964844,62.37205505371094,22.656009674072266,36.81999969482422,50.79999923706055,102.97000122070312,79.12000274658203,0.31,2.48,132.55,1.02,1.59
2020-03-04,285.9126281738281,210.3028259277344,140.8274688720703,129.80343627929688,154.16000366210938,63.22846984863281,22.733598709106445,31.989999771118164,50.59000015258789,89.58999633789062,78.87999725341797,0.35,2.47,197.2,1.02,1.09
2020-03-05,276.40838623046875,203.9133453369141,136.34796142578125,133.0344696044922,157.49000549316406,62.43012619018555,22.561180114746094,39.619998931884766,52.58000183105469,96.95999908447266,76.87999725341797,0.33,2.52,118.02,0.92,1.09
2020-03-06,271.8390808105469,200.4728546142578,133.6453857421875,139.95809936523438,157.5500030517578,61.72613143920898,22.43186378479004,41.93999862670898,65.0199966430664,125.20999908447266,69.83999633789062,0.25,2.55,132.5,0.74,1.09
2020-03-09,250.60997009277344,186.54710388183597,120.6511001586914,143.75135803222656,157.80999755859375,59.06983184814453,22.190475463867188,54.459999084472656,115.91999816894533,163.6999969482422,52.15999984741211,0.16,2.93,276.24,0.54,1.09
2020-03-10,263.5777282714844,196.7047119140625,124.41796112060548,136.38294982910156,154.47999572753906,59.97702026367188,22.518075942993164,47.29999923706055,92.93000030517578,123.72000122070312,57.91999816894531,0.26,2.93,296.12,0.76,1.09
2020-03-11,250.72872924804688,188.13726806640625,116.50475311279295,131.36436462402344,153.92999267578125,58.67066192626953,22.55255889892578,53.900001525878906,105.25,127.83999633789062,55.52000045776367,0.32,2.99,234.73,0.82,1.09
2020-03-12,226.73971557617188,170.88668823242188,103.6307144165039,132.17840576171875,147.7899932861328,56.32643127441406,22.7939453125,75.47000122070312,123.4499969482422,152.6199951171875,52.31999969482422,0.38,3.2,187.08,0.88,1.1
2020-03-13,246.1227569580078,185.3617706298828,110.57212829589844,129.19073486328125,143.27999877929688,58.09730529785156,23.65604782104492,57.83000183105469,118.4800033569336,138.39999389648438,55.68000030517578,0.45,3.3,330.85,0.94,1.1
2020-03-16,219.19110107421875,163.1576385498047,95.9026107788086,137.5579071044922,141.63999938964844,54.903953552246094,22.89739799499512,82.69000244140625,128.5,124.52999877929688,48.400001525878906,0.37,3.38,323.71,0.73,0.25
2020-03-17,231.0257568359375,175.5318145751953,100.2988739013672,128.38511657714844,143.55999755859375,55.41925430297852,23.302589416503903,75.91000366210938,133.32000732421875,109.8499984741211,45.68000030517578,0.55,3.49,378.92,1.02,0.25
2020-03-18,219.32823181152344,170.19281005859375,92.52445220947266,121.14258575439452,140.6999969482422,52.973426818847656,23.65604782104492,76.44999694824219,166.7899932861328,124.13999938964844,37.68000030517578,0.64,3.81,455.45,1.18,0.25
2020-03-19,219.7943115234375,171.21438598632812,96.13401794433594,124.44072723388672,138.0399932861328,51.78316879272461,24.21641159057617,72.0,164.05999755859375,141.1300048828125,42.959999084472656,0.68,4.01,514.67,1.12,0.2
2020-03-20,210.32249450683597,164.5069122314453,93.84795379638672,133.7981719970703,140.11000061035156,50.6219482421875,24.147445678710938,66.04000091552734,190.0800018310547,133.3699951171875,39.52000045776367,0.55,4.23,633.51,0.92,0.15
2020-03-23,204.94485473632807,164.6256561279297,92.4596710205078,139.3118896484375,146.3000030517578,49.80908966064453,24.112960815429688,61.59000015258789,185.67999267578125,135.3800048828125,39.040000915527344,0.48,4.31,572.94,0.76,0.15
2020-03-24,223.5135803222656,177.37387084960938,100.91896057128906,136.71861267089844,153.39999389648438,51.86302185058594,23.837087631225582,61.66999816894531,170.86000061035156,111.08999633789062,39.84000015258789,0.46,4.19,596.78,0.84,0.12
2020-03-25,226.8595428466797,176.06040954589844,102.17325592041016,136.40814208984375,151.3000030517578,53.3218002319336,23.612939834594727,63.95000076293945,144.02999877929688,87.13999938964844,40.63999938964844,0.54,4.13,449.86,0.88,0.1
2020-03-26,240.1059112548828,185.3318328857422,108.5282974243164,137.07952880859375,153.24000549316406,55.76033782958984,23.233617782592773,61.0,150.05999755859375,88.4800033569336,38.63999938964844,0.53,4.04,670.3,0.83,0.1
2020-03-27,232.95416259765625,178.9577178955078,104.57959747314452,140.73858642578125,152.25,55.90548324584961,23.0439567565918,65.54000091552734,175.8800048828125,88.33000183105469,35.7599983215332,0.47,3.98,557.18,0.72,0.1
2020-03-30,240.51947021484372,185.46702575683597,106.88377380371094,139.58045959472656,152.9199981689453,56.38449478149414,23.14740753173828,57.08000183105469,174.22000122070312,90.6999969482422,33.84000015258789,0.47,3.89,361.46,0.7,0.09
2020-03-31,236.93443298339844,183.88316345214844,106.34488677978516,138.44757080078125,148.0500030517578,55.934532165527344,23.130163192749023,53.540000915527344,170.5500030517578,83.87000274658203,33.68000030517578,0.47,3.93,516.55,0.7,0.08
2020-04-01,226.27130126953125,176.07003784179688,99.0979232788086,140.38722229003906,149.4499969482422,54.39912033081055,23.276723861694336,57.060001373291016,158.97999572753906,83.12999725341797,35.040000915527344,0.39,3.97,474.81,0.62,0.06
2020-04-02,231.49253845214844,179.6433868408203,100.0362777709961,141.2781219482422,151.89999389648438,54.82219314575195,23.397417068481445,50.90999984741211,162.64999389648438,71.98999786376953,40.880001068115234,0.4,3.92,738.02,0.63,0.05
2020-04-03,228.14651489257807,177.09381103515625,97.20255279541016,141.6142578125,152.64999389648438,53.6478385925293,23.5267333984375,46.79999923706055,141.67999267578125,65.01000213623047,47.20000076293945,0.39,3.92,540.5,0.62,0.05
2020-04-06,243.4702911376953,189.7550506591797,104.6446533203125,141.2444305419922,156.8800048828125,54.9534797668457,23.53535270690918,45.2400016784668,144.19000244140625,66.27999877929688,43.84000015258789,0.4,3.91,605.38,0.67,0.05
2020-04-07,243.71849060058597,189.67779541015625,104.91407775878906,139.76528930664062,156.0399932861328,54.9534797668457,23.319826126098636,46.70000076293945,139.1300048828125,72.20999908447266,40.720001220703125,0.47,3.79,468.08,0.75,0.05
2020-04-08,251.89968872070312,193.70510864257807,109.69893646240234,138.7483673095703,154.64999389648438,56.38312530517578,23.40603828430176,43.34999847412109,141.4600067138672,75.70999908447266,42.959999084472656,0.5,3.75,524.13,0.77,0.05
2020-04-09,255.7329864501953,193.98513793945312,114.94837951660156,139.00045776367188,158.69000244140625,60.07392501831055,23.233617782592773,41.66999816894531,129.8800048828125,74.38999938964844,39.84000015258789,0.5,3.61,417.54,0.73,0.05
2020-04-13,253.3980712890625,196.0808868408203,111.83589935302734,137.73147583007812,161.41000366210938,59.21321868896485,23.19913101196289,41.16999816894531,114.44000244140624,75.8499984741211,39.43999862670898,0.51,3.41,638.81,0.76,0.05
2020-04-14,260.8715209960937,204.608642578125,114.1028823852539,137.6977996826172,162.67999267578125,59.46122741699219,23.0698184967041,37.7599983215332,115.4800033569336,69.5199966430664,37.27999877929688,0.53,3.36,441.32,0.76,0.05
2020-04-15,255.3285369873047,202.26182556152344,109.44810485839844,141.3452911376953,161.85000610351562,58.90687561035156,23.242237091064453,40.84000015258789,120.37999725341795,70.5,35.439998626708984,0.43,3.33,455.68,0.63,0.05
2020-04-16,256.560302734375,205.9510803222656,108.62120819091795,142.95046997070312,161.7100067138672,58.84851837158203,23.345691680908203,40.11000061035156,115.0999984741211,69.93000030517578,34.880001068115234,0.41,3.28,505.52,0.61,0.05
2020-04-17,263.4913330078125,207.92123413085935,113.40608215332033,141.0343017578125,158.57000732421875,59.14754867553711,23.28534507751465,38.150001525878906,95.91000366210938,69.83999633789062,33.68000030517578,0.45,3.27,573.7,0.65,0.05
2020-04-20,258.84918212890625,205.45851135253903,112.06817626953124,142.16900634765625,159.6999969482422,58.25768661499024,23.362934112548828,43.83000183105469,226.1300048828125,70.5999984741211,30.0,0.43,3.28,618.66,0.63,0.05
2020-04-21,250.9897003173828,197.87722778320312,109.39234924316406,143.9590606689453,158.61000061035156,57.1927604675293,23.397417068481445,45.40999984741211,325.1499938964844,73.83000183105469,22.479999542236328,0.38,3.29,599.13,0.58,0.05
2020-04-22,256.560302734375,203.74913024902344,110.72098541259766,142.48826599121094,161.72999572753906,57.69603729248047,23.466384887695312,41.97999954223633,236.8000030517578,72.29000091552734,20.07999992370605,0.41,3.3,511.42,0.63,0.05
2020-04-23,256.5418701171875,203.3144989013672,111.80801391601562,143.2447052001953,163.33999633789062,57.6668701171875,23.475006103515625,41.380001068115234,211.0,67.25,21.1200008392334,0.39,3.26,505.54,0.61,0.04
2020-04-24,260.11773681640625,206.5208740234375,113.73125457763672,143.58087158203125,162.63999938964844,57.12710571289063,23.423280715942383,35.93000030517578,173.52999877929688,66.08999633789062,20.559999465942383,0.38,3.25,562.5,0.6,0.05
2020-04-27,263.86822509765625,208.1820373535156,118.23739624023438,140.90829467773438,161.55999755859375,57.36053466796875,23.362934112548828,33.290000915527344,185.47000122070312,62.70000076293945,17.520000457763672,0.43,3.24,642.66,0.67,0.04
2020-04-28,262.6548767089844,204.260986328125,119.95622253417967,142.53036499023438,160.83999633789062,57.53556823730469,23.33707046508789,33.56999969482422,198.7700042724609,58.88999938964844,17.040000915527344,0.42,3.25,479.89,0.62,0.04
2020-04-29,269.53076171875,211.5042724609375,125.8560028076172,141.79071044921875,161.72999572753906,58.54946517944336,23.242237091064453,31.229999542236328,195.58999633789065,57.150001525878906,18.0,0.43,3.24,439.11,0.63,0.04
2020-04-30,267.021240234375,211.4173889160156,121.07115173339844,140.1351318359375,158.8000030517578,58.66616439819336,23.09568214416504,34.150001525878906,104.9800033569336,53.59000015258789,19.1200008392334,0.44,3.23,440.07,0.64,0.05
2020-05-01,259.9522705078125,205.45851135253903,116.26768493652344,141.33511352539062,159.77999877929688,57.65422439575195,23.121543884277344,37.18999862670898,110.18000030517578,48.11000061035156,18.86000061035156,0.44,3.25,516.72,0.64,0.05
2020-05-04,260.66925048828125,207.8536376953125,116.76941680908205,140.67031860351562,160.33999633789062,57.57362747192383,23.25085830688477,35.970001220703125,97.41999816894533,49.25,19.670000076293945,0.45,3.28,449.38,0.64,0.05
2020-05-05,263.0777893066406,210.21014404296875,117.67063903808594,139.76986694335938,161.02000427246094,58.0718879699707,23.268102645874023,33.61000061035156,97.2699966430664,49.650001525878906,21.51000022888184,0.47,3.28,807.66,0.66,0.05
2020-05-06,261.2944641113281,211.5042724609375,116.80657196044922,137.51455688476562,158.9499969482422,57.74214172363281,23.380176544189453,34.119998931884766,115.38999938964844,51.310001373291016,20.850000381469727,0.55,3.31,498.71,0.72,0.05
2020-05-07,264.44744873046875,214.22775268554688,118.40462493896484,139.81187438964844,161.38999938964844,57.888710021972656,23.311206817626957,31.440000534057617,110.62000274658205,54.93000030517578,20.46999931335449,0.5,3.34,504.24,0.63,0.05
2020-05-08,268.82293701171875,217.1637115478516,122.97576904296876,137.99417114257812,160.4199981689453,58.43826675415039,23.302589416503903,27.979999542236328,98.6999969482422,57.400001525878906,21.46999931335449,0.53,3.37,488.53,0.69,0.05
2020-05-11,268.87811279296875,219.1049041748047,122.36260223388672,136.9171142578125,159.4199981689453,58.17446517944336,23.3887939453125,27.56999969482422,109.72000122070312,61.59999847412109,21.170000076293945,0.56,3.41,527.36,0.73,0.05
2020-05-12,263.5189819335937,214.51747131347656,117.96795654296876,138.32240295410156,160.0399932861328,58.101192474365234,23.345691680908203,33.040000915527344,86.86000061035156,61.2599983215332,20.96999931335449,0.52,3.4,442.15,0.69,0.05
2020-05-13,258.8583374023437,211.83267211914065,114.01927185058594,139.2901611328125,161.5800018310547,57.793418884277344,23.3887939453125,35.279998779296875,82.83000183105469,57.560001373291016,20.600000381469727,0.48,3.43,553.21,0.64,0.05
2020-05-14,261.95623779296875,214.2374267578125,114.39090728759766,140.65347290039062,163.00999450683594,57.5955924987793,23.41465950012207,32.61000061035156,80.05000305175781,59.04999923706055,21.450000762939453,0.47,3.41,508.02,0.63,0.05
2020-05-15,263.1604309082031,215.6281280517578,116.21194458007812,140.2916259765625,163.92999267578125,57.67619323730469,23.431900024414062,31.88999938964844,76.38999938964844,56.52999877929688,22.38999938964844,0.48,3.41,374.22,0.64,0.05
2020-05-18,271.1761474609375,219.64573669433597,123.27310180664062,137.2115936279297,162.69000244140625,58.69475173950195,23.242237091064453,29.299999237060547,76.13999938964844,58.70000076293945,24.309999465942383,0.55,3.38,511.62,0.73,0.05
2020-05-19,268.3909912109375,219.0952606201172,120.83888244628906,137.72491455078125,164.25999450683594,58.76803207397461,23.22499656677246,30.530000686645508,73.22000122070312,60.09000015258789,24.440000534057617,0.53,3.3,363.66,0.7,0.05
2020-05-20,272.9503173828125,223.47021484375,124.49952697753906,138.13723754882812,164.64999389648438,59.39087677001953,23.14740753173828,27.989999771118164,73.62000274658203,58.84999847412109,25.34000015258789,0.52,3.24,420.68,0.68,0.05
2020-05-21,271.06597900390625,221.03643798828125,124.72250366210938,138.4822540283203,162.25,59.37623596191406,23.19913101196289,29.530000686645508,89.05999755859375,55.619998931884766,26.600000381469727,0.51,3.18,361.11,0.68,0.05
2020-05-22,271.58074951171875,221.7994384765625,125.32644653320312,139.3154296875,163.2100067138672,59.52277374267578,23.268102645874023,28.15999984741211,84.9800033569336,51.66999816894531,25.56999969482422,0.49,3.18,418.96,0.66,0.05
2020-05-26,274.9266967773437,221.2006378173828,128.94064331054688,137.44723510742188,160.88999938964844,59.96973037719727,23.09568214416504,28.01000022888184,75.47000122070312,52.220001220703125,25.65999984741211,0.51,3.14,389.21,0.69,0.05
2020-05-27,279.01727294921875,222.40786743164065,132.945068359375,137.19473266601562,161.17999267578125,60.09432220458984,23.087060928344727,27.6200008392334,73.88999938964844,52.97999954223633,25.0,0.49,3.11,355.1,0.68,0.05
2020-05-28,278.5025939941406,222.11810302734372,129.79541015625,136.6898651123047,161.72000122070312,60.15293502807617,22.966365814208984,28.59000015258789,72.9800033569336,50.56999969482422,25.030000686645508,0.53,3.1,421.99,0.7,0.05
2020-05-29,279.7434997558594,225.372802734375,129.0521240234375,137.666015625,162.91000366210938,60.39474868774414,22.931884765625,27.51000022888184,69.2300033569336,51.54999923706055,25.8799991607666,0.49,3.08,426.28,0.65,0.05
2020-06-01,280.8741149902344,226.048828125,130.28778076171875,136.73915100097656,163.66000366210938,60.851593017578125,22.802566528320312,28.229999542236328,64.37999725341797,55.06999969482422,26.21999931335449,0.52,3.1,226.8,0.66,0.05
2020-06-02,283.1998596191406,227.5651092529297,131.36563110351562,136.24205017089844,162.60000610351562,61.45479583740234,22.77670288085937,26.84000015258789,64.70999908447266,55.34999847412109,27.06999969482422,0.51,3.08,257.49,0.68,0.06
2020-06-03,286.96881103515625,228.58880615234372,134.5338134765625,134.4303436279297,159.60000610351562,61.74170303344727,22.638769149780277,25.65999984741211,65.7300033569336,61.2400016784668,27.1200008392334,0.58,3.02,287.17,0.77,0.06
2020-06-04,286.2149658203125,226.98562622070312,134.33871459960938,132.4839324951172,161.27999877929688,61.550437927246094,22.55255889892578,25.809999465942383,65.12999725341797,61.18000030517578,27.5,0.63,2.99,231.24,0.82,0.06
2020-06-05,293.550537109375,231.48611450195312,139.53236389160156,131.54025268554688,158.00999450683594,62.131591796875,22.59566307067871,24.520000457763672,64.19999694824219,61.970001220703125,28.8700008392334,0.69,2.86,235.07,0.91,0.07
2020-06-08,297.0988464355469,233.282470703125,142.23606872558594,132.04579162597656,159.72000122070312,62.20513534545898,22.535314559936523,25.809999465942383,67.23999786376953,62.77000045776367,28.3700008392334,0.66,2.81,318.64,0.88,0.07
2020-06-09,294.88348388671875,234.97259521484372,139.60665893554688,133.54563903808594,161.25999450683594,61.71962356567383,22.466346740722656,27.56999969482422,67.76000213623047,62.93999862670898,28.420000076293945,0.64,2.8,191.32,0.84,0.07
2020-06-10,293.238037109375,237.79263305664065,135.8159637451172,135.5258331298828,163.57000732421875,61.6313591003418,22.354272842407227,27.56999969482422,63.060001373291016,60.02000045776367,28.43000030517578,0.58,2.86,237.88,0.75,0.08
2020-06-11,276.3331298828125,226.0102081298828,125.45651245117188,138.0873260498047,162.38999938964844,60.04973220825195,22.57842254638672,40.790000915527344,69.95999908447266,56.470001220703125,26.36000061035156,0.47,2.91,317.86,0.66,0.08
2020-06-12,279.6424865722656,227.8065643310547,128.46678161621094,136.7559814453125,162.6199951171875,60.64561462402344,22.638769149780277,36.09000015258789,70.22000122070312,55.810001373291016,26.43000030517578,0.52,2.91,293.12,0.71,0.08
2020-06-15,282.2530212402344,230.5782928466797,131.43692016601562,136.83192443847656,162.3300018310547,61.23410415649414,22.54393577575684,34.400001525878906,68.11000061035156,58.09000015258789,26.979999542236328,0.52,2.93,300.34,0.71,0.09
2020-06-16,287.685791015625,234.53793334960935,134.59719848632812,134.7337646484375,162.25,61.4842414855957,22.612903594970703,33.66999816894531,66.62999725341797,60.4900016784668,27.63999938964844,0.54,2.89,319.69,0.75,0.09
2020-06-17,286.49078369140625,235.28160095214844,132.16407775878906,135.2898712158203,162.55999755859375,61.19733428955078,22.63014793395996,33.470001220703125,61.45000076293945,58.15999984741211,27.280000686645508,0.55,2.87,348.4,0.74,0.09
2020-06-18,286.60107421875,235.9190216064453,132.11746215820312,136.7223663330078,162.24000549316406,61.17525863647461,22.71635627746582,32.939998626708984,61.34999847412109,55.150001525878906,27.88999938964844,0.52,2.86,322.96,0.71,0.09
2020-06-19,284.96319580078125,235.88040161132807,131.43692016601562,136.83192443847656,164.02999877929688,60.96928405761719,22.74221992492676,35.119998931884766,58.72999954223633,53.45000076293945,28.229999542236328,0.51,2.87,450.64,0.7,0.09
2020-06-22,286.79132080078125,238.709228515625,132.75137329101562,136.8486328125,165.08999633789062,60.92518997192383,22.62152671813965,31.770000457763672,56.7599983215332,53.93000030517578,28.979999542236328,0.52,2.86,259.55,0.71,0.08
2020-06-23,288.111572265625,240.7408447265625,133.31072998046875,135.91343688964844,166.47999572753906,61.0134391784668,22.54393577575684,31.3700008392334,58.83000183105469,54.040000915527344,28.71999931335449,0.54,2.87,309.15,0.72,0.08
2020-06-24,280.7622375488281,235.77783203125,128.98512268066406,137.37107849121094,165.89999389648438,60.388145446777344,22.647390365600582,33.84000015258789,64.95999908447266,54.88999938964844,27.25,0.5,2.89,224.4,0.69,0.08
2020-06-25,283.7720947265625,238.02232360839844,130.93350219726562,137.7671661376953,165.8000030517578,60.410194396972656,22.68187141418457,32.220001220703125,62.68999862670898,51.56999969482422,27.940000534057617,0.51,2.92,225.72,0.68,0.08
2020-06-26,277.0321350097656,232.4014434814453,127.40963745117188,139.24172973632812,166.5399932861328,59.8364143371582,22.71635627746582,34.72999954223633,63.68999862670898,51.209999084472656,27.36000061035156,0.47,2.92,260.33,0.64,0.08
2020-06-29,281.1037902832031,234.93614196777344,131.57675170898438,138.80360412597656,166.6300048828125,59.498008728027344,22.724977493286133,31.780000686645508,60.040000915527344,52.959999084472656,28.270000457763672,0.48,2.94,301.58,0.64,0.08
2020-06-30,284.70477294921875,239.54122924804688,133.4784698486328,138.1294403076172,167.3699951171875,60.04239654541016,22.69049453735352,30.43000030517578,57.65999984741211,54.130001068115234,28.059999465942383,0.5,2.93,292.37,0.66,0.08
2020-07-01,286.698974609375,242.337158203125,132.21066284179688,137.8612518310547,166.6199951171875,60.22929763793945,22.638769149780277,28.6200008392334,53.43000030517578,53.27999877929688,28.350000381469727,0.52,2.89,329.62,0.69,0.08
2020-07-02,288.2777404785156,243.9818420410156,132.75137329101562,138.0045928955078,166.97999572753906,60.672550201416016,22.656009674072266,27.68000030517578,51.290000915527344,50.959999084472656,28.75,0.52,2.87,249.7,0.68,0.09
2020-07-06,292.7279968261719,249.97999572753903,133.71160888671875,137.43943786621094,167.97999572753906,61.10840225219727,22.535314559936523,27.940000534057617,50.72999954223633,52.02999877929688,28.959999084472656,0.53,2.83,389.2,0.69,0.09
2020-07-07,289.7088928222656,248.25796508789065,131.3436737060547,139.37127685546875,169.0399932861328,60.70208358764648,22.58704376220703,29.43000030517578,51.38999938964844,50.97999954223633,28.790000915527344,0.49,2.81,278.61,0.65,0.09
2020-07-08,291.9247436523437,251.52801513671875,132.32254028320312,138.81442260742188,170.08999633789062,60.86460113525391,22.466346740722656,28.07999992370605,48.84999847412109,49.79999923706055,29.18000030517578,0.51,2.77,319.33,0.67,0.09
2020-07-09,290.2628479003906,253.64663696289065,129.64700317382812,141.0247344970703,169.6300048828125,60.73160552978516,22.54393577575684,29.26000022888184,53.77000045776367,50.06999969482422,28.40999984741211,0.46,2.73,267.49,0.62,0.09
2020-07-10,293.22662353515625,255.37844848632807,131.73521423339844,140.3161163330078,169.19000244140625,60.938472747802734,22.50945472717285,27.290000915527344,49.709999084472656,49.18999862670898,29.030000686645508,0.49,2.74,259.27,0.65,0.09
2020-07-13,290.6875305175781,250.1251983642578,130.06654357910156,140.78004455566406,169.39999389648438,60.60607147216797,22.4749698638916,32.189998626708984,53.40999984741211,49.54999923706055,28.5,0.48,2.74,212.54,0.64,0.09
2020-07-14,294.4545593261719,251.8955993652344,132.22003173828125,140.9824981689453,170.19000244140625,61.12318420410156,22.43186378479004,29.520000457763672,53.040000915527344,50.810001373291016,28.8799991607666,0.49,2.71,308.28,0.63,0.09
2020-07-15,297.1597595214844,252.4083251953125,137.0677032470703,140.3245086669922,170.33999633789062,61.47037506103516,22.371517181396484,27.76000022888184,47.04999923706055,47.08000183105469,29.290000915527344,0.48,2.71,352.74,0.64,0.1
2020-07-16,296.1810913085937,250.6862945556641,136.25665283203125,140.99093627929688,168.72999572753906,61.52944946289063,22.449106216430664,28.0,46.119998931884766,46.43000030517578,29.15999984741211,0.46,2.69,313.71,0.62,0.1
2020-07-17,297.0397644042969,250.97653198242188,136.65748596191406,140.69566345214844,170.1199951171875,61.69937515258789,22.354272842407227,25.68000030517578,40.220001220703125,45.68000030517578,29.100000381469727,0.5,2.68,555.06,0.64,0.09
2020-07-20,299.4403381347656,258.0970458984375,136.0701446533203,141.04153442382812,170.94000244140625,62.06877899169922,22.31978988647461,24.459999084472656,42.59000015258789,46.81999969482422,29.1200008392334,0.46,2.66,430.14,0.62,0.1
2020-07-21,300.0774230957031,255.407470703125,137.99990844726562,141.12591552734375,173.0,62.35688781738281,22.181854248046875,24.84000015258789,41.09999847412109,46.45000076293945,29.71999931335449,0.47,2.63,423.52,0.61,0.1
2020-07-22,301.7854919433594,256.3072204589844,138.07449340820312,141.54771423339844,175.6300048828125,62.48244857788086,22.12150764465332,24.31999969482422,41.29999923706055,45.31999969482422,29.75,0.46,2.61,297.02,0.6,0.09
2020-07-23,298.18463134765625,249.6123962402344,138.21429443359375,143.201171875,177.17999267578125,62.43810272216797,22.07840347290039,26.07999992370605,43.83000183105469,43.93000030517578,29.40999984741211,0.43,2.58,282.1,0.59,0.09
2020-07-24,296.2641906738281,247.24215698242188,136.18202209472656,143.1927947998047,178.6999969482422,62.497196197509766,21.983572006225582,25.84000015258789,42.34999847412109,42.47999954223633,29.440000534057617,0.45,2.58,290.25,0.59,0.09
2020-07-27,298.4247436523437,251.65370178222656,137.59906005859375,142.66127014160156,182.22999572753903,62.64496612548828,21.819772720336918,24.739999771118164,41.369998931884766,42.61000061035156,29.71999931335449,0.47,2.56,521.96,0.62,0.1
2020-07-28,296.531982421875,248.4514617919922,136.22866821289062,143.64825439453125,183.75,62.48244857788086,21.854257583618164,25.440000534057617,41.09000015258789,41.27000045776367,29.350000381469727,0.45,2.57,315.73,0.59,0.1
2020-07-29,300.1789245605469,251.3151092529297,139.23046875,143.40370178222656,185.1300048828125,62.82963180541992,21.750804901123047,24.100000381469727,39.58000183105469,41.630001068115234,29.56999969482422,0.46,2.61,370.27,0.58,0.1
2020-07-30,299.1079406738281,252.630859375,138.680419921875,144.34852600097656,183.75999450683597,62.96265411376953,21.66459274291992,24.76000022888184,42.060001373291016,40.65999984741211,28.93000030517578,0.44,2.6,307.77,0.55,0.1
2020-07-31,301.47149658203125,257.13922119140625,137.3752899169922,144.25567626953125,185.42999267578125,63.0808219909668,21.79391098022461,24.459999084472656,44.43000030517578,41.97999954223633,29.06999969482422,0.44,2.6,384.08,0.55,0.1
2020-08-03,303.56744384765625,260.6123352050781,139.61270141601562,143.5293731689453,185.63999938964844,63.09638214111328,21.79391098022461,24.280000686645508,41.560001373291016,43.130001068115234,29.34000015258789,0.45,2.63,271.04,0.56,0.1
2020-08-04,304.73992919921875,261.57977294921875,140.5728759765625,144.8975830078125,189.58999633789065,63.07415008544922,21.7163200378418,23.76000022888184,40.27999877929688,44.11000061035156,29.780000686645508,0.41,2.62,391.33,0.52,0.1
2020-08-05,306.6327209472656,262.2280578613281,143.36959838867188,143.6307373046875,191.3500061035156,63.18538665771485,21.621488571166992,22.989999771118164,37.119998931884766,41.75,30.229999542236328,0.44,2.59,253.99,0.55,0.1
2020-08-06,308.6824035644531,265.7010803222656,143.31369018554688,144.43309020996094,193.88999938964844,63.32628631591797,21.621488571166992,22.649999618530277,37.59000015258789,42.59999847412109,30.18000030517578,0.44,2.57,285.63,0.55,0.1
2020-08-07,308.9040222167969,262.6342163085937,145.58837890625,143.4702911376953,190.80999755859372,63.17056655883789,21.750804901123047,22.209999084472656,37.43000030517578,41.459999084472656,29.850000381469727,0.44,2.57,276.7,0.57,0.1
2020-08-10,309.82733154296875,261.5120544433594,147.09860229492188,142.82843017578125,190.1499938964844,63.20024108886719,21.785289764404297,22.1299991607666,35.7400016784668,42.209999084472656,30.15999984741211,0.45,2.56,388.62,0.59,0.1
2020-08-11,307.2698059082031,256.5586242675781,146.250244140625,141.1309051513672,179.94000244140625,62.62910842895508,21.819772720336918,24.030000686645508,37.5,45.2599983215332,29.81999969482422,0.48,2.59,359.14,0.64,0.1
2020-08-12,311.5539245605469,263.0115661621094,146.84686279296875,139.8472442626953,179.10000610351562,62.64398193359375,21.750804901123047,22.280000686645508,34.7400016784668,44.22999954223633,30.559999465942383,0.53,2.55,202.2,0.69,0.1
2020-08-13,310.9906616210937,263.61138916015625,146.53924560546875,138.35235595703125,183.3300018310547,62.47336959838867,21.74218368530273,22.1299991607666,34.869998931884766,45.08000183105469,30.399999618530277,0.55,2.59,282.72,0.71,0.1
2020-08-14,310.9999084472656,263.3019104003906,146.44601440429688,137.81187438964844,182.5399932861328,62.36209487915039,21.70770072937012,22.049999237060547,35.099998474121094,43.09000015258789,30.32999992370605,0.57,2.61,345.8,0.71,0.1
2020-08-17,311.98785400390625,266.3589782714844,147.20114135742188,138.15811157226562,186.5,62.73295211791992,21.61286735534668,21.350000381469727,32.43000030517578,45.810001373291016,30.770000457763672,0.55,2.64,350.55,0.69,0.1
2020-08-18,312.6617736816406,268.9227294921875,145.79345703125,139.14622497558594,188.17999267578125,62.82933807373047,21.49217414855957,21.51000022888184,31.700000762939453,46.060001373291016,30.600000381469727,0.53,2.64,341.68,0.67,0.09
2020-08-19,311.3599548339844,267.1136474609375,145.80274963378906,138.2763214111328,182.2400054931641,62.65135192871094,21.66459274291992,22.540000915527344,32.849998474121094,44.59999847412109,30.65999984741211,0.54,2.65,216.18,0.68,0.09
2020-08-20,312.3294677734375,270.8189697265625,145.20614624023438,139.52627563476562,183.5,62.85907745361328,21.604246139526367,22.71999931335449,32.83000183105469,44.58000183105469,30.520000457763672,0.52,2.65,250.25,0.65,0.09
2020-08-21,313.4374389648437,272.69580078125,144.13409423828125,140.3623809814453,182.02999877929688,62.851654052734375,21.70770072937012,22.540000915527344,33.68000030517578,45.13999938964844,30.18000030517578,0.48,2.64,286.03,0.64,0.09
2020-08-24,316.6134338378906,274.3985290527344,145.64430236816406,140.1343231201172,181.0,63.140892028808594,21.74218368530273,22.3700008392334,32.25,46.33000183105469,30.350000381469727,0.51,2.63,186.9,0.65,0.09
2020-08-25,317.7214050292969,276.5559387207031,145.80274963378906,139.06179809570312,181.22000122070312,63.207637786865234,21.66459274291992,22.030000686645508,33.029998779296875,47.88999938964844,30.920000076293945,0.54,2.63,213.68,0.69,0.09
2020-08-26,320.9067687988281,282.4574279785156,144.88919067382812,138.52975463867188,183.3600006103516,63.20024108886719,21.638729095458984,23.270000457763672,33.790000915527344,47.9900016784668,30.93000030517578,0.53,2.66,154.27,0.69,0.09
2020-08-27,321.60845947265625,281.5770568847656,145.24343872070312,136.1734619140625,181.2400054931641,63.10380935668945,21.66459274291992,24.46999931335449,33.7400016784668,49.290000915527344,30.670000076293945,0.58,2.71,180.61,0.74,0.08
2020-08-28,323.685791015625,283.0088195800781,146.47398376464844,136.07212829589844,184.38999938964844,63.15570831298828,21.49217414855957,22.959999084472656,32.060001373291016,48.18999862670898,30.71999931335449,0.6,2.71,296.28,0.74,0.09
2020-08-31,322.51324462890625,285.28228759765625,144.8985137939453,136.97579956054688,184.8300018310547,63.066741943359375,21.466310501098636,26.40999984741211,32.59000015258789,47.02000045776367,30.57999992370605,0.58,2.67,169.1,0.72,0.09
2020-09-01,325.5509033203125,290.15826416015625,146.5579071044922,138.54249572753906,185.0500030517578,63.40999984741211,21.509416580200195,26.1200008392334,31.739999771118164,44.29999923706055,30.61000061035156,0.55,2.67,204.69,0.68,0.09
2020-09-02,330.2596435546875,292.9059143066406,147.7231903076172,139.86141967773438,182.6199951171875,63.4844856262207,21.58700561523437,26.56999969482422,35.4900016784668,44.86000061035156,29.86000061035156,0.52,2.64,237.83,0.66,0.09
2020-09-03,318.8939514160156,278.0556030273437,143.3603057861328,140.2587890625,181.13999938964844,63.08980178833008,21.59562492370605,33.599998474121094,41.27999877929688,45.7599983215332,29.63999938964844,0.5,2.64,243.52,0.63,0.09
2020-09-04,316.2903137207031,274.35015869140625,142.44671630859375,137.5955352783203,181.63999938964844,62.91852569580078,21.630111694335938,30.75,44.02000045776367,47.040000915527344,28.51000022888184,0.58,2.68,224.01,0.72,0.09
2020-09-08,307.6483154296875,261.1637878417969,139.70594787597656,138.44102478027344,181.2899932861328,62.56852722167969,21.74218368530273,31.459999084472656,55.900001525878906,50.68000030517578,26.75,0.55,2.67,208.78,0.69,0.09
2020-09-09,313.7236022949219,268.8356628417969,141.82208251953125,138.0689697265625,183.0500030517578,63.06002807617188,21.70770072937012,28.809999465942383,49.41999816894531,48.81999969482422,27.40999984741211,0.57,2.69,209.54,0.71,0.09
2020-09-10,308.27618408203125,263.4760131835937,139.9762725830078,138.7707977294922,182.4600067138672,62.762168884277344,21.750804901123047,29.709999084472656,52.15999984741211,45.209999084472656,26.790000915527344,0.54,2.69,218.1,0.68,0.09
2020-09-11,308.4330444335937,261.6475524902344,139.04400634765625,139.06668090820312,182.4499969482422,62.88874053955078,21.70770072937012,26.8700008392334,50.130001068115234,43.119998931884766,27.040000915527344,0.54,2.69,237.03,0.67,0.09
2020-09-14,312.4955444335937,266.2041931152344,142.70774841308594,139.05821228027344,183.88999938964844,62.82171249389648,21.65597343444824,25.850000381469727,49.40999984741211,44.209999084472656,26.940000534057617,0.54,2.66,270.62,0.68,0.09
2020-09-15,314.0744323730469,269.977294921875,142.9781036376953,138.7200164794922,183.4499969482422,62.99299240112305,21.673213958740234,25.59000015258789,45.18999862670898,43.060001373291016,27.520000457763672,0.54,2.68,245.27,0.68,0.09
2020-09-16,312.8279724121094,265.6720886230469,144.32984924316406,138.30577087402344,183.97000122070312,62.99299240112305,21.699079513549805,26.040000915527344,41.130001068115234,42.43000030517578,28.700000762939453,0.55,2.67,244.64,0.69,0.09
2020-09-17,310.0765686035156,261.52178955078125,143.2763671875,138.72845458984375,182.9600067138672,62.92596054077149,21.621488571166992,26.459999084472656,38.72999954223633,38.45000076293945,29.229999542236328,0.56,2.65,248.91,0.69,0.09
2020-09-18,306.5068054199219,258.1840515136719,142.9034881591797,138.2973175048828,183.1999969482422,62.76961517333984,21.647350311279297,25.82999992370605,39.06999969482422,37.2400016784668,29.059999465942383,0.56,2.66,244.41,0.7,0.09
2020-09-21,303.09552001953125,258.8031921386719,137.89736938476562,138.99903869628906,179.52000427246094,62.26319885253906,21.80253219604492,27.780000686645508,42.88999938964844,38.630001068115234,28.290000915527344,0.54,2.66,177.56,0.68,0.09
2020-09-22,306.1822509765625,263.61138916015625,138.9600830078125,138.88914489746094,178.64999389648438,62.47916793823242,21.88011741638184,26.86000061035156,41.27999877929688,39.34999847412109,28.170000076293945,0.55,2.66,126.1,0.68,0.09
2020-09-23,299.0817565917969,255.56228637695312,134.82017517089844,139.0751953125,174.7899932861328,61.84619903564453,22.000812530517575,28.57999992370605,44.63999938964844,38.630001068115234,28.030000686645508,0.54,2.68,161.46,0.68,0.09
2020-09-24,299.8788452148437,256.75225830078125,134.82017517089844,139.60781860351562,175.44000244140625,61.883419036865234,21.96632957458496,28.51000022888184,42.880001068115234,37.220001220703125,28.5,0.53,2.7,246.25,0.67,0.09
2020-09-25,304.7270202636719,262.7214660644531,137.00994873046875,139.60781860351562,174.94000244140625,61.77170944213867,22.02667617797852,26.3799991607666,41.40999984741211,36.970001220703125,28.350000381469727,0.54,2.74,252.32,0.66,0.09
2020-09-28,309.7882385253906,268.1778259277344,140.38819885253906,139.21034240722656,176.6999969482422,62.17387390136719,21.95770835876465,26.190000534057617,40.63999938964844,37.400001525878906,28.690000534057617,0.53,2.76,189.79,0.67,0.09
2020-09-29,308.10113525390625,266.9685363769531,139.75180053710938,139.37103271484375,178.19000244140625,62.22597503662109,21.854257583618164,26.270000457763672,46.130001068115234,36.619998931884766,27.700000762939453,0.55,2.74,185.6,0.66,0.09
2020-09-30,310.43719482421875,268.7969970703125,140.1728973388672,138.03512573242188,177.1199951171875,62.47916793823242,21.854257583618164,26.3700008392334,44.0,39.209999084472656,28.290000915527344,0.56,2.75,207.77,0.69,0.09
2020-10-01,312.43017578125,273.0635070800781,142.4094696044922,138.26290893554688,178.6999969482422,62.69384765625,21.819772720336918,26.700000762939453,49.34999847412109,38.650001525878906,27.51000022888184,0.54,2.75,259.5,0.68,0.09
2020-10-02,309.4638671875,265.3818359375,143.03648376464844,137.74652099609375,178.5399932861328,62.69384765625,21.87149810791016,27.6299991607666,55.5099983215332,39.970001220703125,26.350000381469727,0.57,2.76,390.29,0.7,0.09
2020-10-05,314.9515686035156,271.0414123535156,146.9854736328125,135.0550537109375,179.41000366210938,63.16497421264648,21.776668548583984,27.959999084472656,49.43999862670898,39.810001373291016,27.93000030517578,0.64,2.74,273.84,0.78,0.09
2020-10-06,310.47430419921875,266.2041931152344,146.56436157226562,135.7830047607422,177.3000030517578,63.022857666015625,21.837013244628903,29.479999542236328,46.59999847412109,57.75,28.38999938964844,0.62,2.7,334.28,0.76,0.09
2020-10-07,315.87860107421875,270.809326171875,149.76480102539062,134.79278564453125,177.22000122070312,63.24723052978516,21.8111515045166,28.059999465942383,45.5,56.97999954223633,28.38999938964844,0.65,2.69,426.88,0.81,0.09
2020-10-08,318.6780700683594,272.25079345703125,151.46792602539062,135.52061462402344,177.85000610351562,63.3892936706543,21.80253219604492,26.36000061035156,41.150001525878906,57.310001373291016,29.13999938964844,0.65,2.68,294.91,0.78,0.09
2020-10-09,321.5238647460937,276.41082763671875,152.25401306152344,135.4951629638672,181.0800018310547,63.53141403198242,21.673213958740234,25.0,42.380001068115234,57.52000045776367,28.690000534057617,0.63,2.67,306.7,0.79,0.09
2020-10-12,326.6964416503906,284.9438781738281,153.2740936279297,135.9268798828125,180.55999755859372,63.85297393798828,21.647350311279297,25.06999969482422,44.040000915527344,57.52000045776367,28.06999969482422,0.58,2.65,289.7,0.74,0.09
2020-10-13,324.5643920898437,284.9340515136719,152.25401306152344,136.900146484375,177.72000122070312,63.56880187988281,21.776668548583984,26.06999969482422,46.06999969482422,55.59000015258789,28.459999084472656,0.58,2.65,220.87,0.74,0.09
2020-10-14,322.52496337890625,282.5541687011719,150.74742126464844,137.21334838867188,178.27000427246094,63.411746978759766,21.724943161010746,26.399999618530277,43.52999877929688,53.5,28.979999542236328,0.59,2.64,341.81,0.73,0.09
2020-10-15,322.1264038085937,280.6579895019531,152.3008270263672,136.97634887695312,178.9199981689453,63.36690521240234,21.828392028808597,26.96999931335449,43.83000183105469,55.619998931884766,28.940000534057617,0.6,2.65,141.19,0.74,0.09
2020-10-16,321.93170166015625,279.1197509765625,151.92648315429688,136.59544372558594,178.3000030517578,63.2921142578125,21.80253219604492,27.40999984741211,44.060001373291016,57.25,28.71999931335449,0.62,2.64,200.48,0.76,0.09
2020-10-19,317.03729248046875,274.56304931640625,150.111083984375,136.07920837402344,178.38999938964844,63.0677604675293,21.733562469482425,29.18000030517578,43.34999847412109,61.15999984741211,28.59000015258789,0.62,2.61,249.35,0.78,0.09
2020-10-20,318.3072509765625,275.1531066894531,150.43858337402344,134.7842559814453,179.25,63.2921142578125,21.66459274291992,29.350000381469727,43.84999847412109,60.41999816894531,29.049999237060547,0.67,2.64,234.01,0.81,0.09
2020-10-21,317.7047119140625,274.9403076171875,149.14720153808594,134.3187713623047,180.6000061035156,63.28464889526367,21.552520751953125,28.649999618530277,47.58000183105469,59.06999969482422,28.100000381469727,0.69,2.63,158.05,0.83,0.09
2020-10-22,319.44744873046875,274.9305725097656,151.7206573486328,132.92222595214844,178.8300018310547,63.39678192138672,21.638729095458984,28.11000061035156,46.61000061035156,59.72999954223633,28.51000022888184,0.71,2.61,167.77,0.87,0.09
2020-10-23,320.53204345703125,275.47235107421875,152.60028076171875,133.73477172851562,178.63999938964844,63.47157669067383,21.58700561523437,27.549999237060547,46.31999969482422,58.459999084472656,27.8799991607666,0.67,2.6,138.34,0.85,0.09
2020-10-26,314.608642578125,271.34136962890625,149.30625915527344,134.9789581298828,178.5500030517578,62.9106674194336,21.66459274291992,32.459999084472656,53.04999923706055,58.95000076293945,27.11000061035156,0.65,2.6,294.62,0.81,0.09
2020-10-27,313.5240478515625,273.4600830078125,148.0242156982422,135.88455200195312,179.02000427246094,62.94063949584961,21.621488571166992,33.349998474121094,50.220001220703125,57.880001068115234,27.690000534057617,0.63,2.6,187.07,0.79,0.09
2020-10-28,302.8080749511719,262.7987976074219,143.46690368652344,136.011474609375,176.1300048828125,62.41708755493164,21.759424209594727,40.27999877929688,59.61000061035156,57.130001068115234,26.309999465942383,0.63,2.62,234.14,0.79,0.09
2020-10-29,305.8856811523437,267.3941955566406,145.179443359375,134.691162109375,175.39999389648438,62.59660339355469,21.84563636779785,37.59000015258789,63.380001068115234,61.29999923706055,25.600000381469727,0.69,2.61,298.36,0.85,0.09
2020-10-30,302.6968994140625,260.6123352050781,143.26104736328125,133.3624267578125,176.1999969482422,62.73119735717773,21.87149810791016,38.02000045776367,68.83999633789062,61.90999984741211,25.25,0.74,2.61,277.43,0.88,0.09
2020-11-02,306.0896301269531,261.1928100585937,145.81573486328125,134.3612823486328,177.91000366210938,62.88066101074219,21.897361755371094,37.130001068115234,66.7300033569336,63.560001373291016,26.26000022888184,0.71,2.6,418.93,0.87,0.09
2020-11-03,311.4939270019531,265.7107849121094,149.95199584960938,133.58187866210938,178.9199981689453,63.42145156860352,21.776668548583984,35.54999923706055,63.630001068115234,64.37000274658203,26.71999931335449,0.73,2.58,335.3,0.9,0.09
2020-11-04,318.4555358886719,277.5717163085937,150.1204376220703,136.47950744628906,178.82000732421875,64.01480102539062,21.74218368530273,29.56999969482422,54.52999877929688,47.7400016784668,27.440000534057617,0.64,2.58,370.7,0.78,0.09
2020-11-05,324.6663818359375,284.808349609375,154.32212829589844,136.7167205810547,182.92999267578125,64.2401351928711,21.5352783203125,27.57999992370605,53.68999862670898,43.7599983215332,27.15999984741211,0.65,2.52,303.07,0.79,0.09
2020-11-06,324.5921630859375,285.0211486816406,153.114990234375,135.0645294189453,183.19000244140625,64.01480102539062,21.457687377929688,24.86000061035156,55.75,39.880001068115234,26.46999931335449,0.67,2.51,390.29,0.83,0.09
2020-11-09,328.6708679199219,279.19708251953125,158.6642608642578,132.2262420654297,175.0800018310547,64.50301361083984,21.59562492370605,25.75,52.20000076293945,44.93999862670898,28.06999969482422,0.79,2.47,254.34,0.96,0.09
2020-11-10,328.1889038085937,274.1954345703125,161.6119842529297,131.46360778808594,175.66000366210938,64.4128646850586,21.59562492370605,24.799999237060547,49.63999938964844,46.18999862670898,28.90999984741211,0.79,2.44,192.03,0.98,0.09
2020-11-11,330.6269226074219,280.3290405273437,161.54649353027344,131.93807983398438,174.89999389648438,64.3903579711914,21.621488571166992,23.450000762939453,49.2400016784668,46.18999862670898,29.040000915527344,0.71,2.45,252.06,0.88,0.09
2020-11-12,327.41949462890625,279.0132751464844,159.06663513183594,134.1833953857422,175.9600067138672,63.954689025878906,21.621488571166992,25.350000381469727,50.900001525878906,44.16999816894531,28.65999984741211,0.71,2.45,184.25,0.88,0.09
2020-11-13,331.9524841308594,281.4609680175781,162.36065673828125,134.00543212890625,177.16000366210938,64.17252349853516,21.57838249206543,23.100000381469727,48.2400016784668,42.95000076293945,28.1299991607666,0.72,2.44,123.79,0.89,0.09
2020-11-16,336.09600830078125,283.6570129394531,166.22549438476562,133.6834716796875,177.14999389648438,64.53305053710938,21.526657104492188,22.450000762939453,46.88999938964844,42.4900016784668,28.809999465942383,0.72,2.42,254.24,0.91,0.09
2020-11-17,334.2884521484375,282.7572631835937,167.00218200683594,134.55618286132812,176.5,64.55558776855469,21.49217414855957,22.709999084472656,45.08000183105469,43.08000183105469,28.8700008392334,0.69,2.42,196.81,0.87,0.09
2020-11-18,330.2654113769531,280.6675720214844,164.6627197265625,134.94589233398438,175.49000549316406,64.43543243408203,21.500795364379883,23.84000015258789,46.060001373291016,43.619998931884766,29.0,0.72,2.39,154.81,0.88,0.09
2020-11-19,331.6558837890625,282.8637084960937,165.92601013183594,135.64073181152344,175.16000366210938,64.65324401855469,21.466310501098636,23.11000061035156,46.34000015258789,43.52999877929688,29.09000015258789,0.68,2.35,224.65,0.86,0.08
2020-11-20,329.3846435546875,280.9288024902344,166.10386657714844,136.8438720703125,175.69000244140625,64.53305053710938,21.49217414855957,23.700000762939453,43.93999862670898,42.310001373291016,29.270000457763672,0.67,2.35,230.2,0.83,0.08
2020-11-23,331.359130859375,280.93853759765625,169.21067810058594,136.21681213378906,172.22999572753906,64.63070678710938,21.526657104492188,22.65999984741211,42.790000915527344,43.040000915527344,29.520000457763672,0.7,2.33,415.59,0.86,0.08
2020-11-24,336.6986389160156,284.8857727050781,172.3923797607422,134.86117553710938,169.58999633789062,64.82597351074219,21.423206329345703,21.63999938964844,42.84000015258789,42.380001068115234,30.799999237060547,0.72,2.31,262.51,0.88,0.08
2020-11-25,336.1794738769531,286.63677978515625,171.80284118652344,134.446044921875,169.50999450683594,64.79595947265625,21.388721466064453,21.25,43.560001373291016,39.619998931884766,31.3700008392334,0.71,2.32,276.82,0.88,0.08
2020-11-27,337.11572265625,289.27801513671875,172.5327606201172,135.75082397460938,167.7899932861328,64.90107727050781,21.345617294311523,20.84000015258789,46.209999084472656,39.63999938964844,31.21999931335449,0.68,2.32,238.32,0.84,0.08
2020-11-30,335.6232604980469,289.8681030273437,169.39784240722656,135.5813751220703,166.6699981689453,64.83348083496094,21.39734268188477,20.56999969482422,47.369998931884766,40.84000015258789,30.96999931335449,0.68,2.29,156.15,0.84,0.09
2020-12-01,339.2941589355469,293.5831298828125,170.969970703125,133.5823516845703,170.17999267578125,65.00012969970703,21.20768165588379,20.770000457763672,47.810001373291016,41.52999877929688,30.6200008392334,0.75,2.28,248.2,0.92,0.09
2020-12-02,340.0080261230469,293.9603576660156,171.1477508544922,132.5221710205078,171.4600067138672,65.18110656738281,21.18181800842285,21.170000076293945,45.68000030517578,43.91999816894531,30.96999931335449,0.79,2.24,156.7,0.95,0.09
2020-12-03,339.9151306152344,294.3764343261719,172.1116485595703,133.5907745361328,172.80999755859375,65.21880340576172,21.06974601745605,21.280000686645508,40.95000076293945,42.52999877929688,31.25,0.76,2.23,189.91,0.92,0.09
2020-12-04,342.8445129394531,295.5760192871094,176.11685180664062,131.631591796875,172.32000732421875,65.4902572631836,21.095605850219727,20.790000915527344,38.34000015258789,43.88999938964844,31.559999465942383,0.81,2.23,215.13,0.97,0.09
2020-12-07,342.13995361328125,297.2497253417969,176.2852783203125,132.8189697265625,174.88999938964844,65.46009063720703,21.130090713500977,21.299999237060547,37.68000030517578,49.66999816894531,31.399999618530277,0.8,2.22,269.89,0.94,0.09
2020-12-08,343.14111328125,298.25592041015625,178.54989624023438,133.4465789794922,175.5,65.4073257446289,21.155954360961918,20.68000030517578,37.70000076293945,49.09999847412109,31.40999984741211,0.78,2.22,259.64,0.92,0.09
2020-12-09,340.06353759765625,291.5031433105469,177.2491912841797,133.00559997558594,172.5,65.30931091308594,21.164573669433597,22.270000457763672,39.52000045776367,48.47999954223633,31.34000015258789,0.79,2.24,144.77,0.95,0.09
2020-12-10,339.95233154296875,292.67364501953125,178.96165466308594,134.18455505371094,172.1699981689453,65.42994689941406,21.10422706604004,22.520000457763672,39.70000076293945,47.150001525878906,32.11000061035156,0.78,2.22,256.04,0.92,0.09
2020-12-11,339.5536499023437,292.0255126953125,178.08201599121094,134.65948486328125,172.49000549316406,65.3620834350586,21.155954360961918,23.309999465942383,39.5099983215332,47.52000045776367,31.940000534057617,0.79,2.23,122.3,0.9,0.09
2020-12-14,338.03338623046875,294.144287109375,178.29042053222656,134.28627014160156,171.5399932861328,65.37714385986328,21.095605850219727,24.71999931335449,39.959999084472656,49.220001220703125,32.16999816894531,0.77,2.24,186.91,0.9,0.09
2020-12-15,342.6034851074219,297.2884521484375,182.74929809570312,133.83677673339844,173.94000244140625,65.58076477050781,21.02663993835449,22.88999938964844,39.34000015258789,48.13999938964844,32.540000915527344,0.81,2.26,139.29,0.92,0.09
2020-12-16,343.14111328125,298.92352294921875,182.0921936035156,133.4805908203125,174.89999389648438,65.48272705078125,21.000778198242188,22.5,38.68000030517578,46.959999084472656,32.7400016784668,0.79,2.25,136.12,0.92,0.09
2020-12-17,345.0599365234375,300.87774658203125,184.2606201171875,133.12733459472656,176.74000549316406,65.58043670654297,20.88870429992676,21.93000030517578,36.86000061035156,44.150001525878906,33.15999984741211,0.81,2.23,195.87,0.94,0.09
2020-12-18,343.6822204589844,299.9682922363281,183.368896484375,132.7283477783203,176.44000244140625,65.6333999633789,20.91456794738769,21.56999969482422,37.150001525878906,44.63999938964844,33.47999954223633,0.82,2.24,146.67,0.95,0.09
2020-12-21,342.453369140625,299.4070739746094,183.2750396728516,133.2547149658203,175.8800048828125,65.39869689941406,20.957672119140625,25.15999984741211,41.560001373291016,46.65999984741211,32.63999938964844,0.82,2.23,246.79,0.95,0.09
2020-12-22,341.8761901855469,300.22125244140625,185.35891723632807,133.94241333007812,174.49000549316406,65.4819564819336,21.06974601745605,24.229999542236328,42.060001373291016,43.56999969482422,32.09000015258789,0.8,2.22,147.55,0.93,0.09
2020-12-23,342.18341064453125,298.7092590332031,186.9359893798828,133.01698303222656,175.64999389648438,65.77730560302734,20.974912643432617,23.309999465942383,39.88999938964844,42.7400016784668,32.75,0.83,2.24,291.07,0.96,0.09
2020-12-24,343.5145874023437,300.02752685546875,186.81396484375,133.54331970214844,176.35000610351562,65.91355895996094,20.992156982421875,21.530000686645508,39.40999984741211,42.11000061035156,32.91999816894531,0.81,2.23,256.16,0.94,0.09
2020-12-28,346.4657592773437,303.05133056640625,186.11932373046875,133.6028289794922,175.7100067138672,65.99691009521484,20.992156982421875,21.700000762939453,39.66999816894531,45.2599983215332,32.59000015258789,0.81,2.22,217.47,0.94,0.09
2020-12-29,345.80474853515625,303.32275390625,182.51461791992188,133.43299865722656,176.35000610351562,65.91355895996094,20.923189163208008,23.07999992370605,38.63999938964844,46.09999847412109,32.779998779296875,0.82,2.22,286.36,0.94,0.09
2020-12-30,346.29815673828125,303.3323059082031,184.37327575683597,133.7217254638672,177.6999969482422,66.04985809326172,20.836977005004883,22.770000457763672,38.0099983215332,47.18999862670898,32.90999984741211,0.81,2.2,368.46,0.93,0.09
2020-12-31,348.0575561523437,304.07861328125,184.04473876953125,133.91696166992188,178.36000061035156,66.10283660888672,20.89732551574707,22.75,37.83000183105469,48.97999954223633,33.0099983215332,0.8,2.18,307.12,0.93,0.09
2021-01-04,343.3191223144531,299.7851257324219,181.64163208007807,133.755615234375,182.3300018310547,65.9665756225586,20.91456794738769,26.96999931335449,42.119998931884766,49.59000015258789,32.380001068115234,0.82,2.19,233.3,0.93,0.09
2021-01-05,345.6836853027344,302.2565612792969,184.4484100341797,132.76226806640625,182.8699951171875,65.98930358886719,20.793872833251957,25.34000015258789,40.38999938964844,48.95000076293945,33.939998626708984,0.83,2.23,208.61,0.96,0.09
2021-01-06,347.7503356933594,298.0696105957031,191.9956817626953,130.03689575195312,179.89999389648438,65.8681640625,20.768009185791016,25.06999969482422,39.310001373291016,44.63999938964844,34.11000061035156,0.9,2.27,139.81,1.04,0.09
2021-01-07,352.9171142578125,305.28045654296875,195.41259765625,128.89068603515625,179.47999572753906,66.05744171142578,20.88870429992676,22.3700008392334,36.060001373291016,45.20000076293945,34.529998779296875,0.94,2.23,124.29,1.08,0.09
2021-01-08,354.92779541015625,309.20574951171875,194.99017333984372,128.4746856689453,173.33999633789062,66.1558837890625,20.923189163208008,21.559999465942383,36.650001525878906,44.810001373291016,35.43000030517578,0.99,2.19,104.8,1.13,0.09
2021-01-11,352.5354309082031,304.7377319335937,194.82118225097656,128.26242065429688,173.0,65.80001831054688,21.0525016784668,24.07999992370605,35.310001373291016,47.77000045776367,35.2599983215332,1.01,2.15,308.7,1.15,0.09
2021-01-12,352.6098937988281,304.2530517578125,198.3132476806641,128.16055297851562,174.1199951171875,65.88328552246094,20.9404296875,23.32999992370605,33.849998474121094,50.119998931884766,35.900001525878906,1.01,2.16,229.15,1.15,0.09
2021-01-13,353.55938720703125,306.307861328125,196.895751953125,129.60382080078125,173.3699951171875,66.08014678955078,21.009397506713867,22.209999084472656,36.790000915527344,45.59999847412109,35.79999923706055,0.96,2.13,223.57,1.1,0.09
2021-01-14,352.3212585449219,304.6698913574219,200.82896423339844,128.38980102539062,173.27999877929688,66.06502532958984,20.966293334960938,23.25,37.95000076293945,46.22999954223633,36.2400016784668,0.99,2.12,157.94,1.15,0.09
2021-01-15,349.7518615722656,302.2565612792969,197.83448791503903,128.89915466308594,171.1300048828125,65.95901489257812,21.10422706604004,24.34000015258789,40.38999938964844,45.13999938964844,35.34000015258789,0.98,2.13,149.93,1.11,0.09
2021-01-19,352.4981384277344,306.6665344238281,200.36903381347656,129.31527709960938,172.5800018310547,66.1482925415039,21.04388236999512,23.239999771118164,35.369998931884766,45.22999954223633,35.75,0.96,2.11,170.18,1.1,0.09
2021-01-20,357.3763122558594,313.79986572265625,201.2513885498047,129.442626953125,175.38999938964844,66.26945495605469,21.03525924682617,21.57999992370605,35.66999816894531,42.52999877929688,35.790000915527344,0.97,2.11,309.33,1.1,0.09
2021-01-21,357.7020568847656,316.3099975585937,199.50540161132807,128.53414916992188,175.27999877929688,66.23160552978516,20.9404296875,21.31999969482422,35.04999923706055,43.0099983215332,35.7599983215332,0.99,2.12,280.95,1.12,0.08
2021-01-22,356.4360046386719,315.3990478515625,201.8240203857422,128.9501495361328,173.89999389648438,66.10283660888672,20.98353385925293,21.90999984741211,36.25,43.09000015258789,35.22999954223633,0.97,2.14,192.0,1.1,0.08
2021-01-25,357.8416748046875,318.0061950683594,201.62689208984372,130.46994018554688,174.0500030517578,66.11800384521484,21.009397506713867,23.190000534057617,38.02000045776367,43.08000183105469,35.59000015258789,0.92,2.15,241.85,1.05,0.08
2021-01-26,357.2831115722656,318.47137451171875,200.22821044921875,130.22364807128906,173.6199951171875,66.01956939697266,20.949050903320312,23.020000457763672,37.130001068115234,43.13999938964844,35.45000076293945,0.94,2.16,254.93,1.05,0.08
2021-01-27,348.55096435546875,309.5934753417969,196.55783081054688,130.55479431152344,172.52000427246094,65.83028411865234,21.078367233276367,37.209999084472656,40.209999084472656,44.15999984741211,35.5,0.92,2.16,251.13,1.04,0.08
2021-01-28,351.548583984375,311.4253234863281,195.92889404296875,129.83316040039062,172.67999267578125,66.02713012695312,21.02663993835449,30.209999084472656,40.45000076293945,45.52999877929688,35.25,0.95,2.17,150.0,1.07,0.07
2021-01-29,344.5106811523437,304.8734741210937,192.96255493164065,129.052001953125,172.61000061035156,65.85298919677734,21.0525016784668,33.09000015258789,40.20000076293945,47.40999984741211,35.18000030517578,1.0,2.17,248.96,1.11,0.07
2021-02-01,350.24530029296875,312.49139404296875,197.7030334472656,129.20159912109375,174.22999572753906,66.06428527832031,21.155954360961918,30.239999771118164,39.15999984741211,46.27999877929688,36.119998931884766,0.98,2.19,144.04,1.09,0.08
2021-02-02,355.1978759765625,317.58941650390625,200.5192413330078,128.36866760253906,172.11000061035156,66.22389221191406,21.18181800842285,25.559999465942383,38.619998931884766,45.90999984741211,36.81999969482422,1.01,2.18,282.75,1.12,0.08
2021-02-03,355.4771423339844,316.3294677734375,201.1200256347656,127.22953033447266,171.85000610351562,66.277099609375,21.173194885253903,22.90999984741211,37.11000061035156,46.93000030517578,37.43999862670898,1.04,2.17,145.65,1.15,0.08
2021-02-04,359.51739501953125,320.0706787109375,205.22216796875,126.88961029052734,168.14999389648438,66.41386413574219,21.26802635192871,21.770000457763672,35.369998931884766,47.25,37.810001373291016,1.04,2.19,129.36,1.15,0.08
2021-02-05,360.9324340820313,321.1561279296875,208.06646728515625,125.8270492553711,169.80999755859375,66.51265716552734,21.147335052490234,20.8700008392334,34.939998626708984,47.20000076293945,38.18999862670898,1.1,2.18,111.2,1.19,0.08
2021-02-08,363.5389709472656,323.3076477050781,213.379638671875,126.37954711914062,171.52000427246094,66.71026611328125,21.13871383666992,21.239999771118164,34.47999954223633,48.45000076293945,38.93999862670898,1.08,2.14,232.61,1.19,0.07
2021-02-09,363.2969970703125,323.2399597167969,214.3840484619141,126.47309112548828,172.0800018310547,66.58865356445312,21.02663993835449,21.6299991607666,33.540000915527344,46.75,39.16999816894531,1.07,2.15,84.45,1.18,0.08
2021-02-10,363.1387023925781,322.5032958984375,212.9759979248047,127.31462097167967,172.7100067138672,66.57345581054688,21.01801872253418,21.989999771118164,33.77000045776367,46.27000045776367,39.27999877929688,1.04,2.16,113.01,1.15,0.08
2021-02-11,363.7251586914063,324.27691650390625,212.73193359375,126.61760711669922,171.2100067138672,66.60383605957031,21.009397506713867,21.25,34.33000183105469,45.95000076293945,38.970001220703125,1.05,2.18,121.93,1.16,0.08
2021-02-12,365.52197265625,326.0893859863281,213.3326873779297,125.04505920410156,170.69000244140625,66.71026611328125,21.02663993835449,19.96999931335449,34.25,47.0099983215332,39.93999862670898,1.09,2.19,211.29,1.2,0.08
2021-02-16,365.2054138183594,325.2074584960937,211.99034118652344,123.14104461669922,168.24000549316406,66.60383605957031,21.02663993835449,21.459999084472656,35.130001068115234,56.77999877929688,40.45000076293945,1.17,2.15,150.29,1.3,0.08
2021-02-17,365.2891845703125,323.64703369140625,210.3288116455078,123.92305755615234,166.3300018310547,66.5810546875,21.112850189208984,21.5,36.900001525878906,55.970001220703125,40.88999938964844,1.18,2.13,84.88,1.29,0.08
2021-02-18,363.7345275878906,322.23193359375,207.07144165039065,123.42157745361328,166.32000732421875,66.4898681640625,21.04388236999512,22.489999771118164,37.900001525878906,56.119998931884766,40.27000045776367,1.18,2.13,148.02,1.29,0.07
2021-02-19,363.0921936035156,320.8265686035156,211.38954162597656,121.781005859375,167.00999450683594,66.49746704101562,20.992156982421875,22.049999237060547,37.7599983215332,60.43000030517578,39.68000030517578,1.23,2.14,106.51,1.34,0.07
2021-02-22,360.2993774414063,312.5108947753906,210.0190277099609,120.8545150756836,169.50999450683594,66.29225158691406,20.93181037902832,23.450000762939453,38.56999969482422,62.41999816894531,41.27999877929688,1.26,2.16,132.3,1.37,0.07
2021-02-23,360.7368469238281,311.580322265625,208.1697540283203,120.50601959228516,169.1199951171875,66.45183563232422,20.949050903320312,23.11000061035156,39.75,61.72999954223633,41.619998931884766,1.26,2.2,145.25,1.37,0.07
2021-02-24,364.7119445800781,314.1488037109375,213.088623046875,119.71549224853516,169.0,66.520263671875,20.91456794738769,21.34000015258789,39.58000183105469,61.91999816894531,42.5,1.26,2.22,186.94,1.38,0.07
2021-02-25,355.9239501953125,303.1966857910156,205.2127685546875,117.76044464111328,165.82000732421875,65.88947296142578,20.98353385925293,28.88999938964844,40.58000183105469,74.16000366210938,42.459999084472656,1.37,2.12,124.74,1.54,0.07
2021-02-26,354.090087890625,304.4663391113281,204.93118286132807,121.65351104736328,161.80999755859375,65.69188690185547,21.13871383666992,27.950000762939453,42.4900016784668,75.66000366210938,41.310001373291016,1.3,2.12,223.25,1.44,0.07
2021-03-01,362.6732482910156,313.6253662109375,212.2156219482422,120.04678344726562,161.52999877929688,66.42937469482422,21.155954360961918,23.350000381469727,42.560001373291016,68.7300033569336,40.59999847412109,1.32,2.13,257.79,1.45,0.07
2021-03-02,359.8431396484375,308.5951843261719,208.1322021484375,120.05529022216795,162.41000366210938,66.33023834228516,21.078367233276367,24.100000381469727,40.959999084472656,57.70000076293945,40.06999969482422,1.29,2.15,122.0,1.42,0.07
2021-03-03,355.0768127441406,299.6397705078125,205.8793029785156,118.75318145751952,160.6199951171875,66.11669921875,21.13871383666992,26.670000076293945,39.83000183105469,65.83000183105469,41.13999938964844,1.33,2.14,103.44,1.47,0.07
2021-03-04,350.682861328125,294.735595703125,200.1249542236328,117.98724365234376,159.0399932861328,65.8650131225586,21.276647567749023,28.56999969482422,37.27000045776367,68.12999725341797,43.06999969482422,1.4,2.13,76.48,1.54,0.07
2021-03-05,357.1342163085937,299.1744079589844,204.36795043945312,118.21707916259766,159.13999938964844,66.06329345703125,21.35423851013184,24.65999984741211,36.61000061035156,69.37000274658203,44.43999862670898,1.42,2.13,231.03,1.56,0.07
2021-03-08,355.3561096191406,290.70367431640625,205.33482360839844,117.29791259765624,157.49000549316406,65.58283996582031,21.474931716918945,25.46999931335449,38.88999938964844,71.6500015258789,43.5,1.42,2.14,328.48,1.59,0.07
2021-03-09,360.4297180175781,302.1693420410156,209.6529235839844,118.92343139648438,160.83999633789062,65.67436218261719,21.35423851013184,24.030000686645508,37.970001220703125,67.44000244140625,43.11000061035156,1.38,2.16,167.78,1.55,0.07
2021-03-10,362.6732482910156,301.3067626953125,213.29515075683597,119.16171264648438,161.66000366210938,65.88027954101562,21.319753646850582,22.559999465942383,37.560001373291016,63.18999862670898,43.7400016784668,1.37,2.17,195.33,1.53,0.07
2021-03-11,366.3504028320313,308.2463073730469,217.98876953125,118.30215454101562,161.52000427246094,66.12432861328125,21.21630096435547,21.90999984741211,37.86000061035156,63.900001525878906,44.59999847412109,1.4,2.18,275.24,1.54,0.07
2021-03-12,366.84381103515625,305.7456970214844,219.2747802734375,115.79158782958984,161.49000549316406,65.94126892089844,21.28527069091797,20.690000534057617,37.5099983215332,70.83000183105469,44.34999847412109,1.5,2.19,106.71,1.64,0.07
2021-03-15,369.0315246582031,309.01202392578125,220.0539093017578,116.4724578857422,162.1999969482422,65.94892883300781,21.32837677001953,20.030000686645508,39.380001068115234,70.79000091552734,44.2599983215332,1.48,2.18,206.85,1.62,0.07
2021-03-16,368.5659790039063,310.7080383300781,216.37417602539065,116.0043716430664,162.35000610351562,65.7963638305664,21.32837677001953,19.790000915527344,39.09999847412109,70.80999755859375,43.83000183105469,1.47,2.19,87.46,1.62,0.07
2021-03-17,369.8228759765625,311.9874267578125,218.0732269287109,115.13631439208984,163.50999450683594,65.88788604736328,21.22492218017578,19.229999542236328,37.400001525878906,66.75,43.81999969482422,1.5,2.23,187.89,1.63,0.07
2021-03-18,364.4421081542969,302.4310302734375,211.4365234375,113.97039031982422,162.55999755859375,65.38452911376953,21.35423851013184,21.57999992370605,48.43999862670898,70.4800033569336,40.470001220703125,1.55,2.17,180.02,1.71,0.07
2021-03-19,363.76763916015625,303.49713134765625,213.0323028564453,114.67676544189452,163.24000549316406,65.63619232177734,21.36285972595215,20.950000762939453,44.380001068115234,68.80000305175781,41.77000045776367,1.58,2.1,211.66,1.74,0.07
2021-03-22,366.6723327636719,309.18878173828125,211.42709350585935,115.96179962158205,163.0,65.8726577758789,21.319753646850582,18.8799991607666,40.27999877929688,67.62000274658203,41.709999084472656,1.54,2.08,275.36,1.69,0.07
2021-03-23,363.7863464355469,307.8398742675781,203.75778198242188,117.00857543945312,161.80999755859375,65.94126892089844,21.44906997680664,20.299999237060547,48.619998931884766,60.77000045776367,39.369998931884766,1.48,2.11,193.53,1.63,0.07
2021-03-24,361.9370727539063,302.6480712890625,199.0453948974609,117.63835906982422,162.3699951171875,65.97941589355469,21.500795364379883,21.200000762939453,64.91000366210938,60.709999084472656,41.45000076293945,1.48,2.1,126.24,1.62,0.07
2021-03-25,363.9732055664063,302.1239318847656,203.76475524902344,116.71073150634766,161.77999877929688,66.09381866455078,21.56114387512207,19.809999465942383,49.880001068115234,59.540000915527344,39.88999938964844,1.49,2.11,142.05,1.63,0.07
2021-03-26,369.8385314941406,306.65594482421875,207.47970581054688,116.30225372314452,162.24000549316406,66.2920913696289,21.5352783203125,18.86000061035156,44.93000030517578,61.4900016784668,41.52999877929688,1.53,2.09,108.99,1.67,0.07
2021-03-29,369.65179443359375,306.5685729980469,201.63926696777344,115.3150405883789,160.30999755859375,66.33023834228516,21.58700561523437,20.739999771118164,44.15999984741211,65.95999908447266,41.91999816894531,1.59,2.08,177.66,1.73,0.07
2021-03-30,368.6711120605469,305.0256042480469,205.03439331054688,115.91926574707033,157.57000732421875,66.17008209228516,21.673213958740234,19.61000061035156,41.459999084472656,67.44000244140625,41.16999816894531,1.57,2.04,121.16,1.73,0.07
2021-03-31,370.16546630859375,309.693359375,207.79005432128903,115.27246856689452,159.9600067138672,66.49039459228516,21.65597343444824,19.399999618530277,45.650001525878906,71.2699966430664,40.52999877929688,1.58,2.03,136.03,1.74,0.06
2021-04-01,374.1629333496094,314.97265625,210.42340087890625,117.18566131591795,161.97999572753906,66.6312255859375,21.56114387512207,17.329999923706055,40.150001525878906,64.98999786376953,41.84000015258789,1.52,1.98,76.09,1.69,0.07
2021-04-05,379.5333557128906,321.26092529296875,211.5801544189453,116.67431640625,161.9199981689453,66.66181182861328,21.49217414855957,17.90999984741211,42.0,61.790000915527344,40.27999877929688,1.56,1.93,181.6,1.73,0.07
2021-04-06,379.3091735839844,321.03765869140625,210.95944213867188,117.4668960571289,163.22000122070312,66.776611328125,21.44045066833496,18.1200008392334,42.40999984741211,60.290000915527344,40.70000076293945,1.51,1.95,125.46,1.67,0.07
2021-04-07,379.7481384277344,321.81402587890625,207.55490112304688,116.64871215820312,162.75999450683594,66.75364685058594,21.466310501098636,17.15999984741211,41.27000045776367,62.540000915527344,40.86000061035156,1.52,1.96,205.44,1.68,0.07
2021-04-08,381.55072021484375,325.1716613769531,209.3136138916016,117.61177825927734,164.50999450683594,66.776611328125,21.371482849121094,16.950000762939453,40.70000076293945,60.08000183105469,40.81999969482422,1.5,1.98,115.07,1.64,0.07
2021-04-09,384.3246154785156,327.1417236328125,209.34181213378903,117.18566131591795,163.27000427246094,66.73072052001953,21.388721466064453,16.690000534057617,39.18999862670898,61.209999084472656,40.63999938964844,1.51,1.96,115.04,1.67,0.07
2021-04-12,384.4648132324219,326.7147827148437,208.52359008789065,117.134521484375,162.27999877929688,66.66181182861328,21.38010025024414,16.90999984741211,37.040000915527344,63.5,40.900001525878906,1.51,1.95,69.6,1.69,0.07
2021-04-13,385.6041870117188,330.5284729003906,207.9781036376953,118.01226043701172,163.42999267578125,66.70772552490234,21.302513122558597,16.649999618530273,35.20000076293945,61.20000076293945,41.400001525878906,1.48,1.97,112.82,1.64,0.07
2021-04-14,384.2872924804688,326.5595092773437,210.0283660888672,117.6373062133789,162.72000122070312,66.67711639404297,21.276647567749023,16.989999771118164,35.70000076293945,60.08000183105469,43.040000915527344,1.48,1.98,65.13,1.64,0.07
2021-04-15,388.4155578613281,331.5086364746094,210.9406280517578,119.60594177246094,165.35000610351562,66.9449691772461,21.276647567749023,16.56999969482422,34.20000076293945,59.04999923706055,43.27000045776367,1.4,1.95,111.93,1.56,0.07
2021-04-16,389.71380615234375,331.8968200683594,211.2792053222656,118.67703247070312,166.35000610351562,66.80722045898438,21.25078582763672,16.25,32.790000915527344,62.56999969482422,43.18000030517578,1.43,1.97,86.85,1.59,0.07
2021-04-19,387.7991027832031,328.8593139648437,208.5330352783203,118.33611297607422,165.88999938964844,66.70011138916016,21.130090713500977,17.290000915527344,35.06999969482422,63.959999084472656,43.31999969482422,1.45,1.99,92.0,1.61,0.07
2021-04-20,384.9597778320313,326.4623718261719,204.2632293701172,118.88152313232422,166.47999572753906,66.5853042602539,21.164573669433597,18.68000030517578,35.68000030517578,64.3499984741211,42.7400016784668,1.43,2.0,89.99,1.58,0.07
2021-04-21,388.602294921875,329.2572937011719,209.25718688964844,119.12015533447266,168.1300048828125,66.80722045898438,21.13871383666992,17.5,42.43999862670898,62.27000045776367,41.77000045776367,1.42,2.01,100.71,1.57,0.07
2021-04-22,385.05316162109375,325.2881774902344,208.39193725585935,119.63995361328124,167.0399932861328,66.68476867675781,21.199058532714844,18.709999084472656,39.38999938964844,59.619998931884766,42.09000015258789,1.41,1.99,70.82,1.57,0.07
2021-04-23,389.2280578613281,329.38336181640625,212.3231506347656,119.35877227783205,166.39999389648438,66.86078643798828,21.078367233276367,17.329999923706055,38.70000076293945,59.97999954223633,42.459999084472656,1.42,1.99,102.84,1.58,0.07
2021-04-26,390.0405883789063,331.5281677246094,214.5332946777344,119.1883544921875,166.83999633789062,66.8301773071289,21.078367233276367,17.639999389648438,41.22999954223633,60.97999954223633,42.33000183105469,1.4,1.98,84.99,1.58,0.07
2021-04-27,389.9565124511719,330.09185791015625,214.85305786132807,118.14862060546876,166.4199981689453,66.73835754394531,21.086986541748047,17.559999465942383,38.43999862670898,60.150001525878906,43.11000061035156,1.46,1.97,165.42,1.63,0.07
2021-04-28,389.844482421875,328.9757385253906,215.2198181152344,118.2252960205078,166.91000366210938,66.86844635009766,21.009397506713867,17.280000686645508,36.41999816894531,60.310001373291016,43.52999877929688,1.46,1.98,102.3,1.63,0.07
2021-04-29,392.3289184570313,330.15972900390625,214.42044067382807,117.87596130371094,166.22000122070312,66.9449691772461,21.01801872253418,17.610000610351562,36.369998931884766,59.02000045776367,44.2599983215332,1.49,1.97,153.32,1.65,0.06
2021-04-30,389.7511291503906,327.99560546875,211.50494384765625,118.14862060546876,165.66000366210938,66.91435241699219,21.190439224243164,18.61000061035156,38.38999938964844,58.130001068115234,43.27000045776367,1.49,1.96,125.83,1.65,0.05
2021-05-03,390.5917053222656,326.2489013671875,212.5394592285156,118.21949005126952,167.80999755859375,66.94046783447266,21.095605850219727,18.309999465942383,40.150001525878906,57.33000183105469,43.97999954223633,1.47,1.96,297.27,1.63,0.06
2021-05-04,388.1820373535156,320.3778686523437,210.0001373291016,119.02173614501952,166.5800018310547,66.9020767211914,21.190439224243164,19.479999542236328,37.150001525878906,58.5099983215332,44.869998931884766,1.45,1.97,119.21,1.61,0.06
2021-05-05,388.3034057617188,319.30059814453125,209.16311645507807,119.2180404663086,167.27000427246094,67.03258514404297,21.18181800842285,19.149999618530277,38.33000183105469,56.93000030517578,44.65999984741211,1.43,1.98,176.89,1.59,0.06
2021-05-06,391.404296875,321.7073059082031,209.34181213378903,119.4143295288086,170.05999755859375,67.00956726074219,21.078367233276367,18.38999938964844,37.7400016784668,57.75,44.40999984741211,1.42,1.96,142.39,1.58,0.06
2021-05-07,394.25286865234375,324.3178100585937,211.97515869140625,118.82540130615234,171.58999633789062,67.05562591552734,20.923189163208008,16.690000534057617,37.630001068115234,54.130001068115234,44.43000030517578,1.46,1.97,170.41,1.6,0.06
2021-05-10,390.3488464355469,316.1272888183594,206.58621215820312,117.62210083007812,172.11000061035156,66.9020767211914,20.923189163208008,19.65999984741211,37.9900016784668,55.47999954223633,44.47999954223633,1.47,1.98,168.8,1.63,0.06
2021-05-11,386.8650817871094,315.6906433105469,205.9279022216797,116.95639038085938,172.13999938964844,66.83296203613281,20.905946731567383,21.84000015258789,37.93000030517578,58.0099983215332,44.869998931884766,1.48,2.01,175.89,1.64,0.06
2021-05-12,378.6460571289063,307.5196533203125,199.2410888671875,115.72744750976562,170.42999267578125,66.51049041748047,21.06112289428711,27.59000015258789,36.93999862670898,58.470001220703125,45.220001220703125,1.53,2.02,78.7,1.69,0.06
2021-05-13,383.1944885253906,309.8971862792969,202.908935546875,115.90666198730467,171.1300048828125,66.74849700927734,21.02663993835449,23.1299991607666,37.93999862670898,56.59000015258789,43.810001373291016,1.5,2.04,94.65,1.66,0.06
2021-05-14,389.0786437988281,316.7387084960937,207.8652801513672,116.9905014038086,172.69000244140625,66.9635009765625,20.9404296875,18.809999465942383,36.459999084472656,54.9900016784668,44.709999084472656,1.47,2.03,100.11,1.63,0.06
2021-05-17,388.0885925292969,314.8172302246094,208.1474456787109,116.74298095703124,174.6999969482422,66.84062957763672,20.91456794738769,19.71999931335449,36.41999816894531,58.59000015258789,45.38999938964844,1.48,2.02,128.94,1.64,0.06
2021-05-18,384.7449340820313,312.6919860839844,206.5673828125,116.44432830810548,175.0399932861328,66.67935943603516,20.819734573364254,21.34000015258789,37.0099983215332,57.18000030517578,44.84000015258789,1.48,2.03,96.41,1.64,0.06
2021-05-19,383.7362365722656,313.05108642578125,204.9779815673828,116.16267395019533,175.16000366210938,66.50281524658203,20.91456794738769,22.18000030517578,38.81999969482422,57.310001373291016,43.43000030517578,1.52,2.02,147.69,1.68,0.06
2021-05-20,387.8644104003906,319.1065673828125,206.34169006347656,117.11859893798828,175.9600067138672,66.78692626953125,20.811113357543945,20.670000076293945,39.43000030517578,55.040000915527344,42.47999954223633,1.48,2.02,189.22,1.63,0.06
2021-05-21,387.5468444824219,317.34033203125,206.8777618408203,117.49407196044922,176.0399932861328,66.88670349121094,20.880083084106445,20.149999618530277,39.34000015258789,54.59000015258789,43.70000076293945,1.46,2.01,108.94,1.63,0.06
2021-05-24,391.4975891113281,322.6776733398437,208.22267150878903,117.92928314208984,176.35000610351562,66.9635009765625,20.82835578918457,18.399999618530277,35.540000915527344,54.93999862670898,45.02000045776367,1.46,2.0,183.43,1.61,0.06
2021-05-25,390.629150390625,323.1241149902344,206.2100067138672,119.02173614501952,177.9499969482422,66.97117614746094,20.802492141723636,18.84000015258789,36.22999954223633,53.720001220703125,44.91999816894531,1.41,2.01,145.6,1.56,0.06
2021-05-26,391.404296875,324.2497863769531,210.0565948486328,118.8169174194336,177.63999938964844,66.9942398071289,20.880083084106445,17.360000610351562,33.88999938964844,52.81999969482422,45.20000076293945,1.44,1.98,71.66,1.58,0.06
2021-05-27,391.6097106933594,323.03680419921875,212.2197265625,118.33895111083984,177.7100067138672,66.9635009765625,20.862838745117188,16.739999771118164,33.630001068115234,53.470001220703125,45.54999923706055,1.47,1.98,70.25,1.61,0.06
2021-05-28,392.3102111816406,324.0557861328125,212.07861328125,118.15118408203124,178.3800048828125,66.94046783447266,20.880083084106445,16.760000228881836,33.540000915527344,52.040000915527344,45.41999816894531,1.44,1.99,171.86,1.58,0.05
2021-06-01,391.9646301269531,322.978515625,214.4862518310547,118.1247329711914,177.89999389648438,67.14154052734375,20.845598220825195,17.899999618530273,33.43000030517578,54.9900016784668,46.33000183105469,1.46,1.97,176.43,1.62,0.06
2021-06-02,392.5810852050781,323.6093139648437,214.74020385742188,118.39823150634766,178.77000427246094,67.22628021240234,20.845598220825195,17.479999542236328,32.77000045776367,55.209999084472656,46.900001525878906,1.46,1.98,83.31,1.59,0.06
2021-06-03,391.12408447265625,320.241943359375,212.94386291503903,117.95378875732422,175.27000427246094,67.08761596679688,20.974912643432617,18.040000915527344,33.88999938964844,53.959999084472656,46.970001220703125,1.47,1.96,109.44,1.63,0.06
2021-06-04,394.701171875,325.6763610839844,213.865478515625,119.56916809082033,177.16000366210938,67.2340087890625,20.89732551574707,16.420000076293945,31.76000022888184,49.77999877929688,47.2599983215332,1.42,1.98,68.0,1.56,0.06
2021-06-07,394.3182067871094,326.6468200683594,216.73403930664065,119.2016143798828,177.8699951171875,67.257080078125,20.862838745117188,16.420000076293945,31.700000762939453,49.54999923706055,47.27000045776367,1.41,1.98,111.43,1.57,0.06
2021-06-08,394.40228271484375,326.80206298828125,219.02877807617188,120.03916931152344,177.32000732421875,67.30332946777344,20.88870429992676,17.06999969482422,31.950000762939453,49.93000030517578,47.880001068115234,1.39,1.98,109.81,1.53,0.06
2021-06-09,393.8138732910156,326.87969970703125,217.571044921875,121.0989761352539,176.97999572753906,67.35726928710938,20.905946731567383,17.889999389648438,31.790000915527344,52.84000015258789,47.58000183105469,1.34,1.96,131.85,1.5,0.06
2021-06-10,395.6445007324219,330.2859191894531,215.9575653076172,121.82546997070312,177.74000549316406,67.48053741455078,20.88870429992676,16.100000381469727,33.029998779296875,48.2599983215332,47.83000183105469,1.31,2.0,122.88,1.45,0.06
2021-06-11,396.2982482910156,331.14959716796875,218.23696899414065,121.62889862060548,175.74000549316406,67.50364685058594,20.992156982421875,15.649999618530272,32.54999923706055,50.84999847412109,48.06999969482422,1.31,1.97,97.74,1.47,0.06
2021-06-14,397.1856384277344,334.3229064941406,217.59646606445312,120.69731903076172,174.7100067138672,67.4419937133789,20.974912643432617,16.389999389648438,33.130001068115234,54.02999877929688,48.31999969482422,1.35,1.96,117.23,1.51,0.06
2021-06-15,396.4570617675781,332.139404296875,216.97479248046875,120.55203247070312,174.0500030517578,67.43431091308594,20.992156982421875,17.020000457763672,31.559999465942383,52.91999816894531,48.97999954223633,1.35,1.96,109.37,1.51,0.06
2021-06-16,394.2435302734375,330.9263916015625,216.5132598876953,120.4494171142578,171.11000061035156,67.34185028076172,21.164573669433597,18.149999618530277,33.83000183105469,54.27999877929688,48.75,1.36,1.91,104.83,1.57,0.06
2021-06-17,394.1128234863281,335.1283569335937,214.08319091796875,122.2528076171875,165.85000610351562,67.38811492919922,21.32837677001953,17.75,36.84000015258789,54.90999984741211,48.040000915527344,1.29,1.84,94.44,1.52,0.1
2021-06-18,388.7960815429688,332.4984741210937,209.2230224609375,124.5518569946289,164.92999267578125,67.35726928710938,21.39734268188477,20.700000762939453,33.95000076293945,60.45000076293945,48.36000061035156,1.19,1.85,142.32,1.45,0.1
2021-06-21,394.3620300292969,334.5649719238281,213.697021484375,122.46648406982422,166.9499969482422,67.48823547363281,21.29389190673828,17.889999389648438,35.0099983215332,61.86000061035156,49.36000061035156,1.23,1.88,174.11,1.5,0.1
2021-06-22,396.4703674316406,337.6836853027344,214.66714477539065,122.76561737060548,166.25,67.53445434570312,21.25940704345703,16.65999984741211,34.279998779296875,58.63999938964844,49.41999816894531,1.23,1.9,100.0,1.48,0.1
2021-06-23,395.9924621582031,337.84881591796875,215.3736114501953,122.44937896728516,166.13999938964844,67.46511840820312,21.29389190673828,16.31999969482422,34.68000030517578,55.59999847412109,49.720001220703125,1.24,1.89,60.28,1.5,0.1
2021-06-24,398.3351135253906,339.9375915527344,218.4158935546875,122.6459503173828,166.0399932861328,67.67314147949219,21.276647567749023,15.970000267028809,32.04999923706055,54.83000183105469,49.84000015258789,1.23,1.88,113.04,1.49,0.1
2021-06-25,399.7500305175781,339.5198669433594,218.78326416015625,121.37250518798828,166.58999633789062,67.74248504638672,21.28527069091797,15.619999885559082,31.299999237060547,55.58000183105469,50.25,1.26,1.9,92.88,1.54,0.1
2021-06-28,400.5558776855469,343.6490173339844,217.0501708984375,122.62030792236328,166.5800018310547,67.7347412109375,21.29389190673828,15.760000228881836,31.86000061035156,56.33000183105469,49.540000915527344,1.24,1.88,168.47,1.49,0.1
2021-06-29,400.77142333984375,344.89263916015625,216.0140838623047,122.82540130615234,164.8300018310547,67.81950378417969,21.345617294311523,16.020000457763672,31.989999771118164,56.79999923706055,49.88999938964844,1.22,1.87,74.51,1.49,0.1
2021-06-30,401.1087646484375,344.3484802246094,216.0423583984375,123.37242126464844,165.6300048828125,67.82721710205078,21.40596389770508,15.829999923706056,32.7400016784668,57.27000045776367,49.880001068115234,1.2,1.87,133.65,1.45,0.08
2021-07-01,403.32952880859375,344.4845886230469,217.94500732421875,123.37925720214844,166.1999969482422,67.96013641357422,21.466310501098636,15.479999542236328,32.470001220703125,57.52000045776367,50.619998931884766,1.23,1.86,82.66,1.48,0.1
2021-07-02,406.4123840332031,348.4388122558594,215.872802734375,124.12378692626952,167.2899932861328,68.0683822631836,21.38010025024414,15.06999969482422,32.869998931884766,52.40999984741211,50.93000030517578,1.2,1.87,133.09,1.44,0.1
2021-07-06,405.672119140625,349.9447631835937,212.7363128662109,125.57868194580078,168.1199951171875,68.02971649169922,21.457687377929688,16.440000534057617,37.59000015258789,56.54999923706055,49.900001525878906,1.15,1.9,199.58,1.37,0.1
2021-07-07,407.1057434082031,350.68310546875,210.75831604003903,126.69115447998048,168.75999450683594,68.05292510986328,21.49217414855957,16.200000762939453,42.0099983215332,60.650001525878906,48.65999984741211,1.11,1.89,57.23,1.33,0.1
2021-07-08,403.7886657714844,348.5650939941406,208.8179931640625,127.18753051757812,168.64999389648438,67.90607452392578,21.40596389770508,19.0,38.79999923706055,61.68000030517578,49.52000045776367,1.11,1.91,67.69,1.3,0.1
2021-07-09,408.0989685058594,350.74139404296875,213.22610473632807,125.39895629882812,169.2100067138672,68.0219955444336,21.35423851013184,16.18000030517578,37.02000045776367,59.91999816894531,50.40999984741211,1.14,1.91,84.3,1.37,0.1
2021-07-12,409.560791015625,352.111328125,213.40501403808597,125.23631286621094,169.0,67.998779296875,21.38010025024414,16.170000076293945,38.72999954223633,60.77999877929688,50.310001373291016,1.15,1.91,144.11,1.38,0.1
2021-07-13,408.1646728515625,352.111328125,209.3831329345703,124.27781677246094,169.22000122070312,67.79783630371094,21.509416580200195,17.1200008392334,35.400001525878906,60.79999923706055,51.150001525878906,1.16,1.91,192.35,1.42,0.1
2021-07-14,408.7737121582031,352.7427673339844,206.15249633789065,125.68992614746094,171.0399932861328,67.90607452392578,21.40596389770508,16.329999923706055,38.20000076293945,57.310001373291016,49.70000076293945,1.14,1.91,98.68,1.37,0.1
2021-07-15,407.3774719238281,350.26531982421875,204.9844970703125,127.0762939453125,171.07000732421875,67.8597183227539,21.466310501098636,17.010000228881836,38.040000915527344,56.97999954223633,49.040000915527344,1.08,1.92,153.82,1.31,0.1
2021-07-16,404.1822204589844,347.4283752441406,202.460205078125,126.83663177490234,169.41000366210938,67.76692962646484,21.49217414855957,18.450000762939453,37.150001525878906,58.2400016784668,49.13999938964844,1.06,1.93,140.71,1.31,0.1
2021-07-19,398.21331787109375,344.58172607421875,199.4273223876953,129.6179962158203,169.61000061035156,67.31086730957031,21.526657104492188,22.5,46.36000061035156,67.58000183105469,45.84000015258789,0.98,1.97,103.99,1.19,0.1
2021-07-20,403.9197692871094,348.58453369140625,205.61557006835935,128.36849975585938,169.38999938964844,67.6509780883789,21.552520751953125,19.729999542236328,52.2599983215332,69.30999755859375,46.5099983215332,1.03,1.98,130.37,1.23,0.1
2021-07-21,407.1901245117188,351.2757263183594,209.15708923339844,126.74249267578124,168.75999450683594,67.81330871582031,21.500795364379883,17.90999984741211,42.90999984741211,65.27999877929688,48.27000045776367,1.08,1.96,185.19,1.3,0.1
2021-07-22,408.0428466796875,353.5977783203125,205.8321685791016,127.94058227539062,169.08999633789062,67.85195922851562,21.526657104492188,17.690000534057617,36.43999862670898,64.95999908447266,49.16999816894531,1.07,1.95,91.1,1.27,0.1
2021-07-23,412.2408142089844,357.7268371582031,206.7929229736328,127.0848388671875,168.55999755859375,67.98336029052734,21.5352783203125,17.200000762939453,34.04999923706055,65.27999877929688,49.470001220703125,1.08,1.93,138.66,1.3,0.1
2021-07-26,413.2527160644531,358.00860595703125,207.39572143554688,126.70829010009766,168.16000366210938,67.88284301757812,21.466310501098636,17.579999923706055,35.59000015258789,69.02999877929688,49.66999816894531,1.07,1.94,125.45,1.29,0.1
2021-07-27,411.369384765625,354.06414794921875,204.97509765625,128.06044006347656,168.44000244140625,67.79010009765625,21.431827545166016,19.36000061035156,35.13999938964844,70.06999969482422,49.470001220703125,1.05,1.95,132.55,1.25,0.1
2021-07-28,411.2006530761719,355.4242248535156,207.9891815185547,128.0690460205078,169.2899932861328,67.84422302246094,21.371482849121094,18.309999465942383,34.619998931884766,62.400001525878906,49.720001220703125,1.06,1.96,152.66,1.26,0.1
2021-07-29,412.9060668945313,356.0558166503906,209.5903778076172,127.35873413085938,171.1699981689453,67.99108123779297,21.29389190673828,17.700000762939453,33.36000061035156,62.08000183105469,50.63999938964844,1.08,1.94,144.4,1.28,0.1
2021-07-30,410.9008483886719,354.2001647949219,208.20579528808597,127.9577178955078,169.82000732421875,67.89835357666016,21.35423851013184,18.239999771118164,32.849998474121094,61.18999862670898,50.65999984741211,1.05,1.95,133.44,1.24,0.07
2021-08-02,410.0386962890625,354.229248046875,207.1697235107422,129.09902954101562,169.61000061035156,67.73004150390625,21.32837677001953,19.459999084472656,36.22999954223633,64.29000091552734,49.18000030517578,1.03,1.95,124.58,1.2,0.1
2021-08-03,413.3745422363281,356.3763122558594,208.02679443359372,129.16761779785156,169.49000549316406,67.8075942993164,21.33699607849121,18.040000915527344,37.54999923706055,65.41999816894531,48.84999847412109,1.02,1.97,77.81,1.19,0.1
2021-08-04,411.3412780761719,356.89129638671875,205.4366149902344,129.4331817626953,169.52999877929688,67.68352508544922,21.371482849121094,17.969999313354492,42.27000045776367,62.66999816894531,47.20000076293945,1.02,1.96,67.39,1.19,0.1
2021-08-05,413.9461669921875,359.1550598144531,209.1288299560547,128.77345275878906,168.86000061035156,67.8386001586914,21.371482849121094,17.280000686645508,39.09000015258789,63.56999969482422,48.09999847412109,1.02,1.95,179.01,1.23,0.1
2021-08-06,414.6302185058594,357.5811462402344,210.4098052978516,126.62276458740234,164.63999938964844,67.76107025146484,21.49217414855957,16.149999618530273,39.310001373291016,62.63999938964844,47.56999969482422,1.1,1.94,107.12,1.31,0.1
2021-08-09,414.2928466796875,358.2417297363281,209.2512664794922,126.1686782836914,161.72000122070312,67.60599517822266,21.5352783203125,16.719999313354492,43.27999877929688,65.72000122070312,46.59999847412109,1.1,1.95,134.96,1.33,0.1
2021-08-10,414.8082885742188,356.40557861328125,209.6657257080078,125.5860366821289,161.77000427246094,67.45087432861328,21.552520751953125,16.790000915527344,39.27999877929688,66.55000305175781,47.68000030517578,1.12,1.95,399.87,1.36,0.1
2021-08-11,415.8390197753906,355.7934265136719,210.6923828125,125.50892639160156,164.0,67.55944061279297,21.509416580200195,16.170000076293945,38.290000915527344,60.65999984741211,48.29999923706055,1.12,1.99,96.07,1.35,0.1
2021-08-12,417.0852661132813,357.0759582519531,210.1931610107422,125.30325317382812,164.0399932861328,67.67577362060547,21.5352783203125,15.59000015258789,36.5,57.38999938964844,48.09999847412109,1.13,1.99,90.39,1.36,0.1
2021-08-13,417.8442687988281,358.32916259765625,208.2811279296875,127.28260803222656,166.38999938964844,67.8230972290039,21.431827545166016,15.449999809265137,35.90999984741211,55.45000076293945,47.43000030517578,1.06,1.98,101.4,1.29,0.1
2021-08-16,418.828125,358.48468017578125,206.3408203125,127.59098815917967,167.22000122070312,67.84639739990234,21.44906997680664,16.1200008392334,38.84000015258789,59.400001525878906,47.040000915527344,1.05,1.97,131.18,1.26,0.1
2021-08-17,416.0825805664063,355.3271179199219,203.8259735107422,127.53962707519533,166.97000122070312,67.69129180908203,21.57838249206543,17.90999984741211,39.5,60.27999877929688,46.58000183105469,1.03,1.98,113.72,1.26,0.1
2021-08-18,411.5285949707031,351.9072265625,202.04579162597656,127.9679946899414,167.10000610351562,67.53620147705078,21.57838249206543,21.56999969482422,40.86000061035156,58.04999923706055,45.400001525878906,1.04,1.97,113.23,1.27,0.09
2021-08-19,412.165771484375,353.6074523925781,199.62510681152344,128.9105224609375,166.61000061035156,67.5284194946289,21.68183708190918,21.670000076293945,40.97999954223633,59.380001068115234,44.77000045776367,1.02,1.98,78.58,1.24,0.09
2021-08-20,415.4454650878906,357.27020263671875,202.99713134765625,128.9962615966797,166.6999969482422,67.69129180908203,21.65597343444824,18.559999465942383,40.66999816894531,59.95000076293945,43.43000030517578,1.03,1.96,85.35,1.26,0.09
2021-08-23,419.099853515625,362.6138610839844,206.8588714599609,128.9105224609375,168.72999572753906,67.9006576538086,21.526657104492188,17.149999618530273,38.66999816894531,62.22999954223633,45.84999847412109,1.02,1.97,177.96,1.25,0.09
2021-08-24,419.76513671875,363.7213134765625,208.8933868408203,127.90802764892578,168.64999389648438,67.99372863769531,21.509416580200195,17.219999313354492,36.790000915527344,63.02999877929688,47.369998931884766,1.05,1.95,86.77,1.29,0.09
2021-08-25,420.6460266113281,364.1391296386719,209.62803649902344,126.84555053710938,167.47999572753906,68.06350708007812,21.49217414855957,16.790000915527344,35.599998474121094,64.51000213623047,47.810001373291016,1.12,1.93,74.18,1.35,0.09
2021-08-26,418.1629028320313,361.8267822265625,207.40513610839844,127.19691467285156,167.6699981689453,68.02466583251953,21.552520751953125,18.84000015258789,36.33000183105469,63.40999984741211,47.47999954223633,1.09,1.92,54.9,1.34,0.09
2021-08-27,421.9016418457031,365.3438720703125,213.2543487548828,128.0623016357422,170.19000244140625,68.21083068847656,21.457687377929688,16.389999389648438,34.93000030517578,57.97999954223633,48.150001525878906,1.09,1.92,69.52,1.31,0.08
2021-08-30,423.7569885253906,369.4438781738281,212.3783721923828,128.39646911621094,169.35000610351562,68.29615783691406,21.457687377929688,16.190000534057617,35.27000045776367,60.13999938964844,48.400001525878906,1.09,1.92,77.75,1.29,0.08
2021-08-31,423.1290588378906,369.14263916015625,212.7927703857422,127.5224838256836,169.69000244140625,68.31163024902344,21.457687377929688,16.479999542236328,34.279998779296875,59.540000915527344,48.040000915527344,1.1,1.94,166.77,1.3,0.06
2021-09-01,423.35400390625,369.754638671875,214.22450256347656,127.73607635498048,169.6999969482422,68.37000274658203,21.41458511352539,16.110000610351562,36.130001068115234,58.09000015258789,47.93000030517578,1.11,1.92,88.74,1.31,0.08
2021-09-02,424.6565246582031,369.5798950195313,215.712646484375,128.29373168945312,169.25,68.45558166503906,21.36285972595215,16.40999984741211,31.350000381469727,55.79999923706055,48.95000076293945,1.09,1.92,72.75,1.29,0.08
2021-09-03,424.553466796875,370.7166442871094,214.7142791748047,127.12696838378906,171.05999755859375,68.46334075927734,21.319753646850582,16.40999984741211,36.90999984741211,53.2599983215332,48.65999984741211,1.12,1.91,88.32,1.33,0.08
2021-09-07,423.0354919433594,371.24114990234375,213.23550415039065,126.05451202392578,167.7100067138672,68.28443145751953,21.423206329345703,18.13999938964844,32.90999984741211,57.04999923706055,48.040000915527344,1.16,1.91,165.86,1.38,0.08
2021-09-08,422.5201110839844,369.9490356445313,210.90902709960935,126.9124755859375,167.2899932861328,68.36223602294922,21.457687377929688,17.959999084472656,31.90999984741211,57.02000045776367,48.59000015258789,1.13,1.91,118.66,1.35,0.08
2021-09-09,420.7116394042969,368.67626953125,210.8054351806641,128.44818115234375,168.02999877929688,68.42445373535156,21.40596389770508,18.799999237060547,33.869998931884766,52.61000061035156,47.75,1.07,1.9,56.89,1.3,0.08
2021-09-10,417.3944396972656,365.8782348632813,208.74264526367188,127.31570434570312,167.17999267578125,68.32334899902344,21.44045066833496,20.950000762939453,33.540000915527344,51.72999954223633,48.79999923706055,1.12,1.88,72.22,1.35,0.08
2021-09-13,418.4626770019531,365.6256408691406,209.92947387695312,128.08778381347656,167.74000549316406,68.49446105957031,21.44045066833496,19.3700008392334,32.7400016784668,53.09999847412109,49.47999954223633,1.12,1.87,209.02,1.33,0.08
2021-09-14,416.2044067382813,364.5860290527344,207.2544403076172,129.64060974121094,168.82000732421875,68.46334075927734,21.44045066833496,19.459999084472656,33.630001068115234,51.72999954223633,49.310001373291016,1.07,1.87,135.76,1.28,0.08
2021-09-15,419.680908203125,367.2967224121094,209.1288299560547,129.18594360351562,167.8300018310547,68.56451416015625,21.39734268188477,18.18000030517578,32.380001068115234,53.93000030517578,50.68999862670898,1.1,1.85,106.93,1.31,0.08
2021-09-16,419.0155334472656,367.54931640625,209.2795867919922,128.5940704345703,164.02999877929688,68.54114532470703,21.49217414855957,18.690000534057617,33.15999984741211,53.70000076293945,50.70000076293945,1.11,1.84,44.76,1.34,0.08
2021-09-17,414.9338989257813,363.1966857910156,209.5526885986328,127.97633361816406,163.77000427246094,68.45558166503906,21.56976318359375,20.809999465942383,32.31999969482422,56.060001373291016,50.31999969482422,1.14,1.83,83.45,1.37,0.08
2021-09-20,408.0152282714844,355.6918640136719,204.570068359375,129.56346130371094,164.94000244140625,68.21442413330078,21.57838249206543,25.709999084472656,35.22999954223633,59.58000183105469,49.59999847412109,1.08,1.84,159.31,1.31,0.08
2021-09-21,407.6297912597656,356.1295471191406,204.88087463378903,129.45191955566406,166.0399932861328,68.33113098144531,21.56114387512207,24.36000061035156,34.45000076293945,59.20000076293945,49.58000183105469,1.11,1.83,196.08,1.33,0.08
2021-09-22,411.6061706542969,359.4559936523437,208.06448364257807,130.22412109375,165.4199981689453,68.45558166503906,21.621488571166992,20.8700008392334,32.43000030517578,55.91999816894531,50.47999954223633,1.07,1.83,98.64,1.32,0.08
2021-09-23,416.6071472167969,362.7726440429688,211.74728393554688,127.28136444091795,163.50999450683594,68.48667907714844,21.5352783203125,18.6299991607666,32.29999923706055,56.790000915527344,51.380001068115234,1.14,1.81,79.1,1.41,0.08
2021-09-24,417.2933654785156,363.1130676269531,210.72604370117188,126.03738403320312,163.3000030517578,68.38554382324219,21.59562492370605,17.75,34.0099983215332,58.459999084472656,51.81999969482422,1.18,1.8,86.86,1.47,0.08
2021-09-27,416.0994873046875,360.214599609375,213.9287567138672,125.57415008544922,163.63999938964844,68.32334899902344,21.621488571166992,18.76000022888184,34.97999954223633,60.5,52.90999984741211,1.17,1.78,243.51,1.48,0.08
2021-09-28,407.7144470214844,350.0214233398437,209.06329345703125,123.61805725097656,162.0500030517578,68.01216125488281,21.699079513549805,23.25,36.09999847412109,62.709999084472656,52.400001525878906,1.23,1.8,126.3,1.54,0.08
2021-09-29,408.400634765625,349.4476013183594,208.61924743652344,123.83252716064452,161.32000732421875,68.13662719726562,21.854257583618164,22.559999465942383,35.2599983215332,61.209999084472656,52.31999969482422,1.25,1.81,104.63,1.55,0.08
2021-09-30,403.4089660644531,348.16375732421875,206.6636199951172,123.81541442871094,164.22000122070312,68.0588607788086,21.819772720336918,23.13999938964844,38.68000030517578,61.06999969482422,52.560001373291016,1.24,1.85,142.53,1.52,0.06
2021-10-01,408.2032470703125,350.32293701171875,209.99859619140625,124.85733795166016,164.58999633789062,68.22196960449219,21.776668548583984,21.100000381469727,37.470001220703125,57.380001068115234,53.2599983215332,1.21,1.85,88.83,1.48,0.08
2021-10-04,402.93896484375,342.9698486328125,208.09019470214844,124.53960418701172,165.36000061035156,67.98004150390625,21.70770072937012,22.959999084472656,37.27000045776367,60.61000061035156,54.4900016784668,1.22,1.85,148.03,1.49,0.08
2021-10-05,407.1315307617188,347.5996398925781,208.80821228027344,123.33692169189452,164.58999633789062,67.94879913330078,21.750804901123047,21.299999237060547,37.20000076293945,62.83000183105469,55.630001068115234,1.26,1.84,97.14,1.54,0.08
2021-10-06,408.8236083984375,349.8269348144531,207.7217712402344,124.03271484375,165.02999877929688,67.90974426269531,21.8111515045166,21.0,41.02000045776367,60.650001525878906,54.15999984741211,1.23,1.84,145.53,1.53,0.08
2021-10-07,412.3582458496094,353.0365905761719,210.9244079589844,122.7356185913086,164.16000366210938,67.91756439208984,21.80253219604492,19.540000915527344,46.150001525878906,60.90999984741211,55.36000061035156,1.26,1.85,100.93,1.58,0.08
2021-10-08,411.6061706542969,351.2760925292969,209.3372802734375,121.87661743164062,164.22999572753906,67.71465301513672,21.785289764404297,18.770000457763672,38.0,59.650001525878906,55.470001220703125,1.29,1.84,96.69,1.61,0.08
2021-10-11,408.6262817382813,348.5819396972656,208.13743591308597,121.56735229492188,163.9199981689453,67.5039291381836,21.84563636779785,20.0,38.5099983215332,59.650001525878906,56.18000030517578,1.24,1.82,85.57,1.59,0.08
2021-10-12,407.6203918457031,347.3661804199219,209.28057861328125,123.64613342285156,164.66000366210938,67.62879943847656,21.87149810791016,19.850000381469727,37.09999847412109,62.95000076293945,56.11000061035156,1.24,1.82,90.52,1.59,0.08
2021-10-13,409.08685302734375,350.1479187011719,210.27256774902344,124.84874725341795,167.58999633789062,67.80828094482422,21.750804901123047,18.63999938964844,36.04999923706055,60.84000015258789,56.15999984741211,1.19,1.79,111.12,1.56,0.08
2021-10-14,415.9678649902344,356.5964050292969,213.3902130126953,125.31266021728516,168.0,68.19072723388672,21.750804901123047,16.860000610351562,36.97999954223633,59.34999847412109,56.810001373291016,1.16,1.81,94.34,1.52,0.08
2021-10-15,419.1359252929688,358.8432006835937,212.71946716308597,124.58248901367188,165.3300018310547,68.07367706298828,21.724943161010746,16.299999237060547,34.04999923706055,62.70000076293945,57.150001525878906,1.18,1.76,65.19,1.59,0.08
2021-10-18,420.3766784667969,362.4516906738281,212.5966644287109,125.1666488647461,164.9199981689453,68.04242706298828,21.733562469482425,16.309999465942383,35.02000045776367,70.7699966430664,56.959999084472656,1.15,1.72,159.77,1.59,0.08
2021-10-19,423.619873046875,365.1944580078125,213.3902130126953,123.4400405883789,165.4499969482422,68.08926391601562,21.68183708190918,15.699999809265137,35.13999938964844,68.25,57.41999816894531,1.24,1.72,73.95,1.65,0.08
2021-10-20,425.2836608886719,364.7179260253906,214.80735778808597,122.6067352294922,166.89999389648438,68.11270141601562,21.647350311279297,15.489999771118164,35.15999984741211,65.47000122070312,58.119998931884766,1.25,1.75,59.85,1.65,0.08
2021-10-21,426.3929748535156,366.9451904296875,215.35528564453125,122.46068572998048,166.75,67.94097137451172,21.699079513549805,15.010000228881836,36.54999923706055,69.41999816894531,57.40999984741211,1.23,1.74,69.73,1.68,0.08
2021-10-22,425.9512023925781,363.8620910644531,214.84510803222656,123.80937957763672,167.77000427246094,67.77710723876953,21.65597343444824,15.43000030517578,36.869998931884766,72.04000091552734,58.02999877929688,1.18,1.72,101.73,1.66,0.08
2021-10-25,428.2354431152344,367.5872497558594,216.8857879638672,123.62039184570312,168.92999267578125,67.89415740966797,21.69045829772949,15.239999771118164,36.06999969482422,68.95999908447266,57.83000183105469,1.17,1.73,102.62,1.64,0.08
2021-10-26,428.6208801269531,368.7445983886719,215.2513732910156,124.64259338378906,167.67999267578125,67.90974426269531,21.733562469482425,15.979999542236328,35.5,66.69999694824219,58.45000076293945,1.16,1.71,99.45,1.63,0.08
2021-10-27,426.7220153808594,369.6005554199219,211.29286193847656,126.910400390625,168.1199951171875,67.8551254272461,21.724943161010746,16.979999542236328,37.630001068115234,70.05999755859375,56.900001525878906,1.04,1.69,63.73,1.54,0.08
2021-10-28,430.8393859863281,373.70501708984375,215.5064849853516,126.48094177246094,168.0800018310547,68.02684783935547,21.59562492370605,16.530000686645508,37.22999954223633,71.95999908447266,57.400001525878906,1.07,1.69,90.49,1.57,0.08
2021-10-29,431.713623046875,375.5433044433594,215.4497833251953,126.8674545288086,166.64999389648438,67.8473129272461,21.768047332763672,16.260000228881836,37.91999816894531,75.44999694824219,57.150001525878906,1.07,1.69,77.35,1.55,0.07
2021-11-01,432.4562683105469,376.8272399902344,221.03326416015625,125.95406341552734,167.52000427246094,67.77452087402344,21.699079513549805,16.40999984741211,36.7400016784668,78.33999633789062,57.52999877929688,1.08,1.69,136.17,1.58,0.08
2021-11-02,434.2046813964844,378.40283203125,221.49615478515625,126.51299285888672,167.16000366210938,67.93892669677734,21.750804901123047,16.030000686645508,35.560001373291016,71.04000091552734,57.52999877929688,1.1,1.71,110.75,1.56,0.08
2021-11-03,436.8556213378906,382.4197998046875,225.4546356201172,125.20571899414062,165.77000427246094,68.07205200195312,21.699079513549805,15.100000381469728,39.43999862670898,71.22000122070312,55.34000015258789,1.13,1.7,188.57,1.6,0.08
2021-11-04,438.9143676757813,387.3218688964844,225.36959838867188,126.52172088623048,167.64999389648438,68.25215148925781,21.8111515045166,15.4399995803833,38.560001373291016,64.61000061035156,54.91999816894531,1.12,1.73,156.8,1.53,0.08
2021-11-05,440.4371948242188,387.6915283203125,228.44949340820312,128.4138946533203,169.83999633789062,68.51050567626953,21.79391098022461,16.479999542236328,37.84000015258789,66.9000015258789,56.54999923706055,1.06,1.73,211.53,1.45,0.08
2021-11-08,440.8132019042969,387.166259765625,229.1580352783203,128.17315673828125,170.4499969482422,68.42437744140625,21.750804901123047,17.219999313354492,37.709999084472656,70.97000122070312,57.09000015258789,1.06,1.67,363.38,1.51,0.08
2021-11-09,439.3561706542969,384.5013427734375,227.8260040283203,129.84169006347656,171.2899932861328,68.47918701171875,21.724943161010746,17.780000686645508,36.33000183105469,73.0199966430664,57.970001220703125,1.05,1.67,149.84,1.46,0.08
2021-11-10,435.8215942382813,378.8502807617188,224.2359619140625,127.46778869628906,173.14999389648438,68.09551239013672,21.95770835876465,18.729999542236328,37.09000015258789,78.30999755859375,56.31999969482422,1.05,1.66,39.0,1.56,0.08
2021-11-11,435.9625549316406,379.9007263183594,226.0404052734375,127.27861785888672,174.1199951171875,67.97808074951172,22.00943374633789,17.65999984741211,36.20000076293945,78.30999755859375,56.220001220703125,1.05,1.69,65.66,1.58,0.08
2021-11-12,439.2526550292969,383.8982849121094,226.2671356201172,126.71953582763672,174.4499969482422,68.00157165527344,21.983572006225582,16.290000915527344,36.09999847412109,78.61000061035156,55.97999954223633,1.05,1.69,202.74,1.58,0.08
2021-11-15,439.4031372070313,383.81060791015625,225.36959838867188,125.12836456298828,174.17999267578125,67.92326354980469,22.104267120361328,16.489999771118164,36.41999816894531,81.58999633789062,56.06999969482422,1.1,1.7,107.9,1.63,0.08
2021-11-16,441.1421813964844,386.5437622070313,225.78530883789065,124.8100814819336,172.9199981689453,67.9545669555664,22.190475463867188,16.3700008392334,34.689998626708984,81.58000183105469,56.20000076293945,1.09,1.72,112.32,1.63,0.08
2021-11-17,440.0706176757813,386.748046875,222.82823181152344,125.79916381835938,174.5,67.88414001464844,22.14737319946289,17.110000610351562,33.75,81.58000183105469,55.0,1.08,1.74,114.88,1.6,0.08
2021-11-18,441.5652770996094,390.7552795410156,221.88351440429688,126.27230072021484,173.94000244140625,67.82933044433594,22.087024688720703,17.59000015258789,37.68000030517578,74.51000213623047,55.54999923706055,1.07,1.73,141.8,1.59,0.08
2021-11-19,440.7756652832031,392.93402099609375,219.8617401123047,127.60543823242188,172.61000061035156,67.77452087402344,22.1990966796875,17.90999984741211,37.130001068115234,73.38999938964844,53.77999877929688,1.02,1.73,120.37,1.54,0.08
2021-11-22,439.5347290039063,388.3723449707031,218.9264678955078,126.10884857177734,168.74000549316406,67.51612854003906,22.311168670654297,19.170000076293945,36.61000061035156,79.20999908447266,54.45000076293945,1.0,1.71,92.12,1.63,0.08
2021-11-23,440.11761474609375,386.6021423339844,218.54852294921875,124.2853775024414,167.27999877929688,67.42215728759766,22.302549362182617,19.3799991607666,35.099998474121094,80.56999969482422,56.20000076293945,1.07,1.73,98.64,1.67,0.08
2021-11-24,441.2925415039063,387.8471984863281,218.7847442626953,126.28084564208984,167.1199951171875,67.40650177001953,22.38875770568848,18.57999992370605,34.790000915527344,83.1500015258789,55.880001068115234,1.0,1.72,131.12,1.64,0.08
2021-11-26,431.4504699707031,380.4940490722656,210.5370941162109,129.4718475341797,166.85000610351562,66.92107391357422,22.21634101867676,28.6200008392334,65.72000122070312,89.44999694824219,49.630001068115234,0.98,1.82,57.97,1.48,0.08
2021-11-29,436.7427978515625,388.7516174316406,210.40484619140625,128.43116760253906,166.6199951171875,67.33602905273438,22.25944328308105,22.959999084472656,63.34000015258789,89.41000366210938,50.16999816894531,1.01,1.81,103.8,1.52,0.08
2021-11-30,428.244873046875,383.0423583984375,206.11569213867188,130.3835906982422,165.5,67.05416107177734,22.155994415283203,27.190000534057617,75.2300033569336,84.04000091552734,47.90999984741211,0.91,1.81,117.24,1.43,0.07
2021-12-01,423.4882507324219,376.5256958007813,201.4769287109375,131.1879425048828,166.16000366210938,67.06356811523438,22.21634101867676,31.1200008392334,78.18000030517578,82.97000122070312,47.040000915527344,0.87,1.81,108.42,1.43,0.08
2021-12-02,429.9744873046875,379.2393493652344,207.0981903076172,131.35150146484375,165.24000549316406,67.55850219726562,22.22496223449707,27.950000762939453,57.27000045776367,82.55000305175781,48.290000915527344,0.81,1.8,90.4,1.44,0.08
2021-12-03,426.2331848144531,372.6448669433594,202.8468170166016,132.9188232421875,166.6300048828125,67.55850219726562,22.21634101867676,30.670000076293945,64.55000305175781,79.13999938964844,48.0,0.75,1.81,219.57,1.35,0.08
2021-12-06,431.28125,375.630859375,206.918701171875,131.09317016601562,166.22000122070312,67.8570327758789,22.250822067260746,27.18000030517578,56.209999084472656,87.88999938964844,50.5099983215332,0.78,1.79,90.05,1.43,0.08
2021-12-07,440.2022399902344,386.9425964355469,211.7180328369141,130.03392028808594,166.80999755859375,68.2183837890625,22.25944328308105,21.88999938964844,48.150001525878906,88.13999938964844,51.59000015258789,0.78,1.75,121.78,1.48,0.08
2021-12-08,441.3678894042969,388.673828125,213.1634826660156,127.78634643554688,166.89999389648438,68.2026596069336,22.155994415283203,19.899999618530277,45.220001220703125,80.29000091552734,52.41999816894531,0.84,1.79,94.23,1.52,0.08
2021-12-09,438.3878784179688,382.954833984375,208.33583068847656,128.50106811523438,165.8800048828125,67.89629364013672,22.23357963562012,21.57999992370605,47.43000030517578,79.54000091552734,51.02000045776367,0.79,1.81,59.47,1.49,0.08
2021-12-10,442.5146789550781,387.11761474609375,207.759521484375,128.1910858154297,166.5800018310547,68.05339813232422,22.1990966796875,18.690000534057617,46.22999954223633,74.36000061035156,52.02999877929688,0.81,1.83,78.93,1.48,0.08
2021-12-13,438.59466552734375,381.5250549316406,204.72335815429688,130.0856170654297,167.0,68.05339813232422,22.26806640625,20.309999465942383,45.880001068115234,76.41000366210938,51.43999862670898,0.76,1.82,214.47,1.42,0.08
2021-12-14,435.5772399902344,377.5761413574219,202.9608154296875,129.77561950683594,165.44000244140625,67.9355697631836,22.311168670654297,21.88999938964844,54.7599983215332,78.9800033569336,50.91999816894531,0.77,1.82,76.16,1.44,0.08
2021-12-15,442.3830871582031,386.1839294433594,206.18264770507807,128.52694702148438,166.14999389648438,68.1948013305664,22.27668571472168,19.290000915527344,56.52999877929688,74.05999755859375,51.619998931884766,0.78,1.83,103.8,1.47,0.08
2021-12-16,438.48193359375,376.2532653808594,202.0131683349609,128.57699584960938,168.16000366210938,68.14434814453125,22.181854248046875,20.56999969482422,49.970001220703125,69.0999984741211,51.869998931884766,0.8,1.87,152.15,1.44,0.08
2021-12-17,433.815185546875,374.376220703125,203.8705291748047,130.0338897705078,167.8000030517578,68.081298828125,22.337034225463867,21.56999969482422,48.310001373291016,72.45999908447266,50.77999877929688,0.75,1.87,130.93,1.41,0.08
2021-12-20,429.2022705078125,370.7445983886719,201.0087127685547,129.05975341796875,167.08999633789062,67.96305084228516,22.311168670654297,22.8700008392334,60.2400016784668,77.0199966430664,49.900001525878906,0.78,1.89,118.72,1.43,0.08
2021-12-21,436.824462890625,379.04193115234375,206.7512359619141,128.5683135986328,167.02000427246094,68.32564544677734,22.285306930541992,21.01000022888184,52.310001373291016,79.5199966430664,51.56999969482422,0.78,1.88,164.17,1.48,0.08
2021-12-22,441.192138671875,383.65814208984375,208.7412567138672,129.16317749023438,168.58999633789062,68.5069808959961,22.1990966796875,18.6299991607666,46.0,76.8499984741211,52.47999954223633,0.78,1.86,130.79,1.46,0.08
2021-12-23,443.937255859375,386.5506286621094,210.40904235839844,128.04241943359375,168.97000122070312,68.70404052734375,22.181854248046875,17.959999084472656,43.709999084472656,77.29000091552734,53.130001068115234,0.79,1.86,171.54,1.5,0.08
2021-12-27,450.2199401855469,392.9392395019531,212.38011169433597,128.35276794433594,169.3699951171875,68.77497100830078,22.190475463867188,17.68000030517578,43.58000183105469,80.12000274658203,54.52000045776367,0.72,1.86,179.41,1.48,0.08
2021-12-28,449.8519592285156,391.1180419921875,211.08189392089844,127.84410095214844,168.63999938964844,68.74341583251953,22.21634101867676,17.540000915527344,41.22999954223633,77.5199966430664,54.66999816894531,0.75,1.86,113.84,1.49,0.08
2021-12-29,450.4275207519531,391.0596008300781,211.30929565429688,126.44752502441406,168.58999633789062,68.63307189941406,22.155994415283203,16.950000762939453,40.2400016784668,78.0,55.08000183105469,0.8,1.85,84.18,1.55,0.08
2021-12-30,449.1822814941406,389.8909912109375,211.25245666503903,127.50794219970705,169.8000030517578,68.60155487060547,22.190475463867188,17.329999923706055,40.20000076293945,77.62000274658203,55.09999847412109,0.79,1.85,131.66,1.52,0.08
2021-12-31,448.0502624511719,387.4563293457031,210.79757690429688,127.75788879394533,170.9600067138672,68.58577728271484,22.095643997192383,17.219999313354492,42.619998931884766,77.0999984741211,54.36000061035156,0.79,1.82,132.09,1.52,0.07
2022-01-03,450.6444091796875,391.1861267089844,213.51724243164065,124.40432739257812,168.3300018310547,68.55424499511719,22.23357963562012,16.600000381469727,37.56999969482422,84.08000183105469,54.83000183105469,0.85,1.82,146.6,1.63,0.08
2022-01-04,450.4934692382813,386.1122741699219,213.19503784179688,123.88700103759766,169.57000732421875,68.38082122802734,22.250822067260746,16.90999984741211,39.47999954223633,83.11000061035156,55.59000015258789,0.89,1.84,192.08,1.66,0.08
2022-01-05,441.843017578125,374.2505493164063,205.9742126464844,123.21456146240234,169.05999755859375,67.85269927978516,22.22496223449707,19.729999542236328,44.4900016784668,78.68000030517578,55.43000030517578,0.88,1.8,111.08,1.71,0.08
2022-01-06,441.427978515625,373.9875793457031,207.14927673339844,123.53350067138672,166.99000549316406,67.86060333251953,22.24220085144043,19.61000061035156,36.86000061035156,77.7300033569336,56.88999938964844,0.85,1.78,235.1,1.73,0.08
2022-01-07,439.6827697753906,369.9361877441406,204.75180053710935,122.64554595947266,167.75,67.68717193603516,22.12150764465332,18.76000022888184,37.0,74.69000244140625,56.66999816894531,0.89,1.78,57.41,1.76,0.08
2022-01-10,439.1356201171875,370.17974853515625,204.0410919189453,122.9473114013672,168.25999450683594,67.74235534667969,22.17323303222656,19.399999618530277,37.650001525878906,78.12000274658203,56.15999984741211,0.86,1.76,120.25,1.78,0.08
2022-01-11,443.1354675292969,375.7405395507813,206.21112060546875,123.76628875732422,170.2899932861328,68.05765533447266,22.07840347290039,18.40999984741211,34.310001373291016,77.8499984741211,58.15999984741211,0.85,1.76,77.55,1.75,0.08
2022-01-12,444.3335266113281,377.2304992675781,204.67599487304688,123.2921142578125,170.74000549316406,68.16799926757812,21.93184471130371,17.6200008392334,34.38999938964844,74.55000305175781,58.90999984741211,0.82,1.77,91.97,1.74,0.08
2022-01-13,438.2112121582031,367.7937316894531,202.7996826171875,124.38699340820312,170.16000366210938,67.92366790771484,21.92322540283203,20.309999465942383,37.11000061035156,72.56999969482422,58.27000045776367,0.79,1.8,57.28,1.7,0.08
2022-01-14,438.3904113769531,370.0824279785156,203.083984375,122.50757598876952,169.6699981689453,67.86060333251953,21.983572006225582,19.190000534057617,41.18000030517578,76.58999633789062,59.970001220703125,0.79,1.79,73.63,1.78,0.08
2022-01-18,430.6267395019531,360.8694458007813,196.9434356689453,120.78337860107422,169.38999938964844,67.52954864501953,22.12150764465332,22.790000915527344,42.27999877929688,84.62999725341797,60.970001220703125,0.81,1.78,77.0,1.87,0.08
2022-01-19,426.1552734375,356.9057922363281,193.74044799804688,121.61961364746094,172.0800018310547,67.46644592285156,22.069780349731445,23.850000381469727,42.75,80.13999938964844,61.04999923706055,0.79,1.77,71.25,1.83,0.08
2022-01-20,421.4385681152344,352.27020263671875,190.2342834472656,122.36964416503906,171.64999389648438,67.34036254882812,22.138750076293945,25.59000015258789,41.150001525878906,80.95999908447266,60.65999984741211,0.75,1.79,72.93,1.83,0.08
2022-01-21,413.1654968261719,342.502197265625,186.67127990722656,123.82666015625,171.08999633789062,67.34823608398438,22.07840347290039,28.850000381469727,42.56999969482422,81.02999877929688,60.77999877929688,0.74,1.84,126.04,1.75,0.08
2022-01-24,414.9200744628906,344.0701599121094,190.97341918945312,122.8093032836914,172.02999877929688,67.27725982666016,22.14737319946289,29.899999618530277,47.84000015258789,83.7699966430664,60.11000061035156,0.76,1.89,273.48,1.75,0.08
2022-01-25,409.854248046875,336.0941162109375,188.4243621826172,122.61101531982422,172.5800018310547,67.08021545410156,22.155994415283203,31.15999984741211,47.630001068115234,84.56999969482422,60.970001220703125,0.76,1.91,190.88,1.78,0.08
2022-01-26,408.8260192871094,335.5681457519531,185.7046661376953,121.12818145751952,169.7899932861328,66.85163116455078,22.27668571472168,31.959999084472656,45.66999816894531,85.75,61.68000030517578,0.72,1.84,146.78,1.85,0.08
2022-01-27,406.8072814941406,332.1888122558594,181.48776245117188,123.35246276855467,167.60000610351562,66.5599594116211,22.466346740722656,30.489999771118164,46.900001525878906,85.62000274658203,61.86000061035156,0.63,1.86,164.89,1.81,0.08
2022-01-28,416.9105224609375,342.6093139648437,185.02239990234372,123.39554595947266,167.10000610351562,66.74916076660156,22.457725524902344,27.65999984741211,47.7400016784668,85.29000091552734,61.970001220703125,0.63,1.91,129.34,1.78,0.08
2022-01-31,424.4194946289063,353.5653991699219,190.6986083984375,122.75760650634766,168.08999633789062,66.76493072509766,22.302549362182617,24.82999992370605,42.34999847412109,85.13999938964844,62.47999954223633,0.61,1.93,184.81,1.79,0.08
2022-02-01,427.2872924804688,355.97088623046875,192.7075653076172,122.3501205444336,168.22999572753906,67.0299072265625,22.24220085144043,21.959999084472656,41.310001373291016,85.22000122070312,62.52999877929688,0.63,1.92,143.53,1.81,0.08
2022-02-02,431.4379577636719,358.8632507324219,190.79335021972656,122.76453399658205,168.83999633789062,67.1327896118164,22.155994415283203,22.09000015258789,41.86000061035156,84.8499984741211,62.52000045776367,0.62,1.91,101.01,1.78,0.08
2022-02-03,421.2969970703125,344.3135986328125,187.1829376220703,121.80624389648438,168.60000610351562,66.53152465820312,22.04391860961914,24.350000381469727,42.150001525878906,85.73999786376953,63.5099983215332,0.63,1.92,93.56,1.82,0.08
2022-02-04,423.278076171875,348.6571044921875,187.98843383789065,120.010498046875,168.86000061035156,66.27051544189453,22.02667617797852,23.21999931335449,43.880001068115234,87.68000030517578,64.91000366210938,0.62,1.92,171.57,1.93,0.08
2022-02-07,421.9196472167969,345.852294921875,188.9170837402344,120.0882568359375,170.11000061035156,66.2230224609375,22.035297393798828,22.86000061035156,43.34000015258789,87.44000244140625,64.68000030517578,0.62,1.93,97.27,1.92,0.08
2022-02-08,425.3911437988281,349.7381286621094,192.1389923095703,119.28534698486328,170.6300048828125,66.15182495117188,22.069780349731445,21.440000534057617,41.2599983215332,82.72000122070312,63.619998931884766,0.61,1.91,115.82,1.96,0.08
2022-02-09,431.6172180175781,357.1492919921875,195.78733825683597,119.50979614257812,171.2100067138672,66.49989318847656,22.04391860961914,19.959999084472656,39.400001525878906,81.76000213623047,64.16999816894531,0.58,1.92,83.48,1.94,0.08
2022-02-10,423.8629150390625,349.06610107421875,192.7833404541016,117.61048889160156,170.55999755859375,65.62179565429688,22.07840347290039,23.90999984741211,43.810001373291016,88.5199966430664,63.959999084472656,0.42,1.91,84.38,2.03,0.08
2022-02-11,415.5049133300781,337.9931640625,190.831298828125,119.3543701171875,173.80999755859375,65.39234924316406,22.17323303222656,27.36000061035156,47.43999862670898,94.02999877929688,65.73999786376953,0.42,2.0,67.68,1.92,0.08
2022-02-14,414.1465148925781,338.4118957519531,190.16790771484372,117.86945343017578,174.74000549316406,65.2815933227539,22.23357963562012,28.32999992370605,48.83000183105469,102.27999877929688,66.36000061035156,0.4,2.0,201.81,1.98,0.08
2022-02-15,420.8254089355469,346.8261413574219,195.26614379882807,116.53134155273438,173.0800018310547,65.39234924316406,22.14737319946289,25.700000762939453,48.36000061035156,94.0,64.27999877929688,0.47,1.99,109.46,2.05,0.08
2022-02-16,421.2969970703125,346.7385559082031,195.67361450195312,117.22201538085938,174.86000061035156,65.75627136230469,22.104267120361328,24.290000915527344,49.380001068115234,92.73999786376952,63.540000915527344,0.51,2.05,73.91,2.03,0.08
2022-02-17,412.2974853515625,336.4252624511719,190.6606903076172,118.09393310546876,177.25,65.47937774658203,22.112886428833008,28.11000061035156,53.13999938964844,96.16999816894533,64.16999816894531,0.48,2.12,107.1,1.97,0.08
2022-02-18,409.6278991699219,332.5881652832031,189.02130126953125,119.33712005615234,177.1199951171875,65.57431030273438,22.17323303222656,27.75,52.0099983215332,94.36000061035156,64.73999786376953,0.45,2.13,180.25,1.92,0.08
2022-02-22,405.2319641113281,329.2477111816406,186.3585357666016,119.64794921875,177.49000549316406,65.42402648925781,22.181854248046875,28.809999465942383,50.11000061035156,95.54000091552734,65.54000091552734,0.38,2.13,180.27,1.94,0.08
2022-02-23,398.0436401367188,320.8139343261719,182.87130737304688,117.9989776611328,178.2899932861328,65.3053207397461,22.20771789550781,31.020000457763672,50.5099983215332,95.1500015258789,66.23999786376953,0.41,2.1,89.64,1.99,0.08
2022-02-24,404.0338134765625,331.59478759765625,187.6662139892578,118.07669830322266,177.13999938964844,65.77208709716797,22.38875770568848,30.31999969482422,49.040000915527344,100.75,66.33999633789062,0.42,2.24,156.68,1.96,0.08
2022-02-25,412.9484558105469,336.73687744140625,191.8926239013672,118.1629867553711,176.5500030517578,66.14391326904297,22.27668571472168,27.59000015258789,49.5,93.33999633789062,65.80000305175781,0.42,2.2,161.59,1.97,0.08
2022-02-28,411.8918762207031,337.739990234375,192.669677734375,120.75296020507812,178.3800048828125,66.19136810302734,22.311168670654297,30.149999618530277,52.5,100.4000015258789,67.4800033569336,0.39,2.34,167.06,1.83,0.08
2022-03-01,405.61865234375,332.56866455078125,189.0402984619141,122.14910125732422,181.6199951171875,66.00635528564453,22.483591079711918,33.31999969482422,61.43000030517578,118.26000213623048,71.81999969482422,0.41,2.25,188.05,1.72,0.08
2022-03-02,413.08056640625,338.14898681640625,193.5414886474609,117.97370910644533,179.72999572753906,66.16517639160156,22.466346740722656,30.739999771118164,61.52999877929688,110.27999877929688,75.41999816894531,0.36,2.24,134.88,1.86,0.08
2022-03-03,411.0240173339844,333.3186340332031,191.2482452392578,119.17530822753906,180.8000030517578,65.96665954589844,22.55255889892578,30.479999542236328,64.37000274658203,115.18000030517578,74.52999877929688,0.33,2.24,204.82,1.86,0.08
2022-03-04,407.6846618652344,328.48809814453125,188.2537384033203,121.23277282714844,183.67999267578125,65.53790283203125,22.724977493286133,31.979999542236328,77.29000091552734,131.82000732421875,79.45999908447266,0.24,2.31,219.09,1.74,0.08
2022-03-07,395.6663818359375,316.37310791015625,183.5725250244141,120.30777740478516,186.41000366210935,64.96621704101562,22.88877868652344,36.45000076293945,78.91000366210938,140.02999877929688,82.37000274658203,0.23,2.32,164.7,1.78,0.08
2022-03-08,392.6665344238281,314.9025573730469,184.58648681640625,119.09750366210938,191.50999450683597,64.73596954345703,22.84567070007324,35.130001068115234,75.81999969482422,133.3699951171875,85.43000030517578,0.23,2.35,165.06,1.86,0.08
2022-03-09,403.1943054199219,326.2384338378906,189.78890991210935,117.93047332763672,185.82000732421875,65.27588653564453,22.62152671813965,32.45000076293945,73.25,110.9000015258789,75.47000122070312,0.26,2.32,142.59,1.94,0.08
2022-03-10,401.3735656738281,322.6156311035156,189.44776916503903,116.2361297607422,186.3999938964844,64.72801971435547,22.733598709106445,30.229999542236328,67.33999633789062,105.30999755859376,74.05999755859375,0.26,2.38,150.53,1.98,0.08
2022-03-11,396.2701721191406,315.9252014160156,186.4248504638672,116.6251449584961,185.08999633789065,64.2595443725586,22.854293823242188,30.75,68.01000213623047,99.02999877929688,76.4000015258789,0.25,2.35,232.96,2.0,0.08
2022-03-14,393.37408447265625,309.8578491210937,182.61546325683597,113.90206146240234,182.3000030517578,63.49728012084961,22.84567070007324,31.770000457763672,65.41999816894531,105.08000183105467,72.83999633789062,0.27,2.33,222.54,2.14,0.08
2022-03-15,402.0245971679688,319.5771789550781,185.52462768554688,113.7032470703125,178.88999938964844,63.97366714477539,22.819808959960938,29.82999992370605,63.619998931884766,101.02999877929688,68.62999725341797,0.3,2.36,154.33,2.15,0.08
2022-03-16,410.9391174316406,331.42919921875,191.3619842529297,114.81842041015624,180.00999450683594,64.87091827392578,22.656009674072266,26.670000076293945,59.34999847412109,100.56999969482422,68.27999877929688,0.24,2.23,216.66,2.19,0.08
2022-03-17,416.080322265625,335.441650390625,194.3658905029297,113.96257781982422,180.88999938964844,65.31556701660156,22.60428237915039,25.670000076293945,67.77999877929688,91.76000213623048,73.68000030517578,0.26,2.17,137.82,2.2,0.33
2022-03-18,420.63763427734375,342.3074645996094,196.4127655029297,115.3543701171875,179.3000030517578,65.52995300292969,22.63014793395996,23.8700008392334,69.08999633789062,91.7699966430664,74.63999938964844,0.17,2.14,171.27,2.14,0.33
2022-03-21,420.51458740234375,341.355712890625,194.67860412597656,112.68318176269533,180.6699981689453,64.77568054199219,22.71635627746582,23.530000686645508,70.77999877929688,101.94000244140624,79.54000091552734,0.18,2.07,239.83,2.32,0.33
2022-03-22,425.4352111816406,348.0643005371094,196.63070678710935,111.23948669433594,179.36000061035156,65.10913848876953,22.70773696899414,22.940000534057617,69.55999755859375,105.37999725341795,78.55999755859375,0.2,2.05,137.53,2.38,0.33
2022-03-23,419.9562683105469,343.0621032714844,193.21926879882807,113.67729949951172,181.80999755859372,64.9026870727539,22.733598709106445,23.56999969482422,72.58999633789062,105.72000122070312,81.94999694824219,0.19,2.03,116.56,2.32,0.33
2022-03-24,426.2868041992188,350.6872863769531,195.44107055664065,112.78692626953124,183.1300048828125,65.03768920898438,22.759462356567383,21.670000076293945,69.13999938964844,113.13999938964844,79.75,0.21,2.01,128.23,2.34,0.33
2022-03-25,428.36859130859375,350.394775390625,195.70689392089844,111.22223663330078,182.3800048828125,64.56920623779297,22.76808357238769,20.809999465942383,68.91000366210938,125.2699966430664,80.73999786376953,0.18,1.96,209.01,2.48,0.33
2022-03-28,431.4156494140625,355.81622314453125,195.77337646484372,112.17312622070312,179.05999755859375,64.97415161132812,22.83704948425293,19.6299991607666,67.04000091552734,129.27999877929688,74.52999877929688,0.11,1.94,322.1,2.46,0.33
2022-03-29,436.7526245117188,361.9396667480469,201.01451110839844,113.02037048339844,179.13999938964844,65.77611541748047,22.699115753173828,18.899999618530277,62.459999084472656,117.91999816894533,76.1500015258789,0.06,1.91,193.93,2.41,0.33
2022-03-30,434.0557861328125,357.9418640136719,196.979248046875,113.90206146240234,180.5800018310547,65.57760620117188,22.57842254638672,19.32999992370605,61.040000915527344,112.9800033569336,77.91000366210938,0.04,1.93,105.19,2.35,0.33
2022-03-31,427.3751220703125,353.5052185058594,194.8998565673828,114.17867279052734,180.6499938964844,65.33941650390625,22.67325210571289,20.559999465942383,57.65999984741211,106.87999725341795,74.12000274658203,0.04,1.93,81.85,2.32,0.33
2022-04-01,428.5862731933594,352.8324279785156,197.08367919921875,114.61336517333984,179.5,65.33464050292969,22.70773696899414,19.6299991607666,54.36000061035156,108.33999633789062,74.16999816894531,-0.05,1.81,114.29,2.39,0.33
2022-04-04,432.2578430175781,360.0968017578125,197.40647888183597,113.81678009033205,180.3699951171875,65.82891845703125,22.811187744140625,18.56999969482422,54.310001373291016,108.37000274658205,76.86000061035156,-0.01,1.81,115.67,2.42,0.33
2022-04-05,426.7977600097656,352.1011047363281,192.73504638671875,111.2454071044922,179.24000549316406,64.97586059570312,22.931884765625,21.030000686645508,53.79999923706055,116.37000274658205,74.80000305175781,0.03,1.77,126.89,2.54,0.33
2022-04-06,422.5301208496094,344.4564514160156,190.00054931640625,110.344970703125,179.66000366210938,64.46563720703125,22.949125289916992,22.100000381469727,53.150001525878906,123.91999816894533,73.05000305175781,0.11,1.77,168.21,2.61,0.33
2022-04-07,424.6593017578125,345.2755432128906,189.3833923339844,109.51385498046876,180.33999633789065,64.3619613647461,22.99222946166992,21.549999237060547,54.22999954223633,122.66999816894533,73.11000061035156,0.19,1.78,171.04,2.66,0.33
2022-04-08,423.5237121582031,340.4488830566406,187.87371826171875,108.32769012451172,181.47000122070312,63.971336364746094,22.99222946166992,21.15999984741211,53.13999938964844,124.86000061035156,74.11000061035156,0.19,1.78,124.74,2.72,0.33
2022-04-11,416.2847595214844,332.3948059082031,186.6108856201172,106.61343383789062,182.3699951171875,63.532859802246094,23.0439567565918,24.3700008392334,54.810001373291016,129.8699951171875,72.30000305175781,0.29,1.82,241.25,2.79,0.33
2022-04-12,414.7422790527344,330.9906616210937,187.1995391845703,106.46624755859376,183.7700042724609,64.01917266845703,23.121543884277344,24.26000022888184,55.25,117.79000091552734,75.9800033569336,0.33,1.92,103.12,2.72,0.33
2022-04-13,419.49261474609375,337.7186584472656,190.76011657714844,106.68269348144533,184.6499938964844,64.40184020996094,23.02671241760254,21.81999969482422,51.20000076293945,116.33000183105467,78.41999816894531,0.33,1.94,90.43,2.7,0.33
2022-04-14,414.2691955566406,329.99609375,188.90866088867188,104.54419708251952,184.0399932861328,63.971336364746094,23.130163192749023,22.700000762939453,53.380001068115234,119.66000366210938,79.56999969482422,0.36,1.93,142.29,2.83,0.33
2022-04-18,414.4395446777344,330.2496337890625,187.63633728027344,104.02472686767578,184.6100006103516,63.86768341064453,23.22499656677246,22.170000076293945,50.93999862670898,122.31999969482422,80.41000366210938,0.39,1.94,93.03,2.85,0.33
2022-04-19,421.129638671875,337.6308898925781,191.37728881835935,103.24549102783205,181.82000732421875,63.81186676025391,23.276723861694336,21.3700008392334,50.34000015258789,122.73999786376952,76.86000061035156,0.32,1.91,276.08,2.93,0.33
2022-04-20,420.8174133300781,332.7067565917969,192.10836791992188,105.32341003417967,182.7100067138672,64.01119995117188,23.112924575805664,20.31999969482422,52.22999954223633,125.12000274658205,77.23999786376953,0.25,1.91,95.07,2.85,0.33
2022-04-21,414.524658203125,325.8227233886719,187.8072662353516,104.54419708251952,182.05999755859372,63.57270050048828,23.18189239501953,22.68000030517578,49.86000061035156,130.69000244140625,78.12000274658203,0.22,1.93,89.05,2.9,0.33
2022-04-22,403.15045166015625,317.2907409667969,182.9458770751953,103.8861846923828,180.2899932861328,63.18999481201172,23.319826126098636,28.209999084472656,51.150001525878906,128.1199951171875,76.30999755859375,0.18,1.96,148.56,2.9,0.33
2022-04-25,405.48773193359375,321.3665771484375,184.05679321289065,104.92516326904295,177.0500030517578,63.72414779663086,23.431900024414062,27.020000457763672,52.86000061035156,131.6300048828125,74.6500015258789,0.18,2.03,126.9,2.81,0.33
2022-04-26,393.7444763183594,309.23663330078125,178.25547790527344,105.98138427734376,177.32000732421875,63.34947967529297,23.57845687866211,33.52000045776367,53.56999969482422,129.27000427246094,76.45999908447266,0.23,2.06,130.06,2.77,0.33
2022-04-27,394.8516540527344,308.8660583496094,177.51486206054688,104.62210083007812,175.97999572753906,63.03852462768555,23.725017547607425,31.600000381469727,53.380001068115234,130.11000061035156,76.37000274658203,0.24,2.05,69.39,2.82,0.33
2022-04-28,404.8253479003906,319.8356628417969,180.8285980224609,104.77794647216795,176.92999267578125,63.38931655883789,23.862951278686523,29.989999771118164,51.93999862670898,128.74000549316406,78.08000183105469,0.22,2.06,80.21,2.85,0.33
2022-04-29,389.86474609375,305.443603515625,175.60638427734375,103.4186553955078,176.91000366210938,62.6080207824707,23.76811981201172,33.400001525878906,53.09999847412109,128.39999389648438,77.16000366210938,0.19,2.05,126.12,2.89,0.33
2022-05-02,392.2115173339844,310.543212890625,177.44842529296875,101.62603759765624,173.6300048828125,62.612037658691406,23.88881492614746,32.34000015258789,54.150001525878906,135.1699981689453,78.37999725341797,0.26,2.08,99.33,2.99,0.33
2022-05-03,394.0094604492188,310.874755859375,178.96755981445312,102.31114959716795,174.08999633789062,62.94019317626953,23.84571075439453,29.25,54.040000915527344,126.45999908447266,76.69000244140625,0.19,2.05,103.64,2.97,0.33
2022-05-04,406.0081787109375,321.3861083984375,183.74343872070312,102.87491607666016,175.8000030517578,63.5804328918457,23.647424697875977,25.420000076293945,53.150001525878906,121.98999786376952,80.22000122070312,0.27,2.08,123.78,2.93,0.33
2022-05-05,391.57757568359375,305.1997985839844,176.29005432128906,100.05628967285156,175.1300048828125,62.45195770263672,23.84571075439453,31.200000762939453,54.720001220703125,122.72000122070312,80.4800033569336,0.34,2.1,87.92,3.05,0.83
2022-05-06,389.240234375,301.5432434082031,173.3561553955078,98.5819091796875,175.4199981689453,62.09978485107422,23.88881492614746,30.190000534057617,54.81999969482422,121.41999816894533,82.12999725341797,0.4,2.09,212.5,3.12,0.83
2022-05-09,376.7778015136719,289.74481201171875,166.0641326904297,99.44918823242188,172.8800048828125,61.44351196289063,23.897436141967773,34.75,57.900001525878906,125.22000122070312,76.56999969482422,0.44,2.17,97.81,3.05,0.83
2022-05-10,377.64837646484375,293.2648010253906,166.11158752441406,100.35115051269533,171.4199981689453,61.795654296875,23.949161529541016,32.9900016784668,56.060001373291016,126.76000213623048,74.52999877929688,0.37,2.16,135.75,2.99,0.83
2022-05-11,371.6489868164063,284.5671081542969,161.9813995361328,102.28512573242188,172.82000732421875,61.427490234375,23.975021362304688,32.560001373291016,53.43000030517578,118.0500030517578,78.18000030517578,0.25,2.17,102.02,2.91,0.83
2022-05-12,371.2610778808594,283.8943176269531,163.88034057617188,102.09436798095705,170.1699981689453,61.40347671508789,24.181928634643555,31.770000457763672,52.709999084472656,118.7300033569336,79.2300033569336,0.28,2.2,144.73,2.84,0.83
2022-05-13,380.1370849609375,294.4154052734375,169.073974609375,100.58529663085938,168.7899932861328,61.47550201416016,24.112960815429688,28.8700008392334,51.220001220703125,114.61000061035156,81.27999877929688,0.32,2.24,140.0,2.93,0.83
2022-05-16,378.5947265625,291.00262451171875,168.26695251464844,100.48120880126952,170.39999389648438,61.38748550415039,24.018129348754883,27.46999931335449,51.88999938964844,117.9499969482422,83.11000061035156,0.3,2.29,124.37,2.88,0.83
2022-05-17,386.382568359375,298.5400390625,173.4130859375,99.26705932617188,169.3300018310547,61.33144760131836,23.819847106933597,26.100000381469727,50.34000015258789,119.45999908447266,81.11000061035156,0.27,2.27,101.23,2.98,0.83
2022-05-18,370.8068542480469,283.8846130371094,167.33645629882812,101.38319396972656,169.4199981689453,60.82722473144531,23.940540313720703,30.959999084472656,51.88999938964844,114.86000061035156,79.29000091552734,0.21,2.31,97.83,2.89,0.83
2022-05-19,368.5357055664063,282.3634033203125,167.61180114746094,101.62603759765624,171.91000366210938,61.23542022705078,23.69053077697754,29.350000381469727,51.15999984741211,115.0500030517578,80.58000183105469,0.21,2.37,157.59,2.84,0.83
2022-05-20,368.6965942382813,281.4859313964844,167.18453979492188,102.77950286865234,172.02999877929688,61.19538879394531,23.74225807189941,29.43000030517578,50.720001220703125,111.0999984741211,81.6500015258789,0.18,2.36,185.12,2.78,0.83
2022-05-23,375.5950012207031,286.166259765625,169.20692443847656,101.08830261230467,172.8300018310547,61.435489654541016,23.5267333984375,28.479999542236328,48.630001068115234,110.19000244140624,81.97000122070312,0.21,2.33,135.77,2.86,0.83
2022-05-24,372.7278137207031,280.0817565917969,166.70030212402344,103.08303833007812,174.1300048828125,61.803653717041016,23.457761764526367,29.450000762939453,47.040000915527344,111.1500015258789,82.0,0.26,2.34,135.79,2.76,0.83
2022-05-25,376.0208129882813,284.0016174316406,169.70062255859375,103.49065399169922,173.0800018310547,62.74007797241211,23.54397392272949,28.3700008392334,46.7599983215332,105.69000244140624,82.4800033569336,0.27,2.29,100.89,2.75,0.83
2022-05-26,383.5341796875,291.8704528808594,173.48912048339844,103.02230072021484,172.75999450683594,63.61246109008789,23.466384887695312,27.5,46.02999877929688,102.48999786376952,84.58999633789062,0.29,2.25,132.56,2.75,0.83
2022-05-27,392.9496154785156,301.3969421386719,178.1605224609375,103.27385711669922,172.85000610351562,64.18073272705078,23.41465950012207,25.71999931335449,47.91999816894531,98.4800033569336,85.45999908447266,0.27,2.26,145.02,2.74,0.83
2022-05-31,390.7448120117188,300.5973815917969,175.94821166992188,101.08830261230467,171.13999938964844,63.62847900390625,23.457761764526367,26.190000534057617,49.81999969482422,107.12000274658205,85.47000122070312,0.32,2.18,72.9,2.85,0.83
2022-06-01,387.5842895507813,298.3742370605469,174.9512481689453,100.97276306152344,172.22999572753906,63.39307403564453,23.638805389404297,25.690000534057617,49.13999938964844,109.37999725341795,85.54000091552734,0.28,2.08,161.66,2.94,0.83
2022-06-02,394.9652099609375,306.54541015625,179.22393798828125,101.02490234375,174.35000610351562,63.65821075439453,23.431900024414062,24.71999931335449,47.79999923706055,99.2699966430664,87.25,0.27,2.1,144.13,2.92,0.83
2022-06-03,388.4831848144531,298.5693054199219,177.6098175048828,100.80770111083984,172.5800018310547,63.18415451049805,23.53535270690918,24.790000915527344,46.22999954223633,97.7300033569336,89.47000122070312,0.3,2.09,163.85,2.96,0.83
2022-06-06,389.66607666015625,299.5638122558594,178.3788604736328,98.9484405517578,171.82000732421875,62.71014022827149,23.58708000183105,25.06999969482422,47.900001525878906,102.26000213623048,88.38999938964844,0.31,2.08,127.27,3.04,0.83
2022-06-07,393.4038391113281,302.14776611328125,181.2558135986328,100.01708221435548,172.94000244140625,62.8547477722168,23.56121635437012,24.020000457763672,45.880001068115234,102.61000061035156,90.04000091552734,0.23,2.07,167.65,2.98,0.83
2022-06-08,389.1266479492188,299.97344970703125,178.454833984375,99.13088989257812,172.77999877929688,62.3164176940918,23.630184173583984,23.959999084472656,44.369998931884766,105.29000091552734,91.98999786376952,0.25,2.07,110.13,3.03,0.83
2022-06-09,379.87213134765625,291.9387512207031,174.75547790527344,99.46105194091795,172.22999572753906,61.81828308105469,23.80260467529297,26.09000015258789,43.869998931884766,105.29000091552734,91.08000183105467,0.21,2.07,112.11,3.04,0.83
2022-06-10,368.8574523925781,281.64190673828125,170.0145721435547,98.8441925048828,174.5399932861328,60.76573944091797,23.992265701293945,27.75,42.91999816894531,114.2300033569336,90.12999725341795,0.09,2.04,93.65,3.15,0.83
2022-06-13,354.8525695800781,268.5466003417969,162.0274200439453,95.74252319335938,169.92999267578125,58.73298263549805,24.22503471374512,34.02000045776367,47.560001373291016,139.2100067138672,90.36000061035156,0.03,1.98,95.37,3.43,0.83
2022-06-14,353.7833251953125,269.0341491699219,161.24684143066406,94.53489685058594,168.57000732421875,59.1186408996582,24.276758193969727,32.689998626708984,46.630001068115234,144.08999633789062,88.44999694824219,0.04,1.99,120.62,3.49,0.83
2022-06-15,358.8270263671875,275.7524108886719,163.60775756835938,96.298583984375,170.77000427246094,60.26760482788086,24.08709716796875,29.6200008392334,47.040000915527344,135.92999267578125,86.93000030517578,0.13,2.1,140.82,3.33,0.83
2022-06-16,346.9512939453125,264.6268005371094,156.0299530029297,97.0631332397461,172.69000244140625,59.31147384643555,23.85433006286621,32.95000076293945,46.27000045776367,138.10000610351562,87.66000366210938,0.14,2.13,189.54,3.28,1.58
2022-06-17,347.69921875,267.84454345703125,157.24850463867188,97.37591552734376,171.27000427246094,59.49626159667969,24.095718383789062,31.1299991607666,49.18999862670898,133.75,83.33999633789062,0.08,2.13,108.29,3.25,1.58
2022-06-21,356.4520263671875,274.60211181640625,160.0663604736328,95.72518920898438,170.6300048828125,59.45612716674805,24.009510040283203,30.190000534057617,46.560001373291016,138.91000366210938,84.05000305175781,0.1,2.13,140.11,3.31,1.58
2022-06-22,355.8058166503906,274.2015991210937,159.76173400878906,98.35765075683594,171.30999755859375,59.440040588378906,23.975021362304688,28.950000762939453,48.9900016784668,129.94000244140625,80.87999725341797,0.1,2.17,96.97,3.16,1.58
2022-06-23,359.2935791015625,278.28521728515625,161.67520141601562,99.16564178466795,170.25999450683594,59.865867614746094,24.000886917114254,29.049999237060547,48.58000183105469,125.9800033569336,78.9800033569336,0.08,2.2,96.96,3.09,1.58
2022-06-24,370.7169189453125,287.8203125,166.6826171875,97.79293060302734,170.08999633789062,60.29171752929688,23.949161529541016,27.229999542236328,46.9900016784668,127.0,81.2699966430664,0.09,2.22,111.86,3.13,1.58
2022-06-27,369.3009033203125,285.71014404296875,167.3014373779297,96.9588623046875,169.89999389648438,59.92210388183594,23.906055450439453,26.950000762939453,46.9900016784668,133.22000122070312,82.93000030517578,0.12,2.19,140.94,3.2,1.58
2022-06-28,361.755126953125,277.0054931640625,164.15989685058594,97.41067504882812,169.6199951171875,59.26326370239258,24.043991088867188,28.36000061035156,46.59000015258789,135.22000122070312,84.72000122070312,0.1,2.22,129.96,3.2,1.58
2022-06-29,361.4604187011719,277.2594299316406,162.49395751953125,98.93106842041016,169.49000549316406,59.17486953735352,24.181928634643555,28.15999984741211,48.56999969482422,130.42999267578125,82.94999694824219,0.04,2.24,135.33,3.1,1.58
2022-06-30,358.5238647460937,273.8205261230469,161.227783203125,99.79988098144533,168.4600067138672,59.14274978637695,24.10433959960937,28.709999084472656,48.900001525878906,135.5,80.3499984741211,0.06,2.31,158.37,2.98,1.58
2022-07-01,362.3157043457031,275.6278991699219,163.17935180664062,100.82450103759766,168.32000732421875,59.7068977355957,24.181928634643555,26.700000762939453,49.400001525878906,144.1699981689453,81.66999816894531,0.04,2.42,177.73,2.88,1.58
2022-07-05,363.0,280.3466186523437,164.53114318847656,101.61669158935548,164.75,59.6504135131836,24.52677154541016,27.540000915527344,52.61000061035156,156.16000366210938,74.77999877929688,0.0,2.41,116.59,2.82,1.58
2022-07-06,364.2259826660156,282.14422607421875,163.31265258789062,99.9104232788086,162.13999938964844,59.424407958984375,24.63884162902832,26.729999542236328,54.66999816894531,151.13999938964844,73.66999816894531,-0.04,2.39,91.52,2.93,1.58
2022-07-07,369.6810302734375,288.1817626953125,167.17767333984375,99.0312042236328,162.22999572753906,60.39288711547852,24.647462844848636,26.07999992370605,52.869998931884766,149.7100067138672,76.55000305175781,-0.02,2.33,93.67,3.01,1.58
2022-07-08,369.3769836425781,288.5433044433594,167.1586456298828,97.93435668945312,162.3000030517578,60.44132614135742,24.630220413208008,24.63999938964844,52.09999847412109,145.25,78.54000091552734,-0.03,2.31,104.33,3.09,1.58
2022-07-11,365.1573181152344,282.378662109375,163.7981414794922,99.6231689453125,161.42999267578125,60.10237503051758,24.914714813232425,26.170000076293945,53.09999847412109,147.72000122070312,78.2300033569336,-0.08,2.32,200.3,2.99,1.58
2022-07-12,361.9260864257813,279.64324951171875,163.23648071289062,100.21510314941406,160.8300018310547,60.344482421875,24.90609359741211,27.290000915527344,54.400001525878906,148.11000061035156,72.80999755859375,-0.07,2.31,126.67,2.96,1.58
2022-07-13,360.0253295898437,279.0667724609375,163.09365844726562,101.36421966552734,161.60000610351562,60.2799186706543,24.854368209838867,26.81999969482422,51.7599983215332,136.10000610351562,73.19000244140625,-0.22,2.32,52.82,2.91,1.58
2022-07-14,359.15106201171875,280.0633239746094,161.41818237304688,100.5372314453125,159.3300018310547,60.16691589355469,25.02678871154785,26.399999618530277,53.02999877929688,137.75999450683594,72.8499984741211,-0.19,2.31,203.03,2.96,1.58
2022-07-15,366.0126953125,285.1434936523437,164.77865600585938,101.10305786132812,159.00999450683594,60.933631896972656,24.880231857299805,24.229999542236328,51.77000045776367,129.85000610351562,73.73999786376953,-0.2,2.3,210.77,2.93,1.58
2022-07-18,362.9906005859375,282.7303466796875,164.31222534179688,100.04971313476562,159.16000366210938,60.344482421875,24.74229621887207,25.299999237060547,49.65999984741211,127.69000244140624,76.80999755859375,-0.19,2.28,182.94,2.96,1.58
2022-07-19,372.7982177734375,291.4252319335937,170.10980224609375,99.5099868774414,159.5399932861328,61.14346694946289,24.58711624145508,24.5,48.77000045776367,124.6999969482422,78.05000305175781,-0.22,2.26,177.18,3.01,1.58
2022-07-20,375.1741333007813,296.0462646484375,172.77532958984375,99.77117156982422,158.0399932861328,61.40979766845703,24.656084060668945,23.8799991607666,47.540000915527344,122.9000015258789,77.63999938964844,-0.21,2.2,113.33,3.04,1.58
2022-07-21,378.9945983886719,300.29595947265625,173.66067504882812,101.49481201171876,160.27000427246094,62.13619613647461,24.58711624145508,23.11000061035156,51.09999847412109,121.1500015258789,75.48999786376953,-0.19,2.23,132.76,2.91,1.58
2022-07-22,375.4783020019531,295.0301208496094,170.89041137695312,103.20103454589844,160.6699981689453,62.05546951293945,24.55263328552246,23.030000686645508,47.84000015258789,123.6999969482422,74.52999877929688,-0.21,2.28,138.82,2.77,1.58
2022-07-25,375.9344482421875,293.349853515625,171.7757568359375,102.19121551513672,160.22999572753906,62.039329528808594,24.51814842224121,23.36000061035156,47.959999084472656,128.27000427246094,76.22000122070312,-0.19,2.31,120.62,2.81,1.58
2022-07-26,371.4867858886719,287.5858154296875,170.71905517578125,102.2695541381836,160.0399932861328,61.60351943969727,24.707809448242188,24.690000534057617,47.810001373291016,128.5500030517578,75.16000366210938,-0.21,2.29,94.68,2.81,1.58
2022-07-27,381.1329040527344,299.7391357421875,174.60316467285156,101.69503021240234,161.6699981689453,62.28144073486328,24.50090789794922,23.239999771118164,48.9900016784668,117.27999877929688,77.87000274658203,-0.18,2.3,181.99,2.78,1.58
2022-07-28,385.9132080078125,302.6700439453125,177.0021514892578,102.50458526611328,163.63999938964844,62.919036865234375,24.483665466308597,22.32999992370605,47.16999816894531,119.93000030517578,77.12999725341797,-0.17,2.42,111.0,2.68,2.33
2022-07-29,391.5393371582031,308.1897277832031,178.25875854492188,102.22604370117188,164.10000610351562,63.10464859008789,24.38883209228516,21.32999992370605,46.18999862670898,116.36000061035156,78.05000305175781,-0.22,2.36,130.23,2.67,2.32
2022-08-01,390.3798828125,308.0041198730469,178.19212341308594,104.68799591064452,165.02999877929688,63.12408828735352,24.294002532958984,22.84000015258789,49.970001220703125,120.5,75.12999725341797,-0.3,2.38,141.32,2.6,2.33
2022-08-02,387.8044128417969,307.0858459472656,178.02078247070312,102.47286224365234,164.0500030517578,62.83243560791016,24.44917869567871,23.93000030517578,52.77000045776367,129.22999572753906,75.93000030517578,-0.31,2.29,96.66,2.75,2.33
2022-08-03,393.8772583007813,315.44854736328125,180.6387176513672,104.08624267578124,164.4499969482422,63.38337326049805,24.51814842224121,21.950000762939453,50.119998931884766,122.04000091552734,73.52999877929688,-0.37,2.29,115.69,2.73,2.33
2022-08-04,393.6111450195313,316.9237976074219,180.2579345703125,104.05134582519533,167.1699981689453,63.55350112915039,24.36297035217285,21.440000534057617,55.13999938964844,120.56999969482422,71.52999877929688,-0.35,2.32,78.43,2.68,2.33
2022-08-05,392.9459228515625,314.3348693847656,181.63829040527344,101.57456970214844,165.2899932861328,63.22941970825195,24.569873809814453,21.149999618530277,48.7599983215332,122.58000183105467,71.54000091552734,-0.41,2.29,107.43,2.83,2.33
2022-08-08,392.4897155761719,313.3186950683594,183.56130981445312,103.21412658691406,166.69000244140625,63.28611373901367,24.535388946533203,21.290000915527344,46.400001525878906,124.12000274658205,73.54000091552734,-0.44,2.26,227.88,2.77,2.33
2022-08-09,390.9311828613281,309.7724914550781,181.0575714111328,102.81295013427734,167.1999969482422,62.81622695922852,24.5095272064209,21.770000457763672,46.22999954223633,125.12000274658205,73.44999694824219,-0.48,2.26,189.05,2.8,2.33
2022-08-10,399.1422424316406,318.4184875488281,186.226806640625,102.14147186279295,166.77999877929688,63.75607299804688,24.242277145385746,19.739999771118164,46.560001373291016,115.26000213623048,74.31999969482422,-0.45,2.29,84.3,2.78,2.33
2022-08-11,399.1422424316406,316.61114501953125,186.9217987060547,99.7605972290039,166.33999633789062,63.39146041870117,24.25951766967773,20.200000762939453,45.369998931884766,111.11000061035156,76.27999877929688,-0.36,2.29,99.36,2.87,2.33
2022-08-12,405.8992919921875,322.7757263183594,190.7392578125,100.77222442626952,167.8699951171875,63.9586067199707,24.354347229003903,19.530000686645508,44.0,106.27999877929688,74.9800033569336,-0.41,2.27,48.55,2.84,2.33
2022-08-15,407.5719604492188,325.3842163085937,191.41519165039065,100.68505859375,165.7100067138672,63.8452033996582,24.569873809814453,19.950000762939453,46.630001068115234,113.81999969482422,72.87999725341797,-0.41,2.27,145.63,2.79,2.33
2022-08-16,408.3702697753906,324.6221008300781,191.33897399902344,101.1036376953125,165.4199981689453,63.54541778564453,24.561254501342773,19.690000534057617,50.25,116.83000183105467,71.23999786376953,-0.43,2.27,103.94,2.82,2.33
2022-08-17,405.4716491699219,320.9194641113281,188.12127685546875,100.0483856201172,164.35000610351562,62.889137268066406,24.595739364624023,19.899999618530277,51.54999923706055,117.6999969482422,72.05000305175781,-0.39,2.24,75.77,2.89,2.33
2022-08-18,406.650146484375,321.6912841796875,189.36837768554688,100.19661712646484,163.9199981689453,62.98633575439453,24.785400390625,19.559999465942383,47.40999984741211,120.26000213623048,74.20999908447266,-0.34,2.24,92.67,2.88,2.33
2022-08-19,401.185546875,315.419189453125,185.30343627929688,98.58324432373048,162.72000122070312,62.34629821777344,24.940576553344727,20.600000381469727,50.34000015258789,123.80999755859376,74.05999755859375,-0.27,2.25,98.49,2.98,2.33
2022-08-22,392.8318481445313,307.1151428222656,181.4859619140625,98.25181579589844,161.63999938964844,61.64141845703125,25.14748191833496,23.799999237060547,50.63999938964844,135.88999938964844,74.68000030517578,-0.29,2.24,169.02,3.03,2.33
2022-08-23,391.881591796875,306.86114501953125,181.7810821533203,97.7111587524414,162.77000427246094,61.79534912109375,25.04403114318848,24.11000061035156,47.34999847412109,133.85000610351562,76.83000183105469,-0.24,2.24,93.31,3.05,2.33
2022-08-24,393.135986328125,307.7501220703125,183.1709747314453,96.99601745605467,163.25,61.8682746887207,25.06126976013184,22.81999969482422,48.33000183105469,133.1300048828125,78.04000091552734,-0.25,2.23,137.29,3.11,2.33
2022-08-25,398.6860961914063,313.1918029785156,186.01742553710935,98.34776306152344,163.75,62.45161056518555,25.01816749572754,21.780000686645508,48.77999877929688,126.33000183105467,76.5,-0.32,2.21,66.37,3.03,2.33
2022-08-26,385.19091796875,300.3545837402344,179.90570068359375,99.08908081054688,161.75999450683594,61.422637939453125,25.11299705505371,25.559999465942383,47.08000183105469,122.9499969482422,75.8499984741211,-0.33,2.19,121.88,3.04,2.33
2022-08-29,382.64398193359375,297.3944396972656,178.24923706054688,98.26925659179688,161.86000061035156,61.18767929077149,25.121618270874023,26.209999084472656,47.72999954223633,130.13999938964844,78.69000244140625,-0.3,2.19,97.52,3.12,2.33
2022-08-30,378.443359375,294.0825500488281,175.7550506591797,98.51343536376952,160.50999450683594,60.717735290527344,25.11299705505371,26.209999084472656,49.7400016784668,127.69000244140624,75.47000122070312,-0.35,2.17,83.23,3.11,2.33
2022-08-31,375.5638427734375,292.3729248046875,174.68882751464844,97.57159423828124,159.27000427246094,60.385555267333984,25.09575653076172,25.8700008392334,52.11000061035156,124.83999633789062,73.11000061035156,-0.3,2.18,126.46,3.15,2.33
2022-09-01,376.74224853515625,292.4999389648437,172.7848663330078,95.78520965576172,157.8699951171875,60.54515075683594,25.319902420043945,25.559999465942383,53.900001525878906,126.58000183105467,70.94999694824219,-0.25,2.22,75.93,3.26,2.33
2022-09-02,372.7697143554688,288.3674011230469,171.44256591796875,96.32707214355467,159.25999450683594,60.50441360473633,25.328523635864254,25.46999931335449,53.900001525878906,120.72000122070312,71.43000030517578,-0.2,2.24,65.23,3.2,2.33
2022-09-06,371.3631896972656,286.2962951660156,169.74803161621094,93.9412078857422,158.3300018310547,60.34158706665039,25.475078582763672,26.90999984741211,50.0,133.5399932861328,71.41999816894531,-0.17,2.27,91.55,3.33,2.33
2022-09-07,378.0347290039063,292.07977294921875,173.44171142578125,95.42691802978516,159.94000244140625,61.21280288696289,25.294038772583008,24.63999938964844,53.31999969482422,133.1199951171875,67.62000274658203,-0.18,2.24,87.66,3.27,2.33
2022-09-08,380.5057067871094,293.59405517578125,174.88873291015625,94.44808959960938,158.97999572753906,61.48149108886719,25.34576416015625,23.61000061035156,51.290000915527344,124.13999938964844,68.08999633789062,-0.19,2.25,47.62,3.29,2.33
2022-09-09,386.4169006347656,300.0126953125,178.40155029296875,94.65782928466795,159.82000732421875,61.72576141357422,25.164722442626957,22.790000915527344,48.84000015258789,121.54000091552734,71.0999984741211,-0.23,2.2,66.03,3.33,2.33
2022-09-12,390.5700073242188,303.5785827636719,180.5625762939453,93.87998962402344,160.6300048828125,61.91303634643555,25.035409927368164,23.8700008392334,44.150001525878906,123.06999969482422,72.37000274658203,-0.21,2.2,162.37,3.37,2.33
2022-09-13,373.5870666503906,286.93133544921875,173.49887084960938,94.0985107421875,158.5399932861328,60.50441360473633,25.380250930786133,27.270000457763672,44.810001373291016,128.8699951171875,72.01000213623047,-0.33,2.18,95.35,3.42,2.33
2022-09-14,375.0125732421875,289.2075500488281,174.17474365234375,94.42188262939452,157.92999267578125,60.5939826965332,25.328523635864254,26.15999984741211,45.619998931884766,125.3499984741211,72.7300033569336,-0.37,2.15,116.73,3.41,2.33
2022-09-15,370.75494384765625,284.3912048339844,172.90863037109375,94.36067962646484,154.97999572753906,60.21131896972656,25.34576416015625,26.270000457763672,46.630001068115234,124.06999969482422,69.76000213623047,-0.42,2.12,118.58,3.45,2.33
2022-09-16,367.9264831542969,282.6521911621094,170.39541625976562,93.57415008544922,155.83999633789062,60.41486740112305,25.34576416015625,26.299999237060547,47.43999862670898,124.9499969482422,69.9000015258789,-0.4,2.18,123.3,3.45,2.33
2022-09-19,370.7797546386719,284.8533020019531,171.85191345214844,93.7926254272461,155.9600067138672,60.64287185668945,25.328523635864254,25.76000022888184,46.75,133.7899932861328,70.05000305175781,-0.46,2.15,65.09,3.49,2.33
2022-09-20,366.5238037109375,282.5827331542969,169.5100555419922,92.85749816894533,155.07000732421875,60.0240592956543,25.44921875,27.15999984741211,48.22999954223633,134.66000366210938,69.22000122070312,-0.39,2.13,78.61,3.57,2.33
2022-09-21,360.1302185058594,277.5228271484375,166.92063903808594,94.41313934326172,155.7899932861328,59.84491729736328,25.69922637939453,27.989999771118164,48.650001525878906,130.5399932861328,68.68000030517578,-0.51,2.12,70.88,3.51,2.33
2022-09-22,357.105224609375,274.1071472167969,163.16029357910156,92.0009994506836,155.6999969482422,59.48664474487305,25.73371124267578,27.350000381469727,47.09999847412109,131.92999267578125,68.97000122070312,-0.41,2.08,139.2,3.7,3.08
2022-09-23,351.1219177246094,269.6441955566406,159.27621459960938,92.37679290771484,153.00999450683594,58.72944259643555,26.138896942138672,29.920000076293945,50.81999969482422,137.27999877929688,65.31999969482422,-0.51,2.09,133.87,3.69,3.08
2022-09-26,347.6484375,268.52838134765625,157.09544372558594,90.6114273071289,151.22999572753906,58.03736877441406,26.43201065063477,32.2599983215332,56.68000030517578,153.61000061035156,63.20000076293945,-0.39,2.01,85.96,3.88,3.08
2022-09-27,346.7608947753906,268.6361694335937,157.6313018798828,88.22553253173828,151.5399932861328,57.91523361206055,26.44063186645508,32.599998474121094,55.88999938964844,158.1199951171875,64.41999816894531,-0.33,2.08,194.98,3.97,3.08
2022-09-28,353.5839233398437,273.9798889160156,162.6168212890625,91.17950439453124,154.69000244140625,58.94929885864258,26.095792770385746,30.18000030517578,55.02000045776367,158.99000549316406,67.12999725341797,-0.35,2.25,155.79,3.72,3.08
2022-09-29,346.19781494140625,266.0816955566406,158.97097778320312,90.7075653076172,154.66000366210938,58.39561080932617,25.992340087890625,31.84000015258789,54.40999984741211,148.13999938964844,66.7699966430664,-0.4,2.27,93.12,3.76,3.08
2022-09-30,340.8444519042969,261.5697937011719,157.81312561035156,89.53646087646484,154.6699981689453,58.126914978027344,25.992340087890625,31.6200008392334,55.68999862670898,141.88999938964844,65.27999877929688,-0.39,2.24,192.84,3.83,3.08
2022-10-03,349.8431701660156,267.70635986328125,161.9948272705078,90.95916748046876,158.42999267578125,58.88869857788086,25.87164688110352,30.100000381469727,56.2400016784668,152.94000244140625,67.88999938964844,-0.45,2.29,146.03,3.67,3.08
2022-10-04,360.68365478515625,276.12322998046875,168.4156494140625,90.7051010131836,160.6999969482422,60.156959533691406,25.518186569213867,29.06999969482422,59.5099983215332,151.2100067138672,70.27999877929688,-0.48,2.27,148.79,3.62,3.08
2022-10-05,359.8439025878906,275.9764404296875,167.17169189453125,89.83783721923828,159.80999755859375,59.919715881347656,25.75957298278809,28.549999237060547,54.20000076293945,152.00999450683594,71.94000244140625,-0.39,2.22,153.24,3.76,3.08
2022-10-06,356.1318054199219,273.8036804199219,166.23390197753906,89.33845520019531,159.6300048828125,59.73968124389648,26.01820182800293,30.520000457763672,53.38999938964844,153.2899932861328,72.98999786376953,-0.4,2.16,168.97,3.83,3.08
2022-10-07,346.19781494140625,263.3706970214844,161.34408569335938,88.47119903564453,157.8800048828125,59.011451721191406,26.12165641784668,31.36000061035156,53.63999938964844,148.4600067138672,75.0999984741211,-0.41,2.17,139.82,3.89,3.08
2022-10-10,343.5545959472656,260.73797607421875,160.44459533691406,87.09581756591797,155.47999572753906,58.291385650634766,26.23373031616211,32.45000076293945,51.41999816894531,148.4600067138672,73.77999877929688,-0.37,2.23,181.4,3.93,3.08
2022-10-11,341.3788757324219,257.15582275390625,160.492431640625,87.48126983642578,155.16000366210938,58.47139358520508,26.2509708404541,33.630001068115234,51.91999816894531,155.57000732421875,71.75,-0.37,2.23,155.85,3.93,3.08
2022-10-12,340.2527770996094,257.0677490234375,160.05226135253906,87.91055297851562,155.99000549316406,58.56958770751953,26.2509708404541,33.56999969482422,51.52000045776367,160.72000122070312,70.93000030517578,-0.37,2.27,186.85,3.91,3.08
2022-10-13,349.2324523925781,263.0966186523437,164.01385498046875,87.06954193115234,154.91000366210938,58.70051193237305,26.07855224609375,31.940000534057617,50.52000045776367,155.0800018310547,72.5199966430664,-0.5,2.28,169.02,3.97,3.08
2022-10-14,341.2738647460937,255.1886749267578,159.62167358398438,86.35118103027344,152.97999572753906,58.51232147216797,26.25959014892578,32.02000045776367,50.29999923706055,152.88999938964844,70.16999816894531,-0.48,2.28,180.93,4.0,3.08
2022-10-17,350.0435791015625,263.6153869628906,164.71240234375,85.93069458007812,153.4199981689453,59.23235321044922,25.992340087890625,31.3700008392334,50.27000045776367,150.4199981689453,70.12999725341797,-0.43,2.28,129.16,4.02,3.08
2022-10-18,354.1564636230469,265.699951171875,166.66448974609375,86.1321792602539,153.75,59.64967346191406,25.97509765625,30.5,49.119998931884766,145.7899932861328,68.69999694824219,-0.42,2.28,73.35,4.01,3.08
2022-10-19,351.64666748046875,264.7311096191406,163.8320770263672,84.56405639648438,151.69000244140625,59.076904296875,26.16476058959961,30.76000022888184,47.77999877929688,147.72999572753906,70.04000091552734,-0.41,2.25,70.66,4.14,3.08
2022-10-20,348.6980285644531,263.3804931640625,161.74600219726562,83.11859893798828,151.4499969482422,58.74960708618164,26.182003021240234,29.979999542236328,47.97999954223633,155.61000061035156,70.18000030517578,-0.38,2.24,78.35,4.24,3.08
2022-10-21,357.1719665527344,269.55615234375,165.25787353515625,81.62059020996094,154.14999389648438,59.31420516967773,25.95785522460937,29.690000534057617,47.18999862670898,156.9499969482422,70.56999969482422,-0.28,2.36,107.34,4.21,3.08
2022-10-24,361.5425109863281,272.52154541015625,165.96597290039062,80.94603729248047,153.64999389648438,59.35508346557617,25.983718872070312,29.850000381469727,47.77999877929688,154.02000427246094,70.37999725341797,-0.25,2.34,168.29,4.25,3.08
2022-10-25,367.3157958984375,278.158935546875,170.49212646484375,83.30255126953125,154.0,59.9278678894043,25.69922637939453,28.459999084472656,47.29999923706055,147.77999877929688,70.61000061035156,-0.32,2.37,104.95,4.1,3.08
2022-10-26,364.5484313964844,272.0126647949219,171.33419799804688,84.50273132324219,154.97999572753906,60.09152221679688,25.431974411010746,27.280000686645508,48.58000183105469,140.1999969482422,72.97000122070312,-0.35,2.33,84.81,4.04,3.08
2022-10-27,362.6017456054688,267.0604248046875,171.3724822998047,85.38756561279297,154.74000549316406,60.53336715698242,25.630258560180664,27.38999938964844,49.02000045776367,142.77999877929688,73.62000274658203,-0.34,2.34,150.79,3.96,3.08
2022-10-28,371.228271484375,275.23260498046875,175.26712036132812,84.80059814453125,153.16000366210938,60.999755859375,25.673364639282227,25.75,47.810001373291016,144.60000610351562,72.81999969482422,-0.39,2.3,204.29,4.02,3.08
2022-10-31,368.5467834472656,272.03228759765625,175.42974853515625,84.19611358642578,151.91000366210938,60.08333969116211,25.88888931274414,25.8799991607666,47.40999984741211,147.9199981689453,71.52999877929688,-0.41,2.28,161.13,4.1,3.08
2022-11-01,366.9340515136719,269.25274658203125,175.6690216064453,84.98299407958984,153.4600067138672,60.4447135925293,25.880268096923828,25.809999465942383,47.040000915527344,148.4199981689453,73.12000274658203,-0.47,2.22,127.48,4.07,3.08
2022-11-02,357.7254638671875,260.02349853515625,169.84144592285156,84.6141357421875,152.38999938964844,59.89442443847656,25.992340087890625,25.86000061035156,47.75,141.1699981689453,74.08000183105469,-0.51,2.18,98.2,4.1,3.08
2022-11-03,354.0419616699219,254.9439239501953,168.7027130126953,84.15748596191406,151.80999755859375,59.46731948852539,26.20786476135254,25.299999237060547,46.470001220703125,136.27999877929688,73.29000091552734,-0.57,2.19,140.73,4.14,3.83
2022-11-04,359.13775634765625,259.0447692871094,170.9801788330078,82.74359130859375,156.47000122070312,59.87799453735352,25.71646881103516,24.549999237060547,47.5,128.44000244140625,76.81999969482422,-0.49,2.22,122.07,4.17,3.83
2022-11-07,362.5731201171875,261.8928527832031,171.75526428222656,81.91808319091797,155.85000610351562,59.86978912353516,25.56991004943848,24.350000381469727,45.11000061035156,128.3300018310547,76.55999755859375,-0.5,2.22,245.52,4.22,3.83
2022-11-08,364.5293273925781,263.80126953125,171.8222198486328,82.81385803222656,159.4499969482422,59.81229019165039,25.45783805847168,25.540000915527344,45.040000915527344,126.33000183105467,74.47000122070312,-0.53,2.23,123.6,4.14,3.83
2022-11-09,357.0191650390625,257.7137451171875,167.1046905517578,83.0860824584961,158.64999389648438,59.09770202636719,25.647499084472656,26.09000015258789,45.380001068115234,124.4000015258789,71.66999816894531,-0.49,2.33,146.6,4.12,3.83
2022-11-10,376.6389770507813,276.7299499511719,177.39144897460938,86.28273010253906,163.47999572753906,60.93757247924805,25.06126976013184,23.530000686645508,43.47999954223633,111.69000244140624,72.23999786376953,-0.52,2.36,119.57,3.82,3.83
2022-11-11,380.2842102050781,281.8291015625,178.84593200683594,85.966552734375,164.55999755859375,61.15110778808594,24.699188232421875,22.520000457763672,42.060001373291016,111.69000244140624,74.37999725341797,-0.52,2.27,183.98,3.88,3.83
2022-11-14,377.04931640625,279.36279296875,176.8459930419922,85.75581359863281,164.9199981689453,60.69937133789063,24.811262130737305,23.729999542236328,44.41999816894531,119.98999786376952,71.91000366210938,-0.52,2.27,215.52,3.88,3.83
2022-11-15,380.2651062011719,283.2287292480469,179.46791076660156,87.14334869384766,165.5,61.23324966430664,24.72505187988281,24.540000915527344,46.720001220703125,128.6199951171875,73.25,-0.57,2.23,95.09,3.8,3.83
2022-11-16,377.36419677734375,279.36279296875,176.3101348876953,89.04906463623047,165.1199951171875,61.101829528808594,24.673328399658203,24.11000061035156,45.119998931884766,130.8300018310547,72.04000091552734,-0.68,2.24,107.83,3.67,3.83
2022-11-17,376.2095642089844,278.7461853027344,174.67381286621094,88.10938262939453,163.9199981689453,60.83900451660156,24.768156051635746,23.93000030517578,45.34000015258789,132.17999267578125,70.13999938964844,-0.66,2.18,91.22,3.77,3.83
2022-11-18,377.9176635742188,278.75592041015625,175.80296325683594,87.50343322753906,162.7899932861328,60.97042083740234,24.83712387084961,23.1200008392334,45.93000030517578,129.3300018310547,69.02999877929688,-0.69,2.13,133.39,3.82,3.83
2022-11-21,376.5435180664063,275.88836669921875,174.88430786132812,87.87224578857422,161.8800048828125,60.94577026367188,25.052648544311523,22.36000061035156,47.11000061035156,132.1300048828125,69.02999877929688,-0.65,2.08,122.23,3.83,3.83
2022-11-22,381.6106567382813,279.8619384765625,176.75030517578125,89.11931610107422,162.07000732421875,61.38930892944336,24.8974723815918,21.290000915527344,46.29999923706055,133.52999877929688,69.9800033569336,-0.71,2.07,125.51,3.76,3.83
2022-11-23,384.0154724121094,282.6707763671875,177.20962524414062,90.6737060546875,163.0800018310547,61.73428726196289,24.63884162902832,20.350000381469727,51.560001373291016,136.1999969482422,67.41000366210938,-0.75,2.02,183.38,3.71,3.83
2022-11-25,383.9295654296875,280.81121826171875,177.58282470703125,90.36631774902344,163.22000122070312,61.611087799072266,24.63884162902832,20.5,50.15999984741211,129.60000610351562,66.95999908447266,-0.74,2.06,189.26,3.68,3.83
2022-11-28,377.80316162109375,276.6908569335937,174.00399780273438,90.6209945678711,161.92999267578125,60.96221160888672,24.819883346557617,22.209999084472656,50.52999877929688,131.72999572753906,66.87999725341797,-0.77,2.05,183.05,3.69,3.83
2022-11-29,377.1542663574219,274.596435546875,174.51113891601562,89.5583724975586,162.72999572753906,61.22503662109375,24.86298942565918,21.88999938964844,47.90999984741211,131.22999572753906,68.33999633789062,-0.73,2.06,90.52,3.75,3.83
2022-11-30,389.0348510742188,287.1141052246094,179.29566955566406,90.2170181274414,164.80999755859375,62.144981384277344,24.664705276489254,20.57999992370605,46.150001525878906,127.2699966430664,70.2300033569336,-0.7,2.15,89.9,3.68,3.83
2022-12-01,388.7486572265625,287.4665222167969,178.90335083007812,93.09911346435548,167.83999633789062,62.3751335144043,24.36297035217285,19.84000015258789,45.61000061035156,119.7699966430664,70.44999694824219,-0.72,2.09,177.11,3.53,3.83
2022-12-02,388.3001098632813,286.3213195800781,179.94638061523438,94.2698745727539,167.25999450683594,62.32563018798828,24.337106704711918,19.059999465942383,45.7599983215332,118.62000274658205,69.83999633789062,-0.77,2.03,48.03,3.51,3.83
2022-12-05,381.3148498535156,281.5158996582031,174.98959350585938,92.94945526123048,164.38999938964844,61.73173522949219,24.535388946533203,20.75,45.40999984741211,126.5,67.72000122070312,-0.81,1.99,187.14,3.6,3.83
2022-12-06,375.81829833984375,275.68280029296875,172.31024169921875,94.14663696289062,164.83999633789062,61.5090217590332,24.55263328552246,22.170000076293945,46.36000061035156,129.08999633789062,65.2300033569336,-0.83,1.97,105.68,3.51,3.83
2022-12-07,375.1789245605469,274.5572814941406,171.8031005859375,96.36495208740234,166.3300018310547,61.84720230102539,24.47504234313965,22.68000030517578,47.90999984741211,131.10000610351562,63.650001525878906,-0.84,1.95,151.37,3.42,3.83
2022-12-08,378.11810302734375,277.8066711425781,173.04705810546875,96.1008529663086,166.47000122070312,61.89672088623047,24.39745140075684,22.290000915527344,47.16999816894531,129.5399932861328,62.709999084472656,-0.83,1.91,81.81,3.48,3.83
2022-12-09,375.29345703125,276.03515625,170.92269897460938,93.60086822509766,167.05999755859375,61.89672088623047,24.44917869567871,22.82999992370605,46.93000030517578,132.7899932861328,62.84999847412109,-0.76,1.9,114.31,3.57,3.83
2022-12-12,380.70416259765625,279.4997253417969,172.9322509765625,93.90013885498048,165.67999267578125,62.13591003417969,24.466421127319336,25.0,44.9900016784668,141.92999267578125,64.41000366210938,-0.78,1.88,169.7,3.61,3.83
2022-12-13,383.5860290527344,282.50445556640625,174.3646240234375,94.8068389892578,168.50999450683594,62.77928924560547,24.250896453857425,22.549999237060547,43.369998931884766,135.0800018310547,65.86000061035156,-0.71,1.91,122.35,3.51,3.83
2022-12-14,381.1335144042969,280.4100341796875,173.2206268310547,95.21178436279295,168.10000610351562,62.42459487915039,24.138824462890625,21.13999938964844,41.81999969482422,120.26000213623048,67.36000061035156,-0.74,1.95,120.9,3.49,3.83
2022-12-15,371.8103942871094,270.994873046875,168.88507080078125,95.58328247070312,165.35000610351562,62.18913269042969,24.36297035217285,22.82999992370605,43.70000076293945,111.26000213623048,66.1500015258789,-0.79,1.97,114.95,3.44,4.33
2022-12-16,367.4207153320313,268.4110412597656,167.62576293945312,94.51555633544922,166.7899932861328,61.85744094848633,24.40607452392578,22.6200008392334,42.290000915527344,113.6500015258789,64.9000015258789,-0.69,1.98,99.07,3.48,4.33
2022-12-19,364.3050842285156,264.6388854980469,165.35704040527344,92.9272003173828,166.32000732421875,61.54235076904297,24.41216278076172,22.420000076293945,42.470001220703125,118.31999969482422,66.06999969482422,-0.68,1.98,87.27,3.57,4.33
2022-12-20,364.8036193847656,264.4328308105469,166.23182678222656,91.27709197998048,169.0800018310547,61.384796142578125,24.246919631958008,21.479999542236328,41.790000915527344,119.91999816894533,66.22000122070312,-0.56,1.99,72.84,3.69,4.33
2022-12-21,370.25830078125,268.2687683105469,169.09657287597656,91.50653076171876,168.8000030517578,61.9072151184082,24.30780029296875,20.06999969482422,41.18000030517578,115.0,68.05999755859375,-0.53,2.01,147.63,3.68,4.33
2022-12-22,364.9761962890625,261.7055358886719,166.885498046875,91.48887634277344,166.75999450683594,61.52575302124024,24.342588424682617,21.96999931335449,41.79999923706055,112.0500030517578,67.69999694824219,-0.57,1.99,98.69,3.67,4.33
2022-12-23,367.0755920410156,262.29412841796875,167.64492797851562,90.14763641357422,167.25999450683594,61.68328857421875,24.33388900756836,20.8700008392334,41.209999084472656,113.16999816894533,69.31999969482422,-0.56,2.0,84.14,3.75,4.33
2022-12-27,365.6280822753906,258.58575439453125,166.52020263671875,88.3651351928711,168.6699981689453,61.04485702514648,24.32519149780273,21.649999618530277,43.5,124.88999938964844,69.52999877929688,-0.48,2.02,69.63,3.84,4.33
2022-12-28,361.0840759277344,255.17176818847656,163.9342498779297,87.8445053100586,167.91000366210938,60.22394180297852,24.41216278076172,22.13999938964844,43.95000076293945,120.06999969482422,68.58000183105469,-0.43,2.01,85.9,3.88,4.33
2022-12-29,367.5837097167969,261.3915405273437,168.087158203125,88.84162902832031,168.85000610351562,61.00337600708008,24.264314651489254,21.440000534057617,42.59999847412109,120.25,68.52999877929688,-0.51,2.01,123.69,3.83,4.33
2022-12-30,366.6154479980469,261.234619140625,167.61611938476562,87.85332489013672,169.63999938964844,61.05311584472656,24.1860408782959,21.670000076293945,41.2599983215332,121.61000061035156,70.11000061035156,-0.53,1.99,199.3,3.88,4.33
2023-01-03,365.0720520019531,259.4686889648437,166.69325256347656,89.52989959716797,171.05999755859375,61.16921615600586,24.446949005126957,22.899999618530277,44.13999938964844,129.97000122070312,67.63999938964844,-0.61,2.03,117.51,3.79,4.33
2023-01-04,367.8904724121094,260.7048034667969,168.76968383789062,90.75646209716795,172.6699981689453,61.8740234375,24.3599796295166,22.01000022888184,45.83000183105469,125.77999877929688,64.30000305175781,-0.67,2.07,114.2,3.69,4.33
2023-01-05,363.6915893554688,256.6236267089844,166.96241760253906,91.1358871459961,170.52000427246094,61.74964904785156,24.586101531982425,22.459999084472656,43.93000030517578,119.52999877929688,64.77999877929688,-0.74,2.03,176.01,3.71,4.33
2023-01-06,372.0318603515625,263.70684814453125,170.7115936279297,92.81250762939452,173.7100067138672,62.62858963012695,24.264314651489254,21.1299991607666,42.93999862670898,113.87000274658205,64.83000183105469,-0.69,2.07,158.88,3.55,4.33
2023-01-09,371.8208923339844,265.4139404296875,170.99998474121094,93.30664825439452,174.10000610351562,62.85247039794922,24.11646842956543,21.96999931335449,42.75,116.66999816894533,65.87999725341797,-0.66,2.02,152.46,3.53,4.33
2023-01-10,374.4284362792969,267.66046142578125,173.5282745361328,91.7624282836914,174.74000549316406,62.77783966064453,24.133861541748047,20.57999992370605,41.59999847412109,119.5199966430664,65.9000015258789,-0.63,2.02,386.4,3.61,4.33
2023-01-11,379.1641845703125,272.2911071777344,175.69122314453125,93.2537078857422,174.6199951171875,63.192420959472656,24.133861541748047,21.09000015258789,41.18999862670898,115.16999816894533,68.05000305175781,-0.66,1.99,363.54,3.54,4.33
2023-01-12,380.5446472167969,273.7626647949219,178.6425018310547,95.0891342163086,176.63999938964844,63.54896926879883,23.899045944213867,18.82999992370605,39.27999877929688,112.33999633789062,68.61000061035156,-0.69,1.97,189.12,3.43,4.33
2023-01-13,382.0209045410156,275.6462707519531,179.8153076171875,94.19791412353516,178.75999450683594,63.54896926879883,23.89034843444824,18.350000381469727,38.18999862670898,113.5500030517578,70.05000305175781,-0.73,1.95,141.9,3.49,4.33
2023-01-17,381.3211669921875,276.2054443359375,179.59422302246094,93.5890121459961,177.58999633789062,63.33339691162109,23.959924697875977,19.36000061035156,40.09999847412109,122.2699966430664,70.86000061035156,-0.65,1.91,73.48,3.53,4.33
2023-01-18,375.30084228515625,272.6148376464844,176.6909942626953,95.8568115234375,177.0800018310547,63.40802764892578,23.959924697875977,20.34000015258789,39.25,112.61000061035156,69.51000213623047,-0.69,1.96,310.22,3.37,4.33
2023-01-19,372.5686645507813,269.9365234375,174.99908447265625,95.2567901611328,179.88999938964844,63.03489303588867,23.899045944213867,20.520000457763672,39.02000045776367,114.52999877929688,70.58999633789062,-0.7,1.99,106.09,3.39,4.33
2023-01-20,379.50927734375,277.3238525390625,177.88302612304688,93.71257781982422,179.2899932861328,63.1592903137207,23.864259719848636,19.850000381469727,37.810001373291016,114.76000213623048,71.55000305175781,-0.66,1.98,119.89,3.48,4.33
2023-01-23,384.0628356933594,283.48486328125,180.08447265625,93.27134704589844,179.6300048828125,63.150970458984375,23.899045944213867,19.809999465942383,37.29999923706055,114.69000244140624,71.5,-0.69,1.96,326.16,3.52,4.33
2023-01-24,383.6506652832031,282.90606689453125,179.69993591308594,94.61265563964844,180.27999877929688,63.192420959472656,23.872955322265625,19.200000762939453,38.2599983215332,112.76000213623048,70.22000122070312,-0.66,1.94,123.28,3.46,4.33
2023-01-25,383.7944641113281,282.2781982421875,180.1998291015625,94.84205627441406,181.1100006103516,63.18414688110352,23.7946834564209,19.07999992370605,38.540000915527344,107.73999786376952,70.51000213623047,-0.65,1.96,113.38,3.46,4.33
2023-01-26,388.0124816894531,287.7819519042969,181.2668914794922,94.40086364746094,179.47000122070312,63.3416862487793,23.855562210083008,18.729999542236328,38.119998931884766,104.27999877929688,70.93000030517578,-0.68,1.91,72.53,3.49,4.33
2023-01-27,388.9039916992188,290.6465148925781,182.2474670410156,94.16259765625,179.22000122070312,63.150970458984375,23.89034843444824,18.51000022888184,38.59999847412109,100.6999969482422,69.5,-0.67,1.88,110.89,3.52,4.33
2023-01-30,384.02447509765625,284.7700500488281,179.70957946777344,93.81843566894533,178.75999450683594,62.802711486816406,23.977317810058597,19.940000534057617,40.18000030517578,103.7699966430664,68.0999984741211,-0.7,1.87,190.98,3.55,4.33
2023-01-31,389.67095947265625,289.0376281738281,184.073974609375,94.5685043334961,179.41000366210938,63.291969299316406,23.925138473510746,19.399999618530277,38.54999923706055,99.54000091552734,69.31999969482422,-0.69,1.9,158.19,3.52,4.33
2023-02-01,393.8122863769531,295.21826171875,186.9675445556641,95.705322265625,181.6699981689453,63.95682907104492,23.69901657104492,17.8700008392334,37.9900016784668,97.33000183105467,67.36000061035156,-0.7,1.91,137.21,3.39,4.33
2023-02-02,399.5450134277344,305.8136901855469,190.6493988037109,95.82918548583984,177.89999389648438,64.32344055175781,23.855562210083008,18.729999542236328,38.4900016784668,97.76000213623048,66.56999969482422,-0.69,1.88,116.99,3.4,4.58
2023-02-03,395.2981567382813,300.3786315917969,189.370849609375,94.39599609375,173.4600067138672,63.64854431152344,24.168651580810547,18.32999992370605,39.47999954223633,98.98999786376952,64.4000015258789,-0.77,1.83,115.81,3.53,4.58
2023-02-06,392.8823852539063,297.8377380371094,186.63108825683597,93.69709014892578,173.82000732421875,63.240272521972656,24.30780029296875,19.43000030517578,38.91999816894531,105.62999725341795,65.5,-0.81,1.77,219.03,3.63,4.58
2023-02-07,398.0207824707031,304.00848388671875,188.015380859375,92.9450912475586,173.97999572753906,63.46526336669922,24.264314651489254,18.65999984741211,37.310001373291016,103.1500015258789,67.76000213623047,-0.8,1.78,190.34,3.67,4.58
2023-02-08,393.6684875488281,298.6029052734375,185.2660217285156,93.3874282836914,174.41000366210938,63.19860458374024,24.290407180786133,19.6299991607666,37.02000045776367,100.75,68.68000030517578,-0.82,1.83,139.63,3.63,4.58
2023-02-09,390.2556457519531,295.9638671875,182.5839080810547,92.50273895263672,173.02999877929688,62.79034423828125,24.255617141723636,20.709999084472656,35.75,102.4499969482422,67.91999816894531,-0.81,1.84,129.06,3.67,4.57
2023-02-10,391.1664123535156,294.0214233398437,182.94918823242188,91.46768951416016,173.36000061035156,62.30709838867188,24.33388900756836,20.530000686645508,35.88999938964844,109.62999725341795,69.87000274658203,-0.76,1.85,99.82,3.74,4.58
2023-02-13,395.7583618164063,298.7304077148437,185.15061950683597,92.23737335205078,172.47999572753906,62.46539688110352,24.264314651489254,20.34000015258789,37.77000045776367,110.66999816894533,69.5,-0.8,1.84,70.05,3.72,4.58
2023-02-14,395.5762023925781,300.93780517578125,185.06414794921875,92.0250473022461,172.61000061035156,62.48204803466797,24.246919631958008,18.90999984741211,36.66999816894531,110.58999633789062,69.4000015258789,-0.83,1.81,105.73,3.77,4.58
2023-02-15,396.8608093261719,303.2432861328125,186.93869018554688,91.16690063476562,170.88999938964844,62.382080078125,24.41216278076172,18.229999542236328,35.70000076293945,108.63999938964844,69.0199966430664,-0.81,1.82,200.6,3.81,4.58
2023-02-16,391.3965148925781,297.5531921386719,185.15061950683597,89.87525177001953,170.75,61.88214111328125,24.446949005126957,20.170000076293945,35.029998779296875,111.01000213623048,68.44999694824219,-0.76,1.84,223.17,3.86,4.58
2023-02-17,390.4186706542969,295.4536437988281,185.66017150878903,90.57415008544922,171.25999450683594,62.12380599975586,24.429555892944336,20.020000457763672,36.040000915527344,110.11000061035156,67.0199966430664,-0.78,1.89,97.82,3.82,4.58
2023-02-21,382.5864868164063,288.4588317871094,180.1805877685547,88.81364440917969,170.6199951171875,61.16560745239258,24.507827758789062,22.8700008392334,37.04999923706055,119.62000274658205,66.69000244140625,-0.72,1.87,68.9,3.95,4.58
2023-02-22,382.0592651367188,288.6746520996094,180.6708984375,89.62753295898438,169.66000366210938,61.56552505493164,24.586101531982425,22.290000915527344,38.36000061035156,118.20999908447266,64.91999816894531,-0.73,1.85,140.33,3.93,4.58
2023-02-23,384.0916442871094,291.1959533691406,181.9590606689453,90.50337982177734,169.57000732421875,62.17377471923828,24.59479713439941,21.13999938964844,36.68999862670898,117.4499969482422,66.37999725341797,-0.78,1.86,188.33,3.88,4.58
2023-02-24,379.9886169433594,286.32012939453125,180.25750732421875,89.32675170898438,168.35000610351562,61.79883193969727,24.77743148803711,21.670000076293945,37.25,122.83999633789062,67.0999984741211,-0.83,1.86,82.35,3.95,4.58
2023-02-27,381.2827758789063,288.3705444335937,180.89198303222656,89.57447814941406,169.00999450683594,62.2154541015625,24.6469783782959,20.950000762939453,37.54999923706055,120.02999877929688,66.25,-0.86,1.87,130.62,3.92,4.57
2023-02-28,379.87353515625,287.9977111816406,180.90158081054688,89.98143005371094,169.77999877929688,62.09878540039063,24.716552734375,20.700000762939453,35.41999816894531,123.5999984741211,67.20999908447266,-0.89,1.9,88.38,3.92,4.57
2023-03-01,378.4164123535156,285.6824645996094,181.13229370117188,89.01473236083984,170.75999450683594,61.922733306884766,24.586101531982425,20.57999992370605,36.630001068115234,121.08000183105467,68.06999969482422,-0.88,1.84,79.33,4.01,4.58
2023-03-02,381.3594665527344,288.0467529296875,181.56491088867188,88.22540283203125,170.66000366210938,61.99819946289063,24.716552734375,19.59000015258789,35.61000061035156,124.12000274658205,68.30000305175781,-0.81,1.82,158.83,4.08,4.57
2023-03-03,387.47564697265625,294.00177001953125,184.09320068359372,90.36275482177734,172.49000549316406,62.63529586791992,24.620887756347656,18.489999771118164,35.20000076293945,122.5199966430664,69.86000061035156,-0.89,1.79,90.05,3.97,4.57
2023-03-06,387.74407958984375,294.33526611328125,181.4014892578125,89.662109375,171.6199951171875,62.63529586791992,24.586101531982425,18.61000061035156,33.029998779296875,128.19000244140625,70.48999786376953,-0.91,1.79,88.74,3.98,4.57
2023-03-07,381.8004150390625,290.7251281738281,179.2962188720703,90.2120132446289,168.6199951171875,62.191009521484375,24.890493392944336,19.59000015258789,33.7599983215332,133.3300018310547,67.8499984741211,-1.03,1.79,97.28,3.97,4.57
2023-03-08,382.4236450195313,292.1770324707031,179.3827362060547,90.30069732666016,168.5399932861328,61.89759063720703,24.88179588317871,19.11000061035156,33.38999938964844,129.75999450683594,67.0999984741211,-1.07,1.79,71.68,3.98,4.57
2023-03-09,375.367919921875,287.1147766113281,174.39344787597656,90.5224151611328,170.1999969482422,61.55390548706055,24.812219619750977,22.61000061035156,34.86000061035156,129.27999877929688,66.23999786376953,-0.97,1.85,99.01,3.93,4.57
2023-03-10,369.9516296386719,283.0826416015625,169.36573791503906,93.6441650390625,173.8699951171875,61.562286376953125,24.655675888061523,24.799999237060547,36.7599983215332,140.05999755859375,67.13999938964844,-0.9,1.96,167.33,3.7,4.57
2023-03-13,369.4242858886719,285.18212890625,166.60675048828125,93.85700988769533,177.86000061035156,61.22698593139648,24.429555892944336,26.520000457763672,38.130001068115234,173.58999633789062,65.25,-0.48,2.14,226.43,3.55,4.58
2023-03-14,375.5309143066406,291.73553466796875,169.69261169433594,92.3138656616211,176.8300018310547,61.6712760925293,24.429555892944336,23.729999542236328,47.40999984741211,169.64999389648438,62.93000030517578,-0.56,2.11,246.38,3.64,4.58
2023-03-15,373.1822509765625,293.26593017578125,166.8951416015625,94.09645080566406,178.2100067138672,61.47008895874024,24.69046211242676,26.13999938964844,49.77999877929688,169.64999389648438,60.02000045776367,-0.42,2.22,165.53,3.51,4.58
2023-03-16,379.7297973632813,300.9966735839844,169.17347717285156,93.36035919189452,178.57000732421875,61.8724479675293,24.66437149047852,22.989999771118164,48.650001525878906,167.9600067138672,60.04999923706055,-0.58,2.16,191.67,3.56,4.58
2023-03-17,375.2897033691406,299.5741577148437,164.60720825195312,94.76161193847656,183.7700042724609,61.50362396240234,24.525222778320312,25.51000022888184,51.47999954223633,180.11000061035156,58.65999984741211,-0.42,2.21,236.53,3.39,4.58
2023-03-20,378.8983459472656,300.6372985839844,166.74130249023438,93.9279556274414,183.83999633789065,61.3359603881836,24.38607215881348,24.149999618530277,51.13999938964844,182.63999938964844,59.790000915527344,-0.45,2.19,158.68,3.47,4.58
2023-03-21,383.87353515625,304.93115234375,169.8175506591797,93.12093353271484,180.3699951171875,62.006591796875,24.37737464904785,21.3799991607666,48.119998931884766,162.30999755859375,61.22999954223633,-0.58,2.11,102.69,3.59,4.58
2023-03-22,377.3297424316406,300.7846984863281,165.00132751464844,94.36253356933594,183.44000244140625,62.06523132324219,24.19474029541016,22.26000022888184,46.970001220703125,142.83999633789062,61.61000061035156,-0.48,2.16,215.3,3.48,4.58
2023-03-23,378.3497924804688,304.3514404296875,164.2689971923828,94.36253356933594,185.7400054931641,61.82213973999024,24.229530334472656,22.61000061035156,46.900001525878906,151.39999389648438,60.9900016784668,-0.38,2.26,190.0,3.38,4.83
2023-03-24,380.8325500488281,305.4715881347656,165.7548828125,94.76161193847656,183.6499938964844,61.69644165039063,24.37737464904785,21.739999771118164,48.36000061035156,173.66000366210938,60.959999084472656,-0.38,2.24,163.72,3.38,4.83
2023-03-27,381.5447082519531,303.3786926269531,167.59779357910156,92.53558349609376,181.9499969482422,61.54553985595703,24.29910087585449,20.600000381469727,45.40999984741211,161.6699981689453,64.1500015258789,-0.41,2.19,141.81,3.53,4.83
2023-03-28,380.6882629394531,301.7672424316406,167.3565673828125,92.7040786743164,183.44000244140625,61.51201248168945,24.212133407592773,19.96999931335449,44.310001373291016,155.9600067138672,64.55000305175781,-0.47,2.19,117.77,3.55,4.83
2023-03-29,386.2214965820313,307.2696533203125,169.25738525390625,92.51787567138672,182.52999877929688,62.28321075439453,24.273012161254883,19.1200008392334,43.33000183105469,150.5800018310547,64.1500015258789,-0.51,2.15,127.01,3.57,4.83
2023-03-30,388.4829711914063,310.1781005859375,169.02578735351562,92.94356536865234,184.17999267578125,62.65202331542969,24.15995407104492,19.020000457763672,42.02000045776367,141.24000549316406,65.31999969482422,-0.55,2.11,82.78,3.55,4.83
2023-03-31,393.95843505859375,315.3365783691406,172.13267517089844,94.3359146118164,183.22000122070312,63.3310546875,24.246919631958008,18.700000762939453,40.34000015258789,135.92999267578125,66.44000244140625,-0.58,2.11,144.99,3.48,4.83
2023-04-03,395.4596557617188,314.5701599121094,172.2098846435547,94.77957916259766,184.5399932861328,63.2822151184082,24.133861541748047,18.549999237060547,39.4900016784668,138.1699981689453,70.2699966430664,-0.54,2.11,150.38,3.43,4.83
2023-04-04,393.2655944824219,313.50897216796875,169.18984985351562,95.25082397460938,187.97999572753903,63.096954345703125,24.038196563720703,19.0,39.41999816894531,147.75,70.2699966430664,-0.49,2.1,154.53,3.35,4.83
2023-04-05,392.2359619140625,310.4138488769531,167.53024291992188,96.2466278076172,187.8300018310547,62.74327087402344,24.107770919799805,19.07999992370605,39.13999938964844,153.89999389648438,70.23999786376953,-0.49,2.14,108.51,3.3,4.83
2023-04-06,393.7659606933594,312.5067443847656,167.78111267089844,96.49557495117188,186.4900054931641,63.02115631103516,24.125164031982425,18.399999618530277,34.7599983215332,147.72999572753906,70.26000213623047,-0.52,2.11,40.4,3.3,4.83
2023-04-10,394.1700744628906,312.32989501953125,169.57577514648438,94.93962097167967,185.1100006103516,62.96220016479492,24.264314651489254,18.96999931335449,34.310001373291016,143.0,69.76000213623047,-0.59,2.09,116.65,3.41,4.83
2023-04-11,394.2759704589844,310.325439453125,170.91693115234375,95.13521575927734,186.27999877929688,63.096954345703125,24.177345275878903,19.100000381469727,34.22999954223633,139.77999877929688,71.06999969482422,-0.6,2.05,155.38,3.43,4.83
2023-04-12,392.6689453125,307.5841064453125,169.66261291503906,95.03744506835938,187.19000244140625,63.08012390136719,24.046894073486328,19.09000015258789,33.7400016784668,129.67999267578125,72.43000030517578,-0.54,2.08,109.82,3.41,4.83
2023-04-13,397.8846130371094,313.6072082519531,171.91075134277344,94.29058837890624,189.72000122070312,63.50954818725586,23.93383407592773,17.799999237060547,32.779998779296875,119.9499969482422,71.80000305175781,-0.51,2.07,258.05,3.45,4.83
2023-04-14,396.9126892089844,313.0177307128906,170.30906677246094,93.42813110351562,186.3600006103516,63.39167022705078,24.072982788085938,17.06999969482422,32.5099983215332,118.83999633789062,72.08999633789062,-0.56,2.05,38.2,3.52,4.83
2023-04-17,398.3369445800781,313.2829895019531,172.49932861328125,92.31674194335938,185.52999877929688,63.223262786865234,24.19474029541016,16.950000762939453,32.93000030517578,122.69000244140624,70.83999633789062,-0.58,2.02,51.34,3.6,4.83
2023-04-18,398.59674072265625,313.3026428222656,171.76600646972656,92.64569091796876,186.25,63.265357971191406,24.107770919799805,16.829999923706055,33.689998626708984,122.77999877929688,70.7300033569336,-0.61,2.01,186.52,3.58,4.83
2023-04-19,398.5293884277344,313.1552429199219,171.9879608154297,92.55677795410156,185.3600006103516,63.01273727416992,24.15995407104492,16.459999084472656,34.439998626708984,124.0199966430664,69.30000305175781,-0.64,2.01,128.99,3.6,4.83
2023-04-20,396.3545837402344,310.767578125,171.1002655029297,93.3481216430664,186.08999633789065,62.95378112792969,24.15995407104492,17.170000076293945,36.40999984741211,120.61000061035156,67.5999984741211,-0.6,2.05,98.98,3.54,4.83
2023-04-21,396.6625061035156,311.09185791015625,171.32215881347656,92.82352447509766,184.25,63.14744567871094,24.133861541748047,16.770000457763672,35.16999816894531,120.83999633789062,68.20999908447266,-0.6,2.04,118.21,3.57,4.83
2023-04-24,397.0763244628906,310.443359375,171.2064208984375,93.72156524658205,184.80999755859372,63.32429504394531,24.05558967590332,16.889999389648438,34.279998779296875,126.27999877929688,69.25,-0.6,2.04,149.57,3.52,4.83
2023-04-25,390.7731628417969,304.5871887207031,166.9803009033203,95.09967041015624,185.75,63.223262786865234,24.168651580810547,18.76000022888184,36.63999938964844,137.1300048828125,67.62000274658203,-0.46,2.09,111.25,3.4,4.83
2023-04-26,389.1180725097656,306.4344787597656,165.3689422607422,94.08607482910156,184.7400054931641,62.97906875610352,24.090377807617188,18.84000015258789,39.25,130.38999938964844,65.36000061035156,-0.47,2.11,135.07,3.43,4.83
2023-04-27,396.8645629882813,314.7666931152344,167.57846069335938,93.15253448486328,184.75,63.189579010009766,24.09907341003418,17.030000686645508,37.7599983215332,122.43000030517578,65.80999755859375,-0.54,2.07,157.01,3.53,4.83
2023-04-28,400.2519836425781,316.9381408691406,169.0450897216797,94.6551284790039,184.8000030517578,63.45902633666992,24.133861541748047,15.779999732971191,35.630001068115234,122.45999908447266,67.5,-0.6,2.08,94.05,3.44,4.83
2023-05-01,399.8477783203125,316.5745849609375,169.14158630371094,91.92578125,183.97000122070312,63.16811752319336,24.255617141723636,16.079999923706055,35.939998626708984,128.17999267578125,66.55000305175781,-0.55,2.06,435.03,3.59,4.83
2023-05-02,395.3537902832031,313.8135681152344,165.6680908203125,94.21656799316406,187.5200042724609,63.10887908935547,24.19474029541016,17.780000686645508,39.47999954223633,137.5500030517578,63.04999923706055,-0.53,2.16,249.56,3.44,4.83
2023-05-03,392.6400451660156,311.760009765625,166.2759246826172,94.7424774169922,189.1100006103516,63.075077056884766,24.064285278320312,18.34000015258789,43.22999954223633,134.5,60.310001373291016,-0.51,2.2,139.92,3.38,4.83
2023-05-04,389.8590087890625,310.6595153808594,164.4136962890625,93.8065414428711,190.44000244140625,62.88899230957031,24.090377807617188,20.09000015258789,43.75,140.7100067138672,60.70000076293945,-0.38,2.24,105.0,3.37,5.08
2023-05-05,397.0763244628906,317.26239013671875,168.32142639160156,93.49456024169922,187.4600067138672,63.227294921875,24.05558967590332,17.190000534057617,37.34999847412109,130.2100067138672,63.02999877929688,-0.48,2.2,100.93,3.44,5.08
2023-05-08,397.1821594238281,318.04840087890625,167.93548583984375,92.18426513671876,187.69000244140625,63.04970550537109,24.090377807617188,16.979999542236328,35.540000915527344,135.07000732421875,64.26000213623047,-0.48,2.2,311.34,3.52,5.08
2023-05-09,395.4404296875,316.0341796875,167.43380737304688,91.8544692993164,189.0200042724609,62.88899230957031,24.168651580810547,17.709999084472656,35.130001068115234,133.92999267578125,64.87000274658203,-0.48,2.21,163.06,3.53,5.08
2023-05-10,397.28802490234375,319.4732360839844,168.28285217285156,92.74583435058594,188.75,63.26958847045898,24.125164031982425,16.940000534057617,34.130001068115234,125.5999984741211,64.38999938964844,-0.47,2.26,69.51,3.43,5.08
2023-05-11,396.5951843261719,320.51470947265625,166.98995971679688,93.72633361816406,187.1300048828125,63.16811752319336,24.281709671020508,16.93000030517578,35.7400016784668,128.2100067138672,63.25,-0.5,2.25,155.22,3.39,5.08
2023-05-12,396.0754699707031,319.3651428222656,166.65223693847656,92.94193267822266,186.80999755859372,62.93975830078125,24.43825340270996,17.030000686645508,37.31999969482422,120.5199966430664,62.06999969482422,-0.52,2.21,190.28,3.46,5.08
2023-05-15,397.4419860839844,321.0943908691406,168.6881103515625,91.9792938232422,187.2100067138672,62.92281723022461,24.368677139282227,17.1200008392334,35.15999984741211,127.88999938964844,62.9900016784668,-0.49,2.27,99.1,3.5,5.08
2023-05-16,394.7859802246094,321.4579467773437,166.2276611328125,91.70294952392578,184.8699951171875,62.48304748535156,24.429555892944336,17.989999771118164,35.97999954223633,130.3000030517578,62.540000915527344,-0.52,2.28,67.14,3.54,5.08
2023-05-17,399.5783081054688,325.3489074707031,169.9327850341797,91.43553161621094,184.22999572753903,62.6522102355957,24.473041534423828,16.8700008392334,36.43999862670898,120.77999877929688,64.5999984741211,-0.55,2.26,113.54,3.57,5.08
2023-05-18,403.427490234375,331.3917541503906,170.96519470214844,90.75811767578124,181.83999633789065,62.686031341552734,24.655675888061523,16.049999237060547,36.02000045776367,122.5,64.04000091552734,-0.59,2.2,210.79,3.65,5.08
2023-05-19,402.8404846191406,330.64501953125,169.92312622070312,90.11630249023438,183.63999938964844,62.75368118286133,24.586101531982425,16.809999465942383,35.849998474121094,127.51000213623048,63.900001525878906,-0.58,2.18,111.5,3.7,5.08
2023-05-22,403.0040588378906,331.7553100585937,171.99757385253906,89.79542541503906,183.2100067138672,63.03277587890625,24.603492736816406,17.209999084472656,35.52000045776367,132.2899932861328,63.90999984741211,-0.57,2.19,398.71,3.72,5.08
2023-05-23,398.481201171875,327.5498962402344,171.1870880126953,90.05391693115234,183.42999267578125,62.70294189453125,24.67306900024414,18.530000686645508,35.11000061035156,131.6999969482422,64.87000274658203,-0.56,2.19,156.99,3.7,5.08
2023-05-24,395.5943603515625,325.8697204589844,169.37315368652344,89.60824584960938,181.9499969482422,62.26318740844727,24.76003646850586,20.030000686645508,35.86000061035156,132.2899932861328,65.66000366210938,-0.58,2.18,301.54,3.73,5.08
2023-05-25,399.0201721191406,333.799072265625,168.05126953125,89.38540649414062,180.1999969482422,62.22087860107422,24.873096466064453,19.13999938964844,36.7400016784668,139.5399932861328,64.08999633789062,-0.67,2.1,237.84,3.83,5.08
2023-05-26,404.1876831054688,342.3277587890625,169.9617156982422,90.10740661621094,180.9199981689453,62.6014518737793,24.86440086364746,17.950000762939453,35.95000076293945,145.3699951171875,64.80000305175781,-0.74,2.1,220.29,3.8,5.08
2023-05-30,404.3417053222656,343.8802490234375,169.33456420898438,91.00769805908205,182.0399932861328,62.87208938598633,24.838308334350582,17.459999084472656,39.68000030517578,141.36000061035156,62.29999923706055,-0.77,2.14,111.1,3.69,5.08
2023-05-31,402.0995788574219,341.9249267578125,167.66534423828125,91.80097198486328,182.32000732421875,62.67756271362305,24.88179588317871,17.940000534057617,40.68000030517578,136.02000427246094,60.630001068115234,-0.76,2.16,264.79,3.64,5.08
2023-06-01,405.9198913574219,345.8748779296875,169.47926330566406,92.16116333007812,183.75999450683597,63.05402755737305,24.586101531982425,15.649999618530272,40.5,124.62999725341795,62.54999923706055,-0.72,2.15,108.62,3.61,5.08
2023-06-02,411.78997802734375,348.4688415527344,175.62550354003906,91.1512451171875,181.0500030517578,63.3769416809082,24.84700584411621,14.600000381469728,39.59999847412109,120.9499969482422,64.1500015258789,-0.81,2.11,96.48,3.69,5.08
2023-06-05,411.00091552734375,348.7145080566406,173.271240234375,90.9814224243164,182.13999938964844,63.32598114013672,24.80352210998535,14.729999542236328,37.45000076293945,119.08000183105467,64.02999877929688,-0.77,2.1,133.01,3.69,5.08
2023-06-06,411.8957824707031,348.6555480957031,177.83505249023438,91.51768493652344,182.33999633789065,63.42791748046875,24.88179588317871,13.960000038146973,36.06999969482422,114.41999816894533,63.790000915527344,-0.81,2.08,62.63,3.7,5.08
2023-06-07,410.47161865234375,342.7405090332031,181.16241455078125,90.1592025756836,180.1499938964844,63.07951736450195,24.890493392944336,13.9399995803833,34.130001068115234,120.5,64.70999908447266,-0.77,2.06,119.0,3.79,5.08
2023-06-08,412.954345703125,346.9949951171875,180.4851531982422,91.2138214111328,182.52999877929688,63.47891998291016,24.69046211242676,13.649999618530272,35.18000030517578,115.11000061035156,63.459999084472656,-0.79,2.07,96.83,3.73,5.08
2023-06-09,413.69537353515625,348.32147216796875,179.024169921875,91.08869934082033,182.0399932861328,63.49591827392578,24.76873588562012,13.829999923706056,33.70000076293945,115.7699966430664,62.93000030517578,-0.84,2.05,58.14,3.75,5.08
2023-06-12,417.4483337402344,354.20703125,179.76919555664062,91.35681915283205,181.8800048828125,63.42791748046875,24.77743148803711,15.010000228881836,36.34999847412109,119.8000030517578,60.2400016784668,-0.82,2.1,204.38,3.73,5.08
2023-06-13,420.2005310058594,356.92877197265625,181.8300323486328,90.4541473388672,180.5399932861328,63.50441360473633,24.699159622192383,14.609999656677246,32.380001068115234,118.8000030517578,62.13999938964844,-0.83,2.0,110.96,3.84,5.08
2023-06-14,420.700927734375,359.5227355957031,179.87559509277344,91.17807006835938,180.63999938964844,63.52991485595703,24.5774040222168,13.880000114440918,33.65999984741211,114.37000274658205,61.83000183105469,-0.91,1.94,147.42,3.83,5.08
2023-06-15,425.9165954589844,363.8068237304688,181.3559112548828,92.05389404296876,181.91000366210935,63.8358268737793,24.43825340270996,14.5,33.06999969482422,107.33999633789062,63.40999984741211,-0.9,2.02,71.0,3.72,5.07
2023-06-16,424.4658508300781,361.5173645019531,179.9046630859375,91.69641876220705,181.6300048828125,63.67439651489258,24.481735229492188,13.539999961853027,32.9900016784668,104.43000030517578,64.3499984741211,-0.93,1.96,56.58,3.77,5.08
2023-06-20,422.2636413574219,360.9998474121094,179.1209259033203,92.33096313476562,179.75,63.50441360473633,24.55131149291992,13.880000114440918,34.75,104.43000030517578,63.91999816894531,-0.94,1.95,213.08,3.74,5.07
2023-06-21,420.10009765625,356.0802917480469,178.7048797607422,92.5543975830078,179.49000549316406,63.34296798706055,24.43825340270996,13.199999809265137,33.2599983215332,110.83999633789062,65.04000091552734,-0.96,1.96,65.39,3.72,5.07
2023-06-22,421.6165161132813,360.2816162109375,177.37933349609375,91.43726348876952,177.7100067138672,63.15600204467773,24.525222778320312,12.90999984741211,34.93000030517578,107.6999969482422,62.52000045776367,-0.97,1.94,72.75,3.8,5.07
2023-06-23,418.4291076660156,356.7099914550781,174.70895385742188,92.34886169433594,178.1999969482422,63.0455322265625,24.655675888061523,13.4399995803833,35.36000061035156,105.73999786376952,62.41999816894531,-0.97,1.96,74.02,3.74,5.07
2023-06-26,416.719482421875,351.9281005859375,174.8831024169922,92.44715881347656,178.50999450683594,63.07951736450195,24.62958335876465,14.25,36.66999816894531,109.0199966430664,62.72999954223633,-0.93,1.98,150.9,3.72,5.07
2023-06-27,421.2881774902344,357.979248046875,177.4083709716797,92.2058563232422,177.69000244140625,63.29196166992188,24.56870460510254,13.739999771118164,39.29999923706055,110.8499984741211,61.29999923706055,-0.97,1.94,127.96,3.77,5.07
2023-06-28,421.5006408691406,358.6778259277344,178.2791748046875,92.5990753173828,177.27999877929688,63.65738677978516,24.681764602661133,13.43000030517578,36.86000061035156,108.3000030517578,62.52000045776367,-1.0,1.96,152.99,3.71,5.07
2023-06-29,423.1618957519531,357.9595031738281,180.33035278320312,90.92780303955078,177.08999633789062,63.48740768432617,24.7861270904541,13.539999961853027,35.41999816894531,113.4499969482422,62.959999084472656,-1.02,1.92,117.91,3.85,5.07
2023-06-30,428.155517578125,363.4793395996094,181.1914520263672,92.00030517578124,178.27000427246094,63.7933464050293,24.681764602661133,13.59000015258789,33.279998779296875,110.63999938964844,63.54999923706055,-1.06,1.88,96.85,3.81,5.08
2023-07-03,428.6481628417969,364.3353271484375,181.5591278076172,91.47874450683594,178.47000122070312,63.69336700439453,24.707857131958008,13.56999969482422,33.880001068115234,110.7699966430664,63.38999938964844,-1.08,1.85,65.32,3.86,5.08
2023-07-05,428.0106506347656,364.3255004882813,179.7498321533203,90.6094741821289,177.83999633789062,63.49687576293945,24.8209171295166,14.18000030517578,33.90999984741211,110.52999877929688,64.62999725341797,-0.99,1.83,137.28,3.95,5.08
2023-07-06,424.6589965820313,361.55084228515625,176.8472137451172,89.32797241210938,177.30999755859375,63.03551864624024,24.76003646850586,15.4399995803833,35.130001068115234,134.6300048828125,64.44000244140625,-0.94,1.8,40.77,4.05,5.08
2023-07-07,423.5868835449219,360.3504638671875,178.7145538330078,88.79027557373047,178.63999938964844,63.09532928466797,24.55131149291992,14.829999923706056,34.54999923706055,130.41000366210938,65.8499984741211,-0.88,1.81,93.53,4.06,5.08
2023-07-10,424.6589965820313,360.468505859375,181.77198791503903,88.90678405761719,178.77999877929688,63.41142654418945,24.49043273925781,15.06999969482422,38.34999847412109,131.72999572753906,65.54000091552734,-0.84,1.86,39.18,4.01,5.07
2023-07-11,427.363525390625,362.2494201660156,183.6393280029297,89.36382293701172,179.4499969482422,63.753173828125,24.429555892944336,14.84000015258789,32.43000030517578,127.06999969482422,67.02999877929688,-0.89,1.84,37.82,3.99,5.08
2023-07-12,430.802001953125,366.8246154785156,185.6421813964844,90.3585433959961,181.8800048828125,64.24871063232422,24.142559051513672,13.539999961853027,32.689998626708984,114.06999969482422,67.87000274658203,-0.86,1.88,89.22,3.86,5.08
2023-07-13,434.2212219238281,373.0528259277344,187.141845703125,91.30845642089844,182.00999450683597,64.63319396972656,23.977317810058597,13.609999656677246,30.040000915527344,111.75,69.08999633789062,-0.83,1.91,75.95,3.76,5.08
2023-07-14,433.9508056640625,372.9741516113281,185.3131866455078,90.7707748413086,181.42999267578125,64.16329956054688,24.02080345153809,13.34000015258789,30.0,112.4800033569336,67.47000122070312,-0.91,1.87,206.65,3.83,5.08
2023-07-17,435.4575805664063,376.4572143554688,187.2966461181641,90.81558227539062,181.55999755859372,64.28292083740234,23.99471092224121,13.479999542236328,31.34000015258789,113.5,66.58000183105469,-0.93,1.9,155.95,3.81,5.08
2023-07-18,438.6932678222656,379.536865234375,189.6090850830078,91.22779083251952,183.63999938964844,64.46231842041016,24.01210594177246,13.300000190734863,30.65999984741211,112.4499969482422,67.95999908447266,-0.94,1.89,104.21,3.8,5.08
2023-07-19,439.6688232421875,379.4484252929688,190.41212463378903,92.25837707519533,183.6699981689453,64.51358795166016,24.107770919799805,13.760000228881836,31.059999465942383,107.19000244140624,67.69000244140625,-0.99,1.87,37.11,3.75,5.08
2023-07-20,436.7518615722656,370.7013244628906,188.7479705810547,91.13819885253906,182.7400054931641,64.23164367675781,24.246919631958008,13.989999771118164,30.149999618530277,112.8499984741211,68.05000305175781,-0.95,1.85,260.18,3.85,5.08
2023-07-21,436.7518615722656,369.5894775390625,188.14805603027344,91.16507720947266,182.17999267578125,64.39397430419922,24.316495895385746,13.600000381469728,29.649999618530277,106.66000366210938,68.98999786376953,-0.98,1.85,80.78,3.84,5.08
2023-07-24,438.7029724121094,370.1798400878906,188.6125030517578,90.83348083496094,181.3999938964844,64.28292083740234,24.403465270996094,13.90999984741211,30.11000061035156,109.9499969482422,70.69000244140625,-0.95,1.84,105.67,3.86,5.08
2023-07-25,439.9006652832031,372.6888122558594,188.59315490722656,90.66325378417967,182.41000366210935,64.24017333984375,24.37737464904785,13.859999656677246,30.6299991607666,113.0199966430664,71.16000366210938,-0.94,1.81,37.76,3.91,5.08
2023-07-26,439.96826171875,371.4490966796875,190.0831451416016,90.75285339355467,183.3000030517578,64.49646759033203,24.30780029296875,13.1899995803833,29.96999931335449,104.87999725341795,70.66000366210938,-0.96,1.83,220.51,3.86,5.08
2023-07-27,437.05120849609375,370.5635070800781,187.6256256103516,88.9874496459961,180.4199981689453,63.98387145996094,24.533918380737305,14.40999984741211,29.1200008392334,111.1500015258789,71.43000030517578,-0.9,1.78,95.33,4.01,5.33
2023-07-28,441.33013916015625,377.313232421875,190.0541534423828,89.44447326660156,181.8600006103516,64.35124206542969,24.49913215637207,13.329999923706056,29.40999984741211,109.76000213623048,72.08999633789062,-0.91,1.8,82.35,3.96,5.33
2023-07-31,442.17041015625,377.510009765625,192.2601318359375,89.6595687866211,182.3500061035156,64.50503540039062,24.542613983154297,13.630000114440918,28.479999542236328,112.02999877929688,73.16999816894531,-0.91,1.77,81.19,3.97,5.33
2023-08-01,440.9051513671875,376.6343383789063,191.37966918945312,88.1903076171875,180.4600067138672,64.1856918334961,24.655675888061523,13.93000030517578,28.350000381469727,116.37999725341795,72.95999908447266,-0.87,1.77,151.79,4.05,5.33
2023-08-02,434.7718200683594,368.3694152832031,188.7769775390625,87.24675750732422,179.60000610351562,63.91097640991211,24.742645263671875,16.09000015258789,28.739999771118164,115.1500015258789,71.4800033569336,-0.8,1.82,121.59,4.08,5.33
2023-08-03,433.5258483886719,367.7791137695313,188.24481201171875,85.2338638305664,179.5399932861328,63.7049560546875,24.725248336791992,15.920000076293944,28.540000915527344,124.5999984741211,73.13999938964844,-0.7,1.84,62.21,4.2,5.33
2023-08-04,431.5650939941406,366.0572204589844,187.8675079345703,86.7435302734375,180.19000244140625,64.08269500732422,24.603492736816406,17.100000381469727,28.059999465942383,115.91000366210938,73.79000091552734,-0.73,1.9,60.58,4.05,5.33
2023-08-07,435.3320007324219,369.1565856933594,187.99327087402344,85.8898696899414,179.77999877929688,64.20286560058594,24.620887756347656,15.770000457763672,27.729999542236328,120.94000244140624,73.81999969482422,-0.67,1.9,59.3,4.09,5.33
2023-08-08,433.43890380859375,366.0177917480469,186.81288146972656,86.88732147216797,178.63999938964844,64.34022521972656,24.73394775390625,15.989999771118164,27.13999938964844,118.73999786376952,74.05999755859375,-0.72,1.93,49.89,4.02,5.33
2023-08-09,430.5412292480469,361.9936828613281,185.35189819335935,87.33662414550781,177.7899932861328,64.34878540039062,24.751338958740234,15.960000038146973,28.559999465942383,112.5500030517578,75.0999984741211,-0.79,1.92,77.25,4.0,5.33
2023-08-10,430.6958312988281,362.6626586914063,184.5294647216797,85.89884948730469,177.60000610351562,64.33162689208984,24.794824600219727,15.850000381469728,27.270000457763672,108.63999938964844,74.19999694824219,-0.73,1.89,46.74,4.09,5.33
2023-08-11,430.4446716308594,360.3504638671875,184.7906951904297,85.70114135742188,177.60000610351562,64.23721313476562,24.84700584411621,14.84000015258789,28.040000915527344,112.12999725341795,74.25,-0.73,1.87,170.3,4.16,5.33
2023-08-14,432.8207092285156,364.3943786621094,184.47142028808597,85.512451171875,177.05999755859375,64.22862243652344,24.93397521972656,14.81999969482422,27.549999237060547,119.94000244140624,73.80999755859375,-0.77,1.84,236.53,4.19,5.33
2023-08-15,427.7788391113281,360.5276489257813,182.03323364257807,84.9912338256836,176.58999633789062,64.02259063720703,24.942672729492188,16.459999084472656,28.299999237060547,121.8000030517578,72.62000274658203,-0.71,1.86,53.33,4.21,5.33
2023-08-16,424.6396789550781,356.7099914550781,179.80789184570312,84.32625579833984,175.57000732421875,63.825157165527344,25.01224899291992,16.780000686645508,28.540000915527344,117.23999786376952,71.37000274658203,-0.69,1.84,128.55,4.28,5.33
2023-08-17,421.404052734375,352.8136291503906,177.68893432617188,83.96681213378906,175.3000030517578,63.55901336669922,25.003551483154297,17.889999389648438,29.299999237060547,121.13999938964844,71.9800033569336,-0.64,1.87,101.81,4.3,5.33
2023-08-18,421.60687255859375,352.37091064453125,178.656494140625,84.26334381103516,175.3300018310547,63.60195541381836,25.020944595336918,17.299999237060547,28.43000030517578,120.51000213623048,72.79000091552734,-0.66,1.89,36.93,4.26,5.33
2023-08-21,424.3498840332031,358.048095703125,178.39523315429688,83.14006805419922,175.80999755859375,63.58479690551758,24.994853973388672,17.1299991607666,28.899999618530277,130.69000244140625,72.58000183105469,-0.63,1.88,130.14,4.34,5.33
2023-08-22,423.2005310058594,357.5364685058594,177.86312866210938,83.77810668945312,176.10000610351562,63.61913299560547,25.081823348999023,16.969999313354492,28.559999465942383,126.6500015258789,72.27999877929688,-0.68,1.82,52.69,4.34,5.33
2023-08-23,427.9140319824219,363.17425537109375,179.75950622558594,85.8539047241211,177.88999938964844,64.13418579101562,24.994853973388672,15.979999542236328,28.46999931335449,118.4000015258789,71.36000061035156,-0.76,1.83,141.21,4.19,5.33
2023-08-24,421.9836120605469,355.41119384765625,177.2729034423828,85.28778839111328,177.85000610351562,63.7822265625,25.194883346557617,17.200000762939453,28.8799991607666,117.55999755859376,71.41000366210938,-0.75,1.8,76.47,4.23,5.33
2023-08-25,424.9584655761719,358.1661376953125,178.02760314941406,85.56636810302734,177.6199951171875,64.0483627319336,25.22966957092285,15.68000030517578,28.809999465942383,110.37000274658205,72.44999694824219,-0.78,1.76,137.35,4.25,5.33
2023-08-28,427.65325927734375,360.8620910644531,179.61436462402344,85.65620422363281,178.1300048828125,64.28871154785156,25.18618392944336,15.079999923706056,28.65999984741211,110.4499969482422,72.41000366210938,-0.78,1.82,70.13,4.2,5.33
2023-08-29,433.83489990234375,368.7433166503906,182.1202850341797,86.54583740234375,179.8699951171875,64.69216918945312,25.04703521728516,14.449999809265137,27.6299991607666,110.68000030517578,73.31999969482422,-0.75,1.84,69.2,4.12,5.33
2023-08-30,435.6217956542969,370.79974365234375,182.80723571777344,86.45598602294922,180.32000732421875,64.66641998291016,25.003551483154297,13.880000114440918,26.6299991607666,109.83999633789062,73.66000366210938,-0.78,1.82,66.94,4.12,5.33
2023-08-31,434.98431396484375,371.9114990234375,182.48797607421875,86.8424072265625,180.02000427246094,64.62349700927734,25.125307083129883,13.56999969482422,26.559999465942383,107.93000030517578,75.05999755859375,-0.76,1.83,167.14,4.09,5.33
2023-09-01,435.7956237792969,371.5179443359375,184.6552581787109,85.48953247070312,180.11000061035156,64.7450942993164,25.281850814819336,13.09000015258789,27.479999542236328,102.91999816894533,76.91999816894531,-0.69,1.82,57.38,4.18,5.33
2023-09-05,433.91217041015625,371.9902648925781,180.7657470703125,84.29077911376953,178.63999938964844,64.3224868774414,25.412302017211918,14.010000228881836,28.649999618530277,109.63999938964844,77.76000213623047,-0.67,1.84,66.39,4.27,5.33
2023-09-06,430.9952087402344,368.71380615234375,180.08847045898438,84.49807739257812,177.8300018310547,64.16725158691406,25.42100143432617,14.449999809265137,28.32999992370605,111.30999755859376,78.5199966430664,-0.71,1.79,41.02,4.3,5.33
2023-09-07,429.6719665527344,366.0768737792969,178.34686279296875,84.73242950439453,178.02000427246094,64.38288116455078,25.48187828063965,14.399999618530272,27.59000015258789,105.1999969482422,77.94999694824219,-0.67,1.81,95.66,4.27,5.33
2023-09-08,430.319091796875,366.5884704589844,177.9501953125,85.05690002441406,178.0800018310547,64.35699462890625,25.50796890258789,13.84000015258789,27.15999984741211,104.33999633789062,78.30000305175781,-0.72,1.79,37.05,4.26,5.33
2023-09-11,433.1491394042969,370.9079284667969,178.3759307861328,84.44398498535156,178.41000366210938,64.46910858154297,25.386213302612305,13.800000190734863,24.3700008392334,107.2300033569336,78.37000274658203,-0.68,1.8,82.18,4.29,5.33
2023-09-12,430.7730407714844,366.7951049804688,178.2017364501953,84.93069458007812,177.49000549316406,64.3656005859375,25.4296989440918,14.229999542236328,24.229999542236328,105.11000061035156,79.69999694824219,-0.71,1.79,99.71,4.27,5.33
2023-09-13,431.27532958984375,368.1922912597656,177.03103637695312,84.9126968383789,177.0800018310547,64.53812408447266,25.44709014892578,13.479999542236328,25.059999465942383,101.86000061035156,79.68000030517578,-0.71,1.81,132.91,4.25,5.33
2023-09-14,434.9939270019531,371.2030944824219,179.5272674560547,84.29978942871094,177.1699981689453,64.61573791503906,25.603635787963867,12.81999969482422,26.559999465942383,97.11000061035156,81.12000274658203,-0.71,1.8,111.69,4.29,5.33
2023-09-15,429.7530212402344,364.8469848632813,177.65025329589844,83.7860336303711,178.33999633789062,64.37423706054688,25.58624267578125,13.789999961853027,27.15999984741211,96.61000061035156,81.29000091552734,-0.69,1.78,63.69,4.33,5.33
2023-09-18,430.0050354003906,365.2273254394531,176.46986389160156,84.26374053955078,179.38999938964844,64.4173812866211,25.54275894165039,14.0,27.90999984741211,99.31999969482422,81.44999694824219,-0.73,1.77,63.82,4.32,5.33
2023-09-19,429.1133117675781,364.4488525390625,175.78289794921875,83.6418228149414,179.22000122070312,64.218994140625,25.56015014648437,14.109999656677246,30.31999969482422,101.30999755859376,81.5,-0.71,1.75,146.72,4.37,5.33
2023-09-20,425.1683044433594,359.1970520019531,174.02197265625,83.90318298339844,179.35000610351562,64.16725158691406,25.603635787963867,15.140000343322754,30.3799991607666,97.04000091552734,80.13999938964844,-0.77,1.73,82.86,4.35,5.33
2023-09-21,418.1409912109375,352.6149597167969,171.3225555419922,81.74907684326172,178.0500030517578,63.71014404296875,25.621028900146484,17.540000915527344,31.350000381469727,106.0,80.41000366210938,-0.63,1.66,106.49,4.49,5.33
2023-09-22,417.2007446289063,352.6642150878906,170.93553161621094,82.40702056884766,178.6199951171875,63.82228469848633,25.681907653808597,17.200000762939453,30.61000061035156,101.11000061035156,80.62999725341797,-0.66,1.73,42.8,4.44,5.33
2023-09-25,418.95513916015625,354.3392639160156,171.6998748779297,80.37905883789062,177.6999969482422,63.73604202270508,25.777572631835938,16.899999618530273,30.959999084472656,117.33000183105467,80.38999938964844,-0.54,1.75,14.69,4.55,5.33
2023-09-26,412.8001708984375,349.0184020996094,169.49227905273438,80.09967041015625,176.27999877929688,63.46004104614258,25.855846405029297,18.940000534057617,31.299999237060547,117.72000122070312,80.87999725341797,-0.48,1.77,143.47,4.56,5.33
2023-09-27,412.9649963378906,349.8363037109375,171.0767822265625,79.68507385253906,174.10000610351562,63.37377548217773,25.97760391235352,18.21999931335449,32.47999954223633,122.08999633789062,82.9000015258789,-0.49,1.77,150.04,4.61,5.33
2023-09-28,415.3591003417969,352.7627258300781,172.6223907470703,79.92841339111328,173.22999572753906,63.67564010620117,25.83844947814941,17.34000015258789,31.6200008392334,115.23999786376952,81.56999969482422,-0.45,1.8,111.89,4.59,5.33
2023-09-29,414.3510437011719,353.0188903808594,171.80584716796875,79.93742370605469,171.4499969482422,63.58077239990234,25.855846405029297,17.520000457763672,32.2400016784668,113.5500030517578,80.86000061035156,-0.44,1.78,136.08,4.59,5.33
2023-10-02,414.186279296875,355.965087890625,169.2104034423828,78.59928131103516,169.64999389648438,63.19497299194336,26.055871963500977,17.610000610351562,32.0,127.58999633789062,79.38999938964844,-0.43,1.78,77.03,4.69,5.33
2023-10-03,408.6419067382813,349.7181091308594,166.3621368408203,76.90847778320312,169.16000366210938,62.55339813232422,26.08196449279785,19.780000686645508,33.25,141.6699981689453,79.93000030517578,-0.34,1.82,100.4,4.81,5.33
2023-10-04,411.61767578125,354.47723388671875,166.43994140625,77.99347686767578,169.13999938964844,62.87420272827149,26.003692626953125,18.57999992370605,35.349998474121094,128.22999572753906,75.58999633789062,-0.32,1.83,181.95,4.73,5.33
2023-10-05,411.4625244140625,353.4327392578125,166.5663299560547,77.60466003417969,168.8300018310547,62.934871673583984,25.916723251342773,18.489999771118164,36.59000015258789,130.17999267578125,73.98999786376953,-0.31,1.85,47.99,4.72,5.33
2023-10-06,416.3477478027344,359.3547058105469,168.17025756835938,76.66434478759766,169.6999969482422,63.021575927734375,25.86454200744629,17.450000762939453,35.68000030517578,126.63999938964844,74.16000366210938,-0.3,1.84,95.46,4.78,5.33
2023-10-09,419.0133361816406,361.18743896484375,169.14230346679688,78.46363830566406,172.82000732421875,63.48975372314453,25.855846405029297,17.700000762939453,39.84999847412109,126.63999938964844,77.12999725341797,-0.3,1.83,264.13,4.66,5.33
2023-10-10,421.1941833496094,363.187744140625,171.0573272705078,78.35514831542969,172.52999877929688,63.47240447998047,25.794967651367188,17.030000686645508,39.540000915527344,136.1699981689453,76.70999908447266,-0.3,1.83,143.27,4.66,5.33
2023-10-11,422.9195556640625,365.7791442871094,170.76571655273438,79.9916763305664,173.7899932861328,63.46372222900391,25.794967651367188,16.09000015258789,38.93999862670898,127.18000030517578,75.66999816894531,-0.41,1.82,192.77,4.58,5.33
2023-10-12,420.34124755859375,364.5079956054688,166.90655517578125,77.8216781616211,173.25999450683594,63.125606536865234,26.01238822937012,16.690000534057617,38.52000045776367,126.37000274658205,75.41999816894531,-0.36,1.83,189.71,4.7,5.33
2023-10-13,418.2475280761719,359.9261779785156,165.51644897460938,79.21410369873047,178.8300018310547,63.07358551025391,26.029783248901367,19.31999969482422,44.2400016784668,128.3300018310547,78.98999786376953,-0.41,1.82,58.76,4.63,5.33
2023-10-16,422.6481323242188,363.9956359863281,168.18968200683594,77.939208984375,177.9600067138672,63.05623245239258,25.916723251342773,17.209999084472656,40.70000076293945,130.16000366210938,78.38999938964844,-0.38,1.83,136.3,4.71,5.33
2023-10-17,422.6287231445313,362.8034057617188,170.06581115722656,77.08027648925781,178.2899932861328,62.76148223876953,25.9254207611084,17.8799991607666,41.369998931884766,130.1699981689453,78.80000305175781,-0.36,1.8,97.8,4.83,5.33
2023-10-18,416.9971923828125,358.04412841796875,166.5663299560547,76.40214538574219,180.8699951171875,62.4580192565918,26.021085739135746,19.21999931335449,44.400001525878906,129.1699981689453,79.83999633789062,-0.28,1.78,90.33,4.91,5.33
2023-10-19,413.3332824707031,354.69403076171875,163.9125213623047,74.83792114257812,183.08999633789065,62.23259353637695,25.942813873291016,21.399999618530277,45.70000076293945,134.6199951171875,81.68000030517578,-0.16,1.82,279.65,4.98,5.33
2023-10-20,408.2542114257813,349.4027099609375,161.79339599609375,75.26288604736328,183.58999633789065,62.3626594543457,25.951509475708008,21.709999084472656,43.790000915527344,135.4499969482422,80.69999694824219,-0.14,1.88,287.49,4.93,5.33
2023-10-23,407.5466003417969,350.4570007324219,160.4227752685547,76.16704559326172,182.97000122070312,62.61409759521485,25.82105827331543,20.3700008392334,41.7400016784668,131.8300018310547,78.88999938964844,-0.19,1.85,150.87,4.86,5.33
2023-10-24,410.6192932128906,353.8663330078125,161.8225555419922,77.17066955566406,182.9499969482422,62.934871673583984,25.96890640258789,18.96999931335449,41.08000183105469,128.1300048828125,76.93000030517578,-0.19,1.84,79.87,4.83,5.33
2023-10-25,404.7259826660156,345.20513916015625,159.14932250976562,75.45277404785156,183.72000122070312,62.59673690795898,26.038482666015625,20.190000534057617,44.90999984741211,131.2100067138672,78.45999908447266,-0.13,1.83,124.21,4.95,5.33
2023-10-26,399.8795776367188,338.62310791015625,159.55760192871094,76.61009979248047,184.00999450683597,62.81349563598633,26.0993595123291,20.68000030517578,43.93000030517578,130.94000244140625,76.88999938964844,-0.16,1.82,37.91,4.86,5.33
2023-10-27,398.0669860839844,340.2488708496094,157.68145751953125,76.28461456298828,186.1499938964844,62.73545455932617,26.0645694732666,21.270000457763672,46.63999938964844,129.16000366210938,78.36000061035156,-0.15,1.88,90.17,4.84,5.33
2023-10-30,402.8262023925781,344.0819091796875,158.5563507080078,75.94102478027344,185.1000061035156,62.75278091430664,25.960208892822266,19.75,44.0099983215332,131.89999389648438,76.05000305175781,-0.15,1.86,164.09,4.88,5.33
2023-10-31,405.3560485839844,345.7273864746094,159.92698669433594,75.57030487060547,184.08999633789065,62.91754150390625,26.11675262451172,18.13999938964844,41.9900016784668,126.86000061035156,75.0199966430664,-0.19,1.85,42.38,4.88,5.33
2023-11-01,409.6790771484375,351.7281494140625,160.8407440185547,77.2088394165039,183.50999450683597,63.51723098754883,26.125450134277344,16.8700008392334,40.52000045776367,120.5500030517578,74.75,-0.18,1.91,132.01,4.77,5.33
2023-11-02,417.53033447265625,358.1132202148437,165.1276092529297,78.96894836425781,184.1199951171875,64.2319564819336,25.9949951171875,15.65999984741211,39.790000915527344,118.63999938964844,76.18000030517578,-0.31,1.84,58.14,4.67,5.33
2023-11-03,421.3395690917969,362.3205261230469,169.61865234375,79.5042495727539,184.7899932861328,64.85956573486328,25.75148200988769,14.90999984741211,38.52999877929688,118.73999786376952,74.8499984741211,-0.26,1.86,72.02,4.57,5.33
2023-11-06,422.3089294433594,363.798583984375,167.49951171875,78.73304748535156,183.3500061035156,64.59806823730469,25.777572631835938,14.890000343322754,36.310001373291016,121.73999786376952,74.91000366210938,-0.26,1.84,342.88,4.67,5.33
2023-11-07,423.5107727050781,367.2374267578125,166.90655517578125,79.89434051513672,182.58999633789065,64.60680389404297,25.86454200744629,14.8100004196167,38.720001220703125,120.08999633789062,71.80000305175781,-0.33,1.83,122.59,4.58,5.33
2023-11-08,423.8209228515625,367.4739074707031,165.1276092529297,81.25527954101562,180.7700042724609,64.64166259765625,25.855846405029297,14.449999809265137,40.43999862670898,117.0999984741211,70.19000244140625,-0.44,1.84,119.34,4.49,5.33
2023-11-09,420.5156555175781,364.64599609375,162.57106018066406,79.38629150390625,181.4900054931641,64.24069213867188,25.96890640258789,15.289999961853027,41.22999954223633,117.0500030517578,70.25,-0.41,1.83,142.71,4.62,5.33
2023-11-10,427.0777893066406,372.8440551757813,164.3888397216797,79.83085632324219,179.50999450683594,64.55448913574219,25.951509475708008,14.170000076293944,39.290000915527344,116.79000091552734,71.79000091552734,-0.43,1.8,127.96,4.61,5.33
2023-11-13,426.670654296875,371.6813659667969,164.4471435546875,79.6493911743164,180.50999450683597,64.49346923828125,25.916723251342773,14.760000228881836,39.400001525878906,124.47000122070312,72.91999816894531,-0.39,1.79,116.21,4.63,5.33
2023-11-14,434.9484252929688,379.6823120117188,173.47781372070312,81.4548568725586,182.1199951171875,65.14722442626953,25.50796890258789,14.15999984741211,38.290000915527344,124.11000061035156,72.69000244140625,-0.36,1.83,198.44,4.44,5.33
2023-11-15,435.86920166015625,379.9680480957031,173.77914428710938,80.31169891357422,181.63999938964844,64.93800354003906,25.603635787963867,14.18000030517578,39.5099983215332,122.19000244140624,71.33999633789062,-0.37,1.8,68.82,4.53,5.33
2023-11-16,436.40234375,380.2932434082031,170.9698486328125,81.3097152709961,183.69000244140625,65.02517700195312,25.621028900146484,14.31999969482422,42.52999877929688,116.08000183105467,68.05000305175781,-0.38,1.81,149.23,4.45,5.33
2023-11-17,436.9451599121094,380.38189697265625,173.31256103515625,81.69075775146484,183.6699981689453,65.1733627319336,25.48187828063965,13.800000190734863,40.43000030517578,113.11000061035156,70.75,-0.44,1.78,168.58,4.44,5.33
2023-11-20,440.30859375,385.0130004882813,174.32351684570312,82.18976593017578,183.3699951171875,65.24307250976562,25.40360641479492,13.40999984741211,39.0,115.08999633789062,72.30000305175781,-0.47,1.76,42.9,4.42,5.33
2023-11-21,439.3489379882813,382.77630615234375,172.07801818847656,82.15348052978516,185.3500061035156,65.33025360107422,25.4296989440918,13.350000381469728,38.52000045776367,112.79000091552734,72.52999877929688,-0.45,1.77,295.43,4.41,5.33
2023-11-22,441.0451965332031,384.3429870605469,173.1570281982422,82.44380187988281,184.55999755859372,65.44356536865234,25.51666641235352,12.850000381469728,42.7599983215332,111.56999969482422,71.61000061035156,-0.47,1.71,65.95,4.42,5.33
2023-11-24,441.3165588378906,383.8010559082031,174.32351684570312,81.4730224609375,185.5200042724609,65.37384796142578,25.40360641479492,12.460000038146973,43.380001068115234,107.43000030517578,70.81999969482422,-0.45,1.72,94.64,4.47,5.33
2023-11-27,440.5217895507813,383.4660034179688,173.74026489257812,82.83392333984375,186.7700042724609,65.4697265625,25.35142517089844,12.6899995803833,43.900001525878906,109.30999755859376,69.95999908447266,-0.45,1.71,89.08,4.39,5.33
2023-11-28,440.9580078125,384.47113037109375,173.0695343017578,82.99724578857422,189.25999450683597,65.75737762451172,25.26445770263672,12.6899995803833,43.13999938964844,110.05999755859376,71.26000213623047,-0.39,1.75,101.83,4.34,5.33
2023-11-29,440.6477966308594,384.0966491699219,173.98329162597656,84.04060363769531,189.5399932861328,66.11473846435547,25.290546417236328,12.979999542236328,42.900001525878906,114.58999633789062,72.5199966430664,-0.37,1.72,83.76,4.27,5.33
2023-11-30,442.3828125,383.1310119628906,174.64431762695312,83.06979370117188,188.75,65.9926986694336,25.473182678222656,12.920000076293944,39.400001525878906,115.31999969482422,70.13999938964844,-0.36,1.67,147.72,4.37,5.33
2023-12-01,444.9999084472656,384.2247314453125,179.74774169921875,84.63435363769531,192.00999450683597,66.53910064697266,25.39491081237793,12.630000114440918,35.70000076293945,111.51000213623048,69.23999786376953,-0.34,1.71,38.37,4.22,5.33
2023-12-04,442.6639099121094,380.6578369140625,181.67247009277344,84.29761505126953,187.8600006103516,66.37274932861328,25.50796890258789,13.079999923706056,38.08000183105469,118.25,68.47000122070312,-0.36,1.67,51.19,4.28,5.33
2023-12-05,442.5766906738281,381.6135864257813,179.2422637939453,86.10879516601562,187.1499938964844,66.43402099609375,25.603635787963867,12.850000381469728,36.36000061035156,127.1999969482422,67.58000183105469,-0.39,1.65,328.17,4.18,5.33
2023-12-06,440.793212890625,379.4063720703125,178.92149353027344,87.25558471679688,187.83999633789065,66.44278717041016,25.664514541625977,12.970000267028809,39.720001220703125,124.9800033569336,64.76000213623047,-0.48,1.63,88.12,4.12,5.33
2023-12-07,444.1566467285156,384.7075500488281,180.2143402099609,86.75498962402344,188.1499938964844,66.55662536621094,25.52536392211914,13.0600004196167,37.81999969482422,129.74000549316406,65.11000061035156,-0.44,1.63,73.65,4.14,5.33
2023-12-08,446.0661010742188,386.4220581054688,181.58499145507807,86.04508209228516,185.63999938964844,66.4252700805664,25.621028900146484,12.350000381469728,36.2400016784668,121.6500015258789,66.52999877929688,-0.48,1.61,64.67,4.23,5.33
2023-12-11,447.8010864257813,389.7229614257813,181.96409606933597,85.86305236816406,183.58999633789065,66.38150024414062,25.65581703186035,12.630000114440918,35.29999923706055,126.66000366210938,66.80000305175781,-0.48,1.61,117.01,4.23,5.33
2023-12-12,449.8463745117188,392.8268127441406,181.7793884277344,86.11788177490234,183.4900054931641,66.53035736083984,25.58624267578125,12.06999969482422,36.380001068115234,118.62000274658205,64.25,-0.53,1.6,36.95,4.2,5.33
2023-12-13,456.0498046875,397.8224487304688,187.93267822265625,88.1384048461914,187.6300048828125,67.54605865478516,25.368820190429688,12.1899995803833,36.59999847412109,113.7699966430664,65.33000183105469,-0.42,1.61,95.78,4.04,5.33
2023-12-14,457.513427734375,397.4776611328125,193.16249084472656,90.43114471435548,188.72999572753903,67.8443603515625,25.134004592895508,12.479999542236328,33.97999954223633,118.04000091552734,67.16000366210938,-0.45,1.57,89.93,3.92,5.33
2023-12-15,456.7601013183594,399.3989868164063,191.53909301757807,90.5315933227539,187.0,67.6948013305664,25.299243927001957,12.279999732971191,35.130001068115234,115.75,67.1500015258789,-0.53,1.57,61.4,3.91,5.33
2023-12-18,459.3294677734375,401.9146423339844,191.60714721679688,89.81026458740234,187.8500061035156,67.73878479003906,25.295543670654297,12.5600004196167,37.09000015258789,118.45999908447266,68.08999633789062,-0.48,1.58,264.75,3.95,5.33
2023-12-19,462.1225280761719,403.9683532714844,195.3204803466797,90.29418182373048,189.1300048828125,67.93238067626953,25.18451690673828,12.529999732971191,35.040000915527344,115.02999877929688,69.36000061035156,-0.48,1.57,632.37,3.93,5.33
2023-12-20,455.71881103515625,397.9654235839844,191.49989318847656,90.90592956542967,188.1000061035156,67.94114685058594,25.295543670654297,13.670000076293944,34.97999954223633,111.87000274658205,68.79000091552734,-0.48,1.63,69.49,3.86,5.33
2023-12-21,460.0398864746094,402.595947265625,194.75851440429688,90.33071899414062,189.42999267578125,68.2491683959961,25.129003524780277,13.649999618530272,35.439998626708984,111.93000030517578,69.02999877929688,-0.44,1.64,95.99,3.89,5.33
2023-12-22,460.9644165039063,403.1982421875,196.5732269287109,89.91983032226562,190.2700042724609,68.16995239257812,25.1197509765625,13.029999732971191,33.31999969482422,111.37999725341795,68.69000244140625,-0.41,1.65,52.02,3.9,5.33
2023-12-26,462.910888671875,405.66650390625,199.1294403076172,90.1754913330078,191.72000122070312,68.30194091796875,25.064239501953125,12.989999771118164,34.529998779296875,116.0,70.20999908447266,-0.37,1.64,111.18,3.89,5.33
2023-12-27,463.7478332519531,406.4923400878906,199.83187866210935,91.77336883544922,192.58999633789065,68.58355712890625,24.934709548950195,12.43000030517578,35.40999984741211,114.52999877929688,68.91999816894531,-0.41,1.64,145.72,3.79,5.33
2023-12-28,463.9230041503906,406.2947692871094,199.07086181640625,91.10682678222656,191.47000122070312,68.36355590820312,25.017976760864254,12.470000267028809,36.45000076293945,113.77999877929688,67.18000030517578,-0.42,1.62,168.59,3.84,5.33
2023-12-29,462.5799865722656,404.5364379882813,195.82199096679688,90.28506469726562,191.1699981689453,68.09957885742188,25.064239501953125,12.449999809265137,36.220001220703125,114.62000274658205,66.6500015258789,-0.35,1.61,107.55,3.88,5.33
2024-01-02,459.9912109375,397.6907348632813,194.6609649658203,89.76458740234375,190.72000122070312,67.87077331542969,25.27703857421875,13.199999809265137,39.04999923706055,127.0199966430664,65.7699966430664,-0.38,1.62,138.57,3.95,5.33
2024-01-03,456.234619140625,393.4826049804688,189.47052001953125,90.13895416259766,189.1300048828125,67.68598175048828,25.36030960083008,14.039999961853027,38.220001220703125,124.56999969482422,68.19000244140625,-0.42,1.66,162.46,3.91,5.33
2024-01-04,454.7649841308594,391.4575500488281,189.0998077392578,88.76935577392578,189.32000732421875,67.42200469970703,25.36030960083008,14.130000114440918,37.58000183105469,121.12000274658205,67.56999969482422,-0.39,1.65,118.85,3.99,5.33
2024-01-05,455.3878784179688,391.92181396484375,188.54364013671875,87.92017364501953,189.3500061035156,67.47480773925781,25.36030960083008,13.350000381469728,36.06999969482422,116.19000244140624,69.02999877929688,-0.35,1.65,106.49,4.05,5.33
2024-01-08,461.8890075683594,400.0220336914063,191.93890380859372,88.78760528564453,187.8699951171875,67.85319519042969,25.314048767089844,13.079999923706056,36.790000915527344,117.72000122070312,66.4000015258789,-0.35,1.65,153.56,4.01,5.33
2024-01-09,461.188232421875,400.8123168945313,190.2217712402344,88.22151184082031,187.92999267578125,67.95877838134766,25.39731979370117,12.760000228881836,36.09000015258789,114.91999816894533,67.38999938964844,-0.34,1.63,1026.38,4.02,5.33
2024-01-10,463.7965393066406,403.5288696289063,190.3290863037109,87.81063079833984,187.5,68.08197021484375,25.351057052612305,12.6899995803833,36.34999847412109,109.62999725341795,66.55999755859375,-0.33,1.59,73.6,4.04,5.33
2024-01-11,463.5921020507813,404.3685302734375,188.8363494873047,88.30367279052734,187.8699951171875,68.30194091796875,25.36956214904785,12.4399995803833,36.77999877929688,103.4499969482422,67.6500015258789,-0.28,1.63,57.0,3.98,5.33
2024-01-12,463.9132385253906,404.575927734375,188.52415466308597,88.13017272949219,189.7100067138672,68.37234497070312,25.39731979370117,12.699999809265137,40.63999938964844,106.51000213623048,68.0199966430664,-0.18,1.64,76.85,3.96,5.33
2024-01-16,462.2101440429688,404.5364379882813,186.1923370361328,86.57795715332031,187.91000366210935,67.94114685058594,25.61937141418457,13.84000015258789,38.34000015258789,113.44000244140624,67.25,-0.15,1.65,248.39,4.07,5.33
2024-01-17,459.6408386230469,402.2545166015625,184.86546325683597,86.44100189208984,185.83999633789065,67.6507797241211,25.637874603271484,14.789999961853027,37.060001373291016,105.86000061035156,67.94000244140625,-0.24,1.63,69.96,4.1,5.33
2024-01-18,463.7283630371094,407.9641723632813,185.9582061767578,85.63750457763672,187.3699951171875,67.79158020019531,25.66563034057617,14.130000114440918,35.97999954223633,107.22000122070312,69.05999755859375,-0.2,1.62,121.41,4.14,5.33
2024-01-19,469.50927734375,416.0545349121094,187.7436370849609,85.91140747070312,187.92999267578125,67.9059829711914,25.628623962402344,13.300000190734863,35.790000915527344,104.97000122070312,68.81999969482422,-0.24,1.59,147.36,4.15,5.33
2024-01-22,470.5019836425781,416.5978393554688,191.7535552978516,86.42273712158203,187.22000122070312,67.95877838134766,25.637874603271484,13.1899995803833,35.709999084472656,106.87000274658205,69.69000244140625,-0.26,1.59,175.55,4.11,5.33
2024-01-23,471.8741760253906,418.3265380859375,191.1974334716797,85.73796081542969,187.9499969482422,67.87957763671875,25.7026424407959,12.550000190734863,34.9900016784668,107.6999969482422,69.66000366210938,-0.17,1.62,71.62,4.14,5.33
2024-01-24,472.3900146484375,420.6479187011719,189.6265869140625,85.23573303222656,186.3999938964844,67.8443603515625,25.628623962402344,13.140000343322754,33.9900016784668,105.77999877929688,70.54000091552734,-0.16,1.61,91.92,4.18,5.33
2024-01-25,474.9593200683594,421.16162109375,191.1974334716797,85.79271697998047,187.13999938964844,68.36355590820312,25.7026424407959,13.449999809265137,35.099998474121094,105.88999938964844,72.2300033569336,-0.14,1.6,114.57,4.14,5.33
2024-01-26,474.3559265136719,418.6524963378906,191.20718383789065,85.62835693359375,187.00999450683597,68.31076049804688,25.7026424407959,13.260000228881836,34.779998779296875,100.2300033569336,73.0999984741211,-0.19,1.58,85.29,4.15,5.33
2024-01-29,478.1124877929688,422.939697265625,194.5536346435547,86.61447143554688,188.3300018310547,68.4603500366211,25.7026424407959,13.600000381469728,36.31999969482422,106.33999633789062,72.05000305175781,-0.21,1.6,212.58,4.08,5.33
2024-01-30,477.7427062988281,420.1243591308594,192.89505004882807,87.39972686767578,188.58999633789065,68.37234497070312,25.68413734436035,13.3100004196167,36.18999862670898,104.26000213623048,72.80999755859375,-0.3,1.58,144.27,4.06,5.33
2024-01-31,469.947265625,411.895751953125,188.1826629638672,88.2580337524414,188.4499969482422,68.17875671386719,25.7489013671875,14.350000381469728,37.25,107.27999877929688,70.91999816894531,-0.28,1.61,81.76,3.99,5.33
2024-02-01,476.0979614257813,416.74603271484375,190.6803436279297,89.9892807006836,190.41000366210935,68.57141876220703,25.61937141418457,13.880000114440918,35.380001068115234,113.91999816894533,69.06999969482422,-0.33,1.63,97.99,3.87,5.33
2024-02-02,481.1100769042969,423.7892456054688,189.67539978027344,88.00155639648438,188.6100006103516,68.26188659667969,25.850675582885746,13.850000381469728,34.849998474121094,106.72000122070312,67.51000213623047,-0.33,1.59,55.14,4.03,5.33
2024-02-05,479.3582153320313,423.2361145019531,187.26556396484372,86.2244873046875,187.57000732421875,67.94354248046875,25.98945999145508,13.670000076293944,34.43000030517578,108.68000030517578,68.18000030517578,-0.29,1.56,209.6,4.17,5.33
2024-02-06,480.7499694824219,422.3865356445313,188.9534454345703,87.06720733642578,188.5500030517578,68.1911392211914,25.915441513061523,13.0600004196167,33.0099983215332,110.5999984741211,68.80999755859375,-0.3,1.58,109.35,4.09,5.33
2024-02-07,484.7596130371094,426.7329406738281,188.514404296875,86.64582824707031,188.5,68.30610656738281,25.88768577575684,12.829999923706056,31.209999084472656,107.86000061035156,69.41999816894531,-0.32,1.6,178.57,4.09,5.33
2024-02-08,484.9737243652344,427.5232238769531,191.3730316162109,86.14202880859375,188.3300018310547,68.2707290649414,25.915441513061523,12.789999961853027,31.63999938964844,108.5999984741211,71.5199966430664,-0.31,1.6,153.72,4.15,5.33
2024-02-09,487.7765502929688,431.73138427734375,194.4853515625,85.96797943115234,187.6000061035156,68.41221618652344,25.89693832397461,12.93000030517578,32.439998626708984,106.20999908447266,71.66999816894531,-0.31,1.59,67.61,4.17,5.33
2024-02-12,487.5624694824219,430.0422058105469,198.01719665527344,86.0687484741211,187.1100006103516,68.26188659667969,25.924694061279297,13.93000030517578,32.689998626708984,109.77999877929688,72.11000061035156,-0.29,1.58,215.18,4.17,5.33
2024-02-13,480.8472595214844,423.3348083496094,189.87054443359372,84.5939712524414,184.52999877929688,67.7136001586914,26.12824249267578,15.850000381469728,32.369998931884766,113.22000122070312,72.6500015258789,-0.33,1.54,183.22,4.31,5.33
2024-02-14,485.217041015625,427.9480590820313,194.28045654296875,85.02450561523438,184.4199981689453,67.97891235351562,26.081981658935547,14.380000114440918,32.7599983215332,111.97000122070312,71.55000305175781,-0.29,1.56,86.93,4.27,5.33
2024-02-15,488.5649108886719,429.2223510742188,199.46112060546875,85.46418762207031,185.66000366210935,68.21766662597656,25.980205535888672,14.010000228881836,32.02000045776367,112.08999633789062,72.83999633789062,-0.32,1.57,83.03,4.24,5.33
2024-02-16,486.1318664550781,425.3302612304688,196.7488555908203,84.96954345703125,186.33999633789065,68.01428985595703,25.98945999145508,14.239999771118164,30.84000015258789,109.1999969482422,73.41000366210938,-0.34,1.53,58.32,4.3,5.33
2024-02-20,483.4555358886719,422.1197814941406,194.0365295410156,85.04280090332031,187.47000122070312,68.15576171875,25.952449798583984,15.420000076293944,31.809999465942383,111.0199966430664,72.41999816894531,-0.32,1.56,149.95,4.27,5.33
2024-02-21,483.8934326171875,420.4305725097656,193.1194610595703,84.43824005126953,187.47999572753903,68.03197479248047,25.924694061279297,15.34000015258789,31.049999237060547,114.2699966430664,73.19999694824219,-0.32,1.54,111.52,4.32,5.33
2024-02-22,493.9078369140625,432.7389831542969,194.5829315185547,84.8504638671875,187.55999755859372,68.35916900634766,25.924694061279297,14.539999961853027,30.549999237060547,115.58999633789062,73.5999984741211,-0.36,1.49,70.29,4.33,5.33
2024-02-23,494.2485046386719,431.4646606445313,195.0219573974609,85.98632049560547,188.6199951171875,68.40338134765625,25.943199157714844,13.75,31.309999465942383,108.30999755859376,71.91999816894531,-0.41,1.49,117.11,4.26,5.33
2024-02-26,492.4382629394531,431.2374877929688,196.25125122070312,85.72982025146484,188.1999969482422,68.18228149414062,25.89693832397461,13.739999771118164,31.709999084472656,110.7699966430664,72.79000091552734,-0.41,1.53,167.77,4.28,5.33
2024-02-27,493.3530883789063,432.2747192382813,199.0318603515625,85.1252670288086,188.0,68.2707290649414,25.915441513061523,13.43000030517578,31.350000381469727,110.8000030517578,73.8499984741211,-0.39,1.53,117.39,4.31,5.33
2024-02-28,492.7010498046875,429.9730224609375,197.3927764892578,85.66571044921875,188.33999633789065,68.26188659667969,25.93394660949707,13.84000015258789,31.209999084472656,108.70999908447266,73.62000274658203,-0.37,1.55,143.19,4.27,5.33
2024-02-29,494.4722595214844,433.6576843261719,198.76841735839844,86.27029418945312,189.30999755859372,68.38569641113281,25.98945999145508,13.399999618530272,31.5,109.0999984741211,73.36000061035156,-0.39,1.55,105.86,4.25,5.33
2024-03-01,499.1145324707031,440.1872253417969,200.87583923339844,86.80782318115234,192.88999938964844,68.641845703125,25.943199157714844,13.109999656677246,31.07999992370605,106.4800033569336,74.95999908447266,-0.35,1.57,58.59,4.19,5.33
2024-03-04,498.5792846679688,438.6165771484375,200.69044494628903,86.45863342285156,196.00999450683597,68.62405395507812,25.943199157714844,13.489999771118164,30.46999931335449,109.56999969482422,74.01000213623047,-0.39,1.57,185.31,4.22,5.33
2024-03-05,493.5963745117188,430.7435607910156,198.76841735839844,87.68995666503906,197.19000244140625,68.57067108154297,25.915441513061523,14.460000038146973,30.190000534057617,110.33000183105467,73.44999694824219,-0.41,1.59,98.25,4.13,5.33
2024-03-06,496.09759521484375,433.4502258300781,200.25143432617188,88.20455932617188,198.80999755859372,68.73966979980469,25.82291984558105,14.5,29.56999969482422,105.33000183105467,74.33999633789062,-0.44,1.57,107.93,4.11,5.33
2024-03-07,501.0220947265625,440.0291748046875,201.9197540283203,88.12184143066406,199.94000244140625,68.81971740722656,25.693389892578125,14.4399995803833,29.56999969482422,105.4499969482422,74.2300033569336,-0.41,1.59,56.71,4.09,5.33
2024-03-08,498.0148315429688,433.6773986816406,201.79293823242188,87.96564483642578,201.6300048828125,68.83750915527344,25.7026424407959,14.739999771118164,29.63999938964844,100.87999725341795,73.36000061035156,-0.39,1.59,36.66,4.09,5.33
2024-03-11,497.5865783691406,432.0672607421875,200.19288635253903,87.9197006225586,202.0,68.82859802246094,25.730396270751957,15.220000267028809,29.11000061035156,106.62999725341795,73.62000274658203,-0.41,1.59,159.06,4.1,5.33
2024-03-12,502.9393005371094,438.2609252929688,199.9197235107422,87.18457794189453,199.7899932861328,68.890869140625,25.7489013671875,13.84000015258789,29.36000061035156,101.36000061035156,73.3499984741211,-0.42,1.55,104.69,4.16,5.33
2024-03-13,502.1509704589844,434.8924255371094,200.70022583007807,86.76187133789062,201.19000244140625,68.91754913330078,25.72114562988281,13.75,29.520000457763672,97.02999877929688,75.08999633789062,-0.42,1.55,159.16,4.19,5.33
2024-03-14,501.1582946777344,433.7959899902344,197.10983276367188,85.42948150634766,200.3500061035156,68.58849334716797,25.85992813110352,14.399999618530272,31.51000022888184,98.66999816894533,76.30000305175781,-0.39,1.53,69.68,4.29,5.33
2024-03-15,497.7170715332031,428.6394958496094,197.4805908203125,85.40193176269531,199.7100067138672,68.54398345947266,25.88768577575684,14.40999984741211,29.770000457763672,97.81999969482422,76.33000183105469,-0.41,1.49,181.53,4.31,5.33
2024-03-18,500.6751098632813,432.72760009765625,196.3488311767578,85.14462280273438,200.02999877929688,68.7041015625,25.943199157714844,14.329999923706056,29.809999465942383,102.87000274658205,77.9800033569336,-0.39,1.49,140.24,4.34,5.33
2024-03-19,503.4574279785156,433.8057861328125,197.1781463623047,85.38353729248047,199.8000030517578,68.97978973388672,26.007965087890625,13.81999969482422,29.21999931335449,99.98999786376952,78.43000030517578,-0.38,1.5,91.96,4.3,5.33
2024-03-20,508.1140441894531,438.94927978515625,201.08071899414065,85.35597229003906,202.17999267578125,69.21104431152344,25.88768577575684,13.039999961853027,28.81999969482422,92.72000122070312,77.25,-0.32,1.56,202.01,4.27,5.33
2024-03-21,509.793212890625,441.0264587402344,203.39105224609372,85.53975677490234,201.97000122070312,69.17544555664062,26.0634765625,12.920000076293944,27.530000686645508,90.81999969482422,76.81999969482422,-0.35,1.53,77.59,4.27,5.33
2024-03-22,508.8267211914063,441.5309143066406,200.58383178710935,86.3575668334961,200.3500061035156,69.10431671142578,26.202260971069336,13.0600004196167,26.920000076293945,91.04000091552734,76.68000030517578,-0.37,1.53,73.05,4.22,5.33
2024-03-25,507.42095947265625,439.9285278320313,201.0435485839844,85.92568969726562,200.9900054931641,68.99757385253906,26.137495040893555,13.1899995803833,27.489999771118164,92.23999786376952,77.76000213623047,-0.29,1.53,79.67,4.25,5.33
2024-03-26,506.4836730957031,438.504150390625,200.681640625,86.16458892822266,201.63999938964844,68.91754913330078,26.1560001373291,13.239999771118164,27.25,90.62999725341795,77.29000091552734,-0.32,1.53,85.54,4.24,5.33
2024-03-27,510.7401123046875,439.9977722167969,205.0538482666016,87.0191650390625,203.1000061035156,69.28218841552734,26.174503326416016,12.779999732971191,26.600000381469727,86.27999877929688,77.51000213623047,-0.34,1.54,97.9,4.2,5.33
2024-03-28,510.6425476074219,439.1866760253906,205.6994171142578,86.9456558227539,205.72000122070312,69.1310043334961,26.24852180480957,13.010000228881836,26.270000457763672,86.37999725341797,78.7300033569336,-0.39,1.5,59.31,4.2,5.33
2024-04-01,509.7540588378906,440.116455078125,203.76275634765625,85.32491302490234,207.82000732421875,68.84939575195312,26.35029602050781,13.649999618530272,27.649999618530277,94.1999969482422,79.66999816894531,-0.39,1.49,113.74,4.33,5.33
2024-04-02,506.5130615234375,436.3181762695313,200.0165100097656,84.85472106933594,210.88999938964844,68.73320770263672,26.31328773498535,14.609999656677246,29.040000915527344,96.56999969482422,80.79000091552734,-0.34,1.51,64.34,4.36,5.33
2024-04-03,507.0694580078125,437.2974243164063,201.3272247314453,84.8362808227539,212.7400054931641,68.78684997558594,26.19300651550293,14.329999923706056,29.07999992370605,97.87999725341795,81.25,-0.32,1.49,87.02,4.36,5.33
2024-04-04,500.880126953125,430.6108703613281,199.31228637695312,85.44475555419922,211.5200042724609,68.73320770263672,26.19300651550293,16.350000381469727,32.16999816894531,96.12999725341795,82.2699966430664,-0.34,1.51,79.84,4.31,5.33
2024-04-05,506.11279296875,435.6851196289063,199.97740173339844,84.2554702758789,215.13999938964844,68.67063903808594,26.220766067504883,16.030000686645508,32.36000061035156,94.30999755859376,82.4000015258789,-0.34,1.49,65.9,4.39,5.33
2024-04-08,506.3958740234375,435.8136901855469,201.07290649414065,84.24623107910156,216.47999572753903,68.83152770996094,26.18375396728516,15.1899995803833,30.56999969482422,99.37000274658205,82.19999694824219,-0.36,1.46,96.86,4.42,5.33
2024-04-09,506.9815673828125,437.4260559082031,201.86520385742188,85.02989196777344,217.6699981689453,68.97456359863281,26.174503326416016,14.979999542236328,28.959999084472656,98.7300033569336,81.1500015258789,-0.38,1.44,127.5,4.36,5.33
2024-04-10,501.9051513671875,433.6079406738281,196.53439331054688,83.17679595947266,215.6100006103516,68.36670684814453,26.45207023620605,15.800000190734863,30.07999992370605,109.58999633789062,82.08999633789062,-0.42,1.4,134.32,4.55,5.33
2024-04-11,505.6929931640625,440.5318603515625,197.86463928222656,82.7988052368164,219.8000030517578,68.30413055419922,26.4705753326416,14.90999984741211,31.270000457763672,108.86000061035156,81.55000305175781,-0.37,1.41,116.38,4.56,5.33
2024-04-12,498.7128601074219,433.5090026855469,194.3434295654297,83.2413330078125,216.88999938964844,68.26838684082031,26.68337631225586,17.309999465942383,32.189998626708984,112.81999969482422,81.52999877929688,-0.38,1.45,164.38,4.5,5.33
2024-04-15,492.4649353027344,426.3773498535156,191.4970703125,81.95062255859375,220.9499969482422,67.87503814697266,26.72963523864746,19.229999542236328,35.59000015258789,121.1500015258789,81.6500015258789,-0.3,1.46,148.0,4.63,5.33
2024-04-16,491.5667724609375,426.41693115234375,190.79281616210935,81.40669250488281,221.22000122070312,67.65158081054688,26.766645431518555,18.399999618530277,33.61000061035156,119.58999633789062,81.33000183105469,-0.3,1.46,205.0,4.67,5.33
2024-04-17,488.6575622558594,421.2140197753906,188.77786254882807,82.31017303466797,219.58999633789065,67.7409439086914,26.68337631225586,18.209999084472656,33.0,113.29000091552734,78.91000366210938,-0.34,1.48,89.86,4.59,5.33
2024-04-18,487.6520385742188,418.8104553222656,188.62136840820312,81.89532470703125,220.33999633789065,67.79458618164062,26.738889694213867,18.0,31.399999618530277,108.66000366210938,78.77999877929688,-0.34,1.47,73.0,4.64,5.33
2024-04-19,483.39556884765625,410.1456298828125,188.91482543945312,82.1903305053711,221.02999877929688,67.91975402832031,26.738889694213867,18.709999084472656,31.86000061035156,111.26000213623048,78.8499984741211,-0.35,1.46,69.55,4.62,5.33
2024-04-22,487.8473205566406,414.2703247070313,191.02755737304688,82.05203247070312,215.57000732421875,68.29520416259766,26.74814224243164,16.940000534057617,29.700000762939453,108.55999755859376,78.77999877929688,-0.35,1.46,63.52,4.62,5.33
2024-04-23,493.6364135742188,420.4523620605469,194.2260284423828,82.07969665527344,215.0399932861328,68.57230377197266,26.637115478515625,15.6899995803833,28.86000061035156,106.8499984741211,79.9800033569336,-0.25,1.46,50.68,4.61,5.33
2024-04-24,493.4021301269531,421.8768005371094,193.3555145263672,81.4988784790039,214.63999938964844,68.42034912109375,26.664871215820312,15.970000267028809,29.040000915527344,110.20999908447266,79.63999938964844,-0.24,1.48,103.13,4.65,5.33
2024-04-25,491.5276489257813,419.8391723632813,192.1817626953125,80.9272689819336,215.9199981689453,68.27730560302734,26.609357833862305,15.369999885559082,28.34000015258789,108.5500030517578,80.44000244140625,-0.26,1.47,228.77,4.7,5.33
2024-04-26,496.1844177246094,426.3179626464844,194.0206298828125,81.35135650634766,216.6199951171875,68.49185180664062,26.72963523864746,15.029999732971191,27.809999465942383,104.4000015258789,80.38999938964844,-0.29,1.45,71.47,4.67,5.33
2024-04-29,497.9415893554688,428.0489807128906,195.5856475830078,82.03360748291016,216.17999267578125,68.69745635986328,26.64636611938477,14.670000076293944,27.84000015258789,105.41999816894533,79.5,-0.34,1.45,80.35,4.63,5.33
2024-04-30,490.0535888671875,419.97760009765625,191.61444091796875,81.33292388916016,211.8699951171875,68.19685363769531,26.81290626525879,15.649999618530272,27.8700008392334,107.45999908447266,78.37999725341797,-0.35,1.44,111.88,4.69,5.33
2024-05-01,488.4623107910156,416.9409790039063,192.0154571533203,81.93244171142578,213.7899932861328,68.55630493164062,26.7851505279541,15.390000343322754,28.700000762939453,100.63999938964844,75.93000030517578,-0.33,1.43,52.26,4.63,5.33
2024-05-02,493.0311279296875,422.2625122070313,195.5464782714844,82.28400421142578,213.1300048828125,68.9786605834961,26.581600189208984,14.68000030517578,27.649999618530277,100.6999969482422,75.93000030517578,-0.29,1.47,80.5,4.58,5.33
2024-05-03,499.1423950195313,430.7492980957031,197.48318481445312,83.11666870117188,212.9600067138672,69.26620483398438,26.50758171081543,13.489999771118164,28.09000015258789,95.95999908447266,75.12999725341797,-0.31,1.49,55.72,4.5,5.33
2024-05-06,504.29693603515625,435.4674987792969,200.0360870361328,83.4404525756836,215.1999969482422,69.34709167480469,26.535341262817383,13.489999771118164,28.57999992370605,94.5,75.66000366210938,-0.33,1.47,76.56,4.49,5.33
2024-05-07,504.8533630371094,435.5367736816406,200.4860076904297,83.94928741455078,214.2100067138672,69.35609436035156,26.609357833862305,13.229999542236328,27.82999992370605,98.04000091552734,75.5,-0.35,1.45,38.92,4.47,5.33
2024-05-08,504.9022521972656,435.2795715332031,199.32205200195312,83.4404525756836,213.5800018310547,69.19432830810547,26.64636611938477,13.0,27.90999984741211,95.58000183105467,76.11000061035156,-0.36,1.47,35.93,4.48,5.33
2024-05-09,507.8113708496094,436.2290954589844,201.35655212402344,83.84750366210938,216.9499969482422,69.21228790283203,26.55384635925293,12.6899995803833,27.950000762939453,93.8499984741211,76.5199966430664,-0.35,1.48,51.54,4.45,5.33
2024-05-10,508.465576171875,437.2578430175781,199.84043884277344,83.37569427490234,218.7100067138672,69.10446166992188,26.59085273742676,12.550000190734863,27.8799991607666,94.2300033569336,75.30000305175781,-0.37,1.48,103.08,4.5,5.33
2024-05-13,508.5338745117188,438.2667846679688,200.2610626220703,83.5884780883789,216.25999450683597,69.08647918701172,26.581600189208984,13.600000381469728,28.040000915527344,105.3499984741211,76.12999725341797,-0.37,1.48,36.94,4.48,5.33
2024-05-14,510.8670959472656,441.0858154296875,202.33468627929688,84.0603256225586,218.08999633789065,69.19432830810547,26.52608871459961,13.420000076293944,28.01000022888184,106.5500030517578,75.20999908447266,-0.36,1.48,135.19,4.45,5.33
2024-05-15,517.1930541992188,447.9800415039063,204.85821533203125,85.20751190185547,220.88999938964844,69.59871673583984,26.359548568725582,12.449999809265137,28.06999969482422,93.77999877929688,75.87999725341797,-0.37,1.49,96.41,4.36,5.33
2024-05-16,516.1289672851562,447.0701293945313,203.3812713623047,85.12425231933594,220.02999877929688,69.43694305419922,26.424314498901367,12.420000076293944,27.07999992370605,91.83000183105467,76.25,-0.4,1.47,55.17,4.38,5.33
2024-05-17,516.8710327148438,446.85247802734375,203.52798461914065,84.5506591796875,223.66000366210935,69.44595336914062,26.424314498901367,11.989999771118164,28.059999465942383,89.3499984741211,76.97000122070312,-0.41,1.48,54.29,4.42,5.33
2024-05-20,517.4664916992188,449.9682922363281,203.9779052734375,84.30084228515625,224.55999755859372,69.48188781738281,26.461322784423828,12.149999618530272,27.88999938964844,88.12999725341797,76.7300033569336,-0.38,1.47,92.53,4.44,5.33
2024-05-21,518.7355346679688,450.84857177734375,203.78228759765625,84.73567199707031,224.22999572753903,69.42797088623047,26.461322784423828,11.859999656677246,27.3799991607666,85.33999633789062,76.16000366210938,-0.41,1.48,62.26,4.41,5.33
2024-05-22,517.241943359375,450.7595520019531,202.06082153320312,84.83743286132812,220.1100006103516,69.27519989013672,26.54459381103516,12.289999961853027,27.709999084472656,82.48999786376953,74.87000274658203,-0.43,1.46,55.15,4.43,5.33
2024-05-23,513.4638671875,448.7318420410156,198.7449493408203,84.29161071777344,215.72000122070312,69.0325698852539,26.60010528564453,12.770000457763672,28.65999984741211,86.1500015258789,74.44999694824219,-0.44,1.45,77.2,4.47,5.33
2024-05-24,516.8611450195312,452.9752197265625,200.94573974609372,84.5413818359375,215.9199981689453,69.27519989013672,26.516834259033203,11.93000030517578,27.559999465942383,83.56999969482422,75.3499984741211,-0.47,1.46,153.24,4.46,5.33
2024-05-28,517.2223510742188,454.6864013671875,200.671875,83.32942962646484,218.19000244140625,68.99663543701172,26.47982788085937,12.920000076293944,27.530000686645508,89.66999816894531,77.66000366210938,-0.4,1.45,56.95,4.54,5.33
2024-05-29,513.6005249023438,451.4816284179688,197.7081451416016,82.3210220336914,216.16000366210935,68.78994750976562,26.62786293029785,14.279999732971191,26.770000457763672,93.4499969482422,76.56999969482422,-0.35,1.47,123.02,4.61,5.33
2024-05-30,510.1934814453125,446.644775390625,199.58616638183597,83.11666870117188,216.57000732421875,69.06851959228516,26.54459381103516,14.470000267028809,29.239999771118164,91.08999633789062,75.52999877929688,-0.37,1.46,92.78,4.55,5.33
2024-05-31,514.8404541015625,445.81390380859375,201.26852416992188,83.68099975585938,215.3000030517578,69.3111572265625,26.52608871459961,12.920000076293944,30.34000015258789,91.13999938964844,74.81999969482422,-0.38,1.46,72.4,4.51,5.33
2024-06-03,515.2600708007812,448.2075500488281,200.1339111328125,85.03450012207031,217.22000122070312,69.52601623535156,26.387304306030277,13.109999656677246,30.84000015258789,93.91999816894533,71.83000183105469,-0.41,1.47,191.95,4.41,5.33
2024-06-04,515.8361206054688,449.4341430664063,197.55165100097656,86.02779388427734,215.2700042724609,69.48989868164062,26.396556854248047,13.15999984741211,30.59000015258789,100.11000061035156,71.08999633789062,-0.44,1.49,67.8,4.33,5.33
2024-06-05,521.9668579101562,458.4945983886719,200.57403564453125,86.65906524658203,217.82000732421875,69.71563720703125,26.433565139770508,12.630000114440918,29.18000030517578,102.43000030517578,71.88999938964844,-0.43,1.53,35.32,4.29,5.33
2024-06-06,521.9571533203125,458.3363037109375,199.1362152099609,86.52909851074219,219.42999267578125,69.59825134277344,26.396556854248047,12.579999923706056,27.709999084472656,100.98999786376952,73.26000213623047,-0.44,1.5,80.15,4.28,5.33
2024-06-07,521.322509765625,457.9308166503906,196.7985076904297,84.94166564941406,211.6000061035156,69.41767883300781,26.61861038208008,12.220000267028809,26.420000076293945,91.81999969482422,73.0199966430664,-0.44,1.46,55.59,4.43,5.33
2024-06-10,522.9332275390625,459.7804870605469,197.47341918945312,84.37537384033203,213.5399932861328,69.48088073730469,26.68337631225586,12.739999771118164,25.690000534057617,94.16000366210938,75.45999908447266,-0.4,1.46,92.67,4.47,5.33
2024-06-11,524.1928100585938,462.9358215332031,196.798583984375,85.24799346923828,214.1499938964844,69.57115936279297,26.720382690429688,12.850000381469728,25.540000915527344,97.2699966430664,75.51000213623047,-0.42,1.48,59.32,4.39,5.33
2024-06-12,528.4978637695312,468.9992370605469,199.81961059570312,85.88855743408203,214.72000122070312,69.85104370117188,26.60010528564453,12.039999961853027,24.799999237060547,91.7300033569336,75.9800033569336,-0.44,1.48,100.25,4.31,5.33
2024-06-13,529.5620727539062,471.5413513183594,198.07366943359372,87.15106964111328,212.97000122070312,69.84200286865234,26.701879501342773,11.9399995803833,24.450000762939453,91.93000030517578,75.73999786376953,-0.44,1.51,94.21,4.24,5.33
2024-06-14,529.88427734375,473.9844970703125,194.9251251220703,87.88444519042969,215.72999572753903,69.57115936279297,26.82215690612793,12.65999984741211,24.709999084472656,100.16000366210938,76.08000183105469,-0.47,1.53,88.92,4.2,5.33
2024-06-17,534.1015625,479.790771484375,196.56317138671875,87.01182556152344,214.6100006103516,69.61629486083984,26.75739288330078,12.75,24.170000076293945,99.06999969482422,77.79000091552734,-0.47,1.52,64.98,4.28,5.33
2024-06-18,535.45849609375,479.9390869140625,196.906494140625,87.8101806640625,215.47000122070312,69.8329849243164,26.74814224243164,12.300000190734863,23.729999542236328,97.98999786376952,78.66999816894531,-0.47,1.52,72.11,4.22,5.33
2024-06-20,534.00390625,476.23974609375,196.07275390625,87.22534942626953,218.16000366210935,69.78784942626953,26.859169006347656,13.279999732971191,24.229999542236328,94.13999938964844,79.41000366210938,-0.45,1.54,89.94,4.25,5.33
2024-06-21,533.2880249023438,474.9637451171875,196.5141448974609,87.22534942626953,214.77999877929688,69.86909484863281,26.923933029174805,13.199999809265137,24.739999771118164,94.08999633789062,78.6500015258789,-0.45,1.55,76.15,4.25,5.33
2024-06-24,531.5545043945312,469.5564270019531,197.3674774169922,87.57811737060547,215.6300048828125,69.79686737060547,26.831409454345703,13.329999923706056,25.420000076293945,95.1999969482422,79.69999694824219,-0.46,1.53,99.49,4.25,5.33
2024-06-25,533.6015014648438,474.9260864257813,196.72010803222656,87.72662353515625,214.55999755859372,69.88714599609375,26.859169006347656,12.84000015258789,25.75,96.97000122070312,78.9000015258789,-0.42,1.55,49.78,4.23,5.33
2024-06-26,534.2673950195312,475.9068908691406,196.2002410888672,86.47341918945312,212.5800018310547,69.73365020751953,26.988698959350582,12.550000190734863,26.239999771118164,97.91000366210938,78.75,-0.39,1.55,66.89,4.32,5.33
2024-06-27,535.1097412109375,477.1353759765625,198.1913909912109,86.81686401367188,214.9900054931641,69.81492614746094,26.95168876647949,12.239999771118164,26.280000686645508,95.69000244140624,79.91999816894531,-0.41,1.55,88.91,4.29,5.33
2024-06-28,533.0039672851562,474.6585998535156,199.0054931640625,85.20159149169922,215.00999450683597,69.64338684082031,26.95168876647949,12.4399995803833,26.540000915527344,98.58999633789062,79.58999633789062,-0.35,1.55,56.38,4.36,5.33
2024-07-01,534.1009521484375,477.4424743652344,197.33804321289065,83.73110961914062,215.57000732421875,69.6297836303711,26.960941314697266,12.220000267028809,27.290000915527344,106.2300033569336,81.54000091552734,-0.29,1.55,244.08,4.48,5.33
2024-07-02,537.6953125,482.4554748535156,198.0148468017578,84.38301086425781,215.55999755859372,69.82038116455078,26.923933029174805,12.029999732971191,25.81999969482422,107.51000213623048,81.11000061035156,-0.31,1.56,41.45,4.43,5.33
2024-07-03,540.0949096679688,486.477783203125,197.9658050537109,85.49122619628906,217.9900054931641,70.06542205810547,26.81290626525879,12.09000015258789,24.6200008392334,102.83000183105467,81.2699966430664,-0.35,1.53,58.82,4.36,5.33
2024-07-05,543.2092895507812,491.55023193359375,197.0241851806641,86.1989974975586,220.92999267578125,70.2741470336914,26.720382690429688,12.479999542236328,23.780000686645508,98.77999877929688,81.30999755859375,-0.32,1.56,778.95,4.28,5.33
2024-07-08,543.8360595703125,492.71923828125,198.40719604492188,86.3852310180664,218.19000244140625,70.2560043334961,26.766645431518555,12.369999885559082,23.809999465942383,97.95999908447266,80.41999816894531,-0.34,1.54,109.45,4.28,5.33
2024-07-09,544.3649291992188,493.1452331542969,197.5440368652344,86.00342559814453,218.55999755859372,70.1743392944336,26.803653717041016,12.510000228881836,24.190000534057617,95.62000274658205,79.7699966430664,-0.32,1.56,85.73,4.3,5.33
2024-07-10,549.7515258789062,498.2870178222656,199.476318359375,86.27348327636719,219.3600006103516,70.33767700195312,26.775897979736328,12.850000381469728,24.01000022888184,92.97000122070312,80.4800033569336,-0.34,1.56,182.9,4.28,5.33
2024-07-11,545.0114135742188,487.3594970703125,206.64634704589844,87.11163330078125,223.25,70.5918197631836,26.637115478515625,12.920000076293944,24.01000022888184,89.66999816894531,80.94000244140625,-0.3,1.58,29.57,4.2,5.33
2024-07-12,548.4490356445312,490.2226867675781,209.0592803955078,87.48416900634766,223.1100006103516,70.7733383178711,26.54459381103516,12.460000038146973,24.1200008392334,86.79000091552734,80.25,-0.27,1.58,109.49,4.18,5.33
2024-07-15,549.957275390625,491.5402526855469,213.03173828125,86.47836303710938,223.8300018310547,70.78241729736328,26.59085273742676,13.119999885559082,23.82999992370605,94.5,80.12000274658203,-0.21,1.58,99.68,4.23,5.33
2024-07-16,553.2186279296875,491.728515625,220.2998504638672,87.69833374023438,228.2899932861328,71.05467987060547,26.59085273742676,13.1899995803833,24.40999984741211,93.87000274658205,79.05999755859375,-0.26,1.56,96.85,4.17,5.33
2024-07-17,545.4618530273438,477.2939147949219,217.99481201171875,87.71696472167969,227.22999572753903,70.97299194335938,26.4705753326416,14.479999542236328,25.280000686645508,91.0,80.62000274658203,-0.26,1.56,129.38,4.16,5.33
2024-07-18,541.27001953125,475.0350646972656,213.77716064453125,87.04644775390625,225.77999877929688,70.8277587890625,26.59085273742676,15.93000030517578,25.68000030517578,91.97000122070312,79.9000015258789,-0.26,1.57,376.84,4.2,5.33
2024-07-19,537.6757202148438,470.8245544433594,212.68841552734372,86.53424835205078,221.72999572753903,70.7733383178711,26.664871215820312,16.520000457763672,26.82999992370605,94.29000091552734,78.0,-0.24,1.57,88.76,4.25,5.33
2024-07-22,543.2190551757812,477.83880615234375,216.0723571777344,86.28279876708984,221.8000030517578,71.03652954101562,26.64636611938477,14.90999984741211,26.82999992370605,94.4499969482422,77.62000274658203,-0.24,1.58,78.76,4.26,5.33
2024-07-23,542.3670654296875,476.1545715332031,218.3675537109375,86.1617431640625,222.5800018310547,71.04562377929688,26.692626953125,14.720000267028809,26.739999771118164,95.04000091552734,76.62000274658203,-0.15,1.59,141.71,4.25,5.33
2024-07-24,530.0756225585938,459.0747680664063,213.6791076660156,85.23043823242188,221.8000030517578,70.81871795654297,26.68337631225586,18.040000915527344,26.850000381469727,94.80999755859376,76.80999755859375,-0.09,1.65,79.17,4.28,5.33
2024-07-25,527.3136596679688,454.01220703125,216.3470001220703,85.92890930175781,218.3300018310547,70.8277587890625,26.68337631225586,18.459999084472656,26.489999771118164,99.08000183105467,77.45999908447266,-0.14,1.62,39.71,4.27,5.33
2024-07-26,533.219482421875,458.6685791015625,219.92710876464844,86.59944152832031,220.6300048828125,71.05467987060547,26.664871215820312,16.389999389648438,29.770000457763672,97.76000213623048,76.11000061035156,-0.16,1.65,68.12,4.2,5.33
2024-07-29,533.5328369140625,459.5899353027344,217.48480224609372,87.06507110595703,220.32000732421875,70.99114990234375,26.738889694213867,16.600000381469727,30.81999969482422,98.6500015258789,75.19000244140625,-0.19,1.66,66.23,4.17,5.33
2024-07-30,530.8297729492188,453.2791137695313,218.3087158203125,87.40034484863281,222.5200042724609,71.02747344970703,26.75739288330078,17.690000534057617,31.489999771118164,100.41999816894533,74.45999908447266,-0.2,1.65,73.45,4.15,5.33
2024-07-31,539.458251953125,466.693359375,219.57400512695312,88.29435729980469,226.5500030517578,71.2815933227539,26.609357833862305,16.360000610351562,33.689998626708984,99.41000366210938,77.73999786376953,-0.2,1.68,53.04,4.09,5.33
2024-08-01,531.8190307617188,455.3892822265625,212.43338012695312,89.05587768554688,225.7700042724609,71.12557983398438,26.701879501342773,18.59000015258789,33.41999816894531,101.81999969482422,76.29000091552734,-0.17,1.71,60.98,3.99,5.33
2024-08-02,521.9173583984375,444.5806884765625,204.9200439453125,91.83097076416016,225.33999633789065,70.88835906982422,26.433565139770508,23.38999938964844,38.83000183105469,112.26000213623048,73.38999938964844,-0.08,1.8,97.69,3.8,5.33
2024-08-05,506.7171936035156,431.3250122070313,198.3286895751953,92.31688690185548,222.47999572753903,70.45043182373047,26.28553009033203,38.56999969482422,43.630001068115234,121.22000122070312,73.22000122070312,-0.11,1.85,150.14,3.78,5.33
2024-08-06,511.388916015625,435.4463806152344,200.4865875244141,90.25187683105467,220.6999969482422,70.71501922607422,26.368799209594727,27.709999084472656,40.41999816894531,119.23999786376952,72.44999694824219,-0.09,1.78,207.85,3.9,5.33
2024-08-07,507.9708251953125,430.7305603027344,198.1129302978516,89.61650848388672,220.5500030517578,70.85187530517578,26.424314498901367,27.850000381469727,38.0099983215332,112.69000244140624,74.69000244140625,-0.04,1.8,53.33,3.96,5.33
2024-08-08,519.7136840820312,443.9070129394531,202.92892456054688,89.06522369384766,224.00999450683597,71.14382934570312,26.461322784423828,23.790000915527344,34.77000045776367,110.41999816894533,75.36000061035156,-0.05,1.78,18.65,3.99,5.33
2024-08-09,522.0054931640625,446.2252807617188,202.5071563720703,89.94355010986328,224.55999755859372,71.13469696044922,26.433565139770508,20.3700008392334,33.369998931884766,108.26000213623048,76.22000122070312,-0.11,1.77,122.7,3.94,5.33
2024-08-12,522.2797241210938,447.186279296875,200.68276977539065,90.27057647705078,228.41000366210935,71.18029022216797,26.433565139770508,20.709999084472656,35.16999816894531,118.26000213623048,78.62999725341797,-0.11,1.78,76.44,3.9,5.33
2024-08-13,530.8689575195312,458.2821960449219,203.98825073242188,90.8966064453125,228.05999755859372,71.50875091552734,26.294782638549805,18.1200008392334,33.2599983215332,118.44000244140624,77.63999938964844,-0.08,1.8,88.36,3.85,5.33
2024-08-14,532.543701171875,458.4307556152344,202.72293090820312,91.46658325195312,226.1999969482422,71.63645935058594,26.322540283203125,16.190000534057617,31.51000022888184,106.33999633789062,76.58999633789062,-0.11,1.74,120.48,3.83,5.33
2024-08-15,541.6716918945312,470.0121765136719,207.98031616210935,90.7284164428711,226.91000366210935,71.70032501220703,26.415061950683597,15.229999542236328,31.13999938964844,103.73999786376952,77.41000366210938,-0.16,1.68,221.13,3.92,5.33
2024-08-16,542.8860473632812,470.6164855957031,208.52960205078125,91.0461196899414,231.9900054931641,71.92841339111328,26.28553009033203,14.800000190734863,31.0,102.80999755859376,76.31999969482422,-0.17,1.69,194.96,3.89,5.33
2024-08-19,548.0768432617188,476.7985534667969,211.079833984375,91.46658325195312,231.6100006103516,72.0470199584961,26.146747589111328,14.649999618530272,32.029998779296875,110.12999725341795,74.37999725341797,-0.2,1.68,88.54,3.86,5.33
2024-08-20,547.185546875,475.7979431152344,208.6178741455078,92.1954116821289,232.4600067138672,71.9831771850586,26.054224014282227,15.880000114440918,32.04999923706055,111.56999969482422,73.83000183105469,-0.17,1.69,54.32,3.82,5.33
2024-08-21,549.0660400390625,478.01708984375,211.3348388671875,92.25148010253906,232.1499938964844,72.14737701416016,25.97095489501953,16.270000457763672,32.70000076293945,111.37999725341795,72.5999984741211,-0.13,1.69,116.81,3.79,5.33
2024-08-22,544.7566528320312,470.4382629394531,209.47122192382807,91.33577728271484,229.3699951171875,72.05614471435547,26.09123420715332,17.549999237060547,31.729999542236328,108.5,73.58000183105469,-0.13,1.7,87.14,3.86,5.33
2024-08-23,550.5448608398438,475.540283203125,216.16065979003903,91.93377685546876,232.0200042724609,72.4393310546875,25.869178771972656,15.859999656677246,30.540000915527344,105.62999725341795,75.55000305175781,-0.09,1.7,69.6,3.81,5.33
2024-08-26,549.2326049804688,470.9236450195313,216.2292938232422,91.70018005371094,232.75999450683597,72.2933578491211,25.924694061279297,16.149999618530273,30.989999771118164,106.66000366210938,77.83000183105469,-0.09,1.7,63.73,3.82,5.33
2024-08-27,549.9866333007812,472.3304138183594,214.55203247070312,91.54134368896484,233.38999938964844,72.33897399902344,25.8414249420166,15.43000030517578,31.25,109.22000122070312,76.48999786376953,0.0,1.71,35.71,3.83,5.33
2024-08-28,546.7938842773438,466.970703125,213.10037231445312,91.42921447753906,231.75,72.30248260498047,25.98945999145508,17.110000610351562,32.119998931884766,108.76000213623048,75.4800033569336,0.01,1.71,64.09,3.84,5.33
2024-08-29,546.8427124023438,466.28717041015625,214.62071228027344,91.13020324707033,232.9499969482422,72.37548065185547,26.081981658935547,15.649999618530272,31.809999465942383,106.6999969482422,76.7699966430664,0.0,1.69,92.28,3.87,5.33
2024-08-30,552.0628662109375,471.8450012207031,215.8663787841797,90.15843963623048,231.2899932861328,72.38460540771484,26.1560001373291,15.0,33.36000061035156,107.7699966430664,74.33999633789062,0.0,1.69,60.89,3.91,5.33
2024-09-03,540.7020874023438,457.5193176269531,209.2652282714844,91.6330108642578,230.2899932861328,72.12792205810547,26.202260971069336,20.71999931335449,35.36000061035156,114.1999969482422,71.08999633789062,-0.04,1.73,70.88,3.84,5.33
2024-09-04,539.5953369140625,456.3304748535156,208.91213989257807,92.81419372558594,230.42999267578125,72.39375305175781,26.072729110717773,21.31999969482422,37.95000076293945,119.1500015258789,69.61000061035156,0.01,1.73,92.74,3.77,5.33
2024-09-05,538.282958984375,456.7565307617188,207.87240600585935,93.33912658691406,232.3500061035156,72.64127349853516,26.035720825195312,19.899999618530277,36.61000061035156,114.80999755859376,69.88999938964844,-0.02,1.73,54.83,3.73,5.33
2024-09-06,529.2235717773438,444.521240234375,203.9195709228516,93.32974243164062,230.6300048828125,72.54960632324219,26.072729110717773,22.3799991607666,37.58000183105469,107.23999786376952,68.93000030517578,0.06,1.73,103.01,3.72,5.33
2024-09-09,535.1488037109375,450.2375793457031,204.48846435546875,93.73283386230467,231.6000061035156,72.72378540039062,26.18375396728516,19.450000762939453,37.0,104.61000061035156,69.2699966430664,0.02,1.73,55.57,3.7,5.33
2024-09-10,537.4798583984375,454.3986206054688,204.3217315673828,94.3890609741211,232.6199951171875,72.5862808227539,26.19300651550293,19.07999992370605,40.22999954223633,108.36000061035156,66.95999908447266,0.06,1.74,117.97,3.65,5.33
2024-09-11,542.9938354492188,464.26605224609375,204.9200439453125,94.31403350830078,232.25,72.69628143310547,26.220766067504883,17.690000534057617,37.7599983215332,103.79000091552734,67.8499984741211,0.03,1.75,38.01,3.65,5.33
2024-09-12,547.567626953125,468.82330322265625,207.55856323242188,93.87344360351562,236.3300018310547,72.79712677001953,26.109737396240234,17.06999969482422,36.06999969482422,98.02999877929688,69.88999938964844,0.04,1.74,58.47,3.68,5.33
2024-09-13,550.4274291992188,470.9236450195313,212.67860412597656,94.12657165527344,238.67999267578125,72.99879455566406,26.072729110717773,16.559999465942383,35.220001220703125,100.5999984741211,69.83999633789062,0.09,1.72,92.86,3.66,5.33
2024-09-16,551.240234375,468.8431701660156,213.4436798095703,94.98897552490234,238.66000366210935,73.18215942382812,25.98945999145508,17.139999389648438,34.709999084472656,101.22000122070312,70.87999725341797,0.07,1.7,59.1,3.63,5.33
2024-09-17,551.4655151367188,469.0907897949219,215.20921325683597,94.52962493896484,237.33999633789065,73.20049285888672,26.072729110717773,17.610000610351562,35.290000915527344,101.58000183105467,71.72000122070312,0.06,1.68,110.52,3.65,5.33
2024-09-18,549.8299560546875,467.0598449707031,215.2484588623047,93.35787200927734,235.50999450683597,73.26463317871094,26.100486755371094,18.229999542236328,36.18999862670898,98.61000061035156,70.66000366210938,0.09,1.67,152.08,3.7,5.33
2024-09-19,559.2124633789062,478.869140625,219.68191528320312,93.04852294921876,239.1699981689453,73.48466491699219,25.98945999145508,16.329999923706055,33.720001220703125,92.63999938964844,72.75,0.14,1.67,126.07,3.73,4.83
2024-09-20,558.245849609375,477.9576721191406,217.32786560058597,92.6922836303711,242.2100067138672,73.57633972167969,26.035720825195312,16.149999618530273,32.220001220703125,91.0,72.91999816894531,0.18,1.67,66.37,3.73,4.83
2024-09-23,559.6408081054688,479.22454833984375,216.53338623046875,92.49543762207033,242.67999267578125,73.43882751464844,26.072729110717773,15.890000343322754,34.38999938964844,93.87000274658205,72.25,0.18,1.65,73.57,3.75,4.83
2024-09-24,561.2421264648438,481.5361022949219,216.8962860107422,92.4766845703125,246.07000732421875,73.447998046875,25.924694061279297,15.390000343322754,33.7599983215332,93.3000030517578,73.29000091552734,0.25,1.66,72.44,3.74,4.83
2024-09-25,560.0043334960938,481.982666015625,214.25076293945312,91.70800018310548,245.72999572753903,73.365478515625,26.100486755371094,15.40999984741211,34.400001525878906,91.63999938964844,71.4800033569336,0.26,1.65,103.88,3.79,4.83
2024-09-26,562.2244873046875,485.6037902832031,215.39244079589844,91.92359924316406,246.97999572753903,73.48466491699219,25.980205535888672,15.369999885559082,39.7599983215332,90.13999938964844,69.01000213623047,0.19,1.65,82.08,3.79,4.83
2024-09-27,561.4091186523438,482.9052734375,216.8490447998047,92.40170288085938,245.0200042724609,73.66800689697266,25.97095489501953,16.959999084472656,39.619998931884766,92.52999877929688,70.2699966430664,0.2,1.66,90.48,3.75,4.83
2024-09-30,563.6588134765625,484.21484375,217.4001922607422,91.96110534667967,243.05999755859372,73.61300659179688,26.072729110717773,16.729999542236328,39.86000061035156,94.61000061035156,69.91999816894531,0.15,1.63,116.24,3.81,4.83
2024-10-01,558.6093139648438,477.4685668945313,214.4475860595703,92.62506866455078,245.6100006103516,73.57615661621094,26.18375396728516,19.26000022888184,42.869998931884766,104.13999938964844,72.11000061035156,0.13,1.65,58.83,3.74,4.83
2024-10-02,558.8450317382812,478.1431884765625,214.15235900878903,91.8445053100586,245.66000366210935,73.5853500366211,26.294782638549805,18.899999618530277,46.52000045776367,102.16999816894533,72.76000213623047,0.16,1.64,133.57,3.79,4.83
2024-10-03,557.8233642578125,477.78607177734375,212.7154083251953,90.97927856445312,245.4900054931641,73.41033935546875,26.3780517578125,20.489999771118164,54.5,101.16000366210938,75.7300033569336,0.15,1.62,76.65,3.85,4.83
2024-10-04,562.8925170898438,483.47076416015625,215.68768310546875,89.86014556884766,245.0,73.32742309570312,26.52608871459961,19.209999084472656,46.369998931884766,100.1500015258789,76.3499984741211,0.05,1.57,74.53,3.98,4.83
2024-10-07,557.8037109375,478.29205322265625,213.99485778808597,89.18301391601562,244.1699981689453,73.01422119140625,26.54459381103516,22.63999938964844,48.31999969482422,124.2300033569336,79.19999694824219,0.04,1.54,48.33,4.03,4.83
2024-10-08,563.0791015625,485.4350891113281,214.1424865722656,89.33348846435547,242.3699951171875,73.18924713134766,26.54459381103516,21.420000076293945,52.34999847412109,123.7699966430664,75.79000091552734,0.06,1.55,127.04,4.04,4.83
2024-10-09,566.9793701171875,489.2546997070313,214.61489868164065,88.82563781738281,241.0500030517578,73.14320373535156,26.664871215820312,20.86000061035156,48.79999923706055,122.38999938964844,75.25,0.07,1.54,71.55,4.06,4.83
2024-10-10,565.9871215820312,488.6991271972656,213.4240264892578,88.47767639160156,242.82000732421875,73.1063232421875,26.65561866760254,20.93000030517578,52.36000061035156,116.55999755859376,77.7699966430664,0.11,1.54,96.67,4.09,4.83
2024-10-11,569.3764038085938,489.4630126953125,217.76434326171875,88.12030792236328,245.47000122070312,73.2998046875,26.67412376403809,20.459999084472656,52.68000030517578,118.47000122070312,77.48999786376953,0.13,1.54,247.06,4.08,4.83
2024-10-14,574.0328369140625,493.5703125,219.36859130859372,88.1861343383789,245.07000732421875,73.3366470336914,26.75739288330078,19.700000762939453,51.619998931884766,118.47000122070312,75.93000030517578,0.08,1.53,68.25,4.03,4.83
2024-10-15,569.5728759765625,486.9729309082031,219.5457763671875,89.25823974609375,245.9199981689453,73.31822204589844,26.775897979736328,20.63999938964844,48.63999938964844,127.2300033569336,72.76000213623047,0.08,1.53,140.41,4.03,4.83
2024-10-16,572.0485229492188,487.0324096679688,223.1577911376953,89.6344223022461,247.1499938964844,73.44718933105469,26.849916458129883,19.57999992370605,47.84000015258789,121.86000061035156,72.4000015258789,0.09,1.51,79.68,4.02,4.83
2024-10-17,572.0975341796875,487.3697204589844,222.54757690429688,88.21436309814453,248.6300048828125,73.3366470336914,26.933185577392575,19.11000061035156,46.880001068115234,122.13999938964844,72.62000274658203,0.13,1.53,114.8,4.09,4.83
2024-10-18,574.298095703125,490.5643005371094,222.0850067138672,88.28018951416016,251.2700042724609,73.51167297363281,26.859169006347656,18.030000686645508,47.220001220703125,123.12999725341795,71.37999725341797,0.13,1.53,70.12,4.08,4.83
2024-10-21,573.3550415039062,491.5068054199219,218.591064453125,86.73784637451172,251.22000122070312,73.2168960571289,26.97944641113281,18.3700008392334,46.81999969482422,128.9499969482422,72.26000213623047,0.17,1.54,283.8,4.19,4.83
2024-10-22,573.0504760742188,492.0425109863281,217.76434326171875,86.82249450683594,253.92999267578125,73.11555480957031,27.0072021484375,18.200000762939453,47.68999862670898,129.25999450683594,73.9800033569336,0.17,1.55,116.02,4.2,4.83
2024-10-23,567.8142700195312,484.5025634765625,215.7762756347656,86.58737182617188,250.8699951171875,72.89447021484375,27.0997257232666,19.239999771118164,47.77999877929688,129.0500030517578,73.55000305175781,0.17,1.54,98.6,4.24,4.83
2024-10-24,569.0423583984375,488.4312744140625,216.24868774414065,87.14225006103516,252.8000030517578,73.1063232421875,26.99795150756836,19.07999992370605,46.65999984741211,127.4800033569336,73.05999755859375,0.14,1.52,67.34,4.21,4.83
2024-10-25,568.8458862304688,491.4075927734375,215.43179321289065,86.65321350097656,253.32000732421875,73.03263092041016,27.090473175048828,20.32999992370605,48.970001220703125,128.39999389648438,74.2300033569336,0.14,1.51,83.65,4.25,4.83
2024-10-28,570.6043701171875,491.4869689941406,218.9454040527344,86.41809844970703,253.3300018310547,73.2168960571289,27.090473175048828,19.799999237060547,42.959999084472656,130.9199981689453,70.43000030517578,0.16,1.51,75.66,4.28,4.83
2024-10-29,571.52783203125,496.2093505859375,218.2367706298828,86.54975128173828,256.0899963378906,73.2353286743164,27.0997257232666,19.34000015258789,42.470001220703125,131.8699951171875,69.66000366210938,0.17,1.49,88.98,4.28,4.83
2024-10-30,569.7987060546875,492.4591979980469,217.94151306152344,86.80368041992188,257.5,73.1063232421875,27.034957885742188,20.350000381469727,41.130001068115234,130.8000030517578,71.36000061035156,0.14,1.44,70.46,4.29,4.83
2024-10-31,558.6289672851562,480.0281982421875,214.31964111328125,86.94474029541016,253.50999450683597,72.90369415283203,27.016454696655277,23.15999984741211,48.790000915527344,135.17999267578125,73.08000183105469,0.12,1.46,107.64,4.28,4.83
2024-11-01,560.9866943359375,483.5799255371094,215.52037048339844,85.71897888183594,252.47000122070312,72.90830993652344,27.12748146057129,21.8799991607666,44.13999938964844,132.5800018310547,72.0199966430664,0.16,1.46,116.29,4.37,4.83
2024-11-04,559.7783813476562,482.171142578125,216.6128387451172,87.04949188232422,252.8300018310547,73.11199188232422,27.02570533752441,21.979999542236328,45.75,136.25,74.29000091552734,0.14,1.46,231.81,4.31,4.83
2024-11-05,566.5470581054688,488.3221740722656,220.68743896484372,87.51185607910156,253.3999938964844,73.31566619873047,26.91468048095703,20.489999771118164,45.61000061035156,130.42999267578125,74.7300033569336,0.07,1.45,312.49,4.26,4.83
2024-11-06,580.6346435546875,501.5865783691406,233.47219848632807,85.11505889892578,245.6999969482422,73.4452896118164,27.349533081054688,16.270000457763672,44.7400016784668,117.63999938964844,74.54000091552734,0.15,1.4,142.57,4.42,4.83
2024-11-07,585.1242065429688,509.483642578125,232.64547729492188,86.18135070800781,249.6499938964844,73.76007080078125,27.12748146057129,15.199999809265137,42.54999923706055,104.08000183105467,74.66000366210938,0.1,1.44,323.52,4.31,4.83
2024-11-08,587.6587524414062,510.0789489746094,234.35797119140625,87.27594757080078,247.9600067138672,73.88043212890625,27.31252670288086,14.9399995803833,38.7599983215332,99.8499984741211,73.12999725341797,0.04,1.38,308.41,4.3,4.58
2024-11-11,588.2186889648438,509.7813415527344,237.8814239501953,86.8513412475586,242.13999938964844,73.79708862304688,27.46981239318848,14.970000267028809,37.7400016784668,99.8499984741211,70.94000244140625,0.09,1.36,386.33,4.43,4.58
2024-11-12,586.3914184570312,508.8585815429688,233.7084045410156,85.54911804199219,240.0500030517578,73.50083923339844,27.590091705322266,14.710000038146973,34.31999969482422,108.5500030517578,70.69000244140625,0.09,1.36,225.35,4.43,4.58
2024-11-13,586.67626953125,508.203857421875,231.3955535888672,84.73760986328125,237.6300048828125,73.51937103271484,27.74737930297852,14.020000457763672,37.119998931884766,102.08000183105467,70.7300033569336,0.17,1.41,170.4,4.44,4.58
2024-11-14,582.9039306640625,504.6719970703125,228.275634765625,85.22827911376953,237.00999450683597,73.36194610595703,27.85840606689453,14.3100004196167,30.899999618530277,99.43000030517578,71.29000091552734,0.09,1.39,135.73,4.43,4.58
2024-11-15,575.437744140625,492.647705078125,224.8702850341797,85.00182342529297,236.58999633789065,73.35271453857422,27.830650329589844,16.139999389648438,35.06999969482422,102.47000122070312,69.75,0.12,1.41,268.42,4.43,4.58
2024-11-18,577.7955322265625,496.0704650878906,225.31317138671875,85.15280151367188,241.08999633789065,73.49156951904297,27.69186782836914,15.579999923706056,36.88999938964844,102.01000213623048,72.06999969482422,0.13,1.42,463.22,4.42,4.58
2024-11-19,579.9075927734375,499.4832763671875,226.986328125,85.58686828613281,243.25,73.60267639160156,27.68261337280273,16.350000381469727,37.27999877929688,105.12000274658205,72.30999755859375,0.12,1.42,214.05,4.39,4.58
2024-11-20,580.1040649414062,499.1955871582031,227.2815704345703,85.313232421875,244.6199951171875,73.58417510986328,27.82139778137207,17.15999984741211,36.7400016784668,106.69000244140624,72.0199966430664,0.1,1.43,181.81,4.41,4.58
2024-11-21,583.2183227539062,500.99127197265625,230.7361297607422,85.2471694946289,246.66000366210935,73.6119384765625,27.91391944885254,16.8700008392334,36.90999984741211,101.9000015258789,73.19999694824219,0.09,1.43,219.91,4.43,4.58
2024-11-22,585.02587890625,501.7948913574219,234.9977264404297,85.29434967041016,249.83999633789065,73.5934066772461,28.061954498291016,15.239999771118164,35.7400016784668,99.13999938964844,74.25,0.04,1.43,135.37,4.41,4.58
2024-11-25,587.0103149414062,502.5885314941406,238.57034301757807,87.50242614746094,242.47999572753903,73.87117004394531,27.867658615112305,14.600000381469728,37.43999862670898,99.95999908447266,72.0999984741211,0.06,1.42,87.75,4.27,4.58
2024-11-26,590.0753784179688,505.287109375,236.8184967041016,87.1627426147461,242.9499969482422,73.73228454589844,27.9046688079834,14.100000381469728,38.7400016784668,99.18000030517578,71.61000061035156,0.09,1.43,150.15,4.3,4.58
2024-11-27,588.2874145507812,501.3087158203125,237.1432647705078,87.76663970947266,243.4900054931641,73.9544677734375,27.664108276367188,14.100000381469728,37.0,97.73999786376952,71.72000122070312,0.06,1.43,132.14,4.25,4.58
2024-11-29,591.9419555664062,505.7136840820313,238.0487365722656,88.6725082397461,245.58999633789065,74.10261535644531,27.617849349975582,13.510000228881836,34.95000076293945,95.22000122070312,71.61000061035156,0.05,1.44,174.81,4.18,4.58
2024-12-02,593.0028686523438,511.2198181152344,237.9306182861328,88.88560485839844,243.44000244140625,74.07564544677734,27.784387588500977,13.34000015258789,34.709999084472656,97.80999755859376,71.04000091552734,0.02,1.41,78.68,4.19,4.58
2024-12-03,593.278076171875,512.7872924804688,236.23780822753903,88.11858367919922,243.92999267578125,74.07564544677734,27.77513694763184,13.300000190734863,34.54999923706055,95.5999984741211,73.04000091552734,0.06,1.4,92.19,4.23,4.58
2024-12-04,596.9619750976562,519.1268310546875,237.0842437744141,89.06549072265625,244.6699981689453,74.2523422241211,27.765884399414062,13.449999809265137,33.81999969482422,92.25,71.87999725341797,0.06,1.39,177.91,4.19,4.58
2024-12-05,595.9795532226562,517.6882934570312,234.31863403320312,89.24539947509766,242.8600006103516,74.18721771240234,27.617849349975582,13.539999961853027,29.450000762939453,91.4800033569336,71.47000122070312,0.02,1.4,97.39,4.17,4.58
2024-12-06,597.1093139648438,522.3214111328125,235.1551818847656,89.37796020507812,242.9499969482422,74.30813598632812,27.69186782836914,12.770000457763672,30.979999542236328,83.19999694824219,70.23999786376953,0.05,1.42,390.69,4.15,4.58
2024-12-09,594.0344848632812,518.2539672851562,233.97413635253903,88.55416107177734,245.3600006103516,74.21515655517578,27.738126754760746,14.1899995803833,27.700000762939453,85.62999725341797,71.16999816894531,0.07,1.42,233.8,4.2,4.58
2024-12-10,592.1876220703125,516.4878540039062,232.96041870117188,88.13751983642578,248.58999633789065,74.2523422241211,27.802892684936523,14.18000030517578,28.61000061035156,90.0999984741211,71.4000015258789,0.07,1.41,218.39,4.22,4.58
2024-12-11,596.7655029296875,525.734375,234.01353454589844,87.30426788330078,250.9600067138672,74.27094268798828,27.895414352416992,13.579999923706056,31.989999771118164,82.4000015258789,73.33000183105469,0.11,1.42,219.72,4.26,4.58
2024-12-12,593.690673828125,522.34130859375,230.97232055664065,86.24372100830078,247.27999877929688,74.06634521484375,27.98793601989746,13.920000076293944,33.63999938964844,82.66000366210938,73.20999908447266,0.14,1.44,125.44,4.32,4.58
2024-12-13,593.57275390625,526.3394165039062,229.38775634765625,85.36312103271484,244.2899932861328,73.85246276855469,27.997188568115234,13.8100004196167,34.91999816894531,85.66000366210938,74.20999908447266,0.15,1.42,141.68,4.4,4.58
2024-12-16,596.1072387695312,533.9191284179688,230.7361297607422,85.6187744140625,244.8800048828125,73.99193572998047,27.950927734375,14.6899995803833,33.40999984741211,90.87999725341795,73.69999694824219,0.14,1.42,288.93,4.39,4.58
2024-12-17,593.6513671875,531.5678100585938,228.0946044921875,85.82708740234375,243.94000244140625,73.8338394165039,27.978683471679688,15.869999885559082,30.709999084472656,90.41999816894533,73.30000305175781,0.15,1.39,86.94,4.4,4.58
2024-12-18,575.9584350585938,512.3905639648438,217.99630737304688,84.75387573242188,239.25999450683597,73.07569885253906,28.30251121520996,27.6200008392334,32.599998474121094,87.20999908447266,72.94000244140625,0.15,1.37,251.99,4.5,4.58
2024-12-19,575.7815551757812,510.1086120605469,217.0289306640625,83.47058868408203,239.6000061035156,73.00090789794922,28.35802459716797,24.09000015258789,30.5,90.41000366210938,72.61000061035156,0.25,1.4,171.71,4.57,4.33
2024-12-20,582.697265625,514.563232421875,219.0624237060547,83.94588470458984,242.1000061035156,73.4589614868164,28.219242095947266,18.36000061035156,29.270000457763672,91.75,73.0999984741211,0.22,1.43,180.8,4.52,4.33
2024-12-23,586.1866455078125,519.576416015625,218.55897521972656,83.17591857910156,240.9600067138672,73.26266479492188,28.322710037231445,16.780000686645508,30.15999984741211,95.8499984741211,73.05999755859375,0.29,1.42,139.02,4.59,4.33
2024-12-24,592.7021484375,526.6217651367188,220.5134735107422,83.52762603759766,241.44000244140625,73.49636840820312,28.40006828308105,14.270000457763672,30.350000381469727,96.9499969482422,73.6500015258789,0.3,1.39,252.18,4.59,4.33
2024-12-26,592.7415771484375,526.2640991210938,222.7739715576172,83.48009490966797,243.07000732421875,73.68333435058594,28.34204864501953,14.729999542236328,30.01000022888184,95.1999969482422,73.12999725341797,0.28,1.4,118.16,4.58,4.33
2024-12-27,586.5020751953125,519.2684326171875,219.5263671875,82.79569244384766,241.3999938964844,73.43093872070312,28.293699264526367,15.949999809265137,30.209999084472656,94.8000030517578,73.8499984741211,0.31,1.4,104.31,4.62,4.33
2024-12-30,579.8091430664062,512.3621215820312,217.8383636474609,83.4610824584961,240.6300048828125,73.53376770019531,28.322710037231445,17.399999618530273,30.770000457763672,99.08000183105467,74.81999969482422,0.31,1.43,138.37,4.55,4.33
2024-12-31,577.69970703125,508.009765625,218.11477661132807,83.01432037353516,242.1300048828125,73.5244140625,28.448415756225582,17.350000381469727,30.020000457763672,98.8000030517578,75.55000305175781,0.33,1.42,109.44,4.58,4.33
2025-01-02,576.2803344726562,507.0160827636719,218.29244995117188,83.2424545288086,245.4199981689453,73.70203399658203,28.690160751342773,17.93000030517578,29.540000915527344,96.66999816894533,76.93000030517578,0.32,1.45,188.9,4.57,4.33
2025-01-03,583.4857788085938,515.3134765625,221.5400848388672,82.97630310058594,243.4900054931641,73.814208984375,28.603132247924805,16.1299991607666,29.979999542236328,93.3499984741211,77.91999816894531,0.32,1.44,167.41,4.6,4.33
2025-01-06,586.8470458984375,521.2359619140625,221.62892150878903,82.60557556152344,243.19000244140625,73.9450912475586,28.41940689086914,16.040000915527344,29.309999465942383,97.88999938964844,77.30000305175781,0.34,1.44,222.31,4.62,4.33
2025-01-07,580.2132568359375,511.9348754882813,219.85211181640625,81.67400360107422,244.55999755859372,73.70203399658203,28.525774002075195,17.81999969482422,31.09000015258789,102.77999877929688,78.16999816894531,0.37,1.47,260.94,4.67,4.33
2025-01-08,581.0609130859375,512.0243530273438,218.8551177978516,81.77855682373047,245.8600006103516,73.7955093383789,28.63214111328125,17.700000762939453,31.559999465942383,100.76000213623048,77.30000305175781,0.39,1.48,212.01,4.67,4.33
2025-01-10,572.1896362304688,503.9952392578125,214.0379638671875,81.23674774169922,248.2100067138672,73.41224670410156,28.77718734741211,19.540000915527344,33.90999984741211,96.56999969482422,80.63999938964844,0.37,1.42,147.76,4.77,4.33
2025-01-13,573.0768432617188,502.3754577636719,214.4525451660156,81.20821380615234,245.7400054931641,73.3935317993164,28.86421585083008,19.190000534057617,33.97999954223633,103.51000213623048,82.2300033569336,0.39,1.44,179.6,4.79,4.33
2025-01-14,573.8652954101562,501.89849853515625,216.8907623291016,81.07513427734375,247.02999877929688,73.48703002929688,28.68049049377441,18.709999084472656,33.5099983215332,101.98999786376952,81.66999816894531,0.41,1.44,185.4,4.78,4.33
2025-01-15,584.3040161132812,513.4453125,221.1551055908203,82.47248077392578,248.8800048828125,74.13206481933594,28.63214111328125,16.1200008392334,32.93000030517578,93.0999984741211,84.33999633789062,0.39,1.44,110.72,4.66,4.33
2025-01-16,583.1802978515625,509.84814453125,221.5993194580078,82.7386474609375,250.6000061035156,74.21617889404297,28.63214111328125,16.600000381469727,33.130001068115234,92.72000122070312,82.94000244140625,0.38,1.46,134.68,4.61,4.33
2025-01-17,589.035400390625,518.4535522460938,222.55682373046875,82.8812255859375,249.2700042724609,74.28162384033203,28.738508224487305,15.970000267028809,33.52000045776367,95.5999984741211,82.5199966430664,0.34,1.46,173.63,4.61,4.33
2025-01-21,594.4270629882812,521.4942626953125,226.83106994628903,83.62269592285156,253.1300048828125,74.47795104980469,28.371057510375977,15.0600004196167,35.099998474121094,96.77999877929688,81.11000061035156,0.28,1.46,225.37,4.57,4.33
2025-01-22,597.7686157226562,528.1620483398438,225.3503570556641,83.18543243408203,254.42999267578125,74.3750991821289,28.41940689086914,15.100000381469728,34.68000030517578,89.9000015258789,80.43000030517578,0.31,1.43,121.77,4.6,4.33
2025-01-23,601.03125,529.284912109375,226.3769989013672,82.53903198242188,254.07000732421875,74.46859741210938,28.40973663330078,15.020000457763672,34.18000030517578,88.51000213623047,79.20999908447266,0.36,1.43,176.52,4.65,4.33
2025-01-24,599.2766723632812,526.2938232421875,225.7452392578125,82.90975952148438,255.6499938964844,74.55272674560547,28.23568153381348,14.850000381469728,29.979999542236328,86.75,79.5999984741211,0.36,1.43,189.16,4.63,4.33
2025-01-27,590.7997436523438,510.9710388183594,223.58343505859372,83.88884735107422,252.9900054931641,74.60881805419922,28.245349884033203,17.899999618530273,35.97999954223633,95.0500030517578,77.93000030517578,0.36,1.45,159.42,4.53,4.33
2025-01-28,595.8760986328125,518.5231323242188,223.83023071289065,83.83181762695312,255.17999267578125,74.58077239990234,28.361387252807617,16.40999984741211,31.950000762939453,92.83000183105467,78.86000061035156,0.36,1.45,262.69,4.55,4.33
2025-01-29,593.204833984375,517.5493774414062,223.31690979003903,83.66071319580078,254.1999969482422,74.53402709960938,28.41940689086914,16.559999465942383,33.02000045776367,90.7300033569336,77.77999877929688,0.34,1.45,342.27,4.55,4.33
2025-01-30,596.388671875,519.7553100585938,225.58729553222656,83.97439575195312,258.04998779296875,74.67424774169922,28.41940689086914,15.84000015258789,31.049999237060547,90.54000091552734,77.75,0.34,1.45,293.51,4.52,4.33
2025-01-31,593.2147216796875,519.0000610351562,223.56369018554688,83.42305755615234,258.5599975585937,74.52468872070312,28.535444259643555,16.43000030517578,29.959999084472656,91.76000213623048,78.0199966430664,0.36,1.45,495.78,4.58,4.33
2025-02-03,589.2225952148438,514.846435546875,220.9477996826172,84.10230255126953,259.94000244140625,74.4307861328125,28.66114997863769,18.6200008392334,35.29999923706055,94.1500015258789,77.81999969482422,0.28,1.46,327.16,4.54,4.33
2025-02-04,593.1752319335938,521.1663208007812,224.0078887939453,84.35986328125,262.5,74.66555786132812,28.40006828308105,17.209999084472656,33.619998931884766,90.27999877929688,77.51000213623047,0.31,1.46,393.35,4.52,4.33
2025-02-05,595.580322265625,523.5313720703125,226.44607543945312,85.7526626586914,264.1300048828125,74.86274719238281,28.35171890258789,15.770000457763672,34.25,94.68000030517578,76.08999633789062,0.26,1.45,226.19,4.43,4.33
2025-02-06,597.6502685546875,526.2640991210938,225.7057647705078,85.7145004272461,263.42999267578125,74.75005340576172,28.33237838745117,15.5,36.25,93.9000015258789,75.44999694824219,0.24,1.44,372.45,4.45,4.33
2025-02-07,592.1796875,519.6260986328125,223.08987426757807,85.16120147705078,263.8999938964844,74.5152816772461,28.458086013793945,16.540000915527344,29.65999984741211,93.12999725341795,75.86000061035156,0.2,1.45,332.89,4.49,4.33
2025-02-10,596.2013549804688,525.9161987304688,224.09674072265625,84.90361785888672,268.3699951171875,74.66555786132812,28.545114517211918,15.8100004196167,32.09000015258789,87.68000030517578,77.4000015258789,0.23,1.45,290.34,4.51,4.33
2025-02-11,596.6548461914062,524.6641845703125,222.79373168945312,84.35986328125,267.3900146484375,74.63737487792969,28.448415756225582,16.020000457763672,29.76000022888184,85.58000183105469,78.2699966430664,0.25,1.46,230.88,4.54,4.33
2025-02-12,594.732666015625,524.9722290039062,220.74050903320312,83.21509552001953,267.6700134277344,74.47772216796875,28.467756271362305,15.890000343322754,31.790000915527344,86.58000183105469,76.31999969482422,0.26,1.45,285.28,4.62,4.33
2025-02-13,601.0115356445312,532.5243530273438,223.22805786132807,84.5983657836914,270.3099975585937,74.81580352783203,28.23568153381348,15.100000381469728,31.46999931335449,84.56999969482422,76.38999938964844,0.21,1.44,236.69,4.52,4.33
2025-02-14,600.9819946289062,534.7601928710938,223.06027221679688,85.04671478271484,266.2900085449219,74.90031433105469,28.158323287963867,14.770000457763672,28.459999084472656,84.66999816894531,75.81999969482422,0.21,1.46,297.91,4.47,4.33
2025-02-18,602.7463989257812,535.9725341796875,224.28428649902344,84.04505157470703,270.70001220703125,74.8345718383789,28.21634292602539,15.350000381469728,27.46999931335449,84.51000213623047,76.95999908447266,0.26,1.44,280.36,4.55,4.33
2025-02-19,604.1658325195312,536.12158203125,223.5143280029297,84.14999389648438,270.8500061035156,74.89092254638672,28.245349884033203,15.270000457763672,28.36000061035156,83.86000061035156,77.44999694824219,0.25,1.46,341.49,4.53,4.33
2025-02-20,601.6522827148438,533.8460083007812,221.3722686767578,84.46479797363281,270.989990234375,74.93787384033203,28.022947311401367,15.65999984741211,29.299999237060547,86.26000213623047,77.76000213623047,0.22,1.47,367.92,4.5,4.33
2025-02-21,591.3616333007812,522.7661743164062,214.99546813964844,85.48554992675781,270.739990234375,74.79701232910156,28.119644165039062,18.209999084472656,35.790000915527344,91.83000183105467,75.3499984741211,0.23,1.49,375.62,4.42,4.33
2025-02-24,588.6705932617188,516.5953369140625,213.44566345214844,85.73357391357422,272.2099914550781,74.89092254638672,28.13898468017578,18.979999542236328,31.299999237060547,88.44000244140625,75.97000122070312,0.27,1.48,355.9,4.4,4.33
2025-02-25,585.7431030273438,510.0866088867188,212.63623046875,87.2122573852539,268.6199951171875,75.07872772216797,28.032615661621094,19.43000030517578,32.77000045776367,96.61000061035156,74.12999725341797,0.23,1.5,232.14,4.3,4.33
2025-02-26,586.0386962890625,511.31884765625,212.9027557373047,87.72738647460938,269.0299987792969,75.18203735351562,28.090635299682617,19.100000381469727,33.36000061035156,97.5199966430664,73.8499984741211,0.2,1.51,275.17,4.25,4.33
2025-02-27,576.6844482421875,497.1188049316406,209.65512084960935,87.10731506347656,264.92999267578125,75.04118347167969,28.293699264526367,21.1299991607666,31.71999931335449,96.2699966430664,75.27999877929688,0.22,1.52,288.54,4.29,4.33
2025-02-28,585.6839599609375,504.9690246582031,211.88601684570312,88.17577362060547,263.2699890136719,75.24777221679688,28.41940689086914,19.6299991607666,29.96999931335449,104.45999908447266,75.22000122070312,0.25,1.57,345.22,4.24,4.33
2025-03-03,575.4227905273438,493.9190673828125,206.0915985107422,88.58726501464844,266.739990234375,75.09115600585938,28.14865493774414,22.780000686645508,38.52000045776367,105.6500015258789,73.31999969482422,0.2,1.61,429.75,4.16,4.33
2025-03-04,568.6116333007812,492.4285278320313,203.76199340820312,87.49630737304688,269.0599975585937,75.08171844482422,27.897239685058597,23.51000022888184,37.52000045776367,108.87000274658205,73.30999755859375,0.26,1.61,447.53,4.22,4.33
2025-03-05,574.722900390625,498.8478393554688,205.78561401367188,86.79772186279297,269.6199951171875,75.11946105957031,27.55879783630371,21.93000030517578,35.040000915527344,104.31999969482422,71.41999816894531,0.29,1.57,391.3,4.28,4.33
2025-03-06,564.5209350585938,485.1248474121094,202.6366729736328,86.51062774658203,268.25,74.83641052246094,27.539459228515625,24.8700008392334,37.13999938964844,108.9499969482422,71.12999725341797,0.33,1.59,726.26,4.29,4.33
2025-03-07,567.6849975585938,488.6922302246094,203.29803466796875,86.23311614990234,268.3900146484375,74.95906066894531,27.452430725097656,23.3700008392334,29.75,104.41000366210938,72.08999633789062,0.33,1.61,556.7,4.32,4.33
2025-03-10,552.5643920898438,469.7522888183594,198.18475341796875,87.13268280029297,266.0400085449219,74.676025390625,27.47177124023437,27.86000061035156,34.81999969482422,112.5,70.88999938964844,0.33,1.64,403.78,4.22,4.33
2025-03-11,547.9710083007812,468.6293640136719,198.1650238037109,86.51062774658203,269.1600036621094,74.41184997558594,27.31705474853516,26.920000076293945,31.82999992370605,114.5999984741211,71.44999694824219,0.34,1.68,704.03,4.28,4.33
2025-03-12,550.8787841796875,473.9158935546875,198.510498046875,85.99385833740234,270.3299865722656,74.49677276611328,27.384742736816406,24.229999542236328,31.09000015258789,104.11000061035156,72.80000305175781,0.31,1.65,433.5,4.32,4.33
2025-03-13,543.535400390625,465.3899536132813,195.54913330078125,86.74988555908203,275.1300048828125,74.08163452148438,27.48144149780273,24.65999984741211,32.79999923706055,106.19000244140624,71.62000274658203,0.33,1.7,463.36,4.27,4.33
2025-03-14,554.7623901367188,476.6386413574219,200.27745056152344,86.29051208496094,275.239990234375,74.42127990722656,27.452430725097656,21.770000457763672,33.52000045776367,101.01000213623048,72.27999877929688,0.29,1.65,442.46,4.31,4.33
2025-03-17,559.0404663085938,479.7290344238281,202.80447387695312,86.7211685180664,276.7300109863281,74.6005630493164,27.346065521240234,20.51000022888184,30.899999618530277,99.77999877929688,72.70999908447266,0.25,1.63,649.53,4.31,4.33
2025-03-18,552.998046875,471.5509033203125,201.04345703125,86.80729675292969,279.9599914550781,74.46847534179688,27.32672500610352,21.700000762939453,36.119998931884766,96.68000030517578,72.20999908447266,0.25,1.63,614.24,4.29,4.33
2025-03-19,559.0206909179688,477.8608703613281,204.16976928710935,87.25707244873047,281.1099853515625,74.95906066894531,27.39441299438477,19.899999618530277,33.869998931884766,91.4000015258789,72.41999816894531,0.26,1.64,565.45,4.25,4.33
2025-03-20,557.4041748046875,476.24114990234375,202.8737335205078,87.3144760131836,280.75,74.85528564453125,27.47177124023437,19.799999237060547,29.71999931335449,95.73999786376952,73.7300033569336,0.29,1.64,458.66,4.24,4.33
2025-03-21,557.5880737304688,477.8111877441406,201.6172790527344,86.79772186279297,278.489990234375,74.74205780029297,27.55879783630371,19.280000686645508,28.43000030517578,94.54000091552734,73.79000091552734,0.31,1.68,390.35,4.25,4.33
2025-03-24,567.5735473632812,488.2964782714844,206.6332244873047,85.90773010253906,277.25,74.95906066894531,27.607147216796875,17.479999542236328,29.670000076293945,95.22000122070312,74.87999725341797,0.3,1.64,498.84,4.34,4.33
2025-03-25,568.93798828125,491.08294677734375,205.485595703125,85.8981704711914,278.4700012207031,74.92131042480469,27.57813835144043,17.149999618530273,28.270000457763672,93.56999969482422,74.81999969482422,0.35,1.66,472.98,4.31,4.33
2025-03-26,562.1458740234375,482.0466918945313,203.39810180664065,85.33353424072266,278.239990234375,74.6194076538086,27.70384407043457,18.32999992370605,28.84000015258789,91.41000366210938,75.41999816894531,0.37,1.66,316.49,4.35,4.33
2025-03-27,560.6528930664062,479.2999572753906,202.42852783203125,85.08472442626953,281.9700012207031,74.47789764404297,27.616817474365234,18.690000534057617,28.489999771118164,91.02999877929688,75.4800033569336,0.41,1.68,313.11,4.38,4.33
2025-03-28,549.3623657226562,466.6810607910156,198.31288146972656,86.26181030273438,284.0599975585937,74.3458023071289,27.56846809387207,21.649999618530277,28.700000762939453,96.83000183105467,74.7699966430664,0.38,1.73,362.44,4.27,4.33
2025-03-31,553.0501098632812,466.66119384765625,197.36314392089844,87.113525390625,288.1400146484375,74.43072509765625,27.59747886657715,22.280000686645508,30.8799991607666,101.3499984741211,77.33000183105469,0.34,1.76,426.16,4.23,4.33
2025-04-01,554.6121826171875,470.4229431152344,197.3829040527344,87.868408203125,287.57000732421875,74.60326385498047,27.62648582458496,21.770000457763672,30.56999969482422,104.7300033569336,77.08000183105469,0.3,1.73,642.48,4.17,4.33
2025-04-02,558.1219482421875,473.8563232421875,200.4993438720703,87.810791015625,288.1600036621094,74.75495910644531,27.51045036315918,21.51000022888184,29.979999542236328,106.38999938964844,77.73999786376953,0.29,1.73,445.6,4.2,4.33
2025-04-03,530.6173095703125,448.4890747070313,187.62803649902344,88.21417236328125,286.4200134277344,73.82585144042969,27.02696228027344,30.020000457763672,35.45000076293945,112.0,72.25,0.35,1.89,438.93,4.06,4.33
2025-04-04,499.5533447265625,420.6339416503906,179.2582244873047,89.17457580566406,279.7200012207031,72.77350616455078,27.32672500610352,45.310001373291016,44.720001220703125,125.70999908447266,67.91999816894531,0.33,1.94,550.44,4.01,4.33
2025-04-07,498.6635437011719,421.6490173339844,177.63572692871094,86.48541259765625,273.7099914550781,72.14777374267578,27.442760467529297,46.97999954223633,52.810001373291016,137.3000030517578,65.9800033569336,0.42,2.02,574.97,4.15,4.33
2025-04-08,490.8530883789063,414.0557861328125,172.95616149902344,84.85269927978516,275.20001220703125,71.81597137451172,27.31705474853516,52.33000183105469,55.2599983215332,139.8800048828125,63.34000015258789,0.55,2.0,565.99,4.26,4.33
2025-04-09,542.4021606445312,463.7552185058594,187.6576995849609,85.35212707519531,285.3800048828125,73.74053192138672,27.35573387145996,33.619998931884766,42.900001525878906,128.8300018310547,67.58000183105469,0.43,2.02,590.08,4.34,4.33
2025-04-10,518.6346435546875,444.03070068359375,179.772705078125,82.99909210205078,292.3500061035156,72.53648376464844,26.785219192504883,40.720001220703125,49.0,128.35000610351562,65.31999969482422,0.56,1.97,623.53,4.4,4.33
2025-04-11,527.8886108398438,452.2111206054688,182.39442443847656,83.45050811767578,297.92999267578125,72.75453186035156,26.543476104736328,37.560001373291016,50.880001068115234,137.25999450683594,66.45999908447266,0.52,1.9,833.81,4.48,4.33
2025-04-14,533.0098266601562,455.2762756347656,184.5413055419922,84.04595947265625,296.2300109863281,73.11481475830078,26.45644760131836,30.88999938964844,47.7599983215332,132.4600067138672,66.66000366210938,0.54,1.9,495.65,4.38,4.33
2025-04-15,531.516845703125,455.7838134765625,184.7688446044922,84.34368133544922,297.7799987792969,73.31388854980469,26.60149383544922,30.1200008392334,42.310001373291016,122.55999755859376,66.4800033569336,0.51,1.9,371.94,4.35,4.33
2025-04-16,519.7023315429688,442.0403137207031,182.99794006347656,84.81427001953125,307.4700012207031,73.3044204711914,26.37908935546875,32.63999938964844,43.560001373291016,119.4000015258789,67.75,0.52,1.92,505.79,4.29,4.33
2025-04-17,520.44384765625,441.9607238769531,184.4918212890625,84.0651626586914,306.1199951171875,73.73104095458984,26.39842796325684,29.649999618530277,41.27000045776367,114.63999938964844,69.4800033569336,0.53,1.92,508.01,4.34,4.33
2025-04-21,508.0558471679688,431.0236206054688,180.79171752929688,82.59571838378906,315.5899963378906,73.29492950439453,26.14701461791992,33.81999969482422,41.209999084472656,128.55999755859375,68.62000274658203,0.67,1.96,407.95,4.42,4.33
2025-04-22,521.2744140625,442.33892822265625,185.4712677001953,83.05673217773438,311.1099853515625,73.57936096191406,26.29206085205078,30.56999969482422,43.150001525878906,118.3499984741211,69.37000274658203,0.65,1.93,439.04,4.41,4.33
2025-04-23,529.3516845703125,452.3703002929688,188.22164916992188,83.86347198486328,303.6499938964844,73.94910430908203,26.53380584716797,28.450000762939453,43.560001373291016,116.5999984741211,68.05000305175781,0.59,1.86,337.82,4.4,4.33
2025-04-24,540.4940185546875,465.09869384765625,191.9910125732422,84.7470474243164,308.07000732421875,74.61276245117188,26.41776657104492,26.46999931335449,44.369998931884766,108.27999877929688,68.45999908447266,0.55,1.86,419.9,4.32,4.33
2025-04-25,544.3992919921875,470.2835998535156,192.0503845214844,85.371337890625,304.7300109863281,74.6791000366211,26.48545455932617,24.84000015258789,43.52999877929688,105.79000091552734,69.02999877929688,0.55,1.84,515.91,4.29,4.33
2025-04-28,544.60693359375,470.1343383789063,192.86163330078125,85.90914916992188,309.07000732421875,74.71702575683594,26.321069717407227,25.149999618530277,43.54999923706055,110.01000213623048,67.76000213623047,0.56,1.87,787.79,4.23,4.33
2025-04-29,548.0375366210938,473.23931884765625,193.99937438964844,86.62945556640625,306.0599975585937,74.9161376953125,26.408098220825195,24.170000076293945,48.40999984741211,112.2699966430664,65.8499984741211,0.54,1.88,575.26,4.19,4.33
2025-04-30,548.2550048828125,473.1795959472656,192.7824859619141,85.92835235595703,303.7699890136719,74.51792907714844,26.50479507446289,24.700000762939453,54.459999084472656,112.4800033569336,63.560001373291016,0.57,1.96,433.1,4.17,4.33
2025-05-01,552.1405639648438,479.3596801757813,193.97959899902344,85.49267578125,297.4599914550781,74.61419677734375,26.65951156616211,24.600000381469727,51.959999084472656,107.33000183105467,64.5199966430664,0.55,1.95,890.82,4.25,4.33
2025-05-02,560.3366088867188,486.4752502441406,198.3425750732422,84.56726837158203,297.9800109863281,74.8428955078125,26.620832443237305,22.68000030517578,50.59000015258789,101.4000015258789,64.01000213623047,0.5,1.9,592.35,4.33,4.33
2025-05-05,557.1234130859375,483.5892028808594,196.81900024414065,84.09493255615234,306.8800048828125,74.8143081665039,26.57248306274414,23.63999938964844,42.58000183105469,104.4499969482422,62.369998931884766,0.53,1.91,346.64,4.36,4.33
2025-05-06,552.466796875,479.0910034179688,194.672119140625,84.37448120117188,315.4800109863281,74.75711822509766,26.408098220825195,24.76000022888184,42.13999938964844,106.18000030517578,64.5999984741211,0.52,1.95,553.82,4.3,4.33
2025-05-07,554.7901611328125,480.9718627929688,195.315185546875,84.73114776611328,310.75,74.8238296508789,26.60149383544922,23.549999237060547,42.65999984741211,99.87000274658205,63.5099983215332,0.48,1.95,428.17,4.26,4.33
2025-05-08,558.6558227539062,485.9378662109375,199.0351104736328,83.7864761352539,304.6300048828125,74.80477905273438,26.82389640808105,22.479999542236328,40.59999847412109,98.66000366210938,65.5999984741211,0.47,1.89,567.82,4.37,4.33
2025-05-09,557.9440307617188,485.619384765625,198.6690673828125,83.91179656982422,306.8399963378906,74.85240936279297,26.74654006958008,21.899999618530277,39.81999969482422,100.4000015258789,66.61000061035156,0.49,1.89,535.71,4.37,4.33
2025-05-12,576.3826293945312,505.4036254882813,205.6537628173828,83.1309814453125,298.19000244140625,75.59569549560547,27.123659133911133,18.38999938964844,37.5,102.9000015258789,67.5999984741211,0.47,1.82,667.23,4.45,4.33
2025-05-13,580.1889038085938,513.1063842773438,206.4056854248047,82.79360961914062,299.4599914550781,75.7291030883789,26.891584396362305,18.21999931335449,36.709999084472656,100.12999725341795,69.58999633789062,0.47,1.82,512.95,4.49,4.33
2025-05-14,580.930419921875,516.1814575195312,204.5753936767578,82.24415588378906,293.1600036621094,75.45276641845703,26.949604034423828,18.6200008392334,36.720001220703125,100.7300033569336,68.7300033569336,0.48,1.8,776.77,4.53,4.33
2025-05-15,583.7679443359375,516.748779296875,205.9110107421875,82.96710205078125,297.8399963378906,75.59569549560547,26.881916046142575,17.829999923706055,37.400001525878906,98.6500015258789,67.58999633789062,0.49,1.83,469.0,4.45,4.33
2025-05-16,587.465576171875,518.997802734375,207.6126708984375,83.1888427734375,294.239990234375,75.68146514892578,26.959272384643555,17.239999771118164,37.880001068115234,96.6999969482422,68.0999984741211,0.45,1.82,516.56,4.43,4.33
2025-05-19,588.1082153320312,519.4954833984375,206.74205017089844,82.94784545898438,298.0299987792969,75.64334869384766,26.775548934936523,18.13999938964844,38.0,103.80999755859376,68.51000213623047,0.49,1.84,390.58,4.46,4.33
2025-05-20,586.130859375,517.7638549804688,206.8508758544922,82.35018920898438,303.5799865722656,75.60521697998047,26.698190689086918,18.09000015258789,34.619998931884766,101.37000274658205,68.66000366210938,0.51,1.82,408.7,4.48,4.33
2025-05-21,576.2540893554688,510.5686340332031,201.04345703125,80.94281768798828,305.82000732421875,75.10017395019531,26.5821533203125,20.8700008392334,39.119998931884766,102.0999984741211,67.58999633789062,0.58,1.85,319.48,4.58,4.33
2025-05-22,576.4814453125,511.5240173339844,201.03355407714844,81.3669662475586,303.1099853515625,75.25265502929688,26.65951156616211,20.280000686645508,41.43999862670898,99.47000122070312,67.13999938964844,0.54,1.87,283.69,4.54,4.33
2025-05-23,572.5465698242188,506.7869262695313,200.400390625,81.50192260742188,309.75,75.23359680175781,26.46611785888672,22.290000915527344,43.130001068115234,100.91000366210938,67.98999786376953,0.51,1.88,328.74,4.51,4.33
2025-05-27,584.4501342773438,518.7091674804688,205.485595703125,82.6393814086914,304.5,75.69099426269531,26.611164093017575,18.959999084472656,41.93999862670898,97.93000030517578,67.27999877929688,0.51,1.84,409.58,4.43,4.33
2025-05-28,581.06884765625,516.4103393554688,203.3189239501953,82.28270721435547,303.8099975585937,75.64334869384766,26.698190689086918,19.309999465942383,40.41999816894531,93.1999969482422,67.88999938964844,0.51,1.83,282.29,4.47,4.33
2025-05-29,583.362548828125,517.4254760742188,203.92242431640625,83.04423522949219,305.6099853515625,75.75769805908203,26.553142547607425,19.18000030517578,40.2599983215332,92.66999816894533,67.19000244140625,0.51,1.81,340.04,4.43,4.33
2025-05-30,582.7101440429688,516.609375,202.8836212158203,83.16956329345703,303.6000061035156,75.82439422607422,26.543476104736328,18.56999969482422,40.709999084472656,92.11000061035156,67.1500015258789,0.52,1.84,514.0,4.41,4.33
2025-06-02,585.9925537109375,520.6896362304688,203.51681518554688,82.39552307128906,311.6700134277344,75.81099700927734,26.35974884033203,18.36000061035156,38.70000076293945,95.76000213623048,69.55000305175781,0.52,1.84,445.03,4.46,4.33
2025-06-03,589.3341064453125,524.7598876953125,206.8014068603516,82.25039672851562,308.9100036621094,75.9546127319336,26.53380584716797,17.690000534057617,37.75,100.0,69.88999938964844,0.5,1.81,475.75,4.46,4.33
2025-06-04,589.1759643554688,526.2228393554688,206.21771240234372,83.58557891845703,310.8999938964844,76.0982437133789,26.41776657104492,17.610000610351562,37.70000076293945,96.9800033569336,69.33999633789062,0.5,1.8,420.42,4.37,4.33
2025-06-05,586.3285522460938,522.2620239257812,206.30674743652344,83.64363861083984,309.3299865722656,75.93547058105469,26.39842796325684,18.479999542236328,34.88999938964844,94.6500015258789,69.93000030517578,0.48,1.77,340.8,4.4,4.33
2025-06-06,592.3495483398438,527.3673095703125,209.6407928466797,82.579345703125,305.17999267578125,75.92589569091797,26.53380584716797,16.770000457763672,35.720001220703125,89.6500015258789,71.37999725341797,0.47,1.73,351.94,4.51,4.33
2025-06-09,592.8834228515625,528.1436157226562,211.0852508544922,82.66642761230469,306.6199951171875,75.96418762207031,26.46611785888672,17.15999984741211,34.41999816894531,92.62000274658205,72.05000305175781,0.48,1.72,328.87,4.49,4.33
2025-06-10,596.2449951171875,531.6366577148438,212.2229766845703,83.09212493896484,306.7099914550781,76.14611053466797,26.49512481689453,16.950000762939453,35.04999923706055,91.22000122070312,71.5999984741211,0.46,1.71,273.63,4.47,4.33
2025-06-11,594.5443725585938,529.8452758789062,211.35238647460935,83.34370422363281,308.3699951171875,76.12696075439453,26.39842796325684,17.260000228881836,43.2400016784668,89.36000061035156,74.81999969482422,0.47,1.74,281.91,4.41,4.33
2025-06-12,596.9072265625,531.0892333984375,210.5114288330078,84.34026336669922,312.20001220703125,76.21312713623047,26.205034255981445,18.020000457763672,45.369998931884766,88.98999786376953,75.05000305175781,0.46,1.73,484.65,4.36,4.33
2025-06-13,590.2338256835938,524.4215698242188,206.66290283203125,83.52753448486328,316.2900085449219,75.98334503173828,26.27272224426269,20.81999969482422,57.22999954223633,95.30999755859376,80.22000122070312,0.45,1.75,270.05,4.41,4.33
2025-06-16,595.8494873046875,531.7162475585938,209.0994415283203,82.68577575683594,311.7799987792969,76.13653564453125,26.30173110961914,19.11000061035156,56.59999847412109,93.4800033569336,78.58999633789062,0.49,1.74,340.61,4.46,4.33
2025-06-17,590.7578735351562,526.5313110351562,206.89703369140625,83.6920166015625,311.94000244140625,76.05036163330078,26.475786209106445,21.600000381469727,71.55999755859375,97.18000030517578,82.30000305175781,0.45,1.74,445.72,4.39,4.33
2025-06-18,590.6688232421875,526.4417724609375,207.98829650878903,83.83715057373047,310.260009765625,76.1652603149414,26.52413558959961,20.13999938964844,66.86000061035156,93.63999938964844,82.2699966430664,0.44,1.77,477.28,4.38,4.33
2025-06-20,589.2816162109375,524.292236328125,207.55181884765625,83.68233489990234,310.1300048828125,76.40461730957031,26.49512481689453,20.6200008392334,64.66999816894531,90.0999984741211,83.12000274658203,0.48,1.76,326.33,4.38,4.33
2025-06-23,595.1022338867188,529.6832275390625,210.0915069580078,83.95325469970703,311.0799865722656,76.54822540283203,26.38875961303711,19.82999992370605,53.650001525878906,95.02999877929688,76.41000366210938,0.5,1.77,229.7,4.34,4.33
2025-06-24,601.6764526367188,537.7831420898438,212.77012634277344,84.56278991699219,306.19000244140625,76.75888061523438,26.253381729125977,17.479999542236328,48.79999923706055,92.62000274658205,73.0,0.55,1.78,326.19,4.3,4.33
2025-06-25,602.0136108398438,539.157958984375,210.28993225097656,84.66922760009766,307.1199951171875,76.73973083496094,26.185693740844727,16.760000228881836,42.75,91.23999786376952,73.30999755859375,0.55,1.79,342.66,4.29,4.33
2025-06-26,606.7236328125,544.19921875,213.70266723632807,85.09494018554688,306.7799987792969,76.9599380493164,26.07932472229004,16.59000015258789,41.86000061035156,89.47000122070312,73.58999633789062,0.56,1.8,239.86,4.26,4.33
2025-06-27,609.738037109375,546.0624389648438,213.7720947265625,84.5531234741211,301.2200012207031,76.92164611816406,26.12767601013184,16.31999969482422,41.22999954223633,87.93000030517578,73.27999877929688,0.56,1.79,305.07,4.29,4.33
2025-06-30,612.6533813476562,549.5992431640625,214.0796356201172,85.38520812988281,304.8299865722656,77.21846008300781,25.992298126220703,16.729999542236328,38.88999938964844,90.26000213623048,73.11000061035156,0.52,1.75,511.44,4.24,4.33
2025-07-01,612.455078125,544.9664916992188,216.2820587158203,85.59690856933594,307.54998779296875,77.12129974365234,25.982629776000977,16.829999923706055,38.0,93.4800033569336,73.93000030517578,0.48,1.72,444.86,4.26,4.33
2025-07-02,615.2315063476562,548.7622680664062,219.2781219482422,85.05307006835938,309.25,77.26558685302734,25.963289260864254,16.639999389648438,40.2400016784668,91.37000274658205,75.58999633789062,0.52,1.7,376.21,4.3,4.33
2025-07-03,620.0803833007812,554.1622924804688,221.3118896484375,84.4606704711914,307.1400146484375,77.31369018554688,26.0889949798584,16.3799991607666,37.75,86.08999633789062,75.19000244140625,0.47,1.67,750.31,4.35,4.33
2025-07-07,615.4595336914062,549.9878540039062,217.9884033203125,83.65461730957031,307.3699951171875,77.05396270751953,26.176023483276367,17.790000915527344,41.22999954223633,88.52999877929688,76.4800033569336,0.5,1.71,406.62,4.4,4.33
2025-07-08,615.1224365234375,550.2966918945312,219.49636840820312,83.54779052734375,304.1600036621094,76.94813537597656,26.19536399841309,16.809999465942383,35.709999084472656,88.05000305175781,76.95999908447266,0.52,1.71,226.19,4.42,4.33
2025-07-09,618.8110961914062,554.1921997070312,221.8773651123047,84.42182922363281,305.5199890136719,77.1597671508789,26.19536399841309,15.9399995803833,34.16999816894531,84.30999755859375,76.93000030517578,0.48,1.73,270.45,4.34,4.33
2025-07-10,620.5563354492188,553.3952026367188,223.0182342529297,84.48009490966797,306.20001220703125,77.08280944824219,26.243711471557617,15.779999732971191,32.79999923706055,81.58000183105469,75.38999938964844,0.49,1.7,539.55,4.35,4.33
2025-07-11,618.3748168945312,552.1497802734375,219.94281005859372,83.3147201538086,309.1400146484375,76.98661041259766,26.321069717407227,16.399999618530273,37.060001373291016,85.4800033569336,77.29000091552734,0.53,1.72,322.44,4.43,4.33
2025-07-14,619.5547485351562,554.1524047851562,221.42100524902344,83.13990783691406,308.010009765625,77.0443344116211,26.38875961303711,17.200000762939453,33.529998779296875,90.7300033569336,75.62000274658203,0.53,1.73,379.41,4.43,4.33
2025-07-15,616.9072875976562,554.660400390625,217.0856475830078,82.5572280883789,306.7300109863281,76.81346893310547,26.53380584716797,17.3799991607666,34.380001068115234,88.94999694824219,75.26000213623047,0.55,1.7,573.74,4.5,4.33
2025-07-16,618.9697265625,555.2283325195312,219.26821899414065,82.67375946044922,308.260009765625,77.01547241210938,26.43710708618164,17.15999984741211,33.15999984741211,89.5199966430664,75.19000244140625,0.58,1.73,468.19,4.46,4.33
2025-07-17,622.7576293945312,559.7216796875,222.1452178955078,82.65434265136719,307.5899963378906,77.09243774414062,26.553142547607425,16.520000457763672,32.84000015258789,85.56999969482422,76.16000366210938,0.56,1.71,444.91,4.47,4.33
2025-07-18,622.301513671875,559.1836547851562,220.5678253173828,82.78057861328125,308.3900146484375,77.19824981689453,26.51446533203125,16.40999984741211,32.16999816894531,83.29000091552734,75.93000030517578,0.56,1.73,428.28,4.44,4.33
2025-07-21,623.4815063476562,562.0828857421875,219.6749420166016,83.51866912841797,313.1300048828125,77.30406951904297,26.340410232543945,16.649999618530273,31.3799991607666,86.62000274658203,75.58999633789062,0.53,1.73,289.39,4.38,4.33
2025-07-22,623.5707397460938,559.1736450195312,221.50038146972656,84.02365112304688,316.1000061035156,77.43875885009766,26.205034255981445,16.5,32.2599983215332,89.88999938964844,75.3499984741211,0.52,1.73,220.87,4.35,4.33
2025-07-23,628.8757934570312,561.7242431640625,224.88333129882807,83.55751037597656,312.17999267578125,77.47721099853516,26.166353225708008,15.369999885559082,32.38999938964844,85.94999694824219,75.27999877929688,0.52,1.71,233.7,4.4,4.33
2025-07-24,629.083984375,562.9197998046875,221.7781524658203,83.41182708740234,310.2699890136719,77.38102722167969,26.234041213989254,15.390000343322754,32.369998931884766,82.75,76.08999633789062,0.52,1.68,301.78,4.43,4.33
2025-07-25,631.741455078125,564.2747802734375,222.60157775878903,83.93624877929688,307.3999938964844,77.42911529541016,26.29206085205078,14.93000030517578,32.880001068115234,82.08999633789062,74.8499984741211,0.49,1.69,227.42,4.4,4.33
2025-07-28,631.5828247070312,566.0381469726562,222.3436279296875,83.39239501953125,305.4100036621094,77.3906478881836,26.59182357788086,15.029999732971191,35.369998931884766,83.7300033569336,77.16999816894531,0.51,1.69,282.48,4.42,4.33
2025-07-29,629.9168701171875,565.1614379882812,220.9249725341797,84.80058288574219,306.25,77.43875885009766,26.65951156616211,15.979999542236328,38.040000915527344,85.06999969482422,79.80000305175781,0.48,1.7,199.35,4.34,4.33
2025-07-30,629.1236572265625,565.918701171875,219.80392456054688,84.36356353759766,300.9599914550781,77.27520751953125,26.920595169067383,15.479999542236328,37.75,81.87999725341797,81.04000091552734,0.44,1.69,274.14,4.38,4.33
2025-07-31,626.7637329101562,562.9197998046875,217.651123046875,84.412109375,302.9599914550781,77.32330322265625,26.978612899780277,16.719999313354492,36.77999877929688,79.83999633789062,79.58999633789062,0.43,1.67,378.15,4.37,4.33
2025-08-01,616.49072265625,551.8309936523438,213.216552734375,85.6121597290039,309.1099853515625,77.32717895507812,26.65951156616211,20.3799991607666,39.369998931884766,83.83000183105469,77.45999908447266,0.54,1.75,563.27,4.23,4.33
2025-08-04,625.8612670898438,562.0130615234375,217.9884033203125,85.84613800048828,310.9100036621094,77.58821105957031,26.64984130859375,17.520000457763672,38.790000915527344,87.94999694824219,76.11000061035156,0.53,1.74,259.95,4.22,4.33
2025-08-05,622.6881713867188,558.1973266601562,219.09954833984372,86.1093521118164,311.1600036621094,77.5495376586914,26.64984130859375,17.850000381469727,35.29999923706055,89.19999694824219,75.0199966430664,0.5,1.72,251.56,4.22,4.33
2025-08-06,627.457763671875,565.2212524414062,218.8118438720703,85.6121597290039,310.5,77.62689208984375,26.49512481689453,16.770000457763672,36.66999816894531,83.88999938964844,73.79000091552734,0.53,1.75,229.33,4.22,4.33
2025-08-07,626.9321899414062,567.1341552734375,218.0975341796875,85.4659423828125,313.1199951171875,77.5495376586914,26.475786209106445,16.56999969482422,35.0099983215332,80.1500015258789,73.41999816894531,0.51,1.74,280.6,4.23,4.33
2025-08-08,631.8207397460938,572.4244384765625,218.57376098632807,85.09549713134766,313.04998779296875,77.55921173095703,26.52413558959961,15.149999618530272,34.060001373291016,79.19999694824219,73.30000305175781,0.51,1.74,239.92,4.27,4.33
2025-08-11,630.5713500976562,570.730712890625,218.52415466308597,85.19297790527344,308.54998779296875,77.55921173095703,26.630502700805664,16.25,31.399999618530277,81.76000213623047,73.80000305175781,0.51,1.72,309.88,4.27,4.33
2025-08-12,637.2844848632812,577.9041137695312,225.01231384277344,84.76403045654297,308.2699890136719,77.73324584960938,26.49512481689453,14.729999542236328,30.309999465942383,77.41999816894531,72.94999694824219,0.57,1.73,275.89,4.29,4.33
2025-08-13,639.4659423828125,578.1930541992188,229.38735961914065,85.4659423828125,309.2099914550781,77.93626403808594,26.42743682861328,14.489999771118164,33.81999969482422,77.30999755859375,72.45999908447266,0.57,1.71,241.27,4.24,4.33
2025-08-14,639.525390625,577.7447509765625,226.43096923828125,84.832275390625,307.25,77.73324584960938,26.52413558959961,14.829999923706056,35.959999084472656,76.7699966430664,73.73999786376953,0.55,1.71,199.49,4.29,4.33
2025-08-15,638.0281372070312,575.2042236328125,225.3297882080078,84.22786712646484,307.42999267578125,77.791259765625,26.43710708618164,15.09000015258789,37.220001220703125,76.66000366210938,72.80000305175781,0.58,1.69,323.06,4.33,4.33
2025-08-18,637.8892822265625,574.9749755859375,226.15321350097656,83.98414611816406,306.95001220703125,77.73324584960938,26.50479507446289,14.989999771118164,32.150001525878906,81.81999969482422,73.16999816894531,0.57,1.7,336.75,4.34,4.33
2025-08-19,634.4286499023438,567.1740112304688,224.4170684814453,84.47158813476562,305.2699890136719,77.71390533447266,26.57248306274414,15.56999969482422,33.040000915527344,82.1500015258789,72.30000305175781,0.55,1.71,216.13,4.3,4.33
2025-08-20,632.742919921875,563.8064575195312,223.62339782714844,84.65679168701172,308.3599853515625,77.68489837646484,26.553142547607425,15.6899995803833,32.5099983215332,80.75,73.5199966430664,0.55,1.73,177.74,4.29,4.33
2025-08-21,630.2044677734375,561.1962280273438,224.17898559570312,84.23760986328125,307.2900085449219,77.53986358642578,26.688520431518555,16.600000381469727,31.540000915527344,80.5199966430664,74.12999725341797,0.54,1.72,158.27,4.33,4.33
2025-08-22,639.8824462890625,569.85400390625,232.96875,84.86153411865234,310.5799865722656,78.16830444335938,26.42743682861328,14.220000267028809,30.350000381469727,78.0999984741211,74.63999938964844,0.58,1.73,155.54,4.26,4.33
2025-08-25,637.0662231445312,568.2100830078125,230.518310546875,84.61781311035156,309.8299865722656,78.01362609863281,26.64017105102539,14.789999961853027,31.239999771118164,77.55999755859375,75.75,0.55,1.7,467.56,4.28,4.33
2025-08-26,639.733642578125,570.4916381835938,232.423095703125,84.56906127929688,312.0799865722656,78.18765258789062,26.57248306274414,14.619999885559082,33.72999954223633,79.36000061035156,74.05000305175781,0.65,1.75,441.53,4.26,4.33
2025-08-27,641.1912841796875,571.368408203125,234.0699462890625,84.47158813476562,312.7099914550781,78.28433990478516,26.5821533203125,14.850000381469728,31.940000534057617,77.66000366210938,74.68000030517578,0.65,1.77,269.38,4.24,4.33
2025-08-28,643.4619750976562,574.9451293945312,234.3477325439453,85.02725982666016,315.0299987792969,78.32301330566406,26.48545455932617,14.43000030517578,33.97999954223633,77.55000305175781,75.23999786376953,0.6,1.75,279.5,4.22,4.33
2025-08-29,639.6245727539062,568.2899169921875,233.30604553222656,84.42283630371094,318.07000732421875,78.177978515625,26.46611785888672,15.359999656677246,32.630001068115234,79.38999938964844,74.83999633789062,0.64,1.8,250.15,4.23,4.33
2025-09-02,634.884765625,563.5274658203125,232.04611206054688,83.79459381103516,325.5899963378906,78.09346771240234,26.64017105102539,17.170000076293945,34.279998779296875,85.27999877929688,76.76000213623047,0.62,1.81,488.48,4.28,4.33
2025-09-03,638.3255615234375,567.9611206054688,231.81793212890625,84.71444702148438,328.1400146484375,78.30718994140625,26.59182357788086,16.350000381469727,35.220001220703125,89.66999816894531,74.83000183105469,0.61,1.78,185.22,4.22,4.33
2025-09-04,643.6602783203125,573.1019287109375,234.71478271484372,85.36029815673828,326.69000244140625,78.52090454101562,26.630502700805664,15.300000190734863,35.029998779296875,88.26000213623047,74.18000030517578,0.58,1.8,388.69,4.17,4.33
2025-09-05,641.796142578125,573.9288940429688,235.8854522705078,86.66179656982422,331.04998779296875,78.55976104736328,26.49512481689453,15.18000030517578,33.33000183105469,85.29000091552734,72.62999725341797,0.59,1.78,601.23,4.1,4.33
2025-09-08,643.3727416992188,576.7284545898438,236.36163330078125,87.81649780273438,334.82000732421875,78.55976104736328,26.408098220825195,15.109999656677246,35.029998779296875,84.0,73.04000091552734,0.56,1.76,319.23,4.05,4.33
2025-09-09,644.8601684570312,578.3624877929688,234.9727478027344,87.31742858886719,334.0599975585937,78.47233581542969,26.51446533203125,15.039999961853027,33.439998626708984,82.19999694824219,73.38999938964844,0.54,1.75,243.41,4.08,4.33
2025-09-10,646.724365234375,578.5517578125,234.5560607910156,87.81649780273438,335.260009765625,78.5306167602539,26.53380584716797,15.350000381469728,33.349998474121094,79.58000183105469,74.70999908447266,0.5,1.75,280.99,4.04,4.33
2025-09-11,652.0988159179688,581.9192504882812,238.89141845703125,88.40364074707031,334.760009765625,78.72489929199219,26.44677734375,14.710000038146973,33.959999084472656,75.06999969482422,73.0,0.49,1.74,311.82,4.01,4.33
2025-09-12,651.880615234375,584.4896240234375,236.45091247558597,88.0219955444336,335.4200134277344,78.64718627929688,26.48545455932617,14.760000228881836,31.770000457763672,73.37000274658203,73.30999755859375,0.5,1.7,268.43,4.06,4.33
2025-09-15,655.3511352539062,589.4911499023438,237.4529266357422,88.22749328613281,338.9100036621094,78.87062072753906,26.39842796325684,15.6899995803833,30.979999542236328,76.87999725341797,74.2300033569336,0.51,1.68,273.8,4.05,4.33
2025-09-16,654.4488525390625,588.992919921875,237.0619201660156,88.4134292602539,339.5899963378906,78.81232452392578,26.234041213989254,16.360000610351562,33.16999816894531,77.08999633789062,75.66999816894531,0.53,1.69,243.91,4.04,4.33
2025-09-17,653.6357421875,587.8173217773438,237.66880798339844,88.18836212158203,336.9700012207031,78.734619140625,26.321069717407227,15.720000267028809,31.049999237060547,75.94999694824219,74.97000122070312,0.54,1.7,400.05,4.06,4.33
2025-09-18,656.6898193359375,593.11767578125,243.58837890625,87.2782974243164,335.6199951171875,78.90948486328125,26.44677734375,15.699999809265137,31.8799991607666,71.91000366210938,74.69000244140625,0.54,1.68,284.37,4.11,4.08
2025-09-19,659.9423217773438,597.1326904296875,241.73789978027344,87.11193084716797,339.17999267578125,78.93862915039062,26.52413558959961,15.449999809265137,30.530000686645508,72.51000213623047,73.5199966430664,0.57,1.68,204.23,4.14,4.08
2025-09-22,663.0645141601562,600.667724609375,243.14068603515625,86.79879760742188,345.04998779296875,78.99691009521484,26.42743682861328,16.100000381469727,30.8799991607666,75.80000305175781,73.44999694824219,0.54,1.67,548.21,4.15,4.09
2025-09-23,659.4551391601562,596.6779174804688,242.59349060058597,87.40550231933594,346.4599914550781,78.93862915039062,26.408098220825195,16.639999389648438,32.58000183105469,75.66000366210938,75.05000305175781,0.59,1.69,248.3,4.12,4.09
2025-09-24,657.3569946289062,594.583251953125,240.36495971679688,87.07279205322266,343.32000732421875,78.83175659179688,26.60149383544922,16.18000030517578,34.08000183105469,75.12999725341797,76.38999938964844,0.59,1.68,356.04,4.16,4.09
2025-09-25,654.3242797851562,592.0198364257812,238.06675720214844,87.07279205322266,344.75,78.60832977294922,26.785219192504883,16.739999771118164,36.84999847412109,75.44000244140625,76.98999786376953,0.54,1.67,190.78,4.18,4.09
2025-09-26,658.072998046875,594.4535522460938,240.1062774658203,86.99452209472656,346.739990234375,78.76376342773438,26.688520431518555,15.289999961853027,35.849998474121094,74.37999725341797,77.0199966430664,0.57,1.65,409.49,4.2,4.09
2025-09-29,659.9224243164062,597.20654296875,240.3848419189453,87.7088623046875,352.4599914550781,78.89976501464844,26.630502700805664,16.1200008392334,35.540000915527344,75.51000213623047,74.58999633789062,0.52,1.64,282.61,4.15,4.09
2025-09-30,662.4082641601562,598.8424072265625,240.72311401367188,87.45443725585938,355.4700012207031,78.87062072753906,26.60149383544922,16.280000686645508,35.58000183105469,77.93000030517578,73.75,0.56,1.67,406.64,4.16,4.09
2025-10-01,664.6654663085938,601.7150268554688,241.2503967285156,87.68029022216797,356.0299987792969,79.01799774169922,26.59182357788086,16.290000915527344,36.38999938964844,73.5,73.13999938964844,0.57,1.69,307.12,4.12,4.09
2025-10-02,665.4309692382812,604.188720703125,242.7725830078125,87.93560028076172,354.7900085449219,78.98870849609375,26.630502700805664,16.6299991607666,37.619998931884766,71.20999908447266,71.54000091552734,0.55,1.68,438.91,4.1,4.09
2025-10-03,665.421142578125,601.645263671875,244.5733337402344,87.76866149902344,357.6400146484375,78.90086364746094,26.5821533203125,16.649999618530273,36.5,69.52999877929688,71.70999908447266,0.55,1.66,306.79,4.13,4.09
2025-10-06,667.8074951171875,606.1636962890625,245.54830932617188,87.07147979736328,364.3800048828125,78.92039489746094,26.707860946655277,16.3700008392334,32.439998626708984,72.98999786376953,72.87000274658203,0.58,1.65,326.43,4.18,4.09
2025-10-07,665.3316040039062,602.9718627929688,242.911865234375,87.572265625,366.260009765625,78.83255004882812,26.86257743835449,17.239999771118164,31.81999969482422,75.43000030517578,73.19999694824219,0.57,1.67,225.8,4.14,4.09
2025-10-08,669.2990112304688,609.88427734375,245.4587860107422,87.6410140991211,372.2999877929688,78.7154312133789,26.920595169067383,16.299999237060547,31.530000686645508,74.87000274658203,73.52999877929688,0.55,1.68,354.2,4.13,4.1
2025-10-09,667.3600463867188,609.1461181640625,243.8769073486328,87.572265625,365.4299926757813,78.49093627929688,27.104320526123047,16.43000030517578,32.47999954223633,74.12000274658203,72.51000213623047,0.54,1.69,391.93,4.14,4.1
2025-10-10,649.32275390625,588.0000610351562,236.57443237304688,88.98631286621094,369.1199951171875,78.03221893310547,26.968942642211918,21.65999984741211,37.72999954223633,81.6500015258789,69.38999938964844,0.53,1.72,314.78,4.05,4.1
2025-10-13,659.2860107421875,600.4782104492188,243.1605987548828,88.93721008300781,378.0899963378906,78.52021789550781,27.06564140319824,19.030000686645508,35.91999816894531,81.6500015258789,70.27999877929688,0.55,1.71,401.18,4.03,4.1
2025-10-14,658.4805908203125,596.4783935546875,246.6327362060547,89.22199249267578,380.7900085449219,78.60807037353516,26.988283157348636,20.809999465942383,37.900001525878906,79.94999694824219,69.0,0.55,1.71,444.68,4.03,4.1
2025-10-15,661.4039916992188,600.6876220703125,249.05032348632807,89.02559661865234,387.3900146484375,78.86183166503906,26.910924911499023,20.63999938964844,36.619998931884766,75.11000061035156,68.98999786376953,0.55,1.68,160.15,4.05,4.1
2025-10-16,656.899658203125,598.4633178710938,243.8072509765625,89.69332885742188,396.4500122070313,78.57878112792969,26.80455780029297,25.309999465942383,38.2599983215332,81.2300033569336,67.80999755859375,0.58,1.71,363.38,3.99,4.11
2025-10-17,660.62841796875,602.393310546875,242.16571044921875,89.55585479736328,388.989990234375,78.78375244140625,26.83356666564941,20.780000686645508,37.2400016784668,78.62000274658203,67.9800033569336,0.56,1.7,551.3,4.02,4.11
2025-10-20,667.499267578125,609.98388671875,246.89141845703125,89.89954376220703,403.1499938964844,78.93991088867188,26.901254653930664,18.229999542236328,36.77000045776367,77.22000122070312,67.83000183105469,0.54,1.68,338.92,4.0,4.11
2025-10-21,667.4892578125,609.8244018554688,245.7274169921875,90.3414306640625,377.239990234375,78.82279205322266,27.00762367248535,17.8700008392334,35.869998931884766,77.18000030517578,68.2699966430664,0.53,1.67,279.64,3.98,4.11
2025-10-22,664.0191040039062,603.9493408203125,242.09605407714844,90.4003448486328,377.2799987792969,78.74471282958984,26.978612899780277,18.600000381469727,38.09000015258789,75.48999786376953,70.62999725341797,0.52,1.69,490.22,3.97,4.11
2025-10-23,667.9566650390625,609.0264282226562,245.16030883789065,89.78170776367188,378.7900085449219,78.92039489746094,26.988283157348636,17.299999237060547,40.459999084472656,74.05000305175781,73.29000091552734,0.53,1.66,226.47,4.01,4.11
2025-10-24,673.4155883789062,615.52978515625,248.1549224853516,89.82099914550781,377.5199890136719,79.1351089477539,26.988283157348636,16.3700008392334,38.70000076293945,68.94000244140625,73.18000030517578,0.54,1.65,327.22,4.02,4.11
2025-10-27,681.3603515625,626.4918823242188,249.02047729492188,90.12539672851562,367.010009765625,79.33031463623047,26.959272384643555,15.789999961853027,38.959999084472656,66.87000274658203,73.12000274658203,0.53,1.63,386.2,4.01,4.12
2025-10-28,683.1700439453125,631.3095703125,247.6873321533203,90.36106872558594,364.3800048828125,79.25223541259766,26.9399356842041,16.420000076293945,37.18000030517578,67.30000305175781,71.38999938964844,0.52,1.65,269.14,3.99,4.12
2025-10-29,683.4981689453125,634.15234375,245.57815551757807,89.44783782958984,363.0,79.00823211669922,27.094650268554688,16.920000076293945,37.13999938964844,65.75,71.80000305175781,0.49,1.61,260.35,4.08,4.12
2025-10-30,675.98095703125,624.45703125,243.5983428955078,88.9273910522461,370.1300048828125,78.86183166503906,27.201017379760746,16.90999984741211,34.7400016784668,66.87999725341797,71.70999908447266,0.5,1.64,280.03,4.11,3.87
2025-10-31,678.1983642578125,627.4693603515625,244.9712829589844,88.6622543334961,368.1199951171875,78.86183166503906,27.27837562561035,17.440000534057617,36.20000076293945,66.61000061035156,72.55999755859375,0.51,1.69,439.77,4.11,3.86
2025-11-03,679.4711303710938,630.4716796875,244.1853179931641,88.44051361083984,368.7799987792969,78.61658477783203,27.29771423339844,17.170000076293945,34.310001373291016,67.2300033569336,72.73999786376953,0.53,1.71,5.39,4.13,3.87
2025-11-04,671.4169921875,617.6743774414062,239.9669952392578,88.63762664794922,362.3200073242188,78.62638854980469,27.384742736816406,19.0,34.27000045776367,68.0199966430664,71.93000030517578,0.52,1.72,285.7,4.1,3.87
2025-11-05,673.7437133789062,621.6941528320312,243.4291839599609,87.67181396484375,366.510009765625,78.70487976074219,27.39441299438477,18.010000228881836,33.689998626708984,72.41999816894531,71.02999877929688,0.54,1.7,300.81,4.17,3.87
2025-11-06,666.514892578125,610.1136474609375,239.1213531494141,88.46023559570312,366.0700073242188,78.73430633544922,27.249366760253903,19.5,33.7599983215332,72.44000244140625,70.87999725341797,0.54,1.72,316.74,4.11,3.87
2025-11-07,667.1710815429688,608.1885375976562,240.3749084472656,88.27298736572266,368.30999755859375,78.80297088623047,27.230026245117188,19.07999992370605,33.33000183105469,74.41000366210938,71.26000213623047,0.56,1.75,337.82,4.11,3.87
2025-11-10,677.5819091796875,621.6442260742188,242.78253173828125,88.2532730102539,378.3800048828125,79.06783294677734,27.249366760253903,17.600000381469727,32.119998931884766,78.86000061035156,71.68000030517578,0.55,1.73,473.61,4.13,3.87
2025-11-11,679.1329956054688,619.9884643554688,242.9914703369141,88.65734100341797,379.8699951171875,79.1561279296875,27.2106876373291,17.280000686645508,32.02000045776367,78.86000061035156,72.72000122070312,0.52,1.75,332.87,4.08,3.87
2025-11-12,679.5108642578125,619.4996948242188,242.3945159912109,88.81502532958984,385.989990234375,78.9991683959961,27.220355987548828,17.510000228881836,33.0,81.12000274658203,69.79000091552734,0.52,1.75,224.47,4.08,3.87
2025-11-13,668.2350463867188,606.8519897460938,235.5795440673828,88.08573150634766,382.8699951171875,78.67544555664062,27.14299964904785,20.0,32.630001068115234,79.0999984741211,69.8499984741211,0.53,1.77,475.99,4.11,3.88
2025-11-14,668.125732421875,607.310791015625,236.2660217285156,87.58312225341797,375.9599914550781,78.695068359375,27.181678771972656,19.82999992370605,33.119998931884766,79.70999908447266,71.37999725341797,0.52,1.77,302.37,4.14,3.88
2025-11-17,661.901123046875,602.1240234375,231.57012939453125,87.79993438720703,371.6499938964844,78.5675277709961,27.249366760253903,22.3799991607666,32.380001068115234,82.58000183105469,71.30000305175781,0.53,1.77,575.78,4.13,3.88
2025-11-18,656.3428344726562,594.792724609375,232.27651977539065,87.77037048339844,374.3500061035156,78.587158203125,27.27837562561035,24.690000534057617,33.33000183105469,83.18000030517578,72.5,0.54,1.79,617.41,4.12,3.88
2025-11-19,658.87841796875,598.3436889648438,232.23670959472656,87.59297180175781,374.9599914550781,78.62638854980469,27.452430725097656,23.65999984741211,34.119998931884766,84.31999969482422,70.87999725341797,0.55,1.79,226.6,4.13,3.88
2025-11-20,648.8355712890625,584.1798095703125,227.9387969970703,87.93790435791016,374.8500061035156,78.57733917236328,27.47177124023437,26.420000076293945,36.380001068115234,77.80999755859375,70.1500015258789,0.55,1.8,312.65,4.1,3.88
2025-11-21,655.2987670898438,588.568603515625,234.3956298828125,88.2040023803711,374.2699890136719,78.84221649169922,27.452430725097656,23.43000030517578,35.970001220703125,78.80999755859375,69.30000305175781,0.55,1.82,265.43,4.06,3.88
2025-11-24,664.9437866210938,603.6201782226562,238.6736297607422,88.70661926269531,380.2000122070313,79.05802917480469,27.452430725097656,20.520000457763672,36.29999923706055,76.81999969482422,70.41999816894531,0.58,1.8,199.1,4.04,3.88
2025-11-25,671.1981811523438,607.3406982421875,243.8769073486328,88.93328094482422,380.0799865722656,79.33271789550781,27.375072479248047,18.559999465942383,37.56999969482422,72.81999969482422,69.25,0.58,1.79,323.74,4.01,3.88
2025-11-26,675.8318481445312,612.70703125,246.03582763671875,89.3274917602539,383.1199951171875,79.41118621826172,27.29771423339844,17.190000534057617,35.70000076293945,71.9000015258789,70.04000091552734,0.55,1.78,231.59,4.0,3.88
2025-11-28,679.5208129882812,617.6743774414062,247.4783935546875,88.9037094116211,387.8800048828125,79.45042419433594,27.27837562561035,16.350000381469727,35.95000076293945,68.94999694824219,71.06999969482422,0.55,1.78,323.26,4.02,3.89
2025-12-01,676.4185180664062,615.599609375,244.3643951416016,87.79698181152344,389.75,79.30752563476562,27.268707275390625,17.239999771118164,35.81999969482422,71.3499984741211,71.05999755859375,0.55,1.78,257.88,4.09,3.89
2025-12-02,677.67138671875,620.4173583984375,243.9167022705078,87.83653259277344,387.239990234375,79.45535278320312,27.259037017822266,16.59000015258789,35.88999938964844,69.91000366210938,70.19999694824219,0.58,1.76,292.27,4.09,3.89
2025-12-03,680.0180053710938,621.9335327148438,248.35389709472656,88.08380126953125,386.8800048828125,79.52434539794922,27.123659133911133,16.079999923706055,33.720001220703125,66.45999908447266,70.66000366210938,0.57,1.77,357.52,4.06,3.89
2025-12-04,680.51513671875,621.35498046875,250.53271484375,87.60906219482422,387.1300048828125,79.5834732055664,27.181678771972656,15.779999732971191,33.29999923706055,65.69000244140625,71.38999938964844,0.59,1.76,520.11,4.11,3.89
2025-12-05,681.8078002929688,623.8884887695312,249.4880828857422,87.20355224609375,386.4400024414063,79.5834732055664,27.152667999267575,15.40999984741211,32.060001373291016,67.27999877929688,71.91999816894531,0.58,1.74,236.11,4.14,3.89
2025-12-08,679.7594604492188,622.6915893554688,249.5875701904297,86.91673278808594,385.4200134277344,79.38636779785156,27.191349029541016,16.65999984741211,33.029998779296875,72.30000305175781,70.48999786376953,0.6,1.73,483.24,4.17,3.89
2025-12-09,679.1727294921875,623.4595947265625,250.1049041748047,87.00574493408203,387.3999938964844,79.29766845703125,27.230026245117188,16.93000030517578,30.81999969482422,75.37999725341797,69.86000061035156,0.57,1.73,583.98,4.18,3.89
2025-12-10,683.6771850585938,626.0130615234375,253.50743103027344,87.3420181274414,389.0499877929688,79.56376647949219,27.084980010986328,15.770000457763672,30.780000686645508,68.62000274658203,70.54000091552734,0.59,1.76,336.6,4.13,3.89
2025-12-11,685.26806640625,623.98828125,256.48211669921875,87.22333526611328,393.239990234375,79.55390167236328,26.988283157348636,14.850000381469728,31.8799991607666,69.23999786376953,69.25,0.62,1.73,524.45,4.14,3.64
2025-12-12,677.9000244140625,612.0587158203125,252.5523376464844,86.38264465332031,395.4400024414063,79.40606689453125,27.02696228027344,15.739999771118164,29.93000030517578,69.25,68.80999755859375,0.67,1.76,355.26,4.19,3.64
2025-12-15,676.8758544921875,608.9865112304688,250.6421356201172,86.4419937133789,395.7999877929688,79.44550323486328,27.00762367248535,16.5,32.849998474121094,73.30999755859375,67.88999938964844,0.67,1.77,254.98,4.18,3.64
2025-12-16,675.0264282226562,610.1934204101562,249.4562530517578,86.91673278808594,395.8900146484375,79.49478149414062,26.978612899780277,16.479999542236328,36.22999954223633,67.13999938964844,66.16999816894531,0.67,1.78,258.94,4.15,3.64
2025-12-17,667.5986938476562,598.8822631835938,246.8009796142578,86.83761596679688,399.2900085449219,79.3962173461914,27.036630630493164,17.6200008392334,36.7400016784668,62.7400016784668,67.9800033569336,0.67,1.78,230.87,4.16,3.64
2025-12-18,672.6399536132812,607.5601806640625,248.26837158203125,87.25300598144531,398.5700073242188,79.61304473876953,27.055971145629883,16.8700008392334,33.599998474121094,60.0099983215332,67.19000244140625,0.66,1.78,350.41,4.12,3.64
2025-12-19,678.7363891601562,615.4799194335938,250.34466552734372,86.9273452758789,399.0199890136719,79.57442474365234,27.14299964904785,14.90999984741211,33.619998931884766,59.40999984741211,68.02999877929688,0.68,1.76,313.6,4.16,3.64
2025-12-22,682.96484375,618.4302368164062,253.12973022460935,86.73869323730469,408.2300109863281,79.64373779296875,27.030000686645508,14.079999923706056,33.029998779296875,61.70000076293945,69.7300033569336,0.73,1.76,238.58,4.17,3.64
2025-12-23,686.0863037109375,621.3265380859375,251.63238525390625,86.87769317626953,413.6400146484375,79.70315551757812,26.940000534057617,14.0,33.02000045776367,61.16999816894531,70.30000305175781,0.7,1.74,264.35,4.18,3.64
2025-12-24,688.4996948242188,623.144287109375,252.2612762451172,87.4039306640625,411.9299926757813,79.85169219970703,26.950000762939453,13.470000267028809,31.709999084472656,59.47999954223633,70.19999694824219,0.68,1.73,204.03,4.15,3.64
2025-12-26,688.4298706054688,623.1043090820312,250.9735565185547,87.11598205566406,416.739990234375,79.81207275390625,26.96999931335449,13.600000381469728,32.220001220703125,58.5,68.4800033569336,0.68,1.75,513.83,4.14,3.64
2025-12-29,685.9765625,620.088134765625,249.4362945556641,87.44364929199219,398.6000061035156,79.84178161621094,26.979999542236328,14.199999809265137,32.15999984741211,59.209999084472656,69.61000061035156,0.67,1.76,445.72,4.12,3.64
2025-12-30,685.138916015625,618.64990234375,247.58956909179688,87.2351303100586,398.8900146484375,79.92100524902344,27.049999237060547,14.329999923706056,30.76000022888184,63.97999954223633,69.73999786376953,0.69,1.75,305.8,4.14,3.64
