Date,SPY_lr,GLD_lr,UUP_lr,USO_lr,VIX_ld,OVX,MOVE_d,T10Y2Y_d,BAA10Y_d,DGS10_d,USEPUINDXD_ld,SPY_lr_local_std,SPY_logrv_5d,SPY_logrv_20d,SPY_vol_direction_5d
2017-01-03,,,,,,,,,,,,,-9.729534146874654,-8.152771708633283,
2017-01-04,,,,,,,,,,,,,-10.341061584917199,-8.28137701241384,
2017-01-05,,,,,,,,,,,,,-10.17889263919787,-8.112591811646418,
2017-01-06,,,,,,,,,,,,,-10.398880408118695,-8.144982115537173,
2017-01-09,,,,,,,,,,,,,-10.349890374574787,-8.183373995638112,
2017-01-10,,,,,,,,,,,,,-10.208094099205226,-8.177253241073846,0
2017-01-11,,,,,,,,,,,,,-10.06167541895137,-8.085411649035457,2
2017-01-12,,,,,,,,,,,,,-9.907088271646746,-8.055989211626398,2
2017-01-13,,,,,,,,,,,,,-9.87681041953375,-7.982448435662505,2
2017-01-17,,,,,,,,,,,,,-9.436735137650233,-7.972442126206074,2
2017-01-18,,,,,,,,,,,,,-8.810632858243798,-7.909945114866768,2
2017-01-19,,,,,,,,,,,,,-8.899504084997204,-7.946145017352625,2
2017-01-20,,,,,,,,,,,,,-8.983409923706631,-7.977619505549986,2
2017-01-23,,,,,,,,,,,,,-8.756813209519194,-7.897903216146369,2
2017-01-24,,,,,,,,,,,,,-9.05724822097997,-8.011998705242405,2
2017-01-25,,,,,,,,,,,,,-10.067733703127736,-8.263920559885424,0
2017-01-26,,,,,,,,,,,,,-10.083398496619527,-8.261926331724666,0
2017-01-27,,,,,,,,,,,,,-9.355560135138688,-8.262039622361609,0
2017-01-30,,,,,,,,,,,,,-9.883996830753482,-8.391723186046688,0
2017-01-31,,,,,,,,,,,,,-9.884111021426648,-7.775375654731908,0
2017-02-01,,,,,,,,,,,,,-9.854002891356533,-7.684926536321727,2
2017-02-02,,,,,,,,,,,,,-9.348551832393523,-7.685009294938541,2
2017-02-03,,,,,,,,,,,,1.6863824020550575,-9.800593537286904,-7.771985513250981,0
2017-02-06,,,,,,,,,,,,-0.6176921628404549,-9.412686338833398,-7.75843586239461,2
2017-02-07,,,,,,,,,,,,-0.12593048075992969,-9.234899613909079,-7.750390953667408,2
2017-02-08,,,,,,,,,,,,0.25010898068115517,-9.003547735684432,-7.750644104755558,2
2017-02-09,,,,,,,,,,,,1.4414493010261826,-9.330148830166369,-7.804949548411193,1
2017-02-10,,,,,,,,,,,,0.7937218806148211,-9.489010976830903,-7.8430876599408785,2
2017-02-13,,,,,,,,,,,,1.153768330247376,-9.415262982016571,-7.881437551644967,1
2017-02-14,,,,,,,,,,,,0.6823308561758297,-9.620324722983463,-7.737793313101831,0
2017-02-15,,,,,,,,,,,,0.9616896157592906,-10.133882235085224,-7.792555719185739,0
2017-02-16,,,,,,,,,,,,-0.6771154660885698,-10.111902764954898,-7.7868462730276775,0
2017-02-17,,,,,,,,,,,,-0.017698661518402648,-10.112946917695366,-7.7899269706355225,0
2017-02-21,,,,,,,,,,,,1.0781490426484552,-11.281823888771083,-7.5135872680531675,0
2017-02-22,,,,,,,,,,,,-0.7548138366300635,-8.492347624205765,-7.504947789145655,2
2017-02-23,,,,,,,,,,,,-0.3761712602254108,-8.316359350438328,-7.503710242829259,2
2017-02-24,,,,,,,,,,,,-0.15074029104139816,-8.32132818347137,-7.505671594168481,2
2017-02-27,,,,,,,,,,,,0.029701844165305084,-8.295142045982661,-7.508192216374892,2
2017-02-28,,,,,,,,,,,,-1.3320026475589348,-8.288576636824574,-7.428901929674823,2
2017-03-01,,,,,,,,,,,,3.7629984994009114,-9.694803831254228,-7.8203245712179825,0
2017-03-02,,,,,,,,,,,,-2.3159522683199194,-10.667181641312508,-7.897460574739834,0
2017-03-03,,,,,,,,,,,,-0.3700297612589994,-10.256258113981565,-7.884008701727086,0
2017-03-06,,,,,,,,,,,,-1.2270140037380288,-10.538429702709788,-7.899695141398833,0
2017-03-07,,,,,,,,,,,,-1.1504399336085527,-10.342091515962057,-7.923003372299317,0
2017-03-08,,,,,,,,,,,,-0.786276036975274,-9.180465920321208,-7.9081827834260405,2
2017-03-09,,,,,,,,,,,,-0.06753406378089576,-9.15865810337908,-7.891264831367866,2
2017-03-10,,,,,,,,,,,,0.43261853787578086,-9.249526514357283,-7.921657620713911,2
2017-03-13,,,,,,,,,,,,-0.279518991337741,-9.239700968410366,-7.921383574514921,2
2017-03-14,,,,,,,,,,,,-1.244318052706661,-8.296446084460023,-7.958668292100225,2
2017-03-15,,,,,,,,,,,,1.7208807826682697,-8.61873907118109,-8.129665113167679,2
2017-03-16,,,,,,,,,,,,-0.7026075785806444,-8.634004820888213,-8.006613428573111,2
2017-03-17,,,,,,,,,,,,-0.5936634671122355,-8.64849992346014,-7.804306578927936,2
2017-03-20,,,,,,,,,,,,-0.3832499837476586,-8.649354589310052,-7.785537829779791,2
2017-03-21,,,,,,,,,,,,-2.9975645352355937,-9.707611346323288,-8.28570084994017,0
2017-03-22,,,,,,,,,,,,0.44906075974145426,-9.787161165974327,-8.071612732364382,0
2017-03-23,,,,,,,,,,,,-0.15774951817293398,-9.6390570377578,-8.043046855932472,0
2017-03-24,,,,,,,,,,,,-0.09113381122574618,-9.566500756053008,-7.727742771909467,0
2017-03-27,,,,,,,,,,,,-0.13566861664568033,-9.538681430824143,-7.656319876681855,0
2017-03-28,,,,,,,,,,,,1.467418323677555,-10.827543254874056,-7.7731904769547855,0
2017-03-29,,,,,,,,,,,,0.19865268269686726,-10.48926595952463,-7.773596423220432,0
2017-03-30,,,,,,,,,,,,0.5794855401776011,-10.572640050502931,-7.786386759646978,0
2017-03-31,,,,,,,,,,,,-0.40784441997543713,-10.760684504159117,-7.784210662840158,0
2017-04-03,,,,,,,,,,,,-0.33226167652372496,-10.895493420586224,-7.791172772909522,0
2017-04-04,,,,,,,,,,,,0.24246544368550807,-10.84239854591227,-7.788583710134425,1
2017-04-05,,,,,,,,,,,,-0.6357817972684522,-10.415074243478738,-7.806807828141077,1
2017-04-06,,,,,,,,,,,,0.7088057550966701,-9.647926891784278,-7.788404785469052,2
2017-04-07,,,,,,,,,,,,-0.2309156305981003,-8.864406288912823,-7.7908507354348915,2
2017-04-10,,,,,,,,,,,,0.16713165699055912,-8.805472534868708,-7.7896685559566325,2
2017-04-11,,,,,,,,,,,,-0.2172641008705296,-8.79242546083864,-7.785327541557399,2
2017-04-12,,,,,,,,,,,,-0.9509309939670678,-8.52572784161629,-7.822332145743346,2
2017-04-13,,,,,,,,,,,,-1.43595341373568,-8.703356626397376,-7.926573103947719,2
2017-04-17,,,,,,,,,,,,2.5105049827804913,-8.478680926667742,-8.067552080337403,2
2017-04-18,,,,,,,,,,,,-0.5358845271586008,-8.366270730463743,-8.093708870911284,2
2017-04-19,,,,,,,,,,,,-0.2657724394670734,-8.379210078497824,-7.381601245399838,2
2017-04-20,,,,,,,,,,,,1.940381350862125,-8.712074850900056,-7.464520264239808,1
2017-04-21,,,,,,,,,,,,-0.8858916600716572,-8.745619621895207,-7.410445673165603,1
2017-04-24,,,,,,,,,,,,2.708652202410443,-9.99003433700941,-7.579310639114745,0
2017-04-25,,,,,,,,,,,,1.111167889062475,-11.303112376659836,-7.637284241276257,0
2017-04-26,,,,,,,,,,,,-0.3299778065177099,-11.21903382503648,-7.626895988232481,0
2017-04-27,,,,,,,,,,,,-0.02652270465490797,-11.169965081383003,-7.5826618192571695,0
2017-04-28,,,,,,,,,,,,-0.6255557710079624,-10.605886275395129,-7.59196766595443,0
2017-05-01,,,,,,,,,,,,0.4377875047776452,-10.899759041868304,-7.603089914994736,0
2017-05-02,,,,,,,,,,,,-0.022368764345351375,-10.86248392816471,-7.603251197580556,2
2017-05-03,,,,,,,,,,,,-0.4034499657100813,-10.775552937708877,-7.487424894142389,2
2017-05-04,,,,,,,,,,,,0.11987722207146177,-10.649686900851632,-7.470315534186356,2
2017-05-05,,,,,,,,,,,,0.7252359435613174,-11.411529263912998,-7.496805518295575,0
2017-05-08,,,,,,,,,,,,-0.25742910740072183,-10.092715831336783,-7.478542135228871,2
2017-05-09,,,,,,,,,,,,-0.3947590441012716,-10.092830783081622,-7.473996887154827,2
2017-05-10,,,,,,,,,,,,0.21109714560483514,-7.933048785866175,-7.4792524503349425,2
2017-05-11,,,,,,,,,,,,-0.6603222129638562,-7.900187250028934,-7.482577375190431,2
2017-05-12,,,,,,,,,,,,-0.5649329707567996,-7.799579887885327,-7.487483946812976,2
2017-05-15,,,,,,,,,,,,1.0314630906887914,-7.811090021108881,-7.499239804682734,2
2017-05-16,,,,,,,,,,,,-0.6030274526526154,-7.801153612137082,-7.497849063385377,2
2017-05-17,,,,,,,,,,,,-5.003097918435754,-9.270528016211847,-8.345553385507937,0
2017-05-18,,,,,,,,,,,,0.6496634601140244,-9.203062019664586,-8.415840092485519,0
2017-05-19,,,,,,,,,,,,1.0355855426307052,-9.742332844151562,-8.301912953796133,0
2017-05-22,,,,,,,,,,,,0.8105022935422106,-10.293607173613585,-8.223830765491732,0
2017-05-23,,,,,,,,,,,,0.2208919543197937,-10.447337764177773,-8.241983108854194,0
2017-05-24,,,,,,,,,,,,0.34803309747619166,-9.35734420558156,-8.262021673136541,1
2017-05-25,,,,,,,,,,,,0.8860040325361317,-9.502892761154238,-8.348187994816778,0
2017-05-26,,,,,,,,,,,,-0.17459257793741445,-9.496205733925859,-8.346543228661352,2
2017-05-30,,,,,,,,,,,,-0.2967251073523358,-9.377152727982718,-8.105461466410675,2
2017-05-31,,,,,,,,,,,,-0.18636740922430753,-9.3382673502123,-7.872135657159869,2
2017-06-01,,,,,,,,,,,,1.4855156470997006,-10.576817911680365,-7.833052695458735,0
2017-06-02,,,,,,,,,,,,0.4631772820256977,-10.996231784170927,-7.85234025695299,0
2017-06-05,,,,,,,,,,,,-0.35645178742757205,-11.026590736334544,-7.846375463178425,0
2017-06-06,,,,,,,,,,,,-0.8089264694087053,-10.420860102161797,-7.859034319338619,0
2017-06-07,,,,,,,,,,,,0.21952176192882103,-10.483466148178982,-7.668707315327475,0
2017-06-08,,,,,,,,,,,,-0.05614219514617368,-10.366736095162747,-7.583520971182507,2
2017-06-09,,,,,,,,,,,,-0.45169962199541097,-10.441252560049026,-7.585793702082554,2
2017-06-12,,,,,,,,,,,,-0.1712082438526477,-9.23157703735754,-7.584790405303129,2
2017-06-13,,,,,,,,,,,,0.7805398299326624,-9.02887861238872,-7.523247866709213,2
2017-06-14,,,,,,,,,,,,-0.44762614251019883,-9.04187492619851,-7.521012132967244,2
2017-06-15,,,,,,,,,,,,-0.5184524383345246,-9.07192406736443,-7.488416048012603,2
2017-06-16,,,,,,,,,,,,-0.09720146487824385,-9.0600059790018,-7.488474257848374,2
2017-06-19,,,,,,,,,,,,2.2067162758411625,-9.946049462887787,-7.618989119463543,0
2017-06-20,,,,,,,,,,,,-2.5657955098112293,-9.602658119428453,-7.653461740500977,0
2017-06-21,,,,,,,,,,,,-0.3865241329987892,-8.825871995947491,-7.653171892865327,2
2017-06-22,,,,,,,,,,,,-0.3844995218184089,-8.401162922511883,-7.65193266714015,2
2017-06-23,,,,,,,,,,,,0.11624463200289326,-8.392097973713009,-7.654810656206225,2
2017-06-26,,,,,,,,,,,,-0.019859983011941012,-8.381402262977106,-7.643350771926095,2
2017-06-27,,,,,,,,,,,,-2.5348729147413374,-8.685631752285211,-7.7901373687844595,2
2017-06-28,,,,,,,,,,,,2.252220830590065,-8.656490730379748,-8.000586119597468,1
2017-06-29,,,,,,,,,,,,-2.1878257898682842,-8.889318501035776,-8.259780797007268,0
2017-06-30,,,,,,,,,,,,0.34448612974639486,-8.906276398345431,-8.272022256050677,0
2017-07-03,,,,,,,,,,,,0.39559766808439095,-8.923527294237145,-8.263887505007814,0
2017-07-05,,,,,,,,,,,,0.556578072009583,-8.600943350378385,-8.28387411475936,1
2017-07-06,,,,,,,,,,,,-2.0616341943586067,-9.187031669773585,-8.668394533668295,0
2017-07-07,,,,,,,,,,,,1.395441125360419,-9.406067905517551,-8.92169727180124,0
2017-07-10,,,,,,,,,,,,0.22707439462664128,-9.419990031388311,-8.904619839086058,0
2017-07-11,,,,,,,,,,,,-0.1383011003731985,-9.423342907102471,-8.864767577245297,0
2017-07-12,,,,,,,,,,,,1.486747448252785,-9.827985765926519,-9.370121471422863,0
2017-07-13,,,,,,,,,,,,0.2491565924496867,-9.877797189956828,-8.164748985319966,0
2017-07-14,,,,,,,,,,,,0.8539995559125968,-10.39969346284204,-8.235658327067348,0
2017-07-17,,,,,,,,,,,,-0.11559531297686519,-10.398247276820616,-7.922979168205954,0
2017-07-18,,,,,,,,,,,,-0.008493310441844424,-10.22925654410077,-7.9237126078142515,0
2017-07-19,,,,,,,,,,,,0.9152448732823836,-11.877352517307186,-7.99858414807766,0
2017-07-20,,,,,,,,,,,,-0.0011798734284480797,-11.785675740688818,-7.447918528860953,0
2017-07-21,,,,,,,,,,,,-0.3509889713702587,-11.711780571052653,-7.445085162573968,0
2017-07-24,,,,,,,,,,,,-0.20929521270882132,-11.68020023311718,-7.44413810633657,0
2017-07-25,,,,,,,,,,,,0.3437994257802854,-11.797428455830522,-7.282912173496784,0
2017-07-26,,,,,,,,,,,,-0.164235036427181,-11.766854827731159,-7.264312252611068,1
2017-07-27,,,,,,,,,,,,-0.3592950984694838,-11.448760553977287,-7.257792998766863,2
2017-07-28,,,,,,,,,,,,-0.5268695592133752,-11.281860670793938,-7.252038641998662,2
2017-07-31,,,,,,,,,,,,-0.3044261750017176,-11.060073313411822,-7.252490720911754,2
2017-08-01,,,,,,,,,,,,0.3406249904746651,-10.991634447679125,-7.257654656661088,2
2017-08-02,,,,,,,,,,,,-0.1716107844996558,-11.005604032193595,-7.226772747060785,2
2017-08-03,,,,,,,,,,,,-0.8611258449800154,-8.445191717035403,-7.183417200919334,2
2017-08-04,,,,,,,,,,,,0.28888263968497424,-8.450495140019504,-7.185154243084082,2
2017-08-07,,,,,,,,,,,,0.19770149360140382,-8.086554793656637,-7.123105353127006,2
2017-08-08,,,,,,,,,,,,-1.5240146040774278,-8.106438188761766,-7.116253338000706,2
2017-08-09,,,,,,,,,,,,-0.4000499104296131,-8.096425260988227,-7.116237210129262,2
2017-08-10,,,,,,,,,,,,-6.181930151322224,-7.959160856850959,-7.40024309813182,2
2017-08-11,,,,,,,,,,,,0.40222841940962717,-7.9583899875626525,-7.234188829674863,2
2017-08-14,,,,,,,,,,,,2.6211917883312927,-8.282024082175667,-7.361080884194671,1
2017-08-15,,,,,,,,,,,,-0.07320554188485852,-7.926011199197157,-7.36074206161062,1
2017-08-16,,,,,,,,,,,,0.36521869044864275,-7.899064321903527,-7.365368450471412,1
2017-08-17,,,,,,,,,,,,-3.742297942295996,-8.950894116706953,-7.855308351160343,0
2017-08-18,,,,,,,,,,,,-0.15093887817208299,-8.928034564421527,-7.849991585066477,0
2017-08-21,,,,,,,,,,,,0.30657030912690314,-8.932652237900706,-7.848995574618261,0
2017-08-22,,,,,,,,,,,,2.08927318283296,-10.592585886454414,-8.173395422872433,0
2017-08-23,,,,,,,,,,,,-0.5654496716881997,-10.273458087366771,-8.193823112085573,0
2017-08-24,,,,,,,,,,,,-0.30218747152521747,-9.640036419909988,-8.213570773188513,0
2017-08-25,,,,,,,,,,,,0.5084711005627252,-9.694467958466687,-8.218211757253359,0
2017-08-28,,,,,,,,,,,,0.09306459452302089,-9.083009172407404,-8.216873826589087,1
2017-08-29,,,,,,,,,,,,0.2691620431963022,-8.996151873360722,-8.167037594168082,2
2017-08-30,,,,,,,,,,,,0.8576200093905442,-9.194848822639127,-8.243523324884613,2
2017-08-31,,,,,,,,,,,,1.0376935407451249,-9.611324658697868,-8.337829029609258,1
2017-09-01,,,,,,,,,,,,0.22725430840204972,-8.636344327920778,-8.270191797547236,2
2017-09-05,,,,,,,,,,,,-1.1964296676559796,-8.896260719596068,-8.474854323302395,1
2017-09-06,,,,,,,,,,,,0.5770804446395578,-8.983084495612662,-8.525022192471942,1
2017-09-07,,,,,,,,,,,,0.010236969174457902,-8.982387119390953,-8.363071488358193,2
2017-09-08,,,,,,,,,,,,-0.17272989421532706,-8.978986183169562,-8.363429365633182,2
2017-09-11,,,,,,,,,,,,1.6845009125429502,-10.926326005940506,-9.000011563217466,0
2017-09-12,,,,,,,,,,,,0.3906870826371101,-11.779889456687773,-9.03614447741354,0
2017-09-13,,,,,,,,,,,,-0.11166807503978031,-11.793097242388002,-9.017551745781624,0
2017-09-14,,,,,,,,,,,,-0.18163502995996797,-11.130816798886556,-9.000210427958475,0
2017-09-15,,,,,,,,,,,,0.11774619132027364,-11.259509756686779,-9.002881910392212,0
2017-09-18,,,,,,,,,,,,0.26056240284868687,-11.284986151012907,-9.025388001835827,0
2017-09-19,,,,,,,,,,,,-0.12458105625895521,-11.337142089445786,-9.029586470502531,2
2017-09-20,,,,,,,,,,,,-0.31285358271042124,-10.5233686611746,-9.02270901170531,2
2017-09-21,,,,,,,,,,,,-1.0508702644906012,-10.764412405801721,-9.083580845456288,2
2017-09-22,,,,,,,,,,,,-0.21705761888528038,-10.306641144602466,-8.874096257311107,2
2017-09-25,,,,,,,,,,,,-0.9166453373319596,-9.945086529949704,-8.798464261050894,2
2017-09-26,,,,,,,,,,,,-0.16784571419103733,-9.860985562055813,-8.780615032026585,2
2017-09-27,,,,,,,,,,,,0.7951957231712672,-10.165677203800032,-8.720522971906389,2
2017-09-28,,,,,,,,,,,,-0.025998704221199924,-9.539794150445934,-8.719104506296686,2
2017-09-29,,,,,,,,,,,,0.6263921068518871,-9.705984002845646,-8.433635590106014,2
2017-10-02,,,,,,,,,,,,0.8871360076919719,-10.010918570406686,-8.456011966153403,1
2017-10-03,,,,,,,,,,,,0.2895598832496905,-9.95944093958448,-8.466161563561116,1
2017-10-04,,,,,,,,,,,,-0.0014784601534582728,-9.937304333081961,-8.464545868663496,2
2017-10-05,,,,,,,,,,,,1.5412163052987904,-11.064405556632606,-8.644678228205015,0
2017-10-06,,,,,,,,,,,,-0.9715056450528535,-11.0528377180395,-8.590438067018635,0
2017-10-09,,,,,,,,,,,,-1.1147471342455504,-11.115063915415181,-8.592269028933412,0
2017-10-10,,,,,,,,,,,,0.3326301889972503,-11.68250884724246,-8.62770507772505,0
2017-10-11,,,,,,,,,,,,0.1412739418758577,-11.879251773817842,-8.625340992551072,0
2017-10-12,,,,,,,,,,,,-1.2380772320805926,-12.250175751718489,-8.565942551232073,0
2017-10-13,,,,,,,,,,,,0.061904058446042395,-10.421082899079746,-8.573237820682005,2
2017-10-16,,,,,,,,,,,,0.08178442223293127,-10.049468292222798,-8.578068424315195,2
2017-10-17,,,,,,,,,,,,-0.20284225117645313,-9.991372659926247,-8.552312396177346,2
2017-10-18,,,,,,,,,,,,-0.04835202369186145,-9.574711030755669,-8.43414023912635,2
2017-10-19,,,,,,,,,,,,-0.36905122090387343,-9.552019421477349,-8.149422994919274,2
2017-10-20,,,,,,,,,,,,1.854332000825996,-9.10713441560418,-8.213140208936471,2
2017-10-23,,,,,,,,,,,,-2.444503124973398,-9.118524555177226,-8.259501082504453,2
2017-10-24,,,,,,,,,,,,0.2019800724778335,-9.124542508054462,-8.11762156853381,2
2017-10-25,,,,,,,,,,,,-2.721110221374522,-9.360256652165893,-8.200946250441573,2
2017-10-26,,,,,,,,,,,,0.043653278250032373,-9.378055226843896,-8.187717848801995,1
2017-10-27,,,,,,,,,,,,2.6645597115921302,-10.435776990447142,-8.458976939035983,0
2017-10-30,,,,,,,,,,,,-1.6596290448696582,-10.9350073969837,-8.111927479973675,0
2017-10-31,,,,,,,,,,,,0.161510392998832,-11.050257252849304,-8.118795840108541,0
2017-11-01,,,,,,,,,,,,0.13301250015822327,-10.980836488278662,-7.896290743031173,0
2017-11-02,,,,,,,,,,,,-0.15178418881545674,-10.411564561553968,-7.885161238458194,0
2017-11-03,,,,,,,,,,,,0.7996599756911191,-10.867558113838124,-7.911129773080009,0
2017-11-06,,,,,,,,,,,,0.2834659332048117,-10.951033466067367,-7.882652952645595,1
2017-11-07,,,,,,,,,,,,-0.5180270786252775,-10.703637042714254,-7.883840275249135,2
2017-11-08,,,,,,,,,,,,0.2821878017807308,-10.014337614026983,-7.865371721878091,2
2017-11-09,,,,,,,,,,,,-1.5438740745948965,-9.178819194968565,-7.823610539160706,2
2017-11-10,,,,,,,,,,,,-0.2937103275489179,-9.099099764439122,-7.80148123902637,2
2017-11-13,,,,,,,,,,,,0.09568719894082521,-9.080991904695372,-7.7960074655061415,2
2017-11-14,,,,,,,,,,,,-0.979516622587117,-8.798678534231394,-7.809206983319349,2
2017-11-15,,,,,,,,,,,,-1.77829790552877,-8.974973428930106,-7.830144092515356,2
2017-11-16,,,,,,,,,,,,2.511678839762302,-9.717783041835043,-7.837411621174147,0
2017-11-17,,,,,,,,,,,,-0.9252012128635898,-9.868262543887687,-7.76110320106375,0
2017-11-20,,,,,,,,,,,,0.34425160519730785,-8.799765640807044,-7.733547751832318,2
2017-11-21,,,,,,,,,,,,1.7057747389851696,-9.127759961449382,-7.835026176994816,0
2017-11-22,,,,,,,,,,,,-0.42004620487689126,-8.601632538515842,-7.826340393870027,2
2017-11-24,,,,,,,,,,,,0.4495673541675916,-8.607130377081535,-7.839594796640517,2
2017-11-27,,,,,,,,,,,,-0.397256107419476,-8.600497434181259,-7.8365939635857895,2
2017-11-28,,,,,,,,,,,,2.548344391974094,-9.260434341966432,-8.1340863689208,0
2017-11-29,,,,,,,,,,,,-0.4042586223951087,-9.263960185010884,-8.121040945484623,1
2017-11-30,,,,,,,,,,,,2.0551362622652767,-10.458258274499372,-8.353764876226876,0
2017-12-01,,,,,,,,,,,,-0.8634440420212122,-9.827066220088817,-8.173398530572731,0
2017-12-04,,,,,,,,,,,,-0.5999556090921944,-9.695575255221701,-8.046115913234594,0
2017-12-05,,,,,,,,,,,,-1.150858328989278,-9.8703805509651,-8.031521661652878,0
2017-12-06,,,,,,,,,,,,-0.15835857636423775,-9.870833821342694,-7.9043403974910555,0
2017-12-07,,,,,,,,,,,,0.550381670685833,-9.746223748164512,-7.922308859838261,2
2017-12-08,,,,,,,,,,,,1.0407795125572836,-9.233430697739585,-7.992173918220775,2
2017-12-11,,,,,,,,,,,,0.4208337985388846,-8.958615278536358,-8.012209337105215,2
2017-12-12,,,,,,,,,,,,0.06690091894677032,-8.871568105423398,-7.872374847940956,2
2017-12-13,,,,,,,,,,,,-0.39819569533331445,-8.869701935331044,-7.767335296299284,2
2017-12-14,,,,,,,,,,,,-1.3207378951799238,-8.963070927809923,-7.779316623875868,2
2017-12-15,,,,,,,,,,,,1.5735819343247033,-9.732183384686627,-7.729841595621964,0
2017-12-18,,,,,,,,,,,,0.9791719059569266,-10.779671281201423,-7.818098801409213,0
2017-12-19,,,,,,,,,,,,-1.386517025520782,-11.983328095066168,-7.803795888198295,0
2017-12-20,,,,,,,,,,,,-0.576923293172423,-11.493539356563753,-7.6553915165727915,0
2017-12-21,,,,,,,,,,,,0.054119529048331616,-10.80832570048707,-7.654841265681661,0
2017-12-22,,,,,,,,,,,,-0.451211390959926,-9.552451405553356,-7.6546673488977515,1
2017-12-26,,,,,,,,,,,,-0.686261250045186,-9.120995126559816,-7.657316874905577,2
2017-12-27,,,,,,,,,,,,-0.23666327473129645,-8.972897362659788,-7.4105058137087685,2
2017-12-28,,,,,,,,,,,,0.12784720535452268,-8.699326883019642,-7.34642597626829,2
2017-12-29,,,,,,,,,,,,-1.3376320310785157,-8.767154032184278,-7.213023441964671,2
2018-01-02,,,,,,,,,,,,1.6105725655937806,-9.114927053870884,-7.284185093485733,2
2018-01-03,,,,,,,,,,,,1.470464200856343,-9.530500719526994,-7.3418581302017225,0
2018-01-04,,,,,,,,,,,,0.7656146012998032,-9.13562248759116,-6.799255574760759,1
2018-01-05,,,,,,,,,,,,1.3406220755221903,-9.15337776172232,-5.844542257332129,0
2018-01-08,,,,,,,,,,,,-0.06192656863430133,-9.077131176584926,-5.722054132818584,0
2018-01-09,,,,,,,,,,,,0.03332823409178799,-8.521538276550839,-5.714602938487369,2
2018-01-10,,,,,,,,,,,,-0.9766700343982224,-8.519102726404382,-5.348204816327236,2
2018-01-11,,,,,,,,,,,,1.4845749486094855,-8.695262828834636,-5.313201401462982,2
2018-01-12,,,,,,,,,,,,1.1642848366998122,-8.564656565977653,-5.279216749700597,2
2018-01-16,,,,,,,,,,,,-1.3981667082709537,-8.603298503676532,-5.28030684780057,2
2018-01-17,,,,,,,,,,,,1.786149736224442,-9.275878919838515,-5.262835555881814,0
2018-01-18,,,,,,,,,,,,-1.0317428450970434,-9.304583395649637,-5.232803732657755,0
2018-01-19,,,,,,,,,,,,0.5659507967979448,-8.502651653523989,-5.236654607945458,1
2018-01-22,,,,,,,,,,,,1.4747809813778339,-8.613679717730667,-5.241579948083485,1
2018-01-23,,,,,,,,,,,,-0.1417376465559273,-8.16861221468936,-5.237737398016444,2
2018-01-24,,,,,,,,,,,,-0.811506487324048,-8.16827453229124,-5.237449970480541,2
2018-01-25,,,,,,,,,,,,-0.5678257294695471,-8.164363523447673,-5.19149721317707,2
2018-01-26,,,,,,,,,,,,2.2042905165989675,-7.359463009835878,-5.191358620798626,2
2018-01-29,,,,,,,,,,,,-2.3179067008851493,-6.02503591307716,-5.171143862577719,2
2018-01-30,,,,,,,,,,,,-2.7727786731407904,-5.9175372217016555,-5.171607946387092,2
2018-01-31,,,,,,,,,,,,-0.3405929540974519,-5.906695689780811,-5.134542966699958,2
2018-02-01,,,,,,,,,,,,-0.6874942553988822,-5.477099570556735,-5.130282082622419,2
2018-02-02,,,,,,,,,,,,-4.482073307229064,-5.541846204140807,-5.191707226526437,2
2018-02-05,,,,,,,,,,,,-5.834347417197734,-6.071970837445437,-5.587671441942214,1
2018-02-06,,,,,,,,,,,,1.733504384327104,-6.249128907080251,-5.69485905933521,0
2018-02-07,,,,,,,,,,,,-0.3668244366302065,-6.174297921058776,-5.696729384205459,0
2018-02-08,,,,,,,,,,,,-2.900707901077775,-7.154330635266091,-6.122480058799021,0
2018-02-09,,,,,,,,,,,,1.1870374794566898,-7.488889157009717,-6.228558335133578,0
2018-02-12,,,,,,,,,,,,1.0776856228595844,-7.859161935704671,-6.31896024078148,0
2018-02-13,,,,,,,,,,,,0.2753298384380495,-7.811885564773997,-6.307758925902415,0
2018-02-14,,,,,,,,,,,,0.9788066826202668,-8.39121193803343,-6.410877588824836,0
2018-02-15,,,,,,,,,,,,0.8631411701058663,-8.059324579534756,-6.513024343684783,0
2018-02-16,,,,,,,,,,,,0.08753288174054732,-7.707701116634743,-6.395243155679158,0
2018-02-20,,,,,,,,,,,,-0.32145801559556,-7.473767238097037,-6.417386021293131,2
2018-02-21,,,,,,,,,,,,-0.21067254282933862,-7.343807507820691,-6.430440949085225,2
2018-02-22,,,,,,,,,,,,0.21507145532499838,-7.059206761139068,-6.096413355479237,2
2018-02-23,,,,,,,,,,,,1.1170791970823855,-7.360565296857478,-6.00554043536061,2
2018-02-26,,,,,,,,,,,,0.782004065129884,-7.362514535706736,-5.789241716140539,2
2018-02-27,,,,,,,,,,,,-0.6912581970994107,-7.635225195435279,-5.745599486476919,1
2018-02-28,,,,,,,,,,,,-0.48376789816710897,-7.876400772472002,-5.775738180367742,0
2018-03-01,,,,,,,,,,,,-0.7369720772106285,-8.577221055342047,-5.793087107067944,0
2018-03-02,,,,,,,,,,,,0.4464232406155995,-7.685243731057382,-5.655488336198491,0
2018-03-05,,,,,,,,,,,,0.8040660719587157,-8.01922384533497,-5.646912919679658,0
2018-03-06,,,,,,,,,,,,0.23956236414837345,-7.916425838386001,-5.617079816139732,0
2018-03-07,,,,,,,,,,,,0.004784284086119303,-7.846707171030461,-5.600259181722813,1
2018-03-08,,,,,,,,,,,,0.23970983146515262,-7.904925154654098,-5.4770697065606075,2
2018-03-09,,,,,,,,,,,,1.261852862289676,-9.532656660301663,-5.544707853393805,0
2018-03-12,,,,,,,,,,,,-0.2399439915665901,-8.268574867866944,-5.483354056304649,0
2018-03-13,,,,,,,,,,,,-1.0447018369609482,-8.434229446949738,-5.486828322085197,0
2018-03-14,,,,,,,,,,,,-0.8124082800251909,-8.544966826873365,-5.47705580527317,0
2018-03-15,,,,,,,,,,,,-0.30297993768823206,-7.089040693416296,-5.475278087310673,2
2018-03-16,,,,,,,,,,,,-0.05318460745009105,-6.647537781586869,-5.459676187439217,2
2018-03-19,,,,,,,,,,,,-1.6225788747602883,-6.297894437428752,-5.47682292161554,2
2018-03-20,,,,,,,,,,,,0.21394038555535452,-6.150843126981687,-5.477382486038752,2
2018-03-21,,,,,,,,,,,,-0.1895638538163569,-6.148468819190228,-5.4708828962959,2
2018-03-22,,,,,,,,,,,,-2.800702733965094,-6.402692551071104,-5.616001202632322,2
2018-03-23,,,,,,,,,,,,-1.9489554454188953,-6.395502788084373,-5.75244873904988,2
2018-03-26,,,,,,,,,,,,2.5322312687528616,-6.810001486187814,-5.940654616325984,0
2018-03-27,,,,,,,,,,,,-1.2481426442711572,-6.9894497547358005,-6.056747108357173,0
2018-03-28,,,,,,,,,,,,-0.007043801924561474,-6.933488319817896,-6.01758050245139,0
2018-03-29,,,,,,,,,,,,1.2169054687644247,-6.629096631248329,-6.085673138679274,0
2018-04-02,,,,,,,,,,,,-1.61382967240318,-7.047731167235717,-6.287884811398284,0
2018-04-03,,,,,,,,,,,,1.093818180079971,-6.952698374420371,-6.377332427534258,1
2018-04-04,,,,,,,,,,,,0.8873352667347575,-7.046535321580552,-6.418056653390396,1
2018-04-05,,,,,,,,,,,,0.6857562987895537,-7.04042401206397,-6.453567846710871,1
2018-04-06,,,,,,,,,,,,-1.5828647686637993,-7.884803561098739,-6.698791423138699,0
2018-04-09,,,,,,,,,,,,0.4927582969002845,-7.776934748161964,-6.709201505671579,0
2018-04-10,,,,,,,,,,,,1.2499461534958838,-8.167668652416271,-6.937414560503584,0
2018-04-11,,,,,,,,,,,,-0.21379613957290866,-8.267989749650644,-6.872691038172436,0
2018-04-12,,,,,,,,,,,,0.7435353453067884,-8.420001536573547,-6.85405468987575,0
2018-04-13,,,,,,,,,,,,-0.08569246841243436,-8.165487212438418,-6.853435528202225,0
2018-04-16,,,,,,,,,,,,0.6804965823026218,-8.434344860576628,-6.918812000029381,0
2018-04-17,,,,,,,,,,,,0.8114591291523596,-8.152947724361987,-6.987320246192976,1
2018-04-18,,,,,,,,,,,,0.09764705814700463,-8.133860321853488,-6.969017053839401,1
2018-04-19,,,,,,,,,,,,-0.38344496931762584,-7.916187086650656,-7.001688973661978,2
2018-04-20,,,,,,,,,,,,-0.5619795798389053,-8.134800918647578,-7.077246470864139,1
2018-04-23,,,,,,,,,,,,0.03611448987284904,-7.94978722474868,-7.012921102749354,2
2018-04-24,,,,,,,,,,,,-1.0446281901902785,-8.667813355120165,-7.230619509920344,0
2018-04-25,,,,,,,,,,,,0.12127658884218126,-8.461895562091863,-7.228613304887437,0
2018-04-26,,,,,,,,,,,,0.9044388141933738,-9.079899162297275,-7.37388307418994,0
2018-04-27,,,,,,,,,,,,-0.008549680351935242,-8.186004851592687,-7.366244561634308,1
2018-04-30,,,,,,,,,,,,-0.815020237755335,-8.375999487546025,-7.255272381918985,0
2018-05-01,,,,,,,,,,,,0.141643062435617,-8.389779937327592,-7.036708003336554,2
2018-05-02,,,,,,,,,,,,-0.8495153531898051,-8.201356165065542,-7.045474644697459,2
2018-05-03,,,,,,,,,,,,-0.2838052395637613,-7.940493811060193,-6.946572015597172,2
2018-05-04,,,,,,,,,,,,1.4410534899678762,-8.51798229062088,-7.1075173683865485,0
2018-05-07,,,,,,,,,,,,0.3547794374410527,-8.575553380708335,-7.120889934207906,1
2018-05-08,,,,,,,,,,,,-0.16753367918719306,-8.349899063972714,-7.038593804778531,1
2018-05-09,,,,,,,,,,,,1.1059853598754044,-8.731058960151039,-7.150036088021005,0
2018-05-10,,,,,,,,,,,,1.1771227944282618,-9.490202313434704,-7.254573844416533,0
2018-05-11,,,,,,,,,,,,0.21509159212662748,-9.530956960085128,-7.265261734461786,0
2018-05-14,,,,,,,,,,,,-0.1038930371049712,-8.959998353973647,-7.263204619616399,0
2018-05-15,,,,,,,,,,,,-1.1642027606565524,-9.333190326508182,-7.318262737101118,0
2018-05-16,,,,,,,,,,,,0.4923881748672875,-9.453909535130196,-7.3354170585914975,0
2018-05-17,,,,,,,,,,,,-0.17591538739137144,-9.410322128379873,-7.334012418484232,1
2018-05-18,,,,,,,,,,,,-0.40665580459517986,-9.417349040783758,-7.337117424862618,1
2018-05-21,,,,,,,,,,,,1.0450892797559788,-8.746594391907099,-7.402763143326268,2
2018-05-22,,,,,,,,,,,,-0.6027989528979243,-8.025616937569941,-7.410744480766837,2
2018-05-23,,,,,,,,,,,,0.25279426630803503,-7.937248415052375,-7.359183730307897,2
2018-05-24,,,,,,,,,,,,-0.6777818702622749,-7.70975132381953,-7.360578721057361,2
2018-05-25,,,,,,,,,,,,-0.6913791983325858,-7.6730175264511695,-7.108641710463469,2
2018-05-29,,,,,,,,,,,,-2.2802317727973422,-8.01056557255519,-7.280137071105555,2
2018-05-30,,,,,,,,,,,,2.076717834594995,-8.39709648159429,-7.448071305468586,0
2018-05-31,,,,,,,,,,,,-1.1706063634816417,-8.58027188117662,-7.457125124562315,0
2018-06-01,,,,,,,,,,,,1.3034412313552748,-9.200021565919755,-7.633568962995321,0
2018-06-04,,,,,,,,,,,,0.4326746137340395,-9.429306843358791,-7.671277136772186,0
2018-06-05,,,,,,,,,,,,-0.21779597307319612,-9.415237047514792,-7.645888852448418,0
2018-06-06,,,,,,,,,,,,1.0871364929430656,-10.707588302862968,-7.65281419705617,0
2018-06-07,,,,,,,,,,,,-0.30576251231354035,-10.459048961964742,-7.5135522957653995,0
2018-06-08,,,,,,,,,,,,0.17682329662041907,-10.742648183658032,-7.3901935000944565,0
2018-06-11,,,,,,,,,,,,-0.029770931569283135,-10.63429019790263,-7.372318353392908,0
2018-06-12,,,,,,,,,,,,0.027392141471017102,-10.20043561300571,-7.292485181800809,0
2018-06-13,,,,,,,,,,,,-0.7288279681207899,-10.419446374571443,-7.19293774444856,2
2018-06-14,,,,,,,,,,,,0.27853334499621335,-9.67128754615141,-7.200554805668826,2
2018-06-15,,,,,,,,,,,,-0.4619371284201337,-9.644875983852737,-7.201668218117476,2
2018-06-18,,,,,,,,,,,,-0.5559313432959923,-8.300540946505956,-7.1856217050865965,2
2018-06-19,,,,,,,,,,,,-0.8588307699248204,-8.341028501113986,-7.199351148164804,2
2018-06-20,,,,,,,,,,,,0.13448880200119392,-8.095782453171216,-7.184243367785132,2
2018-06-21,,,,,,,,,,,,-1.2660086180774262,-8.119143940424454,-7.235976221422901,2
2018-06-22,,,,,,,,,,,,0.23430452776794064,-8.123351253585243,-7.235792582481136,2
2018-06-25,,,,,,,,,,,,-2.5114820451670568,-9.086099497989684,-7.491753910201151,0
2018-06-26,,,,,,,,,,,,0.36049679186236344,-9.020951564950778,-7.378096761759464,0
2018-06-27,,,,,,,,,,,,-1.3153481780372887,-9.047682619102812,-7.485496863710652,0
2018-06-28,,,,,,,,,,,,0.8827396664262167,-8.765015041166913,-7.461328140218412,0
2018-06-29,,,,,,,,,,,,0.2752472353711696,-8.358553688614851,-7.418168653738024,0
2018-07-02,,,,,,,,,,,,0.3465454372584192,-8.323592939578408,-7.386012323885347,2
2018-07-03,,,,,,,,,,,,-0.697550721964729,-8.166175986607392,-7.401810779316117,2
2018-07-05,,,,,,,,,,,,1.7692345301775663,-8.11324514204312,-7.463491773727751,2
2018-07-06,,,,,,,,,,,,1.640920642661742,-8.380828985382985,-7.559782502046486,2
2018-07-09,,,,,,,,,,,,1.7411500739883121,-8.807087497131914,-7.697332461019928,0
2018-07-10,,,,,,,,,,,,0.5885294580067931,-8.784651241292252,-7.7018218243762835,0
2018-07-11,,,,,,,,,,,,-1.3700078361668346,-9.17506907585741,-7.828337318693514,0
2018-07-12,,,,,,,,,,,,1.558741392363843,-10.220612127375885,-8.05126065013405,0
2018-07-13,,,,,,,,,,,,0.0805829059230883,-10.201872979249934,-7.920346066132297,0
2018-07-16,,,,,,,,,,,,-0.22478741513581443,-10.132867978975195,-7.8844761630767906,0
2018-07-17,,,,,,,,,,,,0.6094796681698841,-9.930890498343091,-7.822282496876382,0
2018-07-18,,,,,,,,,,,,0.2492786819333277,-9.059807259419332,-7.700783671551473,1
2018-07-19,,,,,,,,,,,,-0.7428529163486233,-9.137613676302657,-7.5946405446443075,2
2018-07-20,,,,,,,,,,,,-0.3130003943086624,-8.788531421117135,-7.572929097545247,2
2018-07-23,,,,,,,,,,,,0.19934348019801215,-8.642504248927905,-7.570758042992413,2
2018-07-24,,,,,,,,,,,,0.6745740153973644,-8.648283611466779,-7.60974935709195,2
2018-07-25,,,,,,,,,,,,1.2213309554675253,-9.150100620019138,-7.765932890933836,1
2018-07-26,,,,,,,,,,,,-0.8967314179586033,-8.946832690363818,-7.774963865568061,1
2018-07-27,,,,,,,,,,,,-1.6884781646257085,-9.18861592553601,-7.799627718565448,0
2018-07-30,,,,,,,,,,,,-1.442102028675777,-9.336216468715932,-7.7189810930709815,0
2018-07-31,,,,,,,,,,,,0.6384477963304102,-9.499859760222172,-7.774375660003914,0
2018-08-01,,,,,,,,,,,,-0.6425663069892428,-9.535480811446066,-7.714374250540011,0
2018-08-02,,,,,,,,,,,,0.7257886756026597,-10.017877335542616,-7.744076006582522,0
2018-08-03,,,,,,,,,,,,0.4352326826532578,-9.545702788760766,-7.787185344150905,0
2018-08-06,,,,,,,,,,,,0.3644139662847277,-9.536408385784343,-7.812630276421769,0
2018-08-07,,,,,,,,,,,,0.3518155478618837,-9.192819240304619,-7.821579426425688,2
2018-08-08,,,,,,,,,,,,-0.37076067549290465,-8.754338244721588,-7.799600925980666,2
2018-08-09,,,,,,,,,,,,-0.5358071689910903,-8.418013769367452,-7.794940121399092,2
2018-08-10,,,,,,,,,,,,-1.913929385744685,-8.579024326012474,-7.902997068412254,2
2018-08-13,,,,,,,,,,,,-1.0421803709717845,-8.630870565299201,-7.911778051985626,2
2018-08-14,,,,,,,,,,,,1.3733365932707589,-8.848907349454622,-8.028605411856793,2
2018-08-15,,,,,,,,,,,,-1.8381376748222467,-9.341510252806618,-8.096533565555292,0
2018-08-16,,,,,,,,,,,,1.6415432705312942,-10.615796078111734,-8.336220486728557,0
2018-08-17,,,,,,,,,,,,0.5946549713100032,-9.940667873352702,-8.27227280767389,0
2018-08-20,,,,,,,,,,,,0.2568473840874922,-9.157217749991293,-8.179947559150524,0
2018-08-21,,,,,,,,,,,,0.2674152210377714,-9.20832767302969,-8.195605455153146,0
2018-08-22,,,,,,,,,,,,-0.32572569475113144,-8.95849388726305,-7.984630075085266,2
2018-08-23,,,,,,,,,,,,-0.42569923302110485,-8.85037548326804,-7.987360293306256,2
2018-08-24,,,,,,,,,,,,1.2387480838967937,-9.13962054245776,-8.063563759723662,2
2018-08-27,,,,,,,,,,,,1.5181288945835172,-9.934941504966153,-8.27890535690999,0
2018-08-28,,,,,,,,,,,,-0.19618506652264397,-9.799481865541514,-8.24501636962095,0
2018-08-29,,,,,,,,,,,,0.8418112282130716,-10.238221384072839,-8.328388890123142,0
2018-08-30,,,,,,,,,,,,-1.3018558249192573,-10.675369574802469,-8.39888356119676,0
2018-08-31,,,,,,,,,,,,-0.3397300341629905,-10.55271086176474,-8.346826822977178,0
2018-09-04,,,,,,,,,,,,-0.6827490983393516,-10.289571564994645,-8.357991123076244,0
2018-09-05,,,,,,,,,,,,-0.8377908951243593,-10.527771858774228,-8.38812281566166,0
2018-09-06,,,,,,,,,,,,-0.8362938836895631,-9.8552688600352,-8.180590294328251,2
2018-09-07,,,,,,,,,,,,-0.526642534059438,-9.92950439914841,-8.086204125689651,2
2018-09-10,,,,,,,,,,,,0.30467252971449976,-9.513093007500578,-8.096054546448388,2
2018-09-11,,,,,,,,,,,,0.6162123805222522,-9.290214120991386,-8.125032848951196,2
2018-09-12,,,,,,,,,,,,-0.17387381223893275,-9.278628205647276,-6.621659073083542,2
2018-09-13,,,,,,,,,,,,1.1502657924782096,-8.997067737557249,-6.324122829934609,2
2018-09-14,,,,,,,,,,,,-0.2392079625858495,-8.990572749116023,-6.223268494559401,2
2018-09-17,,,,,,,,,,,,-1.9048708309482596,-9.13826047115385,-6.2214786137837335,2
2018-09-18,,,,,,,,,,,,1.2781160921019061,-9.445377558967175,-6.021968676962451,1
2018-09-19,,,,,,,,,,,,0.0268748345834272,-9.350728447815174,-6.022423571970748,1
2018-09-20,,,,,,,,,,,,1.9704342159112478,-10.42968824560253,-5.963756237396722,0
2018-09-21,,,,,,,,,,,,-0.533156236117137,-10.45803045496094,-5.96396690272551,0
2018-09-24,,,,,,,,,,,,-1.1387182609931779,-10.42527422421225,-5.960408222498826,0
2018-09-25,,,,,,,,,,,,-0.4967212591049025,-10.442991608660083,-5.950687643259364,0
2018-09-26,,,,,,,,,,,,-0.9609443991543365,-10.79652311157874,-5.643156574027047,0
2018-09-27,,,,,,,,,,,,0.7075336490113885,-9.508044494955,-5.559665816607562,2
2018-09-28,,,,,,,,,,,,-0.06508952206230559,-9.154486129137492,-5.481063946359974,2
2018-10-01,,,,,,,,,,,,0.9722428476961464,-9.27526472132072,-5.476552219622712,2
2018-10-02,,,,,,,,,,,,-0.30246802525720695,-9.256324586584414,-5.4262041583724905,2
2018-10-03,,,,,,,,,,,,0.03778832698382977,-6.7851406328245565,-5.4009403532162725,2
2018-10-04,,,,,,,,,,,,-2.47509821978029,-6.459887767794985,-5.389813707073059,2
2018-10-05,,,,,,,,,,,,-1.5550487430365456,-6.363273907593099,-5.3889835232583625,2
2018-10-08,,,,,,,,,,,,-0.040283642756753425,-6.34503281077505,-5.382376720371694,2
2018-10-09,,,,,,,,,,,,-0.43726950002708603,-6.109716985393312,-5.3742179215749735,2
2018-10-10,,,,,,,,,,,,-8.242186973147422,-6.737196900028833,-5.509530995969588,1
2018-10-11,,,,,,,,,,,,-2.587241547505308,-7.0114797213107805,-5.6393405535904755,0
2018-10-12,,,,,,,,,,,,1.7961549278348146,-7.248103221273018,-5.666103978870593,0
2018-10-15,,,,,,,,,,,,-0.345876003151623,-7.264391559601152,-5.576613512410543,0
2018-10-16,,,,,,,,,,,,2.4975131796531906,-8.26172834594192,-5.707487813127905,0
2018-10-17,,,,,,,,,,,,0.13253190138431886,-6.72145411593649,-5.693426044152654,1
2018-10-18,,,,,,,,,,,,-1.194379917333571,-6.638212459353899,-5.724731052699122,2
2018-10-19,,,,,,,,,,,,0.15383168099177713,-6.422915461282984,-5.722757208018845,2
2018-10-22,,,,,,,,,,,,-0.1651175748899851,-6.416391782353384,-5.643219886550166,2
2018-10-23,,,,,,,,,,,,-0.20468806488047794,-6.306247854619723,-5.555966557160898,2
2018-10-24,,,,,,,,,,,,-2.5280146056287958,-6.916659690494133,-5.832992038450855,1
2018-10-25,,,,,,,,,,,,1.763660801177888,-7.147266339176717,-5.930172754421167,0
2018-10-26,,,,,,,,,,,,-1.0685489086787223,-7.586090552183643,-5.952369952575914,0
2018-10-29,,,,,,,,,,,,-0.08805915957346644,-7.587260288520593,-5.959931348871487,0
2018-10-30,,,,,,,,,,,,1.4116997426270648,-8.015561789216019,-5.849296317918087,0
2018-10-31,,,,,,,,,,,,1.0333231887704746,-7.31404308684573,-5.887523249966571,0
2018-11-01,,,,,,,,,,,,0.9697004114152631,-7.492298906399377,-5.914981692802049,0
2018-11-02,,,,,,,,,,,,-0.19300746274188488,-7.3883333675855525,-5.8652013235934675,1
2018-11-05,,,,,,,,,,,,0.5709879775056173,-6.9654642292404505,-5.549048521835541,2
2018-11-06,,,,,,,,,,,,0.585716367837377,-7.004659959869128,-5.558728669087556,2
2018-11-07,,,,,,,,,,,,1.5486297361179011,-7.588982657635248,-5.532093491585827,0
2018-11-08,,,,,,,,,,,,-0.04687760647859518,-7.401244336512842,-5.532019622429979,1
2018-11-09,,,,,,,,,,,,-0.7163070111423149,-7.559993193150798,-5.556652711710316,1
2018-11-12,,,,,,,,,,,,-1.4715364550301135,-7.6927741079386,-5.646135007624208,0
2018-11-13,,,,,,,,,,,,-0.09318731845472882,-7.12897713760149,-5.647096487916536,1
2018-11-14,,,,,,,,,,,,-0.46900044567084503,-7.174262887635404,-5.56540285130067,2
2018-11-15,,,,,,,,,,,,0.9452572022242874,-7.259929797274577,-5.493647600746534,1
2018-11-16,,,,,,,,,,,,0.2954434872284762,-6.955993806393755,-5.49499560696495,2
2018-11-19,,,,,,,,,,,,-1.298649701890589,-7.303489609745526,-5.510534069426608,2
2018-11-20,,,,,,,,,,,,-1.312255569448371,-7.079181506736712,-5.530408839399545,1
2018-11-21,,,,,,,,,,,,0.38573337413812886,-7.0872718096961,-5.430394120389263,1
2018-11-23,,,,,,,,,,,,-0.374592484423301,-7.096860985296543,-5.287662366190308,1
2018-11-26,,,,,,,,,,,,1.3445566887288378,-7.2031457789338065,-4.929990750904208,0
2018-11-27,,,,,,,,,,,,0.31632984782018586,-6.310053175233179,-4.923478577638376,2
2018-11-28,,,,,,,,,,,,1.9467733201786817,-6.64383160666351,-4.9971410000664935,2
2018-11-29,,,,,,,,,,,,-0.3321657744459872,-6.2925830807568826,-4.986649132950622,2
2018-11-30,,,,,,,,,,,,0.4167516325721087,-6.310767554516307,-4.9919125873014805,2
2018-12-03,,,,,,,,,,,,1.0387572324111987,-6.410832987607168,-4.93326482844786,2
2018-12-04,,,,,,,,,,,,-2.842466006809989,-7.4457721585205245,-4.933190750785402,0
2018-12-06,,,,,,,,,,,,-0.08787230300559452,-7.449530421592696,-4.924982160190253,0
2018-12-07,,,,,,,,,,,,-1.6421233802689872,-7.885021133115688,-4.991188720383473,0
2018-12-10,,,,,,,,,,,,0.2679408631943287,-7.175216337967034,-4.988522561753501,0
2018-12-11,,,,,,,,,,,,0.2319784871755595,-7.173711932092366,-4.986712429207393,0
2018-12-12,,,,,,,,,,,,0.5731836653764975,-6.939328596981854,-4.990391923192164,2
2018-12-13,,,,,,,,,,,,0.1320854221439618,-6.694127231676201,-4.9849187564771995,2
2018-12-14,,,,,,,,,,,,-1.3130327405472368,-6.630592784081753,-5.017229978612729,2
2018-12-17,,,,,,,,,,,,-1.2895947934499323,-6.410682376646858,-5.077397942494103,2
2018-12-18,,,,,,,,,,,,0.11166732281532006,-5.503571374969898,-5.068470786809767,2
2018-12-19,,,,,,,,,,,,-0.8494115839807572,-5.546003943294136,-5.076905569217821,2
2018-12-20,,,,,,,,,,,,-0.8736745197383083,-5.617054617545474,-5.090513603332231,2
2018-12-21,,,,,,,,,,,,-1.182179341261375,-5.71905457756389,-5.161925551121042,2
2018-12-24,,,,,,,,,,,,-1.5940743766183252,-5.965095417421442,-5.295552696015435,2
2018-12-26,,,,,,,,,,,,3.6809589979875024,-7.235399653924613,-5.9311854110989035,0
2018-12-27,,,,,,,,,,,,0.5527385149715603,-6.349492256500308,-5.931294571606547,0
2018-12-28,,,,,,,,,,,,0.10769148985385144,-6.315729663729179,-5.931258122124482,0
2018-12-31,,,,,,,,,,,,0.6544956005967467,-6.309442661642537,-5.868965018828247,0
2019-01-02,,,,,,,,,,,,0.29170488267265565,-6.298150207558771,-5.842641492279611,0
2019-01-03,,,,,,,,,,,,-1.1163359342046089,-6.669698097026436,-6.067016987295504,2
2019-01-04,,,,,1.658393846022259,3.3654066033901486,,,,,,2.09329052085405,-8.603728034305353,-6.659553791206652,0
2019-01-07,0.9029871227476831,0.5276017404271545,-1.0899703510797387,0.6338874157134246,1.653650120433946,3.1585950378527308,-2.6440155961591882,0.09166940509137458,-1.6457905373642656,0.8291213580227502,-0.057770897122587116,0.6257583546601871,-8.745395769270997,-6.694631368459981,0
2019-01-08,1.0812602047333493,-0.4685804398667541,0.8250993328149008,1.1800864601363945,1.4911878526853772,2.4783137890083937,-0.9605943514829727,-0.7810053009352667,-1.6422842388734449,0.8275028176031136,1.0306771348689736,0.6335584088298699,-8.509194551358863,-6.766408321282528,0
2019-01-09,0.5178021875129039,1.015315178677559,-2.4396514943381185,2.9574513939615734,1.4004453492095308,2.205330624660878,-1.0643704268627747,1.3985443760933831,-0.014997194624187788,0.2617683030202219,-1.4234567393851356,0.3542819101709817,-8.591335487192167,-6.7074055620425765,0
2019-01-10,0.38126621609313366,-0.9893569170543953,1.5481552189623933,0.26448887317872116,1.3101934876784391,1.9894102588691822,-0.17795606849884035,0.08804985894620383,1.604120213965405,-0.01793195103763868,0.3912270723415335,0.23126817660022972,-8.375556544951387,-6.716375275507373,0
2019-01-11,0.005381294129304948,0.2562590513131875,0.21673907322094094,-1.041156289430887,1.0645857756270611,1.6868045925117736,-0.35923864230792374,-0.7858343106828759,-0.019238975162208533,-0.8685979855457509,0.2525890973026976,0.05708386948683097,-7.81135660928517,-6.716244452473373,2
2019-01-14,-0.7713555970415132,0.36339104121548677,0.013602248899747196,-1.1149676902229149,1.223529116710168,1.6542316385222455,-0.30167238875284447,0.9607548651282427,2.1355262430051525,-0.018502786269497463,0.4982468904656227,-0.2956593910616588,-7.5007201434606445,-6.617408128098763,2
2019-01-15,1.3210735884095643,-0.3038889918224594,0.9238491965068387,1.6498501382477135,1.1325488404752482,1.493415496476582,-1.2241082324882155,0.5219040155079175,-0.025567293677414185,0.2640852222101066,-1.4108883478910768,0.6820856101341779,-7.758285466587178,-6.710928724638058,2
2019-01-16,0.24600812643994963,0.498472485241778,0.3117654316777816,0.3174529047077792,1.208638003328148,1.3457131839286198,-0.54270485581192,-0.3498602074980416,-0.5606892945474409,0.2624742230160763,0.9377444670884049,0.16341785320294389,-7.7713819652753315,-6.711675565693505,2
2019-01-17,0.8584305958251178,-0.23527862154019077,0.007503635967665852,-0.1522923222607992,1.022014198542222,1.0884017194363678,0.8173977594802053,0.5227088546243829,-1.1009977392603623,0.5474560144620152,-0.049825240578027466,0.39489423904215937,-7.7390160167944515,-6.663266240307375,2
2019-01-18,1.5297570715901592,-1.4850130625467857,0.8138949480816396,1.4423021801438969,0.968451942555308,0.8824932538459707,0.20262731098151984,-0.7880426490668239,-2.7154915407167306,1.1124994111487332,-0.16873578266968284,0.6540897756209219,-8.050697147026634,-6.807789979179075,0
2019-01-22,-1.6628969694307385,0.5635923607097566,0.005966442507831943,-0.9733416599747543,1.4999021614210475,1.2617451823964245,0.4790371649245837,-0.3482013326504444,-0.017080950101645,-1.4485437502882663,-0.6579847903364899,-0.895574075581508,-8.905695890619446,-6.9866278221169225,0
2019-01-23,0.20312691255649476,-0.24756352168281118,-0.6060472424465262,-0.3613794694704041,1.275737342641308,1.1752053782391338,-0.21565268954485195,0.9666850884343702,-0.556369053971439,0.5556805705333513,-0.3719770368410584,-0.018939477125253665,-7.8807349908804305,-6.9776662553442454,1
2019-01-24,0.01878460225290696,-0.27369143296471493,1.530628786895765,0.6231348930169752,1.1582371278616574,1.0353346010105324,0.018571468349413214,-0.7842925913315378,-0.017080950101645044,-1.1575383912712718,0.3408045763148143,-0.16122563195637082,-7.697135250485823,-6.937803954633396,1
2019-01-25,0.9537104786992749,2.362482695349508,-2.1393813484514177,0.41084664053916986,0.8769063148308953,0.8102569906303191,-0.877203628866136,0.09528191978375276,-1.6312307347071138,1.1271744113350906,-0.014167653866191328,0.2513684420234849,-7.866524206103486,-7.011721800314399,1
2019-01-28,-0.9492900914904294,0.5488539799196918,0.20669388666822594,-1.5489162276273682,1.146687867462432,1.1543401373216409,-0.805159413685226,-0.34450891219413227,1.0607821705188722,-0.3031501034726359,-0.65504182728617,-0.925935525735122,-7.890426767952057,-7.077875929404158,1
2019-01-29,-0.1989351864007725,0.8866425955065581,0.1028098041119883,1.0906544876142756,1.1887890600650035,1.0816205840715476,-0.5878349534039564,0.5430558223652742,-0.015962659281546002,-0.8749349178904886,-0.3003491636590606,-0.4136449112479459,-7.849248712250685,-7.079749933820284,2
2019-01-30,1.819477540124369,0.9043954307802049,-1.3255432209030915,1.2212377974423856,0.9112105460916008,0.8566047976262746,-0.7666810587354038,0.984065406295926,0.5194762204543157,-0.5866572308966681,1.2620798222225593,1.1527014276540741,-8.838262968061677,-7.420666285253406,0
2019-01-31,0.987212805323796,0.048091130300322894,0.518419867153432,-0.25125527162218475,0.6903462978546482,0.765170050796887,0.8248217329391073,0.09565174316010147,0.5173671924190367,-2.0233688167660655,0.03769315159255375,0.44363437228138003,-8.738054338858936,-7.485714402193515,0
2019-02-01,0.007917900669570996,-0.3572321879057686,0.005039985531323249,1.3927514837927613,0.5982544990850622,0.5379634880867421,-0.522897078536263,0.09565174316010147,-3.7769683622048156,1.9953268956585881,-0.509544563037814,-0.2783940690462742,-8.730241015616427,-7.462723003940874,0
2019-02-04,0.7786238793456723,-0.7383025372207648,0.7182136537831452,-0.6445922143404176,0.5084169313777496,0.580355385925807,0.06811862049588226,0.9794418988258711,-0.5385329823423887,0.8421501999236551,1.504585746355427,0.2942376359675927,-9.090067045589004,-7.54870326080631,0
2019-02-05,0.44298448151700626,0.3994847771853183,0.7149549160183882,-1.0522339296332825,0.47160773688915486,0.7042713163050788,-0.1107240272980692,-0.7908822330829667,-1.5972585623412157,-0.5850310400276679,-1.6629299578239025,-0.09885791325474716,-8.260436448094227,-7.512518774694274,0
2019-02-06,-0.20699608036311012,-1.1372838507372942,1.016995617798245,0.15350265568883636,0.42793887237841227,0.47991625124623843,-0.6104449026164244,0.0955403442839629,0.5244342386541102,-0.2983608685847752,0.9269899294760444,-0.7165337006990875,-8.227083655420135,-7.393835580961754,2
2019-02-07,-1.1800170648870936,0.37851795882190503,0.6051799198769293,-1.2712681314675187,0.638522214154452,0.6679121372803845,0.8433322725799879,-0.3454438120735759,1.5816936637808436,-1.438565946824916,-0.8034736170498046,-1.8166371139607582,-8.619769719837013,-7.547746680936769,1
2019-02-08,0.09625306527466644,0.6087428433236639,0.29961064510343105,0.054560168205863166,0.4978755794009816,0.41080557879814916,0.37416299965277566,0.5377222891699975,-0.5337439902900974,-0.5848373838181498,-0.3647709141146137,-0.15983813943599748,-8.123528323242077,-7.21823336845049,2
2019-02-11,0.01747127551428185,-0.8298566309129944,1.0087477025495382,-0.3602489600143832,0.5495206693583796,0.5217942504845765,-0.6836912722833838,-0.34924149578499764,-0.006279341062236256,0.5587437663054098,-0.465998147570605,-0.2273343826855298,-8.11452289937434,-7.1995080791216015,2
2019-02-12,1.4584156170851,0.33187844525817395,-0.9128650313456833,0.773744429755286,0.42997677630317227,0.42722461586073696,0.39745371083859266,0.5340854416576423,-0.005234200384712838,0.8423527860647358,-0.474125183155372,1.4267986025337513,-8.874208121186108,-7.37422306373204,0
2019-02-13,0.33222825194550043,-0.6725116392512948,1.4114477782635153,0.9139404887183425,0.4760842611230132,0.36424045842058833,-0.434932913540737,0.08989556938792014,-1.5895527441726585,0.8459024752714731,1.2977515002301483,0.0690699634159169,-8.85875179372961,-7.390455798954851,0
2019-02-14,-0.3104178302983768,0.9051667852315028,-0.3041836946362788,0.7007949639520901,0.5958831806825459,0.33966840923368197,-0.5030475023305064,-0.7978229974629154,1.5755781756571536,-1.4526129426730403,-1.7441714585814962,-0.7112924236326406,-8.648415248055187,-7.359574913342537,1
2019-02-15,1.2284875532423647,0.9626461142755434,-0.5042637493097403,1.1291775651617142,0.3059114567825674,-0.04039946235614206,-0.7603714651391839,-0.7945566183800861,-1.0578832602012957,-0.013078726559032755,0.8021090541180103,1.1289027305227173,-9.72472743407737,-7.538679971793526,0
2019-02-19,0.15441738134831934,2.4723849744249833,-1.0082770455780201,0.33610990280966696,0.296982874434773,0.1799244803576031,-0.3366188430307477,0.5394263171902365,-0.007295746622077877,-0.2977800126432737,0.6702654334559628,-0.15398204611774277,-9.76703535648814,-7.544197862996843,0
2019-02-20,0.18872236681081211,-0.3099212415737591,0.20420030351152058,0.7162478202138257,0.09217788074576125,0.14458258009159716,-0.257461171660562,0.0961390145080106,-2.638791778893759,-0.007980757680168904,-0.3655658653002631,-0.08087346278211512,-9.836946447209453,-7.534734960276617,0
2019-02-21,-0.4675716218262098,-1.8898265848427942,0.20113571597176946,-0.2440293639773911,0.19659328666436932,0.057558458138920646,1.1070073779388385,0.53985008519458,-0.0031096688779274017,1.141242163950844,0.537269450338536,-0.792280795150439,-10.026143291624743,-7.342162289553833,0
2019-02-22,0.6791637794795766,0.5683250795385705,-0.10038654327644136,0.32954190778730186,-0.03717023366244172,0.01170607540974004,0.3851902771586561,0.5373866770040934,1.0430558411434576,-1.1675035593309375,0.5121940154137692,0.5719372660592693,-10.013967849912927,-6.920727043433437,0
2019-02-25,0.11237588885118326,-0.19030840279413141,-0.19943029038994833,-1.8435856272445768,0.2850963691815836,0.41826334002053694,-0.5473159326049936,-0.35286520285543643,-1.049471270841591,0.5627466026936531,-0.585037072271534,-0.22017152899909634,-9.78659619894669,-6.922029794774575,1
2019-02-26,-0.13226686114695443,0.25398353961090187,-1.015142715977801,0.29163479681468746,0.35646098409223204,0.255874936315533,0.08919769638719176,0.09174495274241339,0.5196454420894657,-0.8770264421892572,-0.3731235842248982,-0.5536080465164558,-9.763037837800919,-6.868086914453515,1
2019-02-27,-0.09821903926313694,-1.1838830494146515,0.20735876805999054,1.2552234703198881,0.24711962871573062,0.1738829596804847,0.023865126874151255,1.4255754195359618,0.5211028992062532,1.4239310586605936,1.1710989825229006,-0.4464221468125442,-9.269402594754402,-6.842182981766768,2
2019-02-28,-0.26656122487656864,-0.9360865182337367,0.20780746041977102,0.28142878402454335,0.2640777046655458,0.06613674049958927,0.5310487940267584,0.9755943461994941,-1.5680662825969327,1.1317046693283064,-0.053036854647951014,-0.7788640417378282,-8.731892063338778,-6.832085908464717,2
2019-03-01,0.6851720827653405,-2.825838847491298,1.0195411011374345,-1.3983138398813861,-0.029501612772953052,0.07041611891965788,0.3912536631822826,0.0836977713836619,-0.0010343094186200962,0.8445333550121071,-0.22787848977681793,0.6010428516546342,-8.974317378261508,-6.831373808753864,2
2019-03-04,-0.47687657974960557,-0.4345621496088273,0.30505323861060196,0.6737534194456831,0.22751635406070359,0.053246270002464055,-0.5996732074496506,-1.695300637830196,-0.0031062997556387945,-1.1763621492456102,-0.8234746957274427,-1.1383841804827497,-8.04522557078362,-6.721205105795709,2
2019-03-05,-0.20494633301172754,0.2071494711218456,0.7136891649734728,0.09197453490279409,0.2521099668274082,-0.007277509185641227,-0.44760225343005755,0.08808452470654671,-0.004142870264516435,-0.01497825447307226,1.236901523861983,-0.5902528541022414,-8.007545653003682,-6.722544593348946,2
2019-03-06,-0.7618092941230298,-0.1588067727693353,0.005089044942949263,-0.3429922043988742,0.4753043902036483,-0.02276753572936734,-0.09847771088872387,0.08808452470654671,1.5615001693114021,-0.8849391203702858,-1.0451017607214752,-1.4888383895148605,-7.987870650867484,-6.751576340755164,2
2019-03-07,-1.0336772746595277,-0.1453999554576871,2.3315971828575535,0.2842451247665465,0.6530835624197218,0.08256812945814658,0.1296529860007143,0.08808452470654671,-0.009309183925199738,-1.4631931003954675,1.0508681409012264,-1.7868033805318213,-8.219324545779944,-6.807467211454954,2
2019-03-08,-0.27854795266148624,1.7662351513401346,-0.8070479011777738,-0.3904462112047415,0.5371659559319183,-0.013425083545114529,0.02098744081403777,0.08898976044000986,1.0346238783773745,-0.5880620143416904,-0.9774725767367959,-0.4211186196842635,-8.14675504505544,-6.790154745287123,2
2019-03-11,1.651248648621161,-0.8184089272032858,-0.6049830982809965,0.6201629549824897,0.14678519166779969,-0.09933268513979603,-0.5132393985991086,0.09083761265465025,-0.01241601923627723,0.5739185959175991,1.2523822087528091,2.5379288883513405,-9.256553005208058,-6.993219139451757,0
2019-03-12,0.3949296524343686,0.9659614384520271,-0.5024657812531435,0.13252203534887688,0.009005879721623977,-0.18789174614113927,0.03413888341293382,-0.35286520285543643,-1.0553616350835646,-0.8750578176774156,-1.012282931550683,0.3951261546395398,-9.41636714392102,-6.979981278521382,0
2019-03-13,0.7268699410676874,1.114512831558466,-1.2139241462257764,1.4124823643188407,-0.08250489338195177,-0.24885184595960907,-0.130855331998619,0.09447047965951295,0.5131734436751662,-0.0005760703320182188,-0.250368415217675,0.8535363145594148,-9.96661000178683,-7.014907517214189,0
2019-03-14,-0.12316543304399433,-1.918851849087052,0.815060992386789,0.12142813860052164,-0.06056132397140854,-0.3784631890407732,0.3877323616521237,0.5386312404386181,0.5131734436751894,0.5791456030200737,-0.6778117727408834,-0.4153545328218136,-8.664149398977269,-7.015277398871895,0
2019-03-15,0.5302917233063121,0.7208025248159424,-0.4051986993358867,-0.1133680486621197,-0.22292662097260316,-0.5138237801699487,0.46109974249164326,-0.352219452232443,0.5111140637578588,-1.1634948131930758,0.305249147569596,0.6804476577512967,-7.550118758892788,-6.991956550239641,2
2019-03-18,0.3747005298815586,0.06841049400192636,-0.301623770444862,0.4933533859417375,-0.1651987141726396,-0.4815832459939265,-0.5757138482087673,-0.3532819664142107,-0.5318069408330762,0.29101307488672845,0.2789169490366993,0.4227872843557172,-7.574233204713654,-7.005835384149917,2
2019-03-19,-0.019637013572809857,0.4340766570971335,-0.3105940950296574,-0.15917263762338574,-0.047707067861532566,-0.1981917003065222,-0.6727367389924026,0.09101653618372203,-0.007248188492663486,0.28718725530068034,0.13189858781231711,-0.2416883648059688,-7.472326143104696,-7.0054297808615065,2
2019-03-20,-0.40316723052707104,1.04215784138658,-1.5523591064998628,0.9979269919620747,0.03840701885522812,-0.3752618305716117,-0.6073364890855096,-0.35434593213274224,1.037800156048865,-2.052020706975507,-0.1613611701634104,-0.8091359245702415,-7.440473222913241,-7.008834553134621,2
2019-03-21,1.2695270091155073,-0.6805730416465278,1.6481526310964745,-0.2970382906677558,-0.032801937199245235,-0.3852640896665063,1.0960700548401976,-0.35434593213274346,-0.5288315031999303,-0.002313416125662284,0.3418674334820701,2.031225921222085,-7.651804881067838,-7.154170517294056,2
2019-03-22,-2.3296895535177917,0.3671854144121197,0.5085011391838054,-0.9962178992724974,0.6179624142433282,-0.2928001640980451,4.225790524980011,0.09188951618615408,1.037986628774669,-2.9211903193029296,-0.14961253072092573,-3.70199418026834,-8.895292893102638,-7.81243381801952,0
2019-03-25,-0.1379972194118984,1.2388289057408997,-0.007325985961879574,0.07189578623781061,0.5845095380644251,-0.07025519791558187,2.603189994051524,1.8724664094495826,-1.0492843178599647,-0.2902353533122813,-0.3535081629146785,-0.17849248518724914,-8.197075148940295,-7.632934047138803,0
2019-03-26,0.8185713992771,-0.8320706997217956,0.8107308017468888,0.9969500524804084,0.2171075062991642,-0.2716153156565449,-0.31332607421597325,0.08466810881418182,1.0357483202171516,-0.5814342761230873,0.2267747065851854,1.0298354413635427,-8.419404873203877,-7.742413462790653,0
2019-03-27,-0.6636999386103922,-0.8742028762192234,0.2973957618150668,-0.6243261939746582,0.3244993927770493,-0.2437074108441573,2.383757314545847,0.08651311447899443,-1.0462688081366178,-0.5795629001745759,0.311352350478129,-0.7952656868069685,-8.539795461655222,-7.8069093815530355,0
2019-03-28,0.39143998634424787,-2.3468976911502497,0.9065309471622436,0.023482753934130938,0.1563138510578154,-0.18385271663482297,-0.5470460679746287,-0.3593376154006803,-0.5262298739148553,0.0005748193630652915,-1.0129431793625894,0.48172325457358783,-8.577791212897948,-7.789191527837104,0
2019-03-29,0.6824490923884267,0.14066775250166577,0.29084784614019576,0.666918031430782,-0.020323639718986156,-0.4380158889366891,-0.7282648951673563,-0.8072325106699197,-0.5241606357609679,0.5790363684920612,0.9857380085080223,0.7929008558997124,-8.667778890033235,-7.882928476080113,2
2019-04-01,1.3253458696104539,-0.6507598606676281,-0.21575969509699697,1.4218563064467018,-0.10003786099407726,-0.5118730205664398,-3.100007429400785,0.9775170927086675,-1.0441940224214095,2.3213473082248046,0.46693329523907523,1.4726346000690578,-10.30008213200388,-8.341577434336557,0
2019-04-02,0.0034556214705378677,0.5966177365632422,0.2949995560085793,0.8167536837654722,-0.11143728313415732,-0.5039014714057028,0.8063124099173797,0.9759814815532513,-0.0010309729243715925,-0.2945052569975879,0.19618527648808723,-0.08159920022171546,-9.724680133340312,-8.128269377564731,0
2019-04-03,0.13035275373190766,-0.2504482527620056,-0.4165033506158294,-0.11153168871341221,-0.016105527013866614,-0.6055267590377222,-0.1870339540524138,0.5295919091277207,-0.5206413268076543,1.1524168686837983,-0.8665173375833112,0.03354988145576604,-9.58271110893907,-8.1208435862857,0
2019-04-04,0.25507037360535745,0.40654758775265043,0.29943942047497324,-0.3316286881382074,-0.05707786871597854,-0.6551326976649484,-1.1151080803342537,-0.3618341417279644,-0.518579380958888,-0.29555534722965876,0.022427523795493818,0.1567198330889965,-9.688952172444957,-7.8619276287227216,0
2019-04-05,0.508013300435247,-0.18134019946510568,0.29840534318563183,0.9861887551600579,-0.2556653538909465,-0.8299261653785893,-1.289147354194074,-1.252947094306698,0.004127249100479925,-0.29844593001282366,-0.9329719025460693,0.39830139294061573,-9.383202844132596,-7.878449830510328,0
2019-04-08,0.03298691449083372,0.7017047034871343,-0.9273684250955482,1.053540841661585,-0.1610857552586046,-0.7808572103319728,-0.6817522120169984,0.5289679332557731,-0.515906137560008,0.5704852251807708,0.27579830479836315,-0.24626582498482477,-9.385005132008057,-7.320467425135319,2
2019-04-09,-0.6556084730975228,0.8427687712780714,0.09611156495645541,-0.3248641254218512,0.11434534884376865,-0.7320815252983457,0.5096753854977675,0.08285938311837852,-1.034065036941861,-0.2995971610404113,0.06776330932500783,-1.1102224056112113,-9.754988703091923,-7.358133494664863,1
2019-04-10,0.34190274889931593,0.4921162673088751,-0.41448386076470217,0.3187787119147613,-0.13106712537848697,-0.7283452944288856,-0.10101165379800546,0.5271267138807488,1.050610077532931,-0.8774776191091717,0.3292521105775692,0.2561082502317958,-9.856338560085884,-7.3619221930770635,0
2019-04-11,-0.08822314431421825,-2.1111714259679477,0.8173006781816573,-0.6228567575932037,-0.20446077195362403,-0.5808509242599251,-0.8758830889235922,-0.36311833332308524,-0.5187520591916632,0.8624578879597372,-0.5109314031053565,-0.29558701153068245,-9.786463778489464,-7.32325855698105,1
2019-04-12,0.7300478662754647,-0.16656534324695527,-0.618458662810462,0.10929804210305663,-0.4815777711439696,-0.5804782861046908,1.0453204144303463,0.08108467637311603,-2.604454890093823,1.4380263794503048,0.6153535065894249,0.8214009351561993,-11.375480869131685,-6.674815197256357,0
2019-04-15,-0.1337707684083164,-0.310334623956841,-0.10736084866117053,-0.27840958709946106,-0.39234788671574117,-0.6071702881546439,-0.6099792179512018,-0.36311833332308524,0.009254345516910225,-0.3030030051091811,0.009117257555605614,-0.3560880121757744,-9.302721633878674,-6.612902846368142,1
2019-04-16,0.0179743645666252,-1.471145237129503,0.6080173857437118,0.5389459702817943,-0.4299789092230222,-0.5980387752891412,0.38097883881649564,1.8603397747854225,-1.5480620019114433,1.4324803282023613,-0.5091791543188642,-0.11916924186625293,-9.254471474812648,-6.588130077476383,2
2019-04-17,-0.3456436415177921,-0.3063176143096735,-0.21183718352897773,-0.4070094392456002,-0.31159680764768694,-0.6523729430335281,0.2070915737548506,0.07399330177635897,0.5357474305685287,-0.3100810407183736,0.15893239855465774,-0.5685367418523459,-9.315037876904524,-6.532345953833776,2
2019-04-18,0.17203269042926092,0.127369902395176,1.4251547857638494,0.15121268552515751,-0.45260750498718444,-0.7582618572088801,0.3309538726130292,0.07582452433456018,-0.5027783579181571,-0.5978962472362731,-0.19390225161133143,0.11930244107945974,-9.135458338239523,-6.506444353833476,2
2019-04-22,0.04184301779118035,0.006531566211204299,-0.6303522165205975,1.4617291542300033,-0.35875219591431556,-0.5250161421469779,-0.2139068431236434,0.9645798756728888,1.0557761943271122,0.5593859601844261,0.6076614231608143,-0.08362030267220234,-9.119700012877049,-6.477887954696415,2
2019-04-23,0.9852772746324231,-0.3367332578592509,0.91047587803795,0.47246204769257694,-0.3964449910018647,-0.4535804680408188,0.5615949870302505,0.07174561058723972,0.015433329905084866,-0.6040830937369348,-0.6061146799320509,1.2993126396503611,-10.427193642026133,-6.477608771677795,0
2019-04-24,-0.31866796261734415,0.4812670282639032,1.3122416095656109,-0.4898282893667448,-0.1627795430204338,-0.6365471445220825,0.41265748142628383,0.07265040794677921,0.01440807138573381,-1.183761258525734,0.10202195572092328,-1.0348906847014743,-9.413663122718244,-6.474668244703404,1
2019-04-25,-0.13155874414547045,0.14076119233651416,0.491442621718589,-0.6651677075519764,-0.13339752719299172,-0.5933930685307051,-0.3603495864560987,0.0735557429804464,0.015441587202385055,0.27403938666917205,0.4512447952027323,-0.6395151619428193,-9.362393050138818,-6.381394680121192,1
2019-04-26,0.4857912678375494,1.0864369080591603,-0.3282070649928985,-1.929396284278086,-0.2725480330851871,0.21996301242713862,-0.18772442518310306,0.9661018829876731,-0.5045524409744694,-0.8884068868405777,-0.21781294257445286,0.6622922231466876,-8.74545318592146,-6.3911630595536915,2
2019-04-29,0.12621633913232005,-0.7350975755429336,-0.6365466281207388,0.5820810401132505,-0.17264633450960185,-0.09559056921768705,-0.7630730936577184,0.5208275580136557,0.013396656928836556,0.8670118236244159,0.6836318837878104,-0.1806078610690447,-8.657987420843385,-6.341781316874331,2
2019-04-30,0.0022665034716629505,0.5020326041347812,-0.8408119956650429,0.23001721634945227,-0.1714249455002365,-0.056849579963913564,0.8145072952225466,0.0710102661344051,0.5339561220666814,-0.8890689625114393,-0.4885786359420831,-0.4200815311297681,-7.6906365658369635,-6.316509475626128,2
2019-05-01,-0.9389742821077856,-1.0896813552144204,0.2898264765856051,-0.3317166416094094,0.24211263974520308,-0.04236855990607573,-1.5205755955140412,-1.2705296834741167,-1.5441433800306517,0.27981434832352853,0.7603130067227489,-2.436075078729457,-7.81881439585269,-6.344287338078139,2
2019-05-02,-0.30839404336186393,-0.6270187106837033,0.5953426001019336,-1.786523877653267,0.15040972384585,0.11203384205695384,-0.0018727411918857682,-0.37695482436234956,0.5357828151061388,0.8626288399263735,-2.4872664777216027,-0.8489735545337544,-7.807658928694514,-6.247055889431374,2
2019-05-03,1.0824874912267375,0.9693856908821344,-1.0446410976386762,0.1955987436400973,-0.2445181021197374,0.02438210818687942,-0.5142618021056706,0.5253945440594531,-0.5008181016443185,-0.3049084901729677,1.2174523596323956,2.3557378927644,-7.995897881674402,-6.293785428312472,2
2019-05-06,-0.5379456287109994,0.21491093351779786,0.18629670267253448,0.8515802299320033,0.3831058557900698,0.17255876212912735,1.1629874233661794,-0.3778283112768666,1.574500544262299,-0.8921161510505247,0.9132345371057048,-1.2672903713146333,-6.94068006441083,-6.078371117409191,2
2019-05-07,-2.02003998391513,0.5379357442413322,0.18802789665247513,-1.5360950657186119,1.1560195279252496,0.6257411979464788,2.562257466732817,-1.2765660892722668,1.5809585279925202,-1.7666211136750283,0.31680972913734035,-4.054096851451718,-7.175570349560974,-6.174102571819205,2
2019-05-08,-0.21339555125016751,-0.422336495004992,0.08186017567734885,0.6832668111392951,1.1656412702589967,0.36240413255669746,-0.5773555613925574,0.9768861352397917,0.008303968486850305,1.1628335314724612,-0.16172051417079505,-0.22323663865681373,-7.134368276203136,-6.15504051179983,2
2019-05-09,-0.4026909669644784,0.38567938385378175,-0.5363759774212356,-0.39062738436490696,1.1070802506983757,0.3987579925528358,1.9114307437989229,0.07576008470970177,2.100420524546303,-1.1740063310079185,-0.7755687438185153,-0.4902013898168442,-7.043547199054535,-6.113533918407945,2
2019-05-10,0.5318716990139093,0.3014759101684938,-0.12122273417285408,0.10233727636598793,0.49936840852438397,0.4450835862730509,-0.685570582916727,0.9768861352397917,-0.5190839641619137,0.579414814727149,0.8894469847329809,0.9004260004286613,-7.024310523845772,-6.115409394083471,2
2019-05-13,-3.0063743973140467,1.6680274519052642,-0.015139667277628669,-0.7542212304199895,1.3537995173658617,0.703594078541506,2.455976809139455,0.5241514157347374,2.6078282024230472,-2.0438458110688895,-0.25112050783998996,-4.424839280162925,-8.158745899598323,-6.462520504821227,0
2019-05-14,0.9913088507687047,-0.3012413889021754,0.6047507852476076,0.8280197480698512,0.9015561077227119,0.3493416448529068,-1.4114252378406498,0.07487877367639101,-0.5207524777192409,0.5813524011244771,0.5464983306599794,1.2811263464613976,-8.160462078907946,-6.513737399625953,0
2019-05-15,0.624321041831756,-0.11083878337771319,0.08718246237838738,0.41613643188395516,0.5730395773903384,-0.06155985477544131,1.1335072611790489,-0.37642913878438466,1.036165659670098,-1.4536710203903092,0.07860474474124918,0.8581161623412632,-8.250677718148822,-6.525375884394077,0
2019-05-16,1.0106308643991722,-1.2078656627407083,0.7031600789315721,0.7193680156580837,0.3193961376506957,-0.037366898628034356,-0.2340955804185724,-0.37548638798421347,-1.0363649473373033,0.8696640952580627,-0.6305854892345191,1.2150990436411715,-8.024837980839653,-6.584214812661917,0
2019-05-17,-0.7946715461295657,-1.1844042046181957,0.5955883981515931,-0.29302367981870253,0.46556590761075567,-0.03345971407035464,-0.0058044005820006754,-0.3754863879842147,0.0010260281763728374,-0.2939207505105979,0.4150258595066931,-0.7121004576987291,-8.144597498876248,-6.615017138763611,0
2019-05-20,-0.8099724701388635,-0.021911621315080433,-0.23355774513183544,0.2781298217504104,0.5382613612920482,-0.2920247591745979,-0.23402322932571612,0.5253945440594544,0.0,0.5774678274737756,-0.4058066598387659,-0.6993513653759086,-8.005579308740668,-6.5680253007100475,1
2019-05-21,0.9830209962606425,-0.3889394017780245,0.38363445262548296,-0.11688089375194324,0.23621118556413134,-0.390784668601566,-0.6676462160709057,-1.296687409120831,-0.5157528955299155,0.5756839236389686,-0.48029267506667994,1.1464300644963221,-8.11717443716871,-6.623259850840731,1
2019-05-22,-0.406459460243186,-0.170539441351148,0.17758598243234447,-1.7662321800355048,0.1894078443048617,-0.20829133494318922,-0.21590125525185325,-0.383132281264158,1.5560946819421333,-1.1848326667696951,-0.10459519847050978,-0.27372405409905426,-8.123985131933187,-6.564128114397073,1
2019-05-23,-1.4659302699021626,1.2826239371136412,-0.553564388468169,-3.035774672235984,0.6636943170685974,0.5958732657311918,3.450592293220029,1.4342669635088816,1.0328640081757827,-2.3524250159410345,0.03411613878434346,-1.2744894308736172,-8.018602608639545,-6.675818943535946,1
2019-05-24,0.21436107278561048,0.17514768641804832,-0.9716037528250812,0.6410833255720005,0.43442952777206484,0.5086802096276497,-0.3022822844142748,-1.2913529433493112,1.5452103504700017,0.2879240165989831,1.3391452658574299,0.435684049490363,-8.01451004651531,-6.6787013169860465,1
2019-05-28,-1.1202193490760837,-0.6533561817260258,1.1170776477507567,-0.01575727824314367,0.7755341284342437,0.6760265743168609,0.6814380071960224,-0.8327225240813386,0.5065605287659644,-1.7523043467777466,-1.3813483301509195,-0.8600638156441923,-7.258053148038115,-6.670911832872906,2
2019-05-29,-0.8164451620171933,0.05184007434974938,0.589630542723356,0.030425682537000676,0.8507213829721791,0.9715825771138322,0.7681939341569798,0.9805668275336511,0.5096780103994831,-0.2910965420019534,-0.41876141040874476,-0.4970706364210271,-7.217650224950392,-6.706528057001206,2
2019-05-30,0.27232436799850473,1.1237307891378878,0.06975174754600286,-2.3262970267099754,0.7288339351395137,1.4270162170170848,-0.8024348566679766,0.07098485093212316,-0.009229737293362638,-0.8732896260058731,-0.16959936640133466,0.5836295227943236,-7.171592124910204,-6.702375922345491,2
2019-05-31,-1.5983973107196452,2.231345830115042,-1.1760055140109686,-3.329464748665875,0.998094273578869,2.4638869017162683,6.094460921012067,1.4295809852279486,2.058231416419873,-2.3252810174875242,1.1660416968297083,-1.2072239239311675,-7.2887517942318505,-6.839842991928105,2
2019-06-03,-0.3298424102787957,2.37223463858719,-1.4911753080252148,-0.5743907945449424,1.0219124022940813,2.4260338505268813,0.4538666725892409,2.7799929272774033,2.5619200630965793,-2.023955059319764,-0.48935686442588877,0.024669821298384312,-7.267777516392173,-6.771938254276414,2
2019-06-04,2.4202424519144476,0.04085503434401679,-0.3428886933251588,0.8620824608445088,0.6506385842824265,1.9389847866055623,0.8941123722039221,-0.3882807490465143,-0.019304147858469286,1.450720283091914,0.9489703129390191,2.5739662735585402,-8.349304135191815,-7.277254706877413,0
2019-06-05,0.9415026645774521,0.41030391614155926,0.9105215869965072,-2.035553363176813,0.4622307984685514,2.172064895430659,1.2573707137034764,2.305303450459366,1.518282358089577,0.005141794558644081,1.124746620230632,1.0348321829628988,-8.707735359824763,-7.293261196442902,0
2019-06-06,0.6957454902302955,0.5296962400663735,-0.9725462619939118,1.4945157789747257,0.4245837328885663,1.523683180952961,-2.291661527797794,-2.1958398870984515,-0.5323172321992992,0.0017190190499793124,-0.873937167433556,0.7548226344419802,-8.872138562529974,-7.354997098859515,0
2019-06-07,1.0891180623927028,0.919666462700662,-1.1824556050377737,0.8483133164810082,0.502063883217942,1.2514834873454155,-2.549023208582198,0.05504312538699927,-1.0420353731169176,-0.8635960117571272,1.0835939787091942,1.0179210893034984,-10.070275920802116,-7.468812203607935,0
2019-06-10,0.4738424309885548,-1.668630964549197,0.28490393204174697,-0.6204802642562929,0.4213859219559849,1.2995245540839284,-1.6462301603659402,0.501065606708975,-1.5485823187349097,1.7379477048270178,-0.7730167492466876,0.43249927786605213,-10.747394888446895,-7.503422064271188,0
2019-06-11,-0.07454754933412303,-0.20590805331935289,0.07528549495855785,-0.018182048756052865,0.4297795072719502,1.2364893712256457,-0.3769795219029791,-1.289922207001249,-0.5259701556283846,0.0017184492706672672,-0.42401477908025836,-0.05911569897097522,-8.948493213369085,-7.463119920017074,0
2019-06-12,-0.24762032009545615,0.8490371334322687,0.7047568653014822,-2.4823809960455847,0.4095644012000697,1.8426420291583658,1.8430862256223837,1.3987432415504448,1.5137721072737031,-0.5751560049502862,-0.22657742950687748,-0.18072264896581736,-8.93350812929909,-7.459018515425372,0
2019-06-13,0.4209759081161064,0.9986918325622992,0.18152424639669304,1.2510216252829007,0.3872540591120781,1.6254807156849658,3.8459283468811267,0.9469333967818504,0.4888357573578558,-0.8615950779200301,0.41061890083599034,0.32664985418126224,-8.490715376411458,-7.4538278633097805,2
2019-06-14,-0.17335173523703945,-0.06905100158064632,1.4297989629112602,0.29614768533855373,0.26343144314397193,1.8039811061300723,2.62156274528357,-0.8398913792496551,-0.02019982468420934,-0.28221669743596306,0.014511167997715135,-0.24811014654039168,-8.486371097583405,-7.4557481119993625,2
2019-06-17,-0.0032083299336381614,-0.1210772585747498,0.07146378306247432,-0.6910591059671869,0.27709269363641315,2.245897946092451,-2.068375565259644,-0.8415703613193249,-0.5303931463188635,0.006868829551802019,-1.0923111014209785,-0.03701713712247045,-8.479812944000173,-7.438103549572135,2
2019-06-18,1.1366435795749654,0.8200915238494891,0.3815583469663538,2.2498677737024946,0.22873513407381021,1.8571136737615843,-0.09734047920904128,-1.2901519195362554,-0.5318264603630303,-0.8646016253244223,1.1106945371903958,1.2204909052853845,-8.536016111508456,-7.549192106419776,2
2019-06-19,0.20633368788500323,0.9815184227474028,-1.2785928185317843,0.3779756753549327,0.0310218959527893,1.4860385116775976,-2.792781760772565,4.070466719873582,0.4873390758459716,-0.861740762746112,-1.217503193539712,0.13915895655827895,-8.557068192122372,-7.53361269119841,2
2019-06-20,1.02910359069408,4.10067939964131,-1.7018969800288613,2.5152170947807306,0.13047591126466013,1.5983810715933089,0.491164937353371,0.04800795112283961,-1.5509919965720094,-0.5704401648690192,0.7771202805294486,0.9700352030077893,-9.07682982346963,-7.651344181297715,0
2019-06-21,-0.21529168465544815,1.0476566353807049,-1.3882010911487586,0.5374505421464371,0.2801272744438526,1.655390256869026,1.1342941370660582,0.48713593961259816,-1.5479503316327512,1.7447676884221281,0.8201286080840321,-0.36046811837637116,-8.884554898729128,-7.643163651729257,0
2019-06-24,-0.19061027231665534,2.3706313123751923,-0.4409775716286116,0.155322618914576,0.24570788461114806,1.494767895995758,-0.46752569968865293,0.04371056580888768,-1.0348442735901293,-1.4369311375075844,-1.2646209497026148,-0.34367860355098073,-8.427843533284726,-7.545346595066448,1
2019-06-25,-1.1700961351553973,0.2754641715378267,0.6094038746141509,-0.0829742957700725,0.47186756027905613,1.3892256827488838,0.21240827149242628,-0.39689193754470053,0.48932668228765275,-0.5676594432906875,-0.42830714392020464,-1.5696060818933533,-8.96101703923593,-7.698730331998134,0
2019-06-26,-0.1621650497697853,-1.5342269651488019,0.18780605233428735,1.3127003204472822,0.45400337296627274,1.139402433470265,-0.2735207202461674,-0.3951743824023406,-1.0330229959406243,1.4473522364316933,1.2526625538318101,-0.31630644474369624,-8.564662896443767,-7.6514846639164755,1
2019-06-27,0.3526397387465274,-0.19308788535970545,-0.024066112704815616,-0.03658965187364244,0.3650771907415529,1.053687824712433,-1.967643838933248,-0.3942398699309408,-0.5241545997370575,-1.1429481537900112,-1.53125588680374,0.20573404116163785,-8.62535040669494,-7.586206771477209,2
2019-06-28,0.5325495234557533,0.40242873853834515,-0.23312399806619227,-1.1940601080387285,0.19259614602205047,1.2700052804978101,0.23934022251460899,-0.8377851253131191,-0.0160924968866247,-0.2794142976104763,1.348849802333748,0.361043433717386,-8.603216871885973,-7.632639101646753,2
2019-07-01,0.9728485082777072,-3.214674914050987,1.9772612570486583,1.0807679370335421,-0.05779056652245865,0.7882240280729782,-2.0043648364902125,0.050997521739045024,-1.0353752942086203,0.8758705687788082,0.5729311498481047,0.8671541751069263,-9.177065714249865,-7.80243873704981,0
2019-07-02,0.2427597896577432,3.3691313368198648,-0.2446331687202502,-2.7560604402424973,-0.35783729287180527,1.0359953731062044,1.0357797452852966,-1.7260604852032138,-0.01512127946729684,-1.4279717338198665,-0.37072422881682743,-0.15614563675026494,-9.033501608098081,-7.555952962245766,1
2019-07-03,0.8491887717375965,0.2243350488732896,-0.03703388882828262,0.30678467002252596,-0.459219253455451,0.8914155996956408,-0.1509814688189282,-0.8285357776318002,-1.5460231398651498,-0.5590139682488432,-0.2568668466532793,0.6315707490759606,-9.6978213489011,-7.53123064006708,0
2019-07-05,-0.18541660561743908,-1.8240728053295534,1.4324727297719535,0.826630743303392,-0.2649418305752036,0.6165384223159962,-1.5603432802367145,-0.825467147371499,-0.017155627271632307,2.3247213948715513,-1.058027853667906,-0.8460017373361894,-9.432568533389846,-7.432167110537981,0
2019-07-08,-0.6807559684034814,-1.0721626339992767,0.4871475680476245,-0.11794523406676867,-0.08864221541966341,0.5208758141319636,-1.0525127911795562,0.06802424642217438,-1.546664173526776,0.30459225826968156,-0.01913443282070343,-1.6236681640086703,-9.90704816910059,-6.506365906496836,0
2019-07-09,0.08746243149625464,0.5205719543507973,0.17220284366742605,0.4882980846418697,-0.057348389924284156,0.022352645133226615,-0.16861429271261322,-0.8247941408478249,-0.5231962695684602,0.5899551631683286,-1.1255639806804922,-0.17896860271610865,-9.742961028749717,-6.385235796265808,0
2019-07-10,0.48507485722918947,2.4610135419904866,-1.191863420343105,2.2168270516831314,-0.336737624015884,0.08495896324073465,-0.2638585216993804,4.548824571907389,1.5091036908362159,0.01710077726318079,0.24820107070831837,0.59339060335759,-9.401438356232738,-6.3985952038605065,0
2019-07-11,0.21002237405915963,-1.3961512905426963,-0.03628405510195555,0.05388798883884262,-0.36549197130901273,-0.035570543938175915,0.2816719634154753,1.3816828606998541,-0.01710293319679493,1.7426063474516347,1.587364404333151,0.1087830002877354,-9.31042872102514,-6.196803562149497,2
2019-07-12,0.4511433844861833,0.9463211785539353,-0.56076996557734,-0.1697262682529349,-0.5189574824562525,0.03670167131135897,-0.10103164083508093,0.06087565347611425,-0.01710293319679493,-0.2723384638648524,-0.6909721775913656,0.5089099540339582,-9.194951637442726,-6.183745145495684,2
2019-07-15,-0.01950313691805657,-0.04533705853896442,0.38312338754661673,-1.0289601007148892,-0.4376591376227847,0.09684060534974251,-0.4554701278815527,-0.8147047511796708,-0.01710293319679493,-0.8454432061942546,-0.0073476352859394335,-0.37869024508696364,-9.138381854535663,-6.11358958879944,2
2019-07-16,-0.422753550829384,-1.3929787526970492,1.218709376550643,-1.0897117829890324,-0.3892914921450184,0.2629931666018469,-0.3185705838489042,0.06266959624459001,-1.0304463467802603,1.1605088763874312,-0.5788575040347324,-1.060733575806427,-8.819775325267893,-6.015634517603648,2
2019-07-17,-0.8302859050484196,2.5450598332669285,-0.5621854598320633,-1.5335728371564419,-0.09548324202601279,0.6508860591227981,0.4974699479664192,-1.2533919248918,0.4925661799637452,-1.9924998818163708,0.7051280004390637,-1.734568615023389,-9.002206721131365,-5.715510106212384,2
2019-07-18,0.3628930298358666,2.1656999084523783,-1.5134740635518806,-0.9349219654742301,-0.21320267772614487,0.3975571128432908,0.4092064174436287,1.817207228021587,1.5044782013600138,-0.555500580003301,-0.4282752436840405,0.38280882484160983,-8.927290677817096,-5.717451694209075,2
2019-07-19,-0.6852381793844764,-2.3763764544702575,1.3236823831767948,0.5075632440089871,0.020489800505657917,0.6351481748089061,0.36178181980370633,-0.8155212780163319,-0.5234337453244204,0.3006838001852667,0.008078741517818996,-1.3590448162127258,-8.829982747691275,-5.663141189951107,2
2019-07-22,0.22701252623467305,-0.06347687242452973,0.4776526057744506,0.025554974666174794,-0.21896891088279868,0.4707448988919805,-1.4786977307838,0.057385217615305156,-1.0288180511548508,0.012472374247980061,0.3798359098741094,0.2976547615411552,-8.848597453086283,-5.624327421097374,2
2019-07-23,0.7578832676243845,-0.9261770930657472,1.2059700670098201,0.5990573698612801,-0.47563254089331786,0.28386879066089005,0.11875379919552402,0.05652373035951233,-0.5220243429240065,0.8696646407455252,0.7987607343614398,1.3474990787734273,-9.221750111930218,-5.621998924674039,0
2019-07-24,0.47961124728654225,0.7541973429362389,-0.05068379634131762,-1.0757376908353535,-0.636648968313594,0.36512271059516666,-0.2774148179549313,-1.258305197387913,-4.061123886137658,-0.8457863978022707,-0.6923380449527368,0.7366821688180349,-8.527745097232234,-5.609997620249102,2
2019-07-25,-0.5966346498930684,-1.1461910756414169,0.4682515299092385,0.024347084423234428,-0.4441725540123669,0.24169336932394345,0.12836850495851143,0.057341451474511085,-0.5071801923926952,0.8673134461053424,-1.2939079431232876,-1.186445762070164,-8.2881943513669,-5.616254542556117,2
2019-07-26,0.7046545034378418,0.22260740826915038,0.36248907584643897,0.21913444759475498,-0.6163436116748952,0.2866981496369231,-1.0716286190587132,0.058224288771504304,-0.5051978572313135,0.010192833297994862,2.0362443287121024,1.1192144335534782,-8.239566765586172,-5.4559413826965475,2
2019-07-29,-0.26000417406631665,1.0004134463294656,0.15441416221598944,0.796334795229906,-0.4244237948427265,0.19706878876843165,-0.18657167696952845,-0.3775179917053734,-0.0078937165192391,-0.5588908350295535,-0.5561520434387927,-0.777466783674805,-6.731256894750756,-5.428772386517676,2
2019-07-30,-0.3314618590006637,0.4860095106144905,-0.05696846163201818,1.205828253599088,-0.1251230061010811,-0.013360527234799762,-0.37127225050593116,0.06276572584501937,0.4918610365307155,0.013089417995972958,0.9089640491422994,-0.8487949545773117,-6.585007278256891,-5.426628574994097,2
2019-07-31,-1.2991752153755938,-2.0989219181421275,1.6067585135745874,-0.20692983080614527,0.4024820197087421,0.08072896807937759,-1.3227268976481872,-3.4560546870832134,-0.5045797176623703,-1.1333807635095754,-0.5875358164146807,-2.557023375522753,-6.676445632446765,-5.443082753566213,2
2019-08-01,-1.0397985117628699,3.666250409266758,-0.8918057335113553,-3.537176740423593,0.7763256662727281,0.8418233606965204,4.766431299247374,1.8119367734952292,1.9842518158863587,-3.4253143156915513,0.7259517530286926,-1.757466294736729,-6.462257615291228,-5.42371977393077,2
2019-08-02,-0.9025627309773426,-0.6241984997315811,-0.6870139395999592,0.8187363551344227,0.7194489946192667,0.7228038112205617,0.6918214894165152,-1.2330163657182611,0.485390990734175,-1.1114603599096737,-0.47886140661090665,-1.3352177283350344,-6.468946845249798,-5.436709743228169,2
2019-08-05,-3.494259744709023,2.0970155108991944,-1.4180223288030627,-0.5496419213591622,1.9387857689537378,0.9199296295114626,5.4969249042565655,0.9356128595080572,2.964820011112085,-3.0958895854974084,-0.672125027014039,-5.521605943758236,-7.17104698314147,-5.667695862252897,0
2019-08-06,1.5150057415362386,1.1976015464105931,0.255263790357831,-1.1487842691888321,1.2043414780185455,0.8355141170505821,-1.6250460409209493,-1.2371007169344037,0.47341583011669164,-0.5327403255558695,0.02219329827111337,1.9480523524028903,-7.115105364216626,-5.687139057430346,0
2019-08-07,0.023537234299815305,2.2603774662244867,-0.2690780756759478,-1.5280963755875634,1.0742688870900547,1.0571575513163833,2.452584492173359,-0.36709277511454796,-1.003223679407981,-0.5334982353409399,0.17815859974684548,0.2273400198891664,-6.369403014304287,-5.640219514693888,2
2019-08-08,2.121278251217154,0.7149410760989543,0.15487178572464627,0.6028958914229433,0.5510103584841116,0.7694114912179523,-0.283095634662028,-0.7987554870041392,0.9651766077485502,0.3123314706883789,0.024834300071651928,2.311859288375219,-6.613127098544386,-5.752394463583394,1
2019-08-09,-0.8032264473293323,-0.5569660084282834,-0.37110745898978736,1.5859732431532878,0.7707092355280556,0.6545639828578067,0.17050209325873933,0.5018725823899334,-1.0005463547612021,0.5922940180125308,-0.02340473844630481,-0.5990573430923265,-6.4953428353565865,-5.767134694864898,1
2019-08-12,-1.4015632278557923,1.4189454290756838,-0.26468257538626083,0.37816050969248943,1.3540943614762093,0.5577288720998861,1.2158066524828142,-1.6647084041983788,-0.015575897328495694,-2.500148298176835,0.3296752845214858,-1.087260538635509,-6.49972247733392,-5.816252266575387,2
2019-08-13,1.664417713417517,-0.9594465865644369,1.2053489505474158,2.415794851966153,0.6693564386390394,0.390187480121949,-1.8815835622135977,-2.0923748165444507,-0.5047386361642732,0.8727589424279709,-0.8676138070504469,1.6942863663228216,-6.626429570374158,-5.881421193775075,2
2019-08-14,-3.3664805456918403,0.9939644409543674,0.5693088341938551,-2.0517480264504027,1.5184399276416884,0.7423777615670919,4.507677620336219,-0.35931582265112677,0.4807073576804655,-2.4921176300357404,1.24961435051874,-2.6118595803714966,-7.621623097022072,-6.264861650601926,0
2019-08-15,0.2474429570817366,0.9645820158326573,0.14779057187507072,-0.4479845825027322,1.3572150970248609,0.7895389390105575,1.5543221510616332,1.3731169279402282,1.9550065966518364,-1.915792366246049,0.14229137803693642,0.41347362406290294,-7.635741660842567,-6.268295454315292,0
2019-08-16,1.5635730116364206,-1.0281145155128049,0.14970074334429548,0.22470424517505716,0.8521166370815674,0.6294659423540238,-0.551311160898035,1.367993108274376,-0.505250365792193,0.8714192669448909,-0.6042897104223821,1.326157400172842,-6.9637540169908725,-6.382740512760381,0
2019-08-19,1.2649087144613766,-1.843199123246133,0.5695552378446881,1.222480947049931,0.5206625482636581,0.35645784988882123,-1.450851484664574,0.07281115479231179,1.4536574473055093,1.4295767931047394,0.6093648454385051,1.0353099881490244,-6.98780204054854,-6.4672693391997225,0
2019-08-20,-0.8832599038251142,1.13660252061695,-0.6875784648027137,-0.16308103688540238,0.6497826225949231,0.2685637719325395,0.13708437404984267,-0.7928464893777086,0.4696322100491546,-1.3539335499987115,0.8865216582785064,-0.5149023593813346,-7.036315540674619,-6.50586321149809,0
2019-08-21,0.8387455246170301,-0.5266104112706553,0.2557605479099742,-0.11526081670579211,0.2761357033808396,0.27442645052581166,-1.1287418079151852,-0.7943924977354926,-2.465341990943897,1.1454191063354338,0.36996460504645723,0.694921520363585,-7.05515501605859,-6.550782003679455,2
2019-08-22,-0.08228366793481297,-0.43080919286144004,-0.26977999697992444,-0.39802297205236137,0.4729578664390018,0.27315606562706984,-0.6640153348654134,-0.7931408086627374,-0.012550227804856649,0.8645489060163186,-0.7859766106052154,0.06737583362663085,-6.8841023617202435,-6.535270758227974,2
2019-08-23,-2.8898532956399903,2.905025604402078,-1.6374752758116506,-1.6730091563885698,1.1091232313161667,0.6476295440986646,4.003551807635743,0.07283815023599582,0.9605751281409527,-2.7391724679992797,0.7083408948762298,-1.826879186120237,-7.966390359230836,-7.163696147539262,0
2019-08-26,1.152163892003508,-0.028514084612265643,1.412651946788024,-0.06411517364046654,1.0024018269433452,0.6748943990728757,-1.7952403181045837,-0.35714326039664557,-0.016412756013206044,0.5888571312023775,-0.011070793872664783,0.9305695122273557,-8.253401342800272,-7.2428133703412625,0
2019-08-27,-0.46910946901891226,1.3880373768440704,-0.2706454269469067,1.157576915783194,1.180535097664503,0.44699785042340556,0.28247460427434073,-1.6621242755361902,-0.5015291608837846,-1.3440763616823308,-0.8467934752665154,-0.11407704622591822,-7.895824189555887,-7.216164219714348,0
2019-08-28,0.7169217678301276,-0.4766892206719254,0.5675956046197702,1.0339433390677286,0.9995951133713045,0.31068139018940744,0.5150189009195095,0.510026417510128,-0.013525352767513743,-0.5123821790981726,-0.5236903985073519,0.6406836004638836,-7.628866465102996,-7.279228014891363,0
2019-08-29,1.3297395547324231,-1.1326679163451594,0.6681205921066443,0.638923091474917,0.7081875474874373,0.1894985928436628,-1.373899529347182,0.07316445542235948,0.47338734686299333,0.8641669587775149,-0.5464082593700449,0.9878486534095826,-8.029452193156416,-7.491475894196279,0
2019-08-30,-0.09458698686132047,-0.43205542619252313,0.9766566261397122,-1.5414121986490674,0.9224783350838975,0.23450088680965248,-0.057278932476731985,1.3758365244373305,-0.5004380523980209,0.036027840258050406,0.2889851132148635,0.0226453209365392,-8.029279787976373,-7.454149756743148,1
2019-09-03,-0.6798793058996054,2.0454461112386726,0.5546158926856329,-1.1851582914904837,1.0469542641665368,0.710591579802459,-0.7721274782262076,0.06885246053200891,0.9638462008647074,-0.7914652345777724,-0.3829666193506238,-0.36892423237606176,-8.140653425552923,-7.281962193719458,1
2019-09-04,1.1751706058553892,0.8896434617745851,-1.8474734086378695,2.3290711801812836,0.5837787302348391,0.552564319463185,-1.7058785709132083,1.8072258093552511,0.47338734686299333,0.03713225616902395,-0.0774031641341928,0.7828426789104185,-8.448247505204389,-7.037762405069491,0
2019-09-05,1.333337262774626,-3.7111043526598064,0.03841505895073958,-0.06803202050120709,0.35094927855930225,0.4095818969479679,-0.7922698216614423,-0.8023111827155288,-0.5012928194475992,2.789373949124991,0.2818561884888041,0.8354312684829867,-9.67127139630317,-7.1542920216270165,0
2019-09-06,0.035733491908466156,-1.3117161995696498,0.03931052308275689,0.30595673466306395,0.051549436283681235,0.3696540575427006,-0.5282611708891988,0.06794968162974031,-0.986139832071349,-0.5152246756505523,0.3908072761200309,-0.06487887363370881,-9.673727316999033,-6.946936773478874,0
2019-09-09,0.0051201076291331376,-0.5892080686686281,-0.59385588258986,1.407604799027211,0.11522961081115425,0.3779829071443945,-1.1094747888469418,1.3687983329370381,-1.4689490916832364,2.2298158457626562,-1.3310899659605915,-0.08583332412002802,-9.535631461461467,-6.927936394655606,0
2019-09-10,-0.07385019015955671,-1.3130707318224013,0.24692233358183033,-0.475427703052042,0.0965545013720997,0.41308085617972085,0.13373634067436757,0.06468801195354622,-0.4912852134166264,2.491785978145259,-0.03179701211967426,-0.07727184877940749,-9.45151286208096,-6.704999490789374,0
2019-09-11,0.7153880292708757,0.8748714266669078,0.7690081880284413,-1.4081246903657727,-0.05012865295524236,0.5973063750760089,-0.057084720674836914,0.9329681419866295,-0.004815368925550057,0.8363925297538313,-0.19224771085916637,0.48427044659451374,-10.457955182787119,-6.673554902051053,0
2019-09-12,0.3223336555807832,0.2773735175085971,-0.9182587566436089,-1.0142710037615947,-0.1505052041181903,0.6809547296501042,0.3762073378667105,0.062101949646617846,-0.004815368925550057,1.107476207902566,1.0510212365641949,0.12238809020218422,-10.99607270996986,-6.647411813536704,0
2019-09-13,-0.1204125939822836,-1.2779141049465788,-0.49392781310013434,-0.16031007645597717,-0.27856428968384345,0.6653351573722921,3.6096979823253044,1.8068990468940072,-0.492597880030171,3.0292566000759704,0.053156922150709815,-0.17581420501718237,-10.158131109222413,-6.568929430413351,0
2019-09-16,-0.38165470339406987,1.212235258231804,1.1966903747764168,6.264288239817636,-0.0405723496388079,2.40776632665929,0.15896881110532549,-0.3715599082025623,-0.49066442160203605,-1.6137789305196555,-0.8354250202997242,-0.6321843452804342,-10.439827065835583,-6.5748825782012315,0
2019-09-17,0.22560710331353406,0.2608395026147002,-1.3379095733295812,-2.2961954862823095,-0.1011486978390559,1.9001297289426076,-0.5671559178671033,-0.3698764992324356,0.48000392890989196,-0.7932726998620767,0.3185579506956316,0.00023388965293944604,-9.3739447191233,-6.511915207803389,1
2019-09-18,0.016755944892201422,-0.9767316499752017,0.9876890358006563,-0.8387405415438037,-0.2307636583101349,1.3015440188696146,-2.3280909872962097,-2.54473184740851,-1.4710265188172837,-0.2497573837730113,-0.16642893821959048,-0.1502788455107001,-9.033656266842362,-6.5104180927909345,2
2019-09-19,-0.05474321238577922,0.5702417584786683,-0.7060017956589859,0.3713190618087924,-0.2071688934478649,1.3897186913225599,-0.7069605669266129,0.9314327742348658,-0.49391312092860445,-0.24920496392511943,1.822124408022585,-0.16949864033451706,-8.997901220405856,-6.504610821806212,2
2019-09-20,-0.5580127940861346,1.7211154811034288,0.6687671410668519,0.02418082587739716,0.10980751536790136,1.0994413398925897,0.8396297431292777,0.06689848654725554,0.9654051677629757,-1.3306494679027194,-1.2309048250201051,-0.7698650094025072,-8.944766468360198,-6.506745511453591,2
2019-09-23,-0.07114525316971383,0.7923495545195428,0.3483605368423316,0.023446227703479927,0.006587069180551476,1.1043318886993179,0.3939371025762772,-0.36459981174952144,-0.9811329100631159,-0.5139904594245578,0.606401873074607,-0.16520189708317895,-8.793111122332068,-6.476674313244253,2
2019-09-24,-0.8952139013086172,0.7430540902848286,-1.1293675425746432,-1.369286416104597,0.5012400880625685,1.0580660756055478,0.893777286576558,0.06777267088991103,1.448354638899014,-2.135280630305861,-0.21232899594967414,-1.0717804570237104,-8.364860684865581,-6.510613333201488,2
2019-09-25,0.590836711616828,-2.847632968171509,2.150229703933555,-0.4580100973990077,0.2524686748508234,1.0054283726181747,-1.3057343890091122,0.4993511642695398,-0.014447449520099156,2.4588970922399565,0.34904892765951906,0.632005944839162,-7.569851057167757,-6.528474355916158,2
2019-09-26,-0.2704353497398317,-0.08323384442396903,0.6588592925829054,-0.014749063187375403,0.2749819508432538,0.8901107462010337,-0.1827831428812438,-0.3682214633468256,-0.985316057270761,-0.7754744656460689,-1.7116254810790625,-0.6619939097772332,-7.455942709316949,-6.5296270938815795,2
2019-09-27,-0.6277163294570576,-0.8060121958762699,-0.49144971130472503,-0.6388678694237684,0.5304309838474406,1.0678320619117145,0.019191618481213653,0.929175308459622,0.4735258900875582,-0.24035942051803266,1.0139248110558956,-1.2611132406509271,-7.223173538263368,-6.5382144133984195,2
2019-09-30,0.45375078432014826,-2.3726563249642907,0.8736200227640563,-1.4728976342671736,0.30811835929526216,1.044252402043977,-1.2642534270571923,-0.36989770380987536,0.4709868543552426,-0.2388261413344284,0.21047543960845022,0.5720919964051051,-7.226900297176621,-6.531205466141535,2
2019-10-01,-1.3330828866241933,0.7725378999128193,-1.0127407267974267,-0.7058381270498538,0.8061700436749916,1.057381977240259,3.7326502461671005,1.8066878667079496,0.9580448767960186,-0.7734936980056302,-1.0716172236712378,-2.425750931720454,-7.09603199148348,-6.634569726450731,2
2019-10-02,-1.957361108120681,1.683877600455057,-0.2785526196779169,-1.0001529965388432,1.1878333969285606,1.1501810915166881,1.635373812975012,1.3670874431402533,1.925420711659671,-1.309199605175807,0.689708132118474,-3.0290234027595533,-7.418440658218166,-6.901883524547009,1
2019-10-03,0.836680785977376,0.6255952047004869,-0.17360645323365556,-0.24428629261533263,0.9104113308280735,1.2475669719110538,-0.6688872667604233,1.3619889456718672,1.434589587856633,-1.5721940607631772,-1.3343653012134284,1.1826239715617564,-7.4543072473690355,-6.962816584280745,1
2019-10-04,1.4007815748518138,-0.047426672817369946,-0.27602649064513246,0.5177992325408862,0.47242646396358645,1.100378919290451,-2.1336752875330918,-1.2362250281821228,-0.028910745218442342,-0.49324655306656984,1.5873030408615818,2.012752457869079,-7.591669853883607,-7.069348425931617,0
2019-10-07,-0.5021575097479611,-1.3168377427870583,0.46199814538134665,-0.008432503641908982,0.6472541964996348,1.1106173405921163,-0.5889970972674848,-0.7997001795540518,-0.5137539555339802,1.1143753215569305,0.5049602093818331,-0.5753267841373617,-7.6268763699230915,-7.072431204301822,0
2019-10-08,-1.7101108856171812,1.2445521938215838,0.3541261781551613,-0.7265522389854719,1.126338072891743,1.1154576314594822,-0.6314963561403125,0.9275472865332329,0.9455278764737678,-0.49413893097206096,0.35108408905830285,-2.1596696363111363,-7.988245809791252,-7.41096625791215,0
2019-10-09,0.9725276621844976,0.08745257055832925,-0.2753561127520946,0.4729557307154745,0.8022345990204318,0.9172873477529627,-0.5286828302715653,0.06326592448592776,-0.5143700839126291,1.3806337435417142,-1.8804254931342133,1.4024283414069325,-8.283391813941998,-7.570752486556978,0
2019-10-10,0.6808374160754048,-1.3440807684000418,-1.2274294139188564,0.9372209499892817,0.5737421237944588,1.1115968620741339,0.3416639982314368,0.9238740488826678,-1.0015387949084542,2.17822590938124,1.2546268629047526,0.9472420193151683,-8.440626358136699,-7.637166590397138,0
2019-10-11,1.05890273382321,-0.863363548631622,-1.1231625757157753,1.0561541181590148,0.11176093607933307,1.1242256886397037,-0.14417877288645073,-0.3713791654028285,-2.4562616366614716,2.4292247490304986,-0.45144414826121654,1.3957726988915786,-8.95730754699574,-7.870363744635415,0
2019-10-14,-0.15831408264917726,0.5504161496497892,0.7842115697844578,-1.1268032446303935,-0.14780569606709443,1.1924743103721542,-0.022523359810380908,1.354412319860356,-0.5065314195781797,0.2953340082004082,0.2546598561282648,-0.06400811462485861,-8.661094155358732,-7.864063170691257,0
2019-10-15,1.007666276262253,-1.0734052526857367,-0.917135069547208,-0.5742438435558556,-0.43255092363441816,1.091768297072928,0.06387577361534591,0.058075294011880045,-0.022974796313432792,0.030422568712770104,-0.9031749607632273,1.250637516176033,-9.351406879403411,-8.139828453992491,0
2019-10-16,-0.212362533660658,0.806076715092983,-0.8097729650769236,0.3701412869696706,-0.39642614612285043,1.0874746313059085,-0.9515993402722861,0.4871188639731159,0.459495926268667,-0.4994728607762978,1.0041717112463462,-0.18793596243649344,-9.28612751314017,-8.148363223837785,0
2019-10-17,0.2715115268694497,0.1733658672543655,-1.1300859891296875,0.6482451596271462,-0.3693866721231785,0.855413951136396,-0.16770143042825666,-0.38102420153979827,-0.5062970509851852,0.29264783947395484,0.6018423720342427,0.36241406084568767,-9.353102235020804,-8.171283719606977,0
2019-10-18,-0.5071427161314219,-0.1971184871666224,-1.1295911815182555,-0.28781262631089,-0.24593790212752167,0.6865966822718655,0.3001715904512,0.9165176739741079,-0.02296417142770658,0.02837795844471953,-1.7297873248673472,-0.49910906900953306,-9.382836778672969,-8.061656874820098,0
2019-10-21,0.6767016345748496,-0.7487458567169165,0.15753019179036865,-0.05380907858316956,-0.3175805033823364,0.7136381324737825,0.80533168623991,0.049732127282087465,-0.9903347093653662,1.0878217403809167,-0.20092840194269584,0.8080622541469504,-9.56554462295886,-8.215964116402278,0
2019-10-22,-0.3886611736676518,0.3926095435528316,0.5836029035688598,0.598179362490549,-0.1952592010838386,0.5634465944527403,-0.690349086411524,0.04888168131744633,-0.987459371391384,-0.501343932523379,-0.6011042061461361,-0.40421348455680917,-9.729761592828583,-8.256051754291867,0
2019-10-23,0.2673872293975703,0.308166529123049,-0.16711972706201023,1.406200479214678,-0.3217448112199613,0.5792370115472358,-2.5144436001406247,0.4810986529664458,0.4599115106504041,-0.23591167911573488,1.2357152888285678,0.3156207445423332,-9.7141106479347,-8.235316210357587,0
2019-10-24,0.13284089210579714,1.0082043464672679,0.7984026829986006,0.34708286236280184,-0.40977546166782924,0.6141446114718349,-1.7815599286491137,0.05160503882952249,-0.5047452476770697,0.0326592625721334,-0.6799924563741717,0.11495197863404895,-9.643069455057056,-8.23558805156076,0
2019-10-25,0.3921519916838926,0.3006775233227478,0.2619888983174725,0.4324460441855355,-0.726765969921135,0.4419227676112942,-0.8362452492256278,-0.8146882574026075,-0.5036622493253835,0.8286409871154806,0.3657819967477908,0.42708488815665735,-8.92365193642375,-8.280999704740996,2
2019-10-28,0.5543319721447433,-1.3249411825184065,-0.2709463269828251,-0.8154289280499096,-0.588579276034034,0.5692465787800911,0.13777566517915635,1.7905841291414522,-0.02295356126906004,1.3608632471800772,-1.6594714904214303,0.5711926542614103,-9.047451844432672,-8.176104272020716,2
2019-10-29,-0.07569429801840014,-0.4537592573026539,-0.16544680670024056,-0.326617776638743,-0.5636006851232319,0.574535425949291,0.07805720708427077,-0.37920100198456336,-0.5041275369897076,-0.23418421261954347,2.978304700368859,-0.1827132354661028,-9.03783675442145,-8.15836636792805,2
2019-10-30,0.28106217808977113,0.7655502813681941,-0.6999560028593133,-0.5093766182649007,-0.8329302567769097,0.3983859670595069,-1.8685945775004609,-1.2429535703173333,0.9419666488507452,-1.5591778974944768,-0.3631349692987023,0.2408493394551734,-9.119589035324562,-8.122685505176964,2
2019-10-31,-0.32600039802071734,1.427380310459608,-0.5904986609446997,-0.7890958445719765,-0.5625475938765088,0.588058952230205,1.1000349410123968,0.05652846823284281,0.459495926268667,-2.3508271457494647,0.3495539548216774,-0.554964092723036,-9.073118802128036,-8.100381786901112,2
2019-11-01,0.9359618526119033,0.08729793326995215,-0.16041007802543553,1.774632735691871,-0.8495799864585859,0.3949050818867148,-3.734345893268314,0.05325050286340614,-0.9898762547395049,1.0913341588722927,-2.571785865955317,1.0159030056079215,-10.239077112380478,-8.14161478974248,0
2019-11-04,0.3807323968459147,-0.47450671844506265,1.0304789842560056,0.5267694637354404,-0.686086660739671,0.5561979247917113,1.233010770753908,0.9182710421555494,-0.02391602114431068,1.6158593978266171,1.469910744868865,0.2236783183510492,-10.666160328907633,-8.0460258011344,0
2019-11-05,-0.16261096009170165,-2.4576333549715743,1.024632065153996,0.5198940934748227,-0.6069256851126482,0.3124264809409056,0.5457081344027094,1.7803964543501358,-0.505211771409556,1.8711010069436007,1.0252561724826095,-0.5080304881415968,-10.537234760388772,-7.937826293333181,0
2019-11-06,-0.020683413698201265,0.5871657053743542,-0.054393140971214136,-0.536664998764478,-0.7586615034651962,0.23908173474846367,0.09582026586139977,-1.2516866918055742,-0.5052117714095344,-1.2851791075497072,-1.8651086549912053,-0.32508516054610753,-10.535257280707969,-7.928970472262853,0
2019-11-07,0.3281053516764797,-2.3428836768924857,0.5907944492553306,0.30320859003958855,-0.729387856709835,0.007162351067648034,2.2714624003288906,1.7708667980575776,-0.5041275369897076,2.9064267647381667,0.6310716468468326,0.11793629878812242,-11.019630587660153,-7.750537875621887,0
2019-11-08,0.21659585714129148,-0.9715977777088898,0.5868680895047155,0.479518144886533,-0.9466778823024747,0.005978878849703213,-1.1405037916251095,0.9010556794023061,-0.984300395993717,0.5398375604558974,1.2007277340293825,-0.0517024400292346,-9.683534393170818,-7.741636765086782,2
2019-11-11,-0.24808595910312625,-0.38809272079642815,-0.4841840819053586,-0.44305996551441246,-0.7498741004813132,0.365259614743621,-0.017046805469217843,0.03672066138779495,-0.5021940795886204,-0.4995146053300923,-0.4290654032867736,-1.0378372044471358,-9.734769751677991,-7.747202639362148,2
2019-11-12,0.17876978124030476,0.3596657310383476,0.37263856590135597,-0.09244844752271877,-0.7570932456419572,0.3012943130066879,2.2665200469913067,0.0350363874555198,-0.017229104032105917,0.020593452111822865,-0.24335064878676455,0.0519137406137147,-9.81112384130376,-7.738902283158937,2
2019-11-13,-0.011462247809548637,0.550066714638128,-0.1657556654910239,0.3919417279116257,-0.6597463418972283,0.48319084087173597,-1.592193271137029,-0.39378199907510886,0.46624336085019114,-1.0168806955707956,0.334644220872817,-0.4469662899405236,-9.58698283335529,-7.582869639536264,2
2019-11-14,0.10841215421727676,0.5765816459571045,-0.27323711997902445,-0.22418074394475157,-0.6461328304234234,0.32438855137188577,-0.8296916866406502,-0.3909899256391422,0.9476007217658253,-1.5338130818764115,-1.3088773707514496,-0.04239667688459463,-9.580068982225738,-7.586328556196572,2
2019-11-15,0.7188238184362072,-0.408979125680405,-0.701958808079964,0.7374307006505795,-0.9687151294782282,0.1258931743953488,-1.056008341668488,-0.39326198863083733,-0.019126425174444434,0.5488706029480193,0.10748194187649365,1.6208743194424313,-10.722823635463001,-7.596466142547405,0
2019-11-18,0.03013801214064512,0.39640903176863124,-0.6006570822064029,-0.7953115327141417,-0.8345863473442346,0.2890206692215329,1.0118342429052325,-0.8250380140915846,0.4628594892215665,-0.7506620320600398,-1.9972039713592844,-0.33985538789660685,-9.419890448523493,-7.5974525834813935,2
2019-11-19,-0.07978487401528532,0.035412552874284145,0.2637861167448238,-1.4803256694512372,-0.7066896520781711,0.19186496239932693,-0.6403969022077783,-0.830782785785486,-0.5004939184391731,-0.4927176941600298,0.9768599336576212,-0.757270050587391,-9.359606502060412,-7.597610152254111,2
2019-11-20,-0.4428924762403168,0.035188596558248124,-0.06002871898191378,1.4652409547616099,-0.73299459795969,0.09455693323761023,1.2241152563255582,-0.828493364884272,1.429537818154531,-1.530028268425034,0.6366746215713698,-1.7755621492987774,-9.293369776610207,-7.591945156504544,2
2019-11-21,-0.21814391197008162,-0.8418815197642836,0.36980464196650936,1.295762363466008,-0.6255709234453147,0.013938602343496823,-1.5891140301977615,0.03878991413061628,-0.5043606649100869,1.0697190441072313,0.6524375810618804,-1.0827738638718105,-9.178397715674386,-7.559673655032119,2
2019-11-22,0.18920703110879347,-0.3153643137069029,0.8028416981815533,-0.39432508106447445,-0.8790128347154383,0.1155350037082756,0.13108328462972782,-0.3976535890707053,-0.5056795911274534,0.03086120991492917,0.47884711157195703,0.18394476261830753,-8.673357674589573,-7.564685454936133,2
2019-11-25,0.7739858175541853,-0.7439018817326406,0.15293834535863038,-0.006253639520953597,-1.0404790038902902,0.051655554830595266,-0.27156169376480355,-0.3976535890707053,-0.5085616119958521,-0.22889898764342187,-1.3494828336802842,1.86088770710601,-8.760746680749872,-7.686810017126597,2
2019-11-26,0.1926917475370744,0.675522356764941,-0.3920948387889646,0.3393080793351456,-1.1585622247459095,-0.03422245040692778,-0.4984735893472351,0.47183625427695386,-0.9900920522643157,-0.4901585284460558,-0.17789657765861838,0.12626483769281477,-8.571229980756657,-7.637766367116516,2
2019-11-27,0.424484345985689,-0.8179087887047938,0.3638103558308768,-0.21817052181887567,-1.0891573150329275,-0.09134192345233717,-1.1728451710011414,-0.8323985107445336,-0.9884195438081786,0.8094293006152188,-0.01614276848500405,0.824087016170634,-8.662647004518822,-7.6795472891787915,2
2019-11-29,-0.44267358357260933,0.8792921249053732,-0.394781868668268,-2.2935113641312754,-0.8016774691870655,0.6775076620214519,-0.449797238562662,1.3414762881160938,-0.500032882888764,0.2877131574393568,2.273384323165397,-1.6485268622342766,-8.327416692089574,-7.643931106368268,2
2019-12-02,-0.9514086599541095,-0.10854755352414876,-1.2629415264619372,0.2229560052277079,-0.12423519498586409,0.4460131919857147,1.1832049550183525,2.205330706633596,1.438624579186067,1.3261337909156816,-0.6728540439969487,-2.8056796330997864,-8.62846433003453,-7.794348605001739,1
2019-12-03,-0.7578113080859942,1.3694282907924846,-0.3911266542617526,0.3978545051336226,0.1514167438290747,0.4546373864137033,2.1620701685488064,-1.2635768745829261,-0.018250026118065116,-2.8231676480668977,-0.4181045133034034,-1.9402659523647445,-8.910995654789316,-7.69869235004512,1
2019-12-04,0.6120110549066784,-0.24182173765457152,-0.392484487372768,1.8652441212662876,-0.16059020797113252,0.08262861716455135,-0.6847476943724329,0.038673992547889016,-0.022176680893571717,1.3237642855683953,-0.1460148403470251,1.3831221083903553,-9.160619174558112,-7.6556474503865095,0
2019-12-05,0.14819234304520779,0.04586776785679759,-0.7204180752154594,-0.004486894635479177,-0.24136603138632048,-0.15410577342738654,0.2894620018532188,1.3398730934857859,-0.9953134980723893,0.8033218147709333,-1.0684847069869208,0.27903490009599113,-8.647736553474301,-7.632115162456698,1
2019-12-06,0.9215132972015195,-1.5104557064663928,1.0295068780103238,0.544544726851067,-0.5065302471036359,-0.20689636737067774,0.1293604057196007,0.46482743111293,-0.9924101862134362,1.0586656591683887,2.502970310125267,1.99623104929345,-9.28069387950476,-7.799629479246382,0
2019-12-09,-0.3794701807266204,-0.08202123677837295,-0.38991453111832497,0.035371727402188996,0.11816271634844193,-0.20892575362853694,1.3301477584875743,-1.2815191423148398,-0.9945608766699654,-0.23058896384386174,-0.06924690118939568,-0.9546700710139917,-8.946715696929383,-7.755862853976613,0
2019-12-10,-0.16315846024627878,0.37696937291804383,-0.3883388212576663,0.24260832188312578,0.06832428089135716,-0.4830071576730473,-0.09807414975605629,0.03024044092328158,-1.9629222919691605,0.5400110216174652,0.7132751513519758,-0.4315442221787595,-8.955945869708897,-7.657167806713766,1
2019-12-11,0.2564017525915293,0.9694451704791028,-1.1527988167948953,-0.3885966915989244,-0.12121608498229312,-0.5017595740344798,-2.424339949363934,-0.8396347989685485,1.4417194813791374,-1.5181700906696411,-1.0129359069363497,0.4624058171765806,-9.020235628861748,-7.656595103811656,1
2019-12-12,0.8663811203088532,-0.5683274032172537,0.3812893797246314,0.28836985294196427,-0.4269837741415072,-0.5516625050039895,0.1252716140461159,2.6482053319539776,-0.9840497658828672,2.855860236394231,-0.2204100661803849,1.666468909722155,-9.656366426515829,-7.7146459489184105,0
2019-12-13,0.0187942864975742,0.6131041913086146,-0.056970766976879174,0.49598271965607627,-0.8436726886333196,-0.6425587951596177,-2.1612396480770397,-1.2696990224309948,-0.01632082538537436,-2.0140695785389133,0.9559505039025468,-0.13059701528033704,-9.39911718518701,-7.710242254970763,1
2019-12-16,0.6809870287294844,-0.058327557113795704,-0.6028499109533867,0.40622417248586684,-1.0134379582972604,-0.6769906923161755,-0.13568503721938133,1.326815384816816,-0.9852550652430265,1.806209968193072,-1.390882505615449,1.146407705248811,-10.171274529458163,-7.808090185822952,0
2019-12-17,-0.022651943516462034,-0.07712748538359361,0.48978387871411677,0.5241369111257874,-0.9655006490211046,-0.701891494130987,-0.31833600319425454,0.8907041028159433,-0.49995264335396933,0.023619798716859004,1.0870946854387449,-0.25582667378364454,-10.17250448342,-7.652178104508797,0
2019-12-18,-0.040129496051770595,-0.03511798394429747,0.4880922867560197,0.07076938125697614,-0.870579862441072,-0.6454755140521878,-0.8208563208056121,1.3195603794835677,-0.49995264335396933,0.7830119202944223,-0.8633987816341144,-0.22835952737547113,-9.619982705545619,-7.632056973387761,0
2019-12-19,0.3885314823461249,0.33720088721428754,-0.0585827692003267,0.15231783357419654,-0.9029975241104935,-0.9072362510024031,0.11382930080404303,0.450541255910097,-0.9852550652430265,0.021597604317290103,-0.46472812306456224,0.6055278342032727,-9.909149032397824,-7.659011550262011,0
2019-12-20,0.41923493722889765,0.10388334469030576,0.9254364723625744,-0.626315381541074,-0.9049350396837366,-0.8132712612001394,0.19627609203180021,-0.4114500676622338,-0.014393605069256545,0.023631857915190863,1.3370695924401044,0.6173636255951717,-9.70230256927701,-7.7003934308061295,0
2019-12-23,0.11550628340234759,0.4104278480797052,-0.21913281436415344,0.2781651068258204,-0.8753689365249863,-0.8736715531279985,0.4577492162367859,0.025844275279595832,-0.014393605069256545,0.2814725596318805,-0.46835821244603804,-0.04362939355756829,-9.645743343809718,-7.702640835914224,2
2019-12-24,-0.04346842053250288,1.343531584395167,-0.06351807878240101,0.27694214945054757,-0.8601398194916289,-0.830409183480553,1.2372578412637067,-0.40646983357326466,0.47029416126653617,-0.7348501213378609,-0.25769743191798733,-0.39139366719951174,-8.795930789445393,-7.539946171116034,2
2019-12-26,0.5165834624576519,1.1083593897829502,-0.5101885702487623,0.477414067697198,-0.8721197403810995,-1.017969165652836,-0.7884232852981434,-0.844375293844741,-0.017309375842276813,0.029258675425073054,0.18496220863420107,0.7422969525056169,-8.61735018969142,-7.176464895048215,2
2019-12-27,-0.07378783956919552,-0.09958835641323918,-1.517730250592491,0.0703454868955674,-0.6207843961781406,-0.8772612500448471,-0.46628522707464387,1.3335425572184574,-0.5019718994260282,-0.4792369250658521,0.3424540143105127,-0.4133742510715099,-8.540581733723592,-7.043598919777085,2
2019-12-30,-0.6337698253417103,0.265195027573868,-0.6204338448360871,-0.08882643836220845,-0.202330357464223,-0.7862130656151047,1.7786706178299352,1.3278282583835148,0.46735314774147463,0.5381630306792452,-0.44817600624822007,-1.5227307107230803,-8.663718817720593,-7.078426576034937,2
2019-12-31,0.21069853079194248,0.23406420566987512,-0.8465514870823053,-0.3326951289026303,-0.5188609710284859,-0.4632054493606439,-0.5642801734956072,0.887471895921507,0.4648191809299702,0.5353019198230188,0.08029175892136478,0.2799408591141863,-8.54196414531949,-7.07296947401408,2
2020-01-02,0.9398610017732228,1.0373430006317659,0.9504684093386911,-0.007015821348030388,-0.9540576246586719,-0.40595531797142465,-0.4535597919416062,-1.722151026377755,-0.02116736098022296,-0.9921238616480688,0.5249855743135448,1.6828084235998397,-8.777766822682782,-6.815298585910813,1
2020-01-03,-0.8541265320714968,1.9025011114881154,0.2716453883991408,1.4779010361592606,-0.4501466336990175,0.01597885202026467,1.1907936375975545,-1.2816031749207815,0.4648191809299702,-2.0086141869527108,-0.48565422447518053,-2.20613452253565,-9.164894535050992,-6.818043742071709,0
2020-01-06,0.3570041829390934,1.4955943072925064,-0.7421588247333273,-0.08809310719209902,-0.5078942970586315,0.06721692448082135,1.0874710486232761,0.023210580275277674,1.4348766020012123,0.2872095707450007,0.6044534257018036,0.36036759396988827,-8.89456349727383,-6.639119366197708,0
2020-01-07,-0.3437716867548882,0.5300290080466777,0.9468412813942328,-0.12554210141337258,-0.5329807775794055,-0.005096856909307662,-0.07801926313401106,0.8888921162845446,0.460148917773943,0.5397289067227514,-0.6843055340377546,-1.0920419052085508,-8.936256689308223,-6.548629799739564,0
2020-01-08,0.5187759093080351,-1.1578270109935975,0.7158712008192212,-1.9051433830181208,-0.6484851978095144,0.09997210719980881,-0.8905214432386179,0.01809129539024825,0.9421601848027334,1.0477090542265175,-0.25283381953582384,0.7569863206178641,-9.129932243901562,-6.560550612196614,0
2020-01-09,0.6718777956949368,-0.8803947059478537,0.4891948603919214,-0.7046874414507746,-0.9633445648888452,0.18095730174785354,-1.1724030012532007,-0.8496022076831066,-0.9962882834275526,-0.4772619943819957,-0.46124694187747395,1.1689254528965403,-8.937779838819125,-6.5727126031509995,1
2020-01-10,-0.3499857771086093,0.838880184277025,-0.29166910731437207,-0.33434519540011287,-0.9623883231905881,-0.20526383398489012,-1.787109916236774,0.022404903834463176,-1.964715081590486,-0.4752781652472266,0.07109441889181355,-1.1528266123829491,-8.92752797670524,-6.539636642659167,2
2020-01-13,0.6818342025381973,-1.1427087707805526,-0.06635740067015176,-0.8847319495425856,-1.0525221819037138,0.3157920122476663,-0.025306593029459673,0.025931892672540573,-0.023927081804592347,0.5449431764759586,1.0090286190044675,1.0843970153171523,-9.320749336117096,-6.570547497574135,0
2020-01-14,-0.2069940514192895,-0.1758055344009647,0.04408961406687182,0.3431082117663196,-1.0326252175765755,0.22798915339958015,-0.3792812015807521,-1.281035498023506,-0.024890505438324096,-0.7273866940442212,-0.2612950862356229,-0.8271168166739137,-9.346924334210925,-6.543149692103761,0
2020-01-15,0.19524683223178863,0.810820092260051,-0.5193236287774584,-0.4207562079004677,-1.0270342668973573,0.19302274539800982,-0.7430388555153812,-0.4073995640585309,0.9398492913412575,-0.7260310321821533,-0.19735506321984608,0.11383608276529311,-9.391227729126589,-6.545900150871888,0
2020-01-16,0.8345136938811798,-0.27313662667285976,0.37651158165537424,0.4722670906637809,-1.0676657417696587,-0.296659409062793,-0.0718127548441227,0.028478778148445443,-0.5157366260639233,0.5463007433280154,-0.2241873044779788,1.4742541776151636,-9.265595615402237,-6.59299579455289,0
2020-01-17,0.2837044957641703,0.23046915431334977,0.9389422435154703,0.17249548360869288,-1.149377101475893,-0.45930938098347956,-0.2896720492171028,1.335148753549465,-1.0014713462507803,0.7985894080084074,-0.24453566698436968,0.269165881437087,-7.968808652876991,-6.595188926614635,2
2020-01-21,-0.25165584060575563,0.11691422781889983,-0.307681555132643,-0.3764950976104667,-0.8806543765073889,-0.5884571652776572,1.5292402732907868,-0.4137717264595999,-0.5146409221539405,-1.4868374403992493,0.23132513101670094,-0.8986895813943634,-7.704213208197112,-6.581451729975722,2
2020-01-22,-0.03110527041588977,0.005315483712218487,-0.30819022048298705,-1.4574500516300293,-0.8606417949435811,-0.17633470871441606,-0.8651361300111865,-0.4105000995408527,-0.03170808531721484,-0.21151094428831366,-0.2458773727412722,-0.4039045059823016,-7.7027311238215095,-6.5693073396044666,2
2020-01-23,0.07847284245602074,0.28751230644868564,0.7115362731968765,-1.048136567304404,-0.8388273835023862,-0.00892066632945502,1.641385096289536,-0.4087811403346892,0.4525608540729758,-0.7178111282700259,-0.1724105801400803,-0.13564613880202017,-7.682590764417875,-6.496565907182588,2
2020-01-24,-0.9887030403920257,0.8158608732195592,0.3678998807698799,-1.021131667175873,-0.32597748002254967,0.3433734419111698,1.8739233334637944,-0.8461244570295428,-0.03266233508706471,-0.9689708110171716,-0.7369033642629849,-2.356434790988773,-7.240731691853873,-5.965258531989254,2
2020-01-27,-1.7509840668223797,0.9590252251274036,0.3650724936937892,-1.5017927107457167,0.6824846218324486,0.7741536999279514,2.753794374345947,-1.7208762150283692,2.872364173833046,-2.236647439550694,-1.5248480917131961,-3.4335284142070264,-7.580251972581877,-5.7284563959669805,2
2020-01-28,1.0652085236705677,-1.3677684891912452,-0.09393962912819624,0.7110846419237419,0.16947686510119686,0.5930017962031563,-0.4661453328994357,1.3449448816726872,-0.037169917318448834,1.0622972826729036,2.838087038104649,1.605151570350171,-7.368876532830841,-5.758133802588102,2
2020-01-29,-0.1250306500366454,0.7559325368038646,0.36166565110651283,-0.3994525296968778,0.19714218621344012,0.49546151077011186,0.22022446722789746,-0.8422734125563812,0.44105511149861076,-1.212517710683257,-0.12911809846280345,-0.21360796518340025,-7.179933428864866,-5.246132378700336,2
2020-01-30,0.3070395861403326,-0.03332567034112964,-1.006207527884669,-0.35409027885362176,-0.06152699792227083,0.7341536587112242,1.970314592247418,-0.84227341255638,1.40364441804563,-0.7033132692891002,0.9169048117013311,0.40837853976122157,-7.178906898288001,-5.244761241656659,2
2020-01-31,-1.974041115701707,0.8080680432201348,-1.3481526898065082,-1.1140203613536193,0.8239239860200472,1.1239649333447133,0.7563280854101445,0.9155700045503793,2.3603299041869783,-1.45707332701804,-0.2940393114329243,-2.9879981087463845,-7.694650025544125,-5.000198622931176,0
2020-02-03,0.7445071038845851,-1.0102444592576427,1.3914695101326042,-1.676692615119142,0.6073190411188415,1.320319110251463,-0.08089802362039672,0.036565759367301394,-1.487666880940708,0.8167058115794006,0.02849115213581433,0.9645633559277836,-7.693447244767539,-4.889424779543243,1
2020-02-04,1.5566114328697385,-1.9773865555209333,0.3597526227612224,-0.22426184792916196,0.09347656920456139,0.989335813028785,-1.878490004978782,0.913045103772966,-0.5300881989558989,1.8212060505909569,-0.20266757686701573,2.008169433267456,-8.377501674209533,-4.7113962929618305,0
2020-02-05,1.1664084147952316,0.14162581315478218,1.0360752424269004,1.292276493013132,-0.16933485382174943,0.7708753087530692,-1.6514436024318095,0.9169562007368692,-1.0076492368482024,1.3160864305108397,-0.5393659996155583,1.3021068098202297,-8.87814897699608,-4.604841294068312,0
2020-02-06,0.3070227965480128,0.7501520645732742,0.4695640187741396,0.21233263512260098,-0.22531459410906435,0.56930783035632,-1.1352511481837135,-0.40266791483350695,-1.003665346075003,-0.19278578567821286,-0.07557333399760742,0.24140606158623582,-8.953704027244992,-4.5785412523341185,0
2020-02-07,-0.6343834705740824,0.3457565548529318,0.5835653983395085,-0.755969473633721,-0.06631507755543341,0.7141124392765898,1.7375554076061142,-1.2897419489794273,-0.040061149879119635,-1.4585479746158354,0.9093200499589869,-0.8374998683913591,-9.178240793130401,-4.083225182520321,0
2020-02-10,0.7514587479329344,0.3317175462598662,0.3562452426498163,-0.7664051741899862,-0.1916144474642405,0.9179067396281502,1.0078374468068165,0.4881351584119091,0.4392032131835356,-0.6959706674607723,-0.3061149333639791,0.7500416019441639,-9.815462048510561,-3.9454269349784443,0
2020-02-11,0.1313094621695872,-0.5608820331787182,-0.43308588979272356,0.4120614022888736,-0.14399403711552272,0.7090724713133414,-1.2976775539656,-0.3992097641742712,-0.5232246974447315,0.8209992304092452,0.6121235974974137,0.06813734501463828,-9.506691683672264,-3.8241206635638734,0
2020-02-12,0.6414655286877923,-0.16930689406408544,0.7020592054610325,1.51705456699403,-0.6100567625779195,0.4394710803032517,-0.5450344241891227,0.047565125643993796,0.4410781446371173,0.8195310000137682,-1.2800382478584613,0.6013435924446643,-9.902366922612686,-3.4448207362039156,0
2020-02-13,-0.18181858111716487,0.7910759223622658,0.24660302408776055,0.15241498612211982,-0.46774023967424055,0.47367838251717526,-0.0005635450315068469,-0.3939850714877194,-0.5201509096987275,-0.1915339837328949,0.07173403863503473,-0.2892138140663993,-8.76518631783488,-3.253522011480042,1
2020-02-14,0.11628347636592777,0.5675722000064013,-0.20892273525147512,0.5301721598995948,-0.6266659874458749,0.48429164005364844,-0.4466124478732407,0.05324122587671895,-0.5230757635457182,-0.4418561293441639,-0.2590801301803584,0.026658987296864296,-6.652279603690172,-2.955262413781058,2
2020-02-18,-0.3459638571515094,1.8364117591705054,1.0349400298778562,0.008253116993130378,-0.234822449547888,0.14401758732788528,2.1154277823104204,-1.2958780376197212,0.4525707837047895,-0.9470329233266344,0.1422090678557521,-0.469200598511724,-6.105190747332339,-2.9036354819418015,2
2020-02-19,0.4714420552188789,0.8149875434529591,0.46166910759132623,1.0846002636438168,-0.38122396277955145,-0.022772128329658886,0.1526754334625785,0.0533261111557961,-0.03771003331017635,0.3214533248397042,-0.6117384273365994,0.4775296637060202,-6.109309311123041,-2.8559595480954245,2
2020-02-20,-0.5124680810693246,0.5553194211564165,0.7982015341686945,0.46962411578219443,0.0020184297105563117,0.09856862875885589,0.6204477582465917,-0.39793913027433436,-0.040702018167762706,-0.9452091750977658,1.1841511196437968,-0.6065775799762524,-5.445269493110777,-2.8561759371838846,2
2020-02-21,-1.2032631987479199,2.1605053826680796,-1.9345452489860846,-0.5423909592637791,0.45476574093006905,0.4705582719614406,1.9663729680681048,-0.40337127919054505,1.9197838085995194,-1.4503641726060188,0.052427257615043035,-1.3386932554857816,-5.46620371591786,-2.824784558424053,2
2020-02-24,-3.793134315546476,1.2663968894168784,0.013564163927910293,-1.9682974429609355,2.307936288061433,0.9731208652420611,4.916840515791274,0.04568411282428874,1.910278816281514,-1.9490358385402908,-0.3573887298364748,-3.9195755570275894,-5.321173613412018,-2.8326829318912257,2
2020-02-25,-3.4117935532276267,-2.73499471410984,-1.0164987133260532,-1.639757622306656,2.8121014337118497,1.3787541176887517,0.15901501117716205,0.5042993572134312,2.87149838469195,-1.1829746646445585,0.9921416246558971,-2.5762115088680932,-5.3424595581000505,-2.7267712356799794,2
2020-02-26,-0.4376466797147952,0.5849183404675397,0.13055508783210484,-1.0278958862250152,2.7385466451070366,1.4968177927462176,-0.16802272909030766,1.8639399550408298,0.4333503557259503,0.07946951341123054,-0.8135733232259998,-0.09912483189200079,-5.041229833971161,-2.7236093984340872,2
2020-02-27,-5.01644180524675,-0.02952019832077692,-1.941501528212128,-2.0845526234833223,4.384337741979542,2.3186040597142252,2.1603159418714806,0.9487703315983399,3.3246114302505463,-0.6788184351372132,0.17048274476487904,-3.491773327673461,-5.203524611895765,-2.7068559536800274,2
2020-02-28,-0.46833135249016195,-5.524725286902274,-1.133164500670588,-1.726462557272615,4.406533335996358,2.553265217233666,6.601716470882356,3.6675730053856404,5.1955849153797145,-4.206809123313707,0.9338324121666113,0.017599291486752492,-5.157289029418588,-2.693511946967124,2
2020-03-02,4.4747825763789155,0.740467710614281,-1.7146926267147045,2.504440448383101,3.483497949651324,2.1343976719208557,-1.8122378581872436,-0.41556493380030685,2.726765353097161,-0.6569646336837933,-0.23023301862595744,3.0262798564099977,-4.54957737455123,-2.7050492164714552,2
2020-03-03,-3.061293568643658,4.377843894099291,-1.3643421898292747,-0.1314508412761651,3.8808747427785137,2.4557440578501524,-0.7430047820690431,2.2696238692170576,1.777598160498697,-1.8970776500756885,-0.28991101287699994,-1.4132516717852563,-4.400352702513613,-2.714340207431279,2
2020-03-04,4.229509101250347,0.18763304713146214,0.9635202846882562,-0.13177878966506315,3.199816581833987,2.4079123890871,-4.989283822420131,1.8088711813945901,-0.5314468727264042,0.08794453138489745,0.7692897005358477,2.319048754509234,-4.337022640957176,-2.7079424294063767,2
2020-03-05,-3.4767529914216238,2.945183780956854,-2.4226460118555946,-1.280178064704616,4.116055494127379,2.6570199518440756,2.6506377541097077,-0.8669454613888583,2.239706478000262,-2.3899724317455626,-1.0041425437749587,-1.5008925759329532,-3.814597136769903,-2.717322374064649,2
2020-03-06,-1.7062449725350897,-0.010405597387496182,-1.8355791839355486,-4.841680856686714,4.293064369678172,4.295251077839223,10.134055647810571,-3.536104066359199,1.3052898860885884,-4.345442373794912,0.22711410205399124,-0.5718013158138389,-3.557946781771041,-2.7183202546427725,2
2020-03-09,-8.185321866754823,0.1694632772260281,-3.3706855382557004,-14.429495589361258,5.332838408088926,10.89618060301741,12.575475596253785,-3.9275855298825766,17.38441948846491,-4.742151248395649,1.4361928934993915,-3.452801273010995,-3.3434408383467935,-2.7551468057023754,2
2020-03-10,4.74896472024731,-3.043163681857127,4.3326071324371425,4.421649438357425,4.591613196612997,7.069585718324983,-11.489578594744692,4.377275469612969,-0.08363513581115019,5.32560358461013,0.13120391346921448,2.182649215469958,-3.3372317585007845,-2.7959724963170083,2
2020-03-11,-4.627337769225191,-0.551211059166127,0.3752027500868584,-1.6904129842491569,5.024734592115652,8.122288914094675,1.0176270703661967,2.5870523822651217,2.097516462541579,1.4805123617691283,-0.46023744583452425,-1.423990914585976,-3.3315591163433522,-2.8192958798905416,2
2020-03-12,-9.113722003451377,-5.691601750132835,3.074164454141657,-2.378835678948651,6.238127129071221,9.557298878681854,6.271210750670334,2.568626074723743,7.51235464508755,1.477903845023546,-0.4465681662601389,-2.8838960707468275,-3.6640794128018044,-3.0005050523841317,1
2020-03-13,6.897745603663646,-4.202583058536583,10.812204042621795,2.581406935214603,4.973835210604115,8.296185687497504,-3.531292612965086,2.9700399393556225,3.337116779948091,1.4711291511777238,1.1143232529201175,2.592285764427641,-3.8708991052174384,-3.143825933976729,0
2020-03-16,-9.30179853382884,-1.5527417997122583,-8.724488379313204,-5.613895691895994,6.190393861513465,8.688579550792792,-3.400636997164694,-3.3356299573661596,2.6157616082679995,-4.7358617663274805,-0.04973176531137567,-2.470942653142396,-4.818262198654346,-3.4889571020747217,0
2020-03-17,3.913946043333404,1.7408022545304744,4.251439603943446,-2.21123923587987,5.646929214685501,8.50249825195078,-3.5498283069583323,7.473622846824781,3.6048372919139053,6.611088279448476,0.303246151247917,1.4257472246478324,-4.355352289897138,-3.567414376113376,0
2020-03-18,-3.7888335410170093,-2.67864306304041,3.570410862022249,-7.448316302481319,5.4907277627586835,10.619136871472065,3.3581530103757777,3.539108047402392,10.5474040965772,3.527148021412257,0.35269014926398295,-0.757329482623459,-4.5699111757029565,-3.6670362960771477,0
2020-03-19,0.16714521785264858,-2.520331847484118,5.523476912452284,4.928110493521225,5.118202952274219,9.386146016021943,3.947558145218775,1.5469461885505857,5.91149905427805,-1.2081420825484561,0.23516970997162692,0.35767003482856,-4.299538055040489,-3.6397783945644577,0
2020-03-20,-3.163824796226706,1.9031574395393918,-0.7604557978342121,-2.957827972696732,4.695291566589436,10.384520059396873,-1.8265634937459534,-5.051456361614296,6.289157707397414,-4.183350679609446,0.40173491381641513,-0.5453857845728426,-4.378132063869715,-3.703640019723752,0
2020-03-23,-1.830758516685774,5.553959848182554,-0.42543862795596604,-0.3706428368712802,4.360902648766721,9.141394866475352,0.4276671294003232,-2.6483852104834713,2.1113572454770226,-3.268459249558102,-0.20607340513875297,-0.15120650922118323,-4.350581512082752,-3.692343654718092,2
2020-03-24,6.193171095978875,5.933248901540825,-2.7886948241877425,0.7994266726314853,4.277597043396266,7.617516674684594,-5.62113677699801,-0.7449676411156207,-3.4961091808752727,1.7452608040626543,0.07123451959425801,2.061676185571383,-5.184536866208114,-4.024457313496745,0
2020-03-25,1.0279520656458898,-1.7268171728430852,-2.28341531397059,0.7819911904278077,4.315615615465321,5.770830567438989,-5.366133970560085,3.0207746483394993,-1.7881741475781407,0.9091309913667276,-0.5660885210923442,0.5002126344182724,-4.892555151286402,-4.036886963641816,0
2020-03-26,3.9093983431922963,1.5099549985362906,-3.8308326913753765,-1.744212417261036,4.093322795383553,5.889393069692073,0.277351942251843,-0.37348325173071706,-2.6058822768774923,-0.953923598745516,0.7782246661532132,1.2057261900336023,-5.338680525679397,-4.225125545830748,0
2020-03-27,-2.0620047383847493,-0.8304287211579022,-1.9504789048951363,-2.7024867055088606,4.2416331963187845,6.974488213365577,-0.04714566944603491,-2.2425742110748335,-1.764908818786156,-2.189922116392848,-0.3719233479599694,-0.38101473069062214,-5.496811386386291,-4.274854754037953,0
2020-03-30,2.168099752787214,0.49073214286896927,0.9460897079187337,-1.8865994440983778,3.751213989702457,6.5685095383478735,0.5004059768508818,0.0036883777422238475,-2.575695604265781,-0.32782014513262064,-0.8712832794695655,0.6817441372977625,-4.919289232165722,-4.349450062893643,0
2020-03-31,-1.0210571408972229,-3.9906289597215485,-0.2418251044449757,-0.08878185070858703,3.5087469144494516,6.124154417003626,-1.4957122930989823,0.0014771704593664326,0.9771181767374092,0.08460415012536675,0.6976600996080503,-0.1608876407485132,-4.950505284833499,-4.315776583326468,2
2020-04-01,-3.1133493491908295,1.0902452788786043,1.370253138470059,1.482494177677872,3.648271861105178,5.386083365686909,-0.17107082016364736,-2.979614503990121,0.9736437447757513,-1.5649963741295494,-0.18063069675292492,-0.6577850363766609,-5.107783644440776,-4.480902280044924,0
2020-04-02,1.5304976168285773,1.9135642482690995,1.1038711477987926,5.5296637273706954,3.270422103269882,5.384836964058157,-2.4219512086980446,0.37585986547440625,-1.4693525294422416,0.2916089937561931,0.8893566583085029,0.5544112096026989,-5.157313530018895,-4.463443159771953,1
2020-04-03,-0.9753677904361798,0.5457687132661571,1.1784607705757362,5.002114803501328,2.9921096178128668,4.349881442037193,-1.5095363026591562,-0.3616026709598268,-0.11171799482533963,-0.11765333148256629,-0.640106174700963,-0.07898636411356474,-5.1797714680171945,-4.481341042983833,2
2020-04-06,4.3530400943108445,3.2264320350001356,0.004551016116269295,-2.425086160355434,2.8658801985044513,4.365006287904846,0.2686887560683611,0.3784235158927037,-0.38188709647872726,1.1181085302107139,0.220669734045225,1.3055129128812477,-6.097603015682606,-4.936884894992583,0
2020-04-07,0.062197199804473094,-0.6881785790590247,-2.1697652987501646,-2.405471224849301,2.9277511712000943,4.072618304011453,1.2685287684894881,2.597970895256715,-3.359639646236958,1.7346558227433388,-0.5299276317995604,0.106214779742575,-5.911371092144678,-4.930603074292175,0
2020-04-08,2.166618877712526,-1.1097224911950074,0.7616862445262527,1.8357100890080016,2.6926044677307326,4.091726551662682,0.7439863692255829,1.1054880246795344,-1.174490018703942,0.49327724277740054,0.22245650585471108,0.609218378386196,-6.412143382990559,-5.071040589243004,0
2020-04-09,0.9786877100067034,3.0055506812771826,-1.7524500025368184,-2.437485414336381,2.561565263384123,3.565608104781488,-0.29306835966285144,-0.0007289099444490074,-3.8454219364895783,-0.7397979159878001,-0.4686823877615978,0.3098954722188393,-6.154460935357973,-5.064496877056364,0
2020-04-13,-0.6127692203108183,1.9421245580555788,-0.41058099301553264,-0.26845955731194376,2.5087447608887423,2.9191712326091364,0.3034463861455077,0.3659621837917808,-5.369997142937456,0.7004582510167303,0.8725947975797462,-0.18486220745999363,-6.0508737307649145,-5.077897386582507,0
2020-04-14,1.8944326304302075,0.8630418882696557,-1.3375959228990357,-1.7902650924438959,2.253172385253227,2.9284826286902415,-1.3687268998133248,0.7319267061358021,-1.364589930521347,0.08267945438443289,-0.7744610724575258,0.479031134777624,-6.006917507233524,-5.151023013067976,1
2020-04-15,-1.4167460520794233,-0.6572566034385515,1.6086793945125464,-1.5932072130493256,2.452050703240211,3.0835569667173943,0.202192786449194,-3.677129786602573,-0.8480265916188414,-2.5863286893104167,0.06301640204883001,-0.5181469096076289,-5.998574234684821,-5.1759863486627475,1
2020-04-16,0.30271052236725343,-0.15687825340772246,0.9251520781456172,-0.4491999240782243,2.3841121988618434,2.850181362589706,-0.1302781210161789,-0.7252527785076934,-1.357711657883116,-0.3195006875342616,0.21077545116781848,-0.06349335224128182,-6.007946640392538,-5.155255478730764,2
2020-04-17,1.7278799954055644,-2.3515084183785597,-0.6599868080065061,-1.074138581068741,2.2310012423910663,2.106319705702553,-0.0278523913027042,1.4549812253218213,-0.3320805090225052,0.9062502364853224,0.25500818777433987,0.5818384083503697,-6.244982366126213,-5.282550477666741,1
2020-04-20,-1.1691142560867964,0.777169788973393,0.671599037457941,-3.711478113617548,2.587634782495289,6.925530362940036,0.15362963414430866,-0.7286250392721956,0.17896857967166818,-0.32004922505834,0.14814502631733592,-0.7549848646938643,-6.303903543991587,-5.173660676654239,0
2020-04-21,-2.0135737193595595,-0.848645901992332,0.25457831737455344,-9.246819876364508,2.659620293185464,10.117113178235035,0.6830646218640481,-1.8157713718802446,0.17845696739294173,-0.9300358552423502,-0.07571354603938667,-1.0858907097028667,-7.013474812232289,-5.3350515395444935,0
2020-04-22,1.413661869579629,2.216031444836566,0.5855494827996096,-3.281280509213342,2.427849128683108,6.348529641781811,-0.33936517056090604,1.095268087500644,0.17845696739293035,1.1159771784014028,-0.34042560254363713,0.389916699648794,-6.825638119620613,-5.377029206148744,0
2020-04-23,-0.015567651016006845,1.0915828111178307,0.007583909574428711,1.5937112692916429,2.3711415552809174,5.293914867126785,-1.0873643610423718,-0.7184315160226421,-1.0991326855337646,-0.31391669263937905,-0.03391806153203156,-0.3175858311492024,-6.748121534681131,-5.366699692514764,0
2020-04-24,0.8834395535553102,-0.5579093466438003,-0.5701654580290694,-0.6958196311521776,1.983678668009598,4.007046470684743,-0.25419736640986196,-0.35512307985181635,-0.33128128718459865,-0.10816608009884184,0.2142118983021784,0.2499199374082574,-6.376347965101757,-5.407796969259886,1
2020-04-27,0.9104986789630862,-0.8300819771191762,-0.6539336359370217,-4.623326776506386,1.7735477919670266,4.292888707628519,-0.7304450028829249,1.8235732342073387,-0.33024289377953003,1.52684812750956,0.2667402445698321,0.26794557112187223,-6.49964129321867,-5.42014395971136,1
2020-04-28,-0.3135059246910204,-0.575627902570019,-0.31903995435752425,-0.6976427336211648,1.7866237960644094,4.597788128475156,-0.8176285741685473,-0.35380646326535165,0.18240986130158685,-0.9238345725887717,-0.6207004687750355,-0.33918679172601773,-6.458382600554363,-5.376625761513159,2
2020-04-29,1.6547742998779689,0.5811744943168986,-0.9860382411327875,1.6903151941897674,1.5901158852433945,4.404054078945469,-0.3742152691862456,0.36853947860493846,-0.32883535081694415,0.2999499929370059,-0.19471322999815632,0.7819886161680996,-6.9634753098156175,-5.531759767889125,1
2020-04-30,-0.6196842146082654,-2.175624402775814,-1.4920681916540617,1.8422700964032723,1.8135845242785191,1.759338766017478,-0.7631588065984188,0.3656567801296952,-0.32829518843581457,0.29805580447879176,-0.0072546885391796285,-0.5804126694679782,-6.9055874963811945,-5.549017828152331,1
2020-05-01,-1.7448043203930133,0.654213751433467,0.1917145358895295,-0.2932316261446393,2.0234952190086553,1.8961067255255146,-1.1716546023347303,0.0014395891384967364,0.43772691791441204,0.09341337317044854,0.33414182460855896,-1.2874298287866568,-7.502663807931881,-5.748459310835489,0
2020-05-04,0.16352920193386508,0.3451699841972996,1.200773666208183,1.3072759095744193,1.9254084610724884,1.5277540465970199,0.24469753256070156,0.3649840713687035,0.6937734901683503,0.09424488090180501,-0.30337200217336446,-0.16337771037000132,-7.516434788347063,-5.729684087741023,0
2020-05-05,0.5760939883109307,0.42884785938479447,0.10876637375945908,2.660922377305136,1.7408329843938932,1.5164398682882936,0.08525319742555496,0.7278084736760516,-0.07344956440026579,0.5019652240306441,1.2384384275607905,0.152127216193401,-7.053006818683245,-5.702294436709803,0
2020-05-06,-0.45261903898585953,-1.5524633386314273,1.0243004741005495,-0.7947840343502968,1.7702725737413934,2.014791547457819,0.3540573507357529,2.903051704320366,0.6942998281152238,1.315406669293664,-1.0346202187220324,-0.5947320146126035,-6.779392880008126,-5.714150480375166,1
2020-05-07,0.7568796007355482,1.6981701708481485,-0.728681567319679,-0.4282582231888572,1.5529454331167023,1.8697217543281848,0.7714121620636545,-1.8084193759548102,0.6924521002425009,-1.7417341785116573,0.01261819398913874,0.4617792438608701,-6.78145548800641,-5.573936730908257,1
2020-05-08,1.0388401384468708,-0.7510595011681591,-0.14336195847526817,1.453797277070265,1.2500544092550139,1.528963420677538,0.5237077966309595,1.0745441439538816,0.6911327306568464,1.3109539860122426,-0.0744006310265263,0.6670814259827016,-7.028391343570164,-5.607408141478128,2
2020-05-11,-0.0034754333854344235,-0.7750155343348415,0.7749323715786388,-0.3063130833744917,1.2076992927822103,1.826367630653292,0.8916371992235818,1.0711801633962883,0.9443592263418145,0.90217974172673,0.15621621526109367,-0.16232851003140264,-6.327441229394754,-5.5922730431079115,2
2020-05-12,-1.3068723722746214,0.38856424287780755,-0.4757621797223765,-0.17431208744810026,1.660538021788239,1.1863893011289226,-0.0775862764551862,-1.4403620762714735,-0.3332536760925577,-0.7190192649717883,-0.3848290133307957,-1.2792881149029036,-6.510422233606772,-5.698039857887602,2
2020-05-13,-1.154777193142758,1.042732803298906,0.3552533642864071,-0.40970906648681504,1.817660446595529,1.0708103416504118,-0.7938443677833502,-1.4383598264118516,0.6858840146006702,-0.9209516331132563,0.47025642187231154,-1.0878304737546134,-6.53400148404044,-5.026795021423857,2
2020-05-14,0.752084235774935,0.9514249371858727,0.18684549765536568,1.2451056929341713,1.6096421768544478,0.9903123694091098,0.3127688931886395,-0.3608035102354565,-0.5912259125590341,-0.10880031467673282,-0.1899397735307945,0.7017956978347923,-6.600532963909079,-5.026764844156452,1
2020-05-15,0.28279999743323186,0.5833245025814869,0.10355939755673496,1.3112606254107155,1.5456696279313713,0.8860868661397895,-0.5409901776427815,0.355975210050003,-0.08090156862053827,0.29763671512278456,-0.6581777820336544,0.19833323129964492,-6.613439400741442,-5.016858974277787,2
2020-05-18,1.9068480263569925,-0.9390414567684824,-1.8979163478080894,2.4220989589835864,1.3261476878441802,0.8760260441402516,0.4605742975888191,2.510835099544929,-0.8454213920846313,1.9254511850764935,0.6615049123522458,1.6968750340624543,-7.4322361743734815,-5.101354767746728,0
2020-05-19,-0.6730025105813031,1.037751911634937,-0.22256818181855423,0.23733526058249665,1.4233988314711774,0.7926981428323736,0.29457917745841933,-0.7154486572132625,-2.117344220826803,-0.5121554846684484,-0.7417798142718117,-0.6784581360654405,-7.259568744474407,-5.116122655635066,0
2020-05-20,1.0590050350298355,0.2049960874608079,-0.8086043253096868,1.1052347524396153,1.2000180273013366,0.8007810805722195,-0.26661807269709714,-0.35582669341863515,-1.5961300450961347,-0.307851862533935,0.3055893817261913,0.8950750417178046,-7.767978055832802,-5.164549923146327,0
2020-05-21,-0.4571337673471988,-1.7516640004235329,0.45074605158879555,1.4493705150477707,1.3288342281129257,1.221333946271923,-0.6903422153017539,-0.35760318355256643,-1.5886500149970268,0.09559699345880039,-0.3328713118158822,-0.7073268368314737,-7.837025719543096,-5.167202970295077,0
2020-05-22,0.10617471211086832,0.610807516087925,0.6152141704669564,-1.0259829951297128,1.204723014304999,1.1046484030528645,-0.8420145483029009,-0.7166421997224146,-0.06759360131723237,-0.30928439060200164,0.31320978783447384,-0.04797890083051572,-7.8054427708976695,-5.1606820300213405,0
2020-05-26,0.7639926839235178,-1.701822819590589,-1.7294200278984917,0.1829102427792284,1.1865119137087026,0.8401283680644641,0.11739275848842654,0.712825817194711,-1.076991380987903,0.7036621193416275,-0.16468272267258538,0.6341753349816942,-8.029925670184477,-5.183393429512655,0
2020-05-27,0.9228921123459446,0.1436850644762902,-0.1334966110318169,-0.6467667049095815,1.1467846887598145,0.7938562848072638,0.16213382646867486,-0.7160972911834356,-0.8212225602475174,-0.10928222400657135,-0.20087808999982407,0.8101449963875332,-8.172789175869914,-5.106293355919688,0
2020-05-28,-0.1357456705412847,0.3214514087084954,-1.227574897921211,0.11818120821686413,1.2280036751434416,0.7660684250290766,-0.5130917196507436,1.4265109207180875,-0.31537585475318386,0.4975198945524306,0.36556517391273763,-0.3004318216518947,-8.160429145548148,-5.088251907100638,0
2020-05-29,0.26398987425184517,0.7748411358144199,-0.382901825457938,1.0196184688364602,1.1272838764583903,0.6608268340461578,0.20997331430974417,-1.4316374026180916,-0.5662413745610118,-0.9236585363519434,0.01585969542443537,0.1108459491526441,-7.006027698359736,-5.001648117089916,2
2020-06-01,0.2358922597958662,0.46048069934979485,-1.314467498839573,0.4455731863602105,1.1876131287789673,0.525936423773278,0.7563467558145499,1.0644924877131698,0.45096031300473655,0.29055415401524537,-1.38355178875936,0.16175251965234513,-6.873841500092008,-4.972839111667885,2
2020-06-02,0.505188437703037,-0.8046415031723136,-0.2985412691835391,0.9751651836555085,1.0578775376217755,0.532949325669916,0.06262215901869829,-0.3628386025566279,-0.568103863857924,0.49861564187448454,0.27490395019918007,0.4243155320355747,-6.885491689650945,-4.959350435635329,2
2020-06-03,0.8197338806964759,-2.1846135055051294,-1.4113979903391647,0.1289073369789257,0.942781637532616,0.558784953647387,1.2591253226885148,2.484786775241901,-1.584339347032347,1.9317873492172506,0.2333511488336381,0.7583650201762708,-7.036682386721595,-4.977478202046407,2
2020-06-04,-0.18887701792971648,1.1282957506898883,-0.8972627779764679,0.4660427490062427,0.9536109484129688,0.5403221713695904,-0.014610604543898039,1.757090669833176,-0.8166346214380437,1.1086507664380572,-0.4781378581868751,-0.5901784428078518,-5.426647669631088,-4.974111750555217,2
2020-06-05,1.5885547965979612,-2.38288014284203,0.3913604995888627,1.4376105300054836,0.8230398686498609,0.5129259815824116,0.1655629359975757,2.100821437543976,-3.3493514126708743,1.9267473788608735,0.03138415198840273,1.736554643314445,-5.547006423827671,-5.034582221791906,2
2020-06-08,0.738399869088135,1.1566596560400166,-0.640177914796157,-0.41678776761229913,0.9466092308328643,0.5940527723297243,0.16742419202076472,-1.0713827598783467,-1.3008790245283826,-0.5301136990574618,0.659600413718521,0.5043013574671648,-5.561999059391898,-5.040264824691145,2
2020-06-09,-0.49880860379714576,1.0213702924709371,-0.7280959225009224,0.12205597524517921,1.1060841369540186,0.6061030085858106,0.033579111994529516,-0.7163297804952387,-0.2949007777865095,-0.7313553298955802,-1.128594434898715,-1.0151246241930374,-5.48499778245544,-5.039950170562681,2
2020-06-10,-0.3780021614564266,1.5383032542593,-1.162375976238119,0.0833497495984099,1.1016605018708716,0.47550179147170746,-0.6254795058983917,-2.119751391261421,1.456439161827356,-1.7512863931699896,0.4723447531301579,-0.7764087024193095,-5.488374392638259,-5.039751928636353,2
2020-06-11,-3.7861225520962325,-0.8754655444849248,2.202355578034711,-2.042330553803741,2.0658558034739656,0.6620463650233217,-0.7573589061412878,-3.85271581963093,1.2012088019675224,-1.7423637926661089,0.633718423131222,-4.871015403107025,-7.403670740109545,-5.791675603745857,0
2020-06-12,0.7298025955435449,0.09725831128709751,0.5558629729836375,0.15132289142012822,1.7512623501581066,0.6666992781609103,-0.1401331701951285,1.7194956031291762,-0.050478219033280376,1.106869802044006,-0.18166604653044707,0.5241318246560361,-7.600631914826357,-5.813561736791183,0
2020-06-15,0.5648659403936781,-0.2625021418706171,-0.9777482706656186,0.6514536648960274,1.624193204646461,0.6066145217743366,0.4862142395132041,-0.006814828996444722,0.44790943967238783,0.09045293621691645,0.052582617101667485,0.31342005789376176,-7.695897970901567,-5.787310282489635,0
2020-06-16,1.1735696823259507,-0.11662243758351461,0.6421887556970911,0.7498787840952233,1.5635499342132804,0.5639253693175537,0.509908653729344,0.6788031792112827,-1.0501222325622674,0.9019285356229032,0.1341353258519926,0.8683901194320233,-9.09424249020611,-5.8830120111935775,0
2020-06-17,-0.27884909428453586,0.15305545802577863,0.13616192687070056,-0.2896793665444181,1.5415954006066452,0.4203275389829602,-0.5000921567234161,0.33135638151446906,-0.5482372200188947,-0.11456770831924712,0.18435954624185316,-0.4623391559498809,-7.178684600789808,-5.885327425167914,0
2020-06-18,0.005148061237702413,-0.28697702538810665,0.8189109753019229,0.690444964034952,1.4953950149031416,0.41579825159689265,-0.6436734899999413,-1.0455953365049813,-0.29852646817115364,-0.5197756030062681,-0.17434940878698424,-0.12922649427805502,-7.03988516339028,-5.882370360502194,2
2020-06-19,-0.3766242534525484,1.1692623326006901,0.21807168523194922,0.41158760185955273,1.6451336447032412,0.342466893389061,-0.3633761408917732,-0.35538564904716563,0.20173384649997833,-0.11373470482275837,0.7287201564411053,-0.520376961661944,-6.556252356018297,-5.870979132420893,2
2020-06-22,0.3798969822166226,0.6556323153912134,-1.2327375804699368,0.8031634056925905,1.392493881970958,0.28705052306542855,0.10180642995219802,0.33351576295195545,-0.2966674213234949,0.290640186367774,-1.2239532246485696,0.2582116089947351,-6.442017264173977,-5.883962046777743,2
2020-06-23,0.2669053099691846,0.8714470664982343,-0.8051103625802728,-0.17917373203729245,1.3555220325563129,0.3420789346925605,0.022582950455634607,0.6788852193635122,0.20271330326056825,0.2920562737036633,0.385465767417598,0.1141034162467573,-6.357257200353641,-5.879974954998998,2
2020-06-24,-1.6323196148730204,-0.46471756058767927,0.9934595211227888,-1.3905787240136784,1.5339850544771407,0.5078912155808761,0.18067747941694973,-1.3928332535211874,0.4530943252995335,-0.5206480057943192,-0.7182501349232858,-1.7134946708022034,-6.798765360115861,-6.087422475555016,2
2020-06-25,0.6458776144650478,-0.13920110527980623,0.30382443969447026,0.7747541939137401,1.4077008382589866,0.4437764248218049,-0.7080380026376091,0.33320153239209177,0.7023951331062581,-0.11383688740751256,0.008499173643894062,0.5463805556307816,-6.876640594682582,-6.119616748818603,1
2020-06-26,-1.5160821763200785,0.42781960861773266,0.3019713509316913,-0.5083021554402857,1.5836531306967452,0.4691642340198696,-0.07603095981661714,-1.388816969555941,-0.045988773575707374,-0.7230288889415042,0.3112854235732071,-1.4156973609228458,-7.2810423556058534,-6.392375314130611,0
2020-06-29,0.8886771566274806,-0.01372810566578956,0.04800360932397425,0.9908298915133984,1.3616716007202945,0.3674204469593561,0.3726997986848812,0.3354504073967362,0.4524701916319601,0.09008809500691987,0.3283867036499782,0.8082080890337883,-7.447210297525233,-6.501039408681964,0
2020-06-30,0.7698978813616254,0.4220988754117371,-0.37639524528399876,-0.12911746008167513,1.2517460352873382,0.3006755328671928,0.249189462410906,0.6768892196013951,-0.29666742132348384,0.49388943323891693,-0.07958650689643114,0.6709844024123761,-7.643602212426052,-6.509467710649037,0
2020-07-01,0.41212247676344754,-0.582217309778992,-0.5474358083690283,0.3663383368485745,1.099355222494413,0.1834711604744846,-0.18184845366489777,0.6759728612882899,-1.0429067039910422,0.6962457851491352,0.2678979462642523,0.33677780971447596,-7.677841654806637,-6.533900413655591,0
2020-07-02,0.31907381403099816,0.16679516026577235,0.13500521706659066,0.47044547298477446,1.0150564557659538,0.12358669276661448,-0.49492746676435606,-0.01296874932345116,-0.5424256350283261,-0.11586075409338742,-0.6417252316804842,0.26118262888650623,-7.531342085870254,-6.512259310358054,0
2020-07-06,0.9280100767586262,0.5932633314910882,-1.2414247259599507,0.2816127150614384,1.0338890632780573,0.1070729785884974,0.22750618252924903,0.3293550495564215,-1.0403901524313797,0.2909252246878407,1.007879034798795,0.8118936679890919,-7.883349586290997,-6.646594110552332,0
2020-07-07,-0.6664867475997609,0.6306125305538619,0.4833818800625684,-0.08573565853766861,1.1549990633580656,0.12394872558993028,-0.22388805787203364,-1.3931179529506428,-0.5389943925142962,-0.725417473802557,-0.7681644470600097,-0.6060271075010721,-7.739533991265552,-6.720597387710058,0
2020-07-08,0.4500723170708295,0.6187269221504702,-1.2458701793248428,0.45296321730673705,1.0379001844532159,0.05325847663804056,-0.2510086657739574,0.6738264430930595,-1.0383247319982338,0.4937278709432689,0.30572613187210324,0.4536884645310353,-7.682430603470371,-6.7370828441179365,1
2020-07-09,-0.3754577811874286,-0.3847468118966984,0.7419847988510663,-0.667012353096597,1.13250041977442,0.18678643371877582,0.05762103190766479,-1.73289086738729,-1.0347934674657855,-0.9273696134286592,-0.40826091342592336,-0.2699607291201411,-7.730689393775018,-6.727190934070633,1
2020-07-10,0.6093914110618068,-0.3710897557111572,-0.3817970589601986,0.6809253269163259,0.9609652587519797,0.07430616989716521,-0.18750900020447708,1.0161245721886005,0.20913452884520867,0.6984109669005558,-0.07560589591196522,0.6054735608088322,-7.973941727973883,-6.81681340591157,0
2020-07-13,-0.5594341361339183,0.06086830501657635,-0.38144556479190356,-0.4342632160396578,1.3527346048679965,0.1743952977402897,0.07690186338618192,-0.35651303904666476,-0.040949058913940385,-0.11340627969969633,-0.461245166310654,-0.479423634267144,-8.005948640061044,-6.8796758092702905,1
2020-07-14,0.7767534389284972,0.4428268092069331,-0.46581313150312187,0.4462337587697645,1.1397432679873682,0.16295140974199332,0.2686366205512146,0.32799199592293166,-0.7869126381654868,-0.11381828827003496,0.8477528178481458,0.8534976247797026,-8.666829203719704,-6.978823687007764,0
2020-07-15,0.5450798957176293,0.017634502324947753,-0.6392695777092817,0.4694894695760271,0.9881701145822989,-0.0024637740614232733,-0.7951056100325793,-0.3586867638721697,-0.039941104339844415,0.29198469545963124,0.3046063187280163,0.5437044044457514,-9.021491531660706,-6.869033441763802,0
2020-07-16,-0.22628851656739984,-1.15343451789629,0.7510861815203604,-0.04798635099367,1.0048398356816792,-0.02900812397492944,-0.13779990333621386,-0.7010695839319663,-0.5369859583467975,-0.3173270705280551,-0.27735469821251046,-0.46760809796305774,-8.278215123406321,-6.8763792847653376,0
2020-07-17,0.15734337509189342,0.8429469375080118,-0.9877418562277298,0.01679010264145386,0.7941236242113748,-0.19165134228645916,-0.15900860473203354,1.355889487784451,-0.28691472272216273,0.49516553093573856,1.3094709018347663,0.12853767800814367,-8.154783844466166,-6.88453347253433,1
2020-07-20,0.47648494473193714,0.45683551487550955,-0.37704415123609886,0.09357856265495165,0.6744570392824557,-0.1273900383132808,0.2429792530970504,-1.385290140921753,-0.5353769568320872,-0.3161156620265431,-0.5975239963690523,0.5419577043300936,-8.197410424598013,-6.939489943937433,1
2020-07-21,0.10910154559550207,1.2636473596061712,-1.4259940623664722,0.6440619806895661,0.7083838068604956,-0.16912020022321025,-0.07939074696609927,0.329675011599268,-0.7831872643916123,-0.11182305154866559,-0.04369618245269799,0.0032740412376187464,-8.074648257760071,-6.939346584578545,2
2020-07-22,0.32809741729783415,1.6082920953509807,-0.6372570524258444,0.10207439916389119,0.6548041861259514,-0.16445831232241528,-0.24020987152593914,-0.3581287566232417,-0.5325038094081942,-0.11308674274890192,-0.8268778281308417,0.27683249143484695,-7.755141657893905,-6.954747747057433,2
2020-07-23,-0.7666860139009043,0.8953114793808721,-0.46671393611456924,-0.24665176314138082,0.8192718918993243,-0.09592282675316247,-0.2942800643413121,-1.0419109932361874,-0.7791140729466587,-0.11080529673374158,-0.1228691329117995,-1.2437466111084419,-8.12103215892626,-7.106604381154684,1
2020-07-24,-0.421812548754037,0.8645062211326006,-0.9966367943832112,0.10278852215826896,0.7938307788431622,-0.13753927703769708,-0.305483056041832,0.6793621084185908,-0.03297679654059785,0.09571162105699756,0.06006996126688344,-0.6744916974528316,-8.055266776458387,-7.1428886570311665,1
2020-07-27,0.42844827529666196,2.097967420552885,-1.7096624377010365,0.33889223804101615,0.6863833896663583,-0.1654025341596405,0.030981823191820575,0.6776891248170291,-0.5309007399725059,0.7059254741855164,1.3526293311686126,0.45131715452189664,-8.070490396938379,-7.082929924970248,1
2020-07-28,-0.41414945962935956,0.8290802797645864,0.3343529877330094,-0.27440709041625655,0.750273068212615,-0.17402238838451242,-0.28291072902431424,-0.7005007654732306,0.21418878001807073,-0.5166756444093069,-1.1723974624592959,-0.8485839640506587,-8.15600650640381,-7.117205780975826,1
2020-07-29,0.7355695953713032,0.7336111038873792,-1.0899293859125834,0.28426244405211376,0.617378551502661,-0.21645525916141117,0.08002751228939738,0.33273184745944245,0.9574273253414168,-0.10702764871304317,0.36353326117580453,1.0393740445106088,-8.645427521214636,-7.180709393558024,0
2020-07-30,-0.2434400868067941,-0.9334181562499089,-0.912767192627398,-0.5353992758203944,0.6794740207419816,-0.1491621595823615,-0.2034824110830927,-0.6987965921117603,-0.28590800791305787,-0.5145839955628768,-0.43651883484325016,-0.7880267218859561,-8.480186142426643,-7.191281267768909,0
2020-07-31,0.4637811142362367,0.9070069044204151,1.3243185127674333,0.21166472596871297,0.6475812571752655,-0.08493664261341684,0.28473617227419595,-0.008185561400569231,-0.03739634569196124,0.0981497139638172,0.5120696347110396,0.6631792720796734,-8.831197665144632,-7.218876796544683,0
2020-08-03,0.40509917219768526,0.022412034415715824,-0.01895982032174049,0.3336624958047191,0.6270421815570122,-0.16487427272521235,0.24682567206446218,0.33392121474332337,0.7061583327973199,0.3009374527943285,-0.8185426162595453,0.5430913885795622,-9.142599947803852,-7.267587882912993,0
2020-08-04,0.21406695861555528,2.243882993396842,-0.8211953516456977,0.4897430584674287,0.5723621737865866,-0.2009642836137146,0.21095000827009516,-1.3872771657421552,-0.28724267358864475,-0.7163148836250913,0.8487254628186759,0.16626128183234867,-8.735007927278284,-7.16806028660738,0
2020-08-05,0.35869375807790604,0.9154911052171714,-1.0002495193110796,0.49316857692453797,0.49047302255335906,-0.28878611300334434,-0.5009966196247415,1.0263122758347978,-0.7820177398492675,0.7103608391249352,-1.0148757837546964,0.5439905758110212,-8.065377326118147,-6.9710204266622116,2
2020-08-06,0.38749369715940957,1.3516401344750897,-0.012028586860049094,0.027366477352821692,0.45192518164387246,-0.27655811629222604,0.18349225121597398,-0.00818556140056923,-0.5323352142117521,0.09695446530909559,0.269063958232888,0.5360722230415588,-8.20559386716768,-6.155986874716722,2
2020-08-07,0.019793836801812598,-1.891501539540764,1.330890505904684,-0.23289609864853775,0.40194806854967635,-0.28171064980662247,-0.24094052419026687,-0.00955442872704939,-0.03686531954375011,0.5037602723669862,-0.07844586741477738,-0.2637752462627377,-8.207478316249695,-6.125022997276222,2
2020-08-10,0.1601734787911924,-0.4945792167871129,0.34149235071127626,0.36277185459286104,0.3904744270203217,-0.32901235422486247,0.16209288834762187,0.33440500544672896,-0.28460026687774564,0.5048575855224238,0.7875428254281561,0.0028846324613947963,-8.203261721042942,-5.827306560427057,2
2020-08-11,-0.536795288766713,-6.206426337589006,0.339659632214062,-0.24415698712659953,0.5866249955484174,-0.28111030549225374,0.6513438381565079,1.020658812591516,0.7079059133687557,1.1142310438181557,-0.19320118923952473,-1.5751540297810418,-8.469791726901539,-5.7261217148995005,2
2020-08-12,0.8314792804574475,-0.593236808309337,-0.7263199212562284,0.7568818102530267,0.40085577968378416,-0.35791770710370013,-0.2183290876459237,1.7058932954708415,-1.0269818393863774,1.1099273853545277,-1.3498700638215664,1.6251779037319802,-10.248823562171408,-5.691420280929649,0
2020-08-13,-0.13802393986184788,2.3904219801409248,-0.0986459678399525,-0.07423706215161757,0.38222403967928514,-0.3549309598621527,0.18368690382823932,0.6679278231159852,0.9564080878799857,0.49503116131988867,0.7773912374651895,-0.6453482479649213,-10.082846343034891,-5.692314274470769,0
2020-08-14,-0.02470706376353168,-0.560373981570378,-0.36683343985724753,0.007910472848671732,0.37160098255646884,-0.3492028512782614,-0.42129522686229964,0.6670212859801882,0.46151108963407933,0.08760577704466364,0.46417348971657746,-0.3109606504467567,-9.820447374658377,-5.642779129725402,0
2020-08-17,0.17007892412862027,2.176519020162798,-0.9943908200331661,0.47407799344348384,0.29127462841133417,-0.42340761034168733,0.5818970389877461,-0.7069596776679452,0.7073931431740911,-0.3189579305292288,0.02334044521152577,0.12496501197405596,-8.832503029005906,-5.638458763237831,0
2020-08-18,0.10618645088777384,0.8417058400472045,-1.2668799677926155,-0.08506719536875879,0.3076340262340283,-0.44388546264465156,0.055621423019853004,-0.7060217064124913,-0.03630894753819533,-0.3194160679916028,-0.0734634837630469,-0.026595518217495746,-8.782070258231021,-5.635328159757378,0
2020-08-19,-0.284117782617714,-3.50799581070734,1.796172158890449,0.12506980231239506,0.41892045358808505,-0.41252202095602925,-0.3088363158743569,0.32296557247522,0.21051034402786684,0.2923557976430865,-1.086569440563253,-0.9367771407682528,-8.35351679065678,-5.618484164565235,2
2020-08-20,0.16662897519836214,0.6206587880660137,-0.6348003338652493,-0.05724608177150265,0.4357608476720568,-0.4135472818617375,-0.0016841688080816459,-0.7046424112917455,-0.037291619832490026,-0.5220813937660471,0.33851726924543457,0.1990950964718667,-8.37451506972075,-5.584785707385196,2
2020-08-21,0.19320542062221482,-0.9434440755801836,1.0651754426694466,-0.2417033476916024,0.41393661126408926,-0.39059208129678125,0.12188162129851358,-1.3935930696877876,-0.2845939408268923,-0.11595163010071512,0.306563701101781,0.28291191597973664,-8.256425840514282,-5.55520534496148,2
2020-08-24,0.5970753537733142,-0.6925717776052326,0.3440629443006963,0.2287792311552758,0.3931410940213783,-0.4306325201524634,0.25545439424252914,1.012024484353348,-0.2845939408269033,0.29304781121336343,-1.0093083061252155,1.2900241241791341,-8.673188568814767,-5.554940276423421,1
2020-08-25,0.18872515461753617,0.029774040465518358,-0.8185286246564168,0.5933471378768911,0.3533807543268601,-0.409603456058125,0.33339561802909035,1.0080971875724374,-0.035343571538717186,0.9027557504837305,0.30905091399616635,0.05651336833339914,-8.306960916268478,-5.424644119598044,2
2020-08-26,0.5884045711103378,1.12946283891972,-0.27921449385140823,0.08142260263706894,0.4842391643662977,-0.38919256237498484,0.02183338199032051,-0.36471651292200685,0.7064358985088005,0.08604259276506314,-0.7769647487176007,1.2129723760524496,-7.947637590365546,-5.445842684192282,2
2020-08-27,0.10678216442882747,-1.3181025125188717,0.2573674985648452,-0.16282351661710728,0.60405903570845,-0.3912680319764882,0.27713097214020405,1.6890433596661594,1.1992199851395433,1.1040112959010224,0.37071319332167085,-0.2848491430396988,-6.453396165357243,-5.3889767437600575,2
2020-08-28,0.370180865661754,1.7087465781926692,-1.8165188348468517,0.11924353916455727,0.4458557153351655,-0.43836097915083994,-0.23402274726798108,0.655915471894599,-0.04018169910323725,0.08517264884562745,1.1716778863895363,0.6074379881249637,-6.4371773641988055,-5.339861053991734,2
2020-08-31,-0.2521425070384406,0.14875850980249858,-0.2813020451382704,-0.0542246664859328,0.7849922620336126,-0.42422474278208355,-0.24820174329335196,-0.709844449096773,-1.027615607071632,-0.32065965121850315,-1.3325270252107215,-1.48142328832763,-6.05112249369055,-5.336395593284455,2
2020-09-01,0.5517935570205843,0.02447837502525654,0.44028651788207435,0.10192833353331142,0.7547562471290858,-0.4482830262080968,-0.5778496884883942,-1.0490925784196699,-0.03868359990071934,-0.7265193828279128,0.45014372613195724,1.198075430414043,-5.933296316720795,-5.342821102984803,2
2020-09-02,0.8577688434782794,-1.4829276057515393,0.7981585020985396,-0.6184082175837746,0.7934125894628535,-0.34504975027839313,0.12169870226509033,-1.0459185929180688,-0.7782383061858926,-0.3189579305292288,0.3519447896908752,2.0979913116870215,-5.896032781880434,-5.377989791635584,2
2020-09-03,-2.190453082959078,-0.9472282949575735,0.07881749938525534,-0.13056159887703184,1.3637414374084766,-0.18556265684295783,0.1939088469371393,-0.7008864206653795,-0.03524933000630404,-0.5215889691785722,0.052914400388288305,-6.7169782177670525,-6.486315022506861,-5.660245751193389,1
2020-09-04,-0.529447196434102,0.18964843229010966,0.34995835107721673,-1.0098796691819147,1.1414961591359964,-0.11060510786175677,0.27388483598571894,2.7088653648274295,0.9529092629043449,1.9239007192978335,-0.2039253019860815,-0.984150423719089,-6.420295705159647,-5.593112108148068,1
2020-09-08,-1.725782181489126,-0.2987065468469011,1.15231927642628,-1.700552677714764,1.192588910653784,0.21723177051814538,0.7748491921955157,-1.0378806897961979,-0.2823012546806895,-0.5207757491231122,-0.17608186721558536,-2.7774820780678313,-7.028673472718713,-5.756882066618405,0
2020-09-09,1.1743029899866269,0.9104619706337532,-0.37077785977316235,0.7585294435363805,0.9733011190820003,0.036248302705857625,-0.39626819446422146,0.6551927423094092,0.45705692485155125,0.4937278709432688,0.0033936196759177394,1.6249747411693976,-7.562606265761609,-5.784011526967169,0
2020-09-10,-1.0955017735501862,-0.43564024823520786,0.43439590917147747,-0.5575742963703361,1.044517267552722,0.11087200766888082,-0.7670833832084958,-1.0364662672710092,-0.03718327330770429,-0.5194304169828875,0.09019356201375861,-1.4055110983347774,-8.14307307463219,-5.861354863090124,0
2020-09-11,0.008421184131895933,-0.10447188330901638,-0.45988088730876253,0.3380045479755197,0.7958028465554432,0.05323295084024645,-0.4430050978522445,-0.022110918253571178,-0.03767549543808234,-0.11199705741636345,0.1914861580003525,0.026435646500322502,-7.764448155646409,-5.834063267012673,0
2020-09-14,0.7765028090166142,0.7203082423029832,-0.548988294427767,-0.022313050812719604,0.6983251495203985,0.03202981205087189,0.2335861435033255,-0.02144300776427813,-0.7786812648388844,0.29634465276050914,0.3089931096215097,1.0449607315927114,-7.879042722174685,-5.805933069187681,0
2020-09-15,0.2836331391905555,-0.34808709982876007,0.166141935355253,0.6743724879213492,0.67071842417954,-0.08620428219736807,-0.24320135005093108,-0.020774974898139748,0.4554208820062519,0.09232359356461228,-0.24389018543290483,0.36143874427365263,-7.6933168930293165,-5.800145204060116,0
2020-09-16,-0.26634538174527167,0.19612614146523305,0.2539502678680294,1.2473428374505633,0.7102140494664825,-0.19986396255523012,-0.13255914809791514,0.3157979667473002,-0.2861884038895979,0.29551613136620236,-0.016147413582240897,-0.3329906877440391,-6.917211348219049,-5.792274389865864,2
2020-09-17,-0.5621671645586581,-0.6746555883080381,-0.820222212409545,0.5852457600555075,0.7461406446765387,-0.2673311911216555,-0.8433669166441398,0.3150964719387944,-0.5317518970597097,0.09274163954100413,0.03227611678287286,-0.6704472605731484,-6.991539195469088,-5.817672102387275,2
2020-09-18,-0.7290686068844846,0.03808365769011628,0.25535850625403234,-0.08613764587489034,0.6842781740062979,-0.2586477646171483,-0.25334561790619037,-0.02346233281986788,0.20882678244210962,0.29596679749172644,-0.04817319670717344,-0.8285230845039584,-6.865883049692241,-5.863667199286918,2
2020-09-21,-0.7030824575409547,-2.2140362911050047,1.595812955731106,-0.6688484125983495,0.859012880536223,-0.15334672418357562,0.29959771399837964,-0.697847858818884,-0.03814474918816203,-0.31220069351739055,-0.7745052611046729,-0.7624619259445404,-6.73477051239272,-5.825865529451548,2
2020-09-22,0.5982149247011599,-0.5976153059465515,0.781310197663589,-0.038648827806259986,0.7732261642311593,-0.1990248659436309,0.157116174015152,0.3202313690286793,-0.03814474918816203,0.09697045026491669,-0.826931852769292,0.8347199535833699,-6.798003243504543,-5.855688501196655,2
2020-09-23,-1.4491202018134706,-2.357148737272107,1.2170805851938293,-0.059245038423596214,0.9217975097578637,-0.10658561229395688,-0.1486279280215208,-0.35783571564986116,0.4536082078478864,0.09656660417176914,0.590156158193058,-1.5914812489391466,-7.381736499347075,-6.067648046185973,0
2020-09-24,0.14510675422738803,0.29463774934378995,-0.3759605765425097,0.5418472242298096,0.9121497210038921,-0.15655866574829197,-0.2950045491642854,-0.3571191170646035,0.4516868705944032,-0.1070717577636773,1.0127541164391134,0.36804602443518647,-7.328759629755076,-6.057836527425211,0
2020-09-25,0.957735358153175,-0.38373563703215724,0.5949613785407257,-0.06643920260059419,0.7183116054924179,-0.19835615935521297,-0.048393046941035626,0.31952763105780313,0.944328749824247,-0.1062720134786951,0.05368715278384268,1.2882804126235643,-7.620735976350775,-6.168806338891767,0
2020-09-28,0.9812389180494873,0.9445408548001379,-0.7284960683251871,0.41165197167120887,0.6974721732529698,-0.2206387432815978,0.0965005168143053,-0.3565651425156743,0.4483196973186783,0.30232230411662114,-0.692648470852941,1.2703433400111779,-7.546785328628508,-6.132883590065125,0
2020-09-29,-0.35325372751509104,0.7745841104848152,-1.0831799253986913,-0.8960498113719434,0.7019206007346741,-0.06876158851408552,-0.1613637297944352,0.6578744517736038,-0.5377025113264958,-0.10715129167378822,-0.06154872878551616,-0.23811171366591083,-7.260181371198318,-6.1411632039536626,0
2020-09-30,0.4376040046163722,-0.7163618071117066,-0.016281685422313886,0.6666471501266016,0.7081591133386335,-0.12915116986784023,0.5537385436835828,0.31736568956817396,0.20184190062353835,0.7084101078966641,0.26208463816520033,0.6453052520391162,-6.965678027928398,-5.712381166043346,2
2020-10-01,0.36659497419060877,0.8236597170663671,-0.37080533804351046,-0.6944508579980719,0.7355938476124391,0.018790516448085968,-0.11593678611208226,-0.699280332946824,-0.04447363912044182,-0.10831145347978409,0.5315401118457102,0.530334047223212,-6.927321754573618,-5.694000691073458,2
2020-10-02,-0.6008384976118912,-0.18687002752016083,0.5193209789738827,-1.1113244287792639,0.8166162397926915,0.18916245972501405,0.2825913988729774,0.9989952126526844,0.20136973411276965,0.5051911617703251,0.9932731238815763,-0.4922793525200558,-6.939599992873173,-5.688426992547316,2
2020-10-05,1.045106399122894,0.40960029609373333,-0.9923837573011682,1.700924741611403,0.8424716397233262,0.01858861420498972,-0.03169909263878479,2.3526083856665467,-0.5376376396214759,1.7263529899561625,-0.8689703035124114,1.3772839718898464,-6.997244833184845,-5.744549258904733,2
2020-10-06,-0.8904214686394519,-1.315009374078724,0.6118696364476778,0.5354656700640553,0.9694928779039508,-0.06172938686545526,3.8167857839497725,-0.7016078814723932,-1.0296116148863017,-0.3124224390631929,0.4813351149174862,-0.9979430088799739,-7.192415624734408,-5.713379960174401,1
2020-10-07,1.0227235931715082,-0.1377304899080461,-0.2784121176712005,0.08171899888601115,0.8440740987075261,-0.093389461291184,-0.1625977543709007,0.9978142279677503,-0.2880199591749241,1.1204382529052865,0.5906223465971789,1.2970787559497132,-7.612560661337133,-5.6572118610248205,0
2020-10-08,0.5088616037785392,0.27509667053625997,-0.1007671466415879,0.8024848546006285,0.686872046763588,-0.21563189992721493,0.06846058143425092,-0.020198668582343107,-0.2870319690385796,-0.5147912902547385,-0.9113268634182957,0.578137237939809,-7.7803148833656905,-5.576057825948545,0
2020-10-09,0.5117198025503003,1.7635878296148806,-1.3493671785637535,-0.3500030971345091,0.5537984337949378,-0.18206335029606127,0.04315703476940437,-0.7005610765386773,-0.2870319690385905,0.3027438523831467,0.09104729923983386,0.6497194309795489,-7.988898276026582,-5.597132996215791,0
2020-10-12,0.93780614302047,-0.3928246457729525,-0.2767807929804943,-0.5222938642039895,0.5584893116998664,-0.1366082161678997,-0.0016937235104689293,-1.7168868294991655,-0.5325285648406309,-0.923151775310443,-0.15176127482863383,1.1707292645888292,-8.049693982901118,-5.6241295955091175,0
2020-10-13,-0.4301893936473511,-1.7266234047118902,1.3287441910673135,0.4623738411961951,0.6542597741686196,-0.0808395257386833,-0.40564258337441983,-0.016113547281336564,-0.03855774796278801,0.10042553535658315,-0.678283192186242,-0.7553412979539612,-8.137689510775752,-5.635473271683207,0
2020-10-14,-0.4179997941869232,0.2311619023003071,-0.5476553435805428,0.5792895465559292,0.6849375186178687,-0.15269880532984287,-0.43818190135353907,0.31984457888998363,-0.2836279582035926,-0.10715447448858931,1.0732038209047354,-0.6637625296003017,-8.269673786341459,-5.631266517305523,0
2020-10-15,-0.10779407797201374,0.28634719373576634,1.0553778684014776,0.04018373637065646,0.7361571398279576,-0.14524672318138546,0.4450072945770035,0.31984457888998363,0.20892124793100436,0.30281666264490137,-2.1901408870453665,-0.20306812614629102,-8.164547996278914,-5.605512381237583,0
2020-10-16,-0.06992473086752866,-0.44724843031053574,-0.28042239068492775,-0.13244832436036955,0.7744308214274491,-0.13971077644647967,0.3401337856483851,0.6592165110174609,-0.2831175789719237,0.5074005741368991,0.859821585188447,-0.16293271989374897,-8.12620503321281,-5.55547732667809,1
2020-10-19,-0.96336931825416,-0.03631759166225957,-0.7245770864392511,-0.046287429322923616,0.9257272980048493,-0.16045008388919343,0.8172717948181286,-0.022222033174261836,-0.7751564058748736,0.5064641596191429,0.5333389111617832,-1.4187135383180844,-7.802010315891445,-5.576602540025808,2
2020-10-20,0.21455590200132518,0.40803556623138,-0.7237002778646989,0.5193709645071336,0.9368025479143255,-0.14736945372525118,-0.16020230748312822,1.6755737398707378,0.7020070174486721,0.7115797987223202,-0.1618336465375814,0.19438933693248617,-7.811978092290892,-5.573148227788846,2
2020-10-21,-0.14625718282155592,0.6853192765555821,-1.1716650629203011,-0.8430702083971957,0.8748857300292386,-0.04397609410048946,-0.2864186259090317,0.6521183062393906,-0.2811113571906062,0.5047615867761704,-0.9696901528548522,-0.35393917357278903,-6.431087983887545,-5.536191895852227,2
2020-10-22,0.30230340646240794,-1.1069238248840618,0.8902877900023017,0.4788170032888834,0.8257782620379464,-0.07224154881448516,0.13550930939837186,0.6494777191430905,-0.5265551027622063,0.9143960677301702,0.14285663879047178,0.3135383956539111,-6.387159686785125,-5.5393108425233315,2
2020-10-23,0.17441085191493716,-0.19860971667641172,-0.5423110774863107,-0.5394933475263782,0.7741584883652756,-0.08142756903326318,-0.2696576471242647,-1.3823334681483341,-0.2795490796264672,-0.3142814612054271,-0.47767954155261455,0.024413321118068352,-6.330377882814408,-5.530257983464512,2
2020-10-26,-1.1686657524073547,-0.13959278916773388,0.7994907885885688,-0.6982533703217101,1.174052197476362,0.10596586929720936,0.10137710348403806,-0.7015873054880872,-0.031249335482731587,-0.7235781657052919,1.8583028131863248,-2.1099894432278963,-6.464565985062995,-5.6122725064871535,2
2020-10-27,-0.24525234490343858,0.18397205568946548,-0.4514154284986391,0.6633144941548766,1.2377723300347019,0.025476283593359107,-0.22510279222168508,-0.7015873054880872,-0.029799336681224448,-0.31635489265043815,-1.1231181178989602,-0.4546250100918945,-6.291458469233127,-5.547710044537813,2
2020-10-28,-2.1564051452092765,-1.7661394803623836,1.4249959635246239,-1.335627564521416,1.6959623830341215,0.2872480503403841,-0.15790484211754427,-0.023451691266617655,0.46216862279365356,0.0955041210382234,0.54747151817131,-3.3892746228002375,-6.784503552148429,-5.9184670325536395,0
2020-10-29,0.5858427962767739,-0.5107726502401709,0.8796875179181457,-0.6743253866918857,1.5205462403242886,0.39122601165135706,0.8789051117399947,2.0023633762247672,-0.2757338266067952,1.3237043227067617,0.5890925824889376,0.8454093961013459,-6.569861613824286,-5.95424718261211,1
2020-10-30,-0.6695748929001709,0.3839877601152333,0.25807029964216105,-0.2985435939356962,1.5430764389930332,0.5423732716572623,0.1275414238565588,1.6540296973821254,-0.02884234446895268,0.704784454615085,-0.18605363514624948,-0.7501629188140091,-6.6513901815114975,-5.98960066875274,0
2020-11-02,0.6499914464318183,0.907302398002334,0.25936290698537867,1.163498539898331,1.479803672311067,0.4810983484619898,0.34672085765789,-1.037227375050166,-0.27474828290513875,-0.1137778256152436,1.0039288212965425,0.9664453401067236,-6.627154612900397,-5.991958465538196,1
2020-11-03,1.0368816654133035,0.49305995116837065,-1.2452666620075572,0.5568982224434675,1.368630054963544,0.3922373460306139,0.16880325188899026,0.6417577935096509,-0.5206142996833102,0.7073897448497953,-0.5550543898933401,1.3618160074275876,-6.888185315386044,-6.1207228711692725,0
2020-11-04,1.315278896804754,-0.14488808559160235,-0.3622666035716895,0.8087885767234683,0.9179980818214993,0.1354976216216242,-3.497761294588572,-3.0451906077520077,-0.026391515984435752,-2.3665787727970633,0.239712588910054,1.7103994917663334,-7.442194574827448,-6.372198850893317,0
2020-11-05,1.1404983431657356,2.2509580813657863,-2.150202752389319,-0.2083391948293055,0.7469832084217585,0.11074303091487132,-0.8212139321701821,0.31041823278514813,-1.5056968153871806,0.30317385633538935,-0.5018619259517728,1.3206735884231926,-8.085575236923843,-6.5649082500992995,0
2020-11-06,-0.04836916068825477,0.05353918382316908,-0.8070260151119634,-0.6339590559641648,0.4943927513386132,0.16734800839196853,-0.798964787688288,0.6408480989511668,-0.2702229545747018,0.9147949248874426,0.6149941377072762,-0.11095311506084878,-7.607022246027013,-6.561946172174643,0
2020-11-09,0.7240515409145417,-4.729916857313274,1.4301255688684296,1.6908763896690284,0.5780954339272826,0.06663742545797394,1.0578646131102043,3.960834587364281,-1.0101379574785496,2.7509048529134534,-1.057042965887553,0.8455882704049021,-7.61115408148183,-6.672100932670378,0
2020-11-10,-0.12184435257927041,0.24962621670028665,-0.004063721390605171,0.8809013001018737,0.4851758129905617,-0.006207640576651072,0.2648836271214599,-0.03443315862809163,-0.7625265426269114,0.4961629699197022,-0.7001279976722125,-0.18142731782347427,-7.558174241163643,-6.611546675269335,0
2020-11-11,0.41685351324572345,-0.5174028473451684,0.26568106200389585,0.19207560075900587,0.3482144397421163,-0.01839860358951264,0.0022217851242159778,-2.6539519433161214,0.2223364640883279,-1.9355984904322885,0.6643104722642691,0.5346725048597958,-7.396096254247276,-6.653051715491575,1
2020-11-12,-0.6271361616685541,0.5218785003165981,-0.0011529016857179685,-0.2931565328333615,0.5347831182790665,0.027384247747788238,-0.41669740897755636,-0.02968242806812349,-0.0229201269061139,0.09261375757706589,-0.7815176005405916,-0.7914703298218224,-7.530885377893589,-6.728417669251248,2
2020-11-13,0.8002947695844189,0.5951380930704223,-0.44446185292027807,-0.44413542235727366,0.30937826551222053,-0.047847522970925836,-0.24959227163357978,0.29553374033044727,-0.26633552166809527,0.2929189312444363,-0.9871635914460429,0.9622978790329467,-7.838064601899345,-6.880618786759371,0
2020-11-16,0.7161913371653921,-0.09395853202189934,-0.5359405558828501,0.7226703406130819,0.23981555705910454,-0.08531231588597625,-0.09174050974011741,-0.030325098436176954,-0.5121102612554388,0.4947140040737128,1.7704237354626162,0.7936898648154253,-8.194144024370022,-6.855196947076734,0
2020-11-17,-0.3678143906719252,-0.45570768510944776,-0.3578850489208447,0.12269467786969733,0.2673160549024128,-0.13608865025062802,0.12729161520625246,-1.0053309332638356,-0.016145076315927685,-0.7201004826043479,-0.63671420384108,-0.5308402223424631,-7.595471386723651,-6.880779930509154,1
2020-11-18,-0.7741151343535111,-0.6617030232112939,0.093363791588226,0.18907610441862854,0.38380631562619427,-0.10865948942501975,0.11764122924059266,0.9464254283817591,-0.7546337745381543,0.2919054202609577,-0.5958137285403161,-1.078474536649934,-7.933556353263331,-7.000042421879351,0
2020-11-19,0.21875299103559917,-0.27201254281836984,-0.3610746851243083,0.15089464783823325,0.3074678655554761,-0.10111493862084622,-0.01178139230018789,-1.328062762603061,-0.9994111474333471,-0.3160209905879776,0.9082619643088286,0.17554492362747878,-7.961606963280055,-7.001848897484888,0
2020-11-20,-0.45691761869852854,0.22058282833127205,0.27111511103804503,0.2354998848422015,0.3675652631443975,-0.16862548598696944,-0.24716542994821947,-0.3505732909792026,-0.009294838592320285,-0.5181460911670901,0.04554239048267114,-0.6410154682376256,-8.043887282983631,-7.04036466496369,0
2020-11-23,0.3233330288557673,-2.0793538572758887,0.3630085990513421,0.29651828441197736,0.25907808644406904,-0.2001945878877408,0.15891041180110774,0.9467547066156018,-0.5019493899197534,0.6956279032470009,1.4602306153372773,0.3222197779055173,-7.8149037488187165,-7.078622966203913,2
2020-11-24,0.9322985821837498,-1.6222208116252128,-1.0832150848463877,1.2350385619255813,0.14759783135983912,-0.19828309922411286,-0.13124939918804282,0.6191094985581609,-0.5008457884673826,0.49211980548834794,-1.1533847137526123,1.0251550125207725,-8.78798801166493,-7.438437734924584,0
2020-11-25,-0.13741924629792648,-0.12253131421917098,-0.3580052659431438,0.5639508201193528,0.10371974122106706,-0.17686174320392206,-0.5679069779169498,-0.35478839332111917,0.24010563295966897,0.08694279321190773,0.12041224489134227,-0.3515496045124302,-8.803222953662141,-7.417086145677406,0
2020-11-27,0.12787442070595975,-1.0921806363145392,-0.4478403969549931,-0.07625154019472133,0.05618410842802342,-0.10169589878647813,0.009085162578871046,-1.0026628506901156,-0.00782571544480283,-0.7201497683046219,-0.38444582701488356,-0.039971793548001025,-8.439546626970378,-7.313708883473473,0
2020-11-30,-0.31154637673822017,-0.7418051713588972,0.5525122848856441,-0.1657223647341524,0.02430379202627347,-0.06867151631835358,0.2546637436928236,-0.028894187313243752,-0.7461108184667642,0.08892213661440158,-1.085386403248105,-0.9211868253167929,-8.5137330785823,-7.3380749055423475,0
2020-12-01,0.625311798950654,2.002168271116461,-2.000167271350112,-0.2588328134163241,0.04712780838234872,-0.05595457756772128,0.1477658404787946,2.238545215923346,-0.250093809058277,1.7039404016111022,1.1808960405046869,0.6153124077684804,-9.30579423830607,-7.53511564379592,0
2020-12-02,0.08840983274855528,0.6672436597090516,-0.2657753819512976,0.37183664225326174,0.09265050828225686,-0.1153930105763301,0.5015013564269092,1.2559332610396752,-0.9885422079255668,0.6883530027115565,-1.1767410771397897,-0.3331033555760383,-8.693655817398326,-7.496066961448704,1
2020-12-03,-0.055919917594197656,0.6998004395928645,-1.180616040096496,0.3050348100650665,0.10439860637234587,-0.24757195118684522,-0.2858537516407396,-1.003050747260417,-0.24519842836716257,-0.5215659741369288,0.4900797158062853,-0.530784651862512,-8.693463126647085,-7.20470191555102,1
2020-12-04,0.4858868731916174,-0.35916211233461315,0.2877110394169823,0.331961786222831,0.04699446396604153,-0.320323428736051,0.2863686017816593,1.5755259961490853,0.0014682540620787742,1.0886591466288444,0.31742644887216026,0.4619126891768663,-9.257214663763724,-7.241048308257041,0
2020-12-07,-0.16885856756585502,1.3916958760168436,0.37752708938546214,-0.08360525065173816,0.10544468649659294,-0.33817130937868856,1.208089136941681,-0.3675185760022011,-0.24570255987786171,-0.5266654328509784,0.5759852516674275,-0.6384852282351611,-9.103059778382185,-7.198298005282564,0
2020-12-08,0.13618967903277765,0.2658414511254534,0.28465237905938406,0.06523003265907297,0.03416061304886674,-0.3368786972218001,-0.11682970124668599,-0.6888982111039691,0.003429262743678646,-0.3257513060055612,-0.10343567283792228,0.053154713000397494,-8.169612576726184,-6.951878274801138,2
2020-12-09,-0.5991451899892745,-1.7846545729478713,0.10003089883346403,-0.004639165920845685,0.21342468463991524,-0.2855637634459586,-0.12440789353554732,0.28095511040570936,0.49834561756771256,0.681479726060716,-1.4968695369053013,-1.4600268168185455,-8.49533906952381,-7.004327511002664,1
2020-12-10,-0.06482413346352295,-0.26389099014171435,-0.6301689779011737,0.729326060026004,0.24043980629659426,-0.28018714487970386,-0.27232773464291365,-0.3647657333671021,-0.490384572346048,-0.5281563356590195,1.4508118285139204,-0.24261678737326997,-8.354191461906971,-6.955288468736477,2
2020-12-11,-0.11669400749279638,0.10852650930298746,0.5640289377090445,-0.09205351176148072,0.3234469719263066,-0.28541253850362713,0.08190615060956707,0.2797481605171359,0.24918281537963563,-0.32416684869744933,-1.8866605067199296,-0.35549520662091805,-8.293904861978548,-6.956686676800799,2
2020-12-14,-0.3193104311254314,-0.6197868335910982,-0.6310328688757072,0.25403323770797526,0.4646960526993183,-0.2727647095179998,0.35875421056260987,-0.6874193515471719,0.24775597556119294,0.08035245522751343,1.0736596786000423,-0.7258538847208302,-8.323557660786024,-6.970330803601197,2
2020-12-15,0.7806122657595215,1.2968673073336512,-0.7234237659434466,0.37421430726251087,0.2782413036053912,-0.2902010134401056,-0.22243046277111964,1.2523444344069856,0.4950213452301635,0.4833140217416109,-0.7509349148183266,1.5584216128185393,-9.637503540194754,-7.167422816221309,0
2020-12-16,0.04892705026372488,0.4648593981846213,-0.26103873019244944,0.22432036435615513,0.23651121981662693,-0.30853478264827866,-0.24266146883945924,-0.6862823257076867,-0.24769576753227557,0.0787433652199722,-0.061032217321810286,0.008417070531619142,-9.66315094400714,-7.103254192933517,0
2020-12-17,0.29294587183678295,0.9541038792605095,-1.1881100623843988,0.40640356433790636,0.17506547341774442,-0.35912018290865944,-0.5822155480315456,0.6041332955367463,-0.49438047143318686,0.4805838261784741,0.9254645725649424,0.6375601787630985,-9.95344699761475,-7.067334029978317,0
2020-12-18,-0.29692367564916883,-0.24592919796193638,0.2949415769856781,0.3155841035248883,0.13591532689474967,-0.3500266424748081,0.108480161395554,0.2812098409858465,0.2486165780442175,0.27675881061381935,-0.7394060008114148,-0.7752770270925357,-9.164067403622917,-6.882677933896506,0
2020-12-21,-0.27275941546423393,-0.3926645361900495,0.478952765043944,-0.660974197983776,0.5082995396007763,-0.2255468790059689,0.427139129541943,-0.0435003141240523,-0.24567437002002565,0.07284684187900942,1.3223831764557903,-0.8391610882951428,-9.255834135260809,-6.894450089921244,0
2020-12-22,-0.1578328801812624,-0.8590600580722744,1.2130231150161037,-0.42640662299356114,0.4181405118410889,-0.21088551603814087,-0.6391814769400248,-0.689932202801345,-0.24469410566290262,-0.32988484295012266,-1.3130056565200983,-0.4859114908479839,-9.26437340220454,-6.884897991490385,2
2020-12-23,-0.0008596792875931592,0.5781555991446966,-1.0032773341815393,0.6165904555334253,0.3259614577884485,-0.27118821445564184,-0.16556377479771947,0.9277353060778891,0.49895100572461787,0.6797173299214183,1.7276678310679587,-0.13715203788321945,-9.03123110981933,-6.87064716411953,2
2020-12-24,0.180508072088278,0.3179721699458912,0.19814074302620488,0.18999603254849495,0.1363906016238751,-0.28370212476979023,-0.12179771905707205,-0.6868316630631875,-0.24204880206155197,-0.33239038424414913,-0.327569180359607,0.3731637906370514,-8.137270903494137,-6.882896653348155,2
2020-12-28,0.47959246209305323,-0.4347953591533352,0.01492967786988574,-0.23347899694160368,0.1572291282595489,-0.2755783772621676,0.666348346168539,-0.03906761365434719,-0.24258345727494124,0.07504467793973435,-0.4167245653470214,1.4062725719048796,-8.230634629360974,-6.460342690764473,2
2020-12-29,-0.17418005228298195,0.28517133428137154,-0.7299501465306255,0.21075173789444906,0.3083988089886781,-0.303476820072444,0.1849243913942501,0.2843833746234216,0.006878265879091765,0.07347848821123909,0.6967514351522706,-0.5955818946824153,-8.117579876148424,-6.416757619600538,2
2020-12-30,0.03424758096328654,0.6792153272044773,-0.9187726206964506,0.15790411995189452,0.27675314632062814,-0.3203101322870784,0.2360916955260866,-0.36254293406442334,-0.48634425273306053,-0.1310103842596707,0.6362919370180979,0.037857472284918606,-7.573807298019122,-6.194376521555738,2
2020-12-31,0.2627014899463863,0.2910039904427195,0.6666276074041007,0.13255326479655977,0.2752112852125417,-0.3245540389737248,0.3817349216959123,-0.3612437461432697,-0.4847834978371806,0.07074856291577601,-0.46617057238374465,0.6499666073630944,-7.561054292869027,-6.080195381618675,2
2021-01-04,-0.9107844024119697,2.096837816754836,0.20280307773736675,-0.49203020217264826,0.6882101336230804,-0.20333480500799436,0.133137866320683,0.6062058385044234,0.2618108707057228,0.06956227222576376,-0.7005189052824535,-2.902176513435028,-7.880157507231922,-6.0761546828598805,2
2021-01-05,0.3736955468266959,0.21304326008878133,-1.297155065723113,1.3695741641005592,0.5365681726478274,-0.25118489648506487,-0.1270106812178014,0.28183088645640253,1.0088016132780526,0.6760885521122808,-0.2840998427650107,1.0534620266085917,-8.013068979411631,-6.0966033405599145,2
2021-01-06,0.3216679288685331,-1.6908650290551441,-0.26604669088303934,0.18855483325492103,0.5096235672834657,-0.2808220382564557,-0.8935600024165273,2.2223767464988238,1.0048726672626964,1.7047238529772055,-1.016886128166298,0.8278974872919027,-8.10240765612063,-6.056452829291451,1
2021-01-07,0.8740162558006156,-0.3051490818049891,1.3253503998560714,0.39170098932605707,0.23242641191175803,-0.371268619025377,0.12377332924560024,1.241214298358482,-0.9861743762439928,0.8828754163419484,-0.29792973770782355,2.309538824391827,-9.234639248599388,-6.146664064786072,0
2021-01-08,0.30355724049639854,-3.491130929573204,0.38562225274974826,0.77019984178845,0.1425613089283526,-0.354130209236341,-0.07577517877832741,1.5577085390629983,-0.9852623550905772,1.0860543260723399,-0.4294263489602653,0.6200378244965379,-9.037237353564008,-6.137594378705753,0
2021-01-11,-0.4779883574865035,-0.25749889129606063,1.4065794903675186,-0.08405183123870826,0.41021888282623664,-0.39121087285945627,0.6238796083349697,0.5906267153365762,-0.9823463398000557,0.4723297215585647,2.753926176996095,-1.224496507038686,-8.91519806523265,-6.158787642575362,0
2021-01-12,-0.03876020153178693,0.5581462889871088,-1.203865314309481,0.5561389964506885,0.3324320021574399,-0.43164073732655667,0.49478375930253293,-0.05286429002903064,0.26123423314037486,0.06422935576390275,-0.757669957337313,-0.22521421364727456,-8.037288210900007,-6.158718926339194,1
2021-01-13,0.11682548294183404,-0.4874068590102256,0.7557944856995026,-0.028858538132353125,0.21195883021378453,-0.3488292131740639,-0.9419658221859691,-1.6599680777685435,-0.7310129088626391,-0.9552376902265627,-0.06382734994013929,0.14216248354905967,-8.057294341361422,-6.160909338861327,1
2021-01-14,-0.2733759047469449,-0.11780948457938478,-0.45627836914687436,0.391287504447973,0.32215645772857804,-0.31609020424239637,0.1355486182153116,0.9116071710221987,-0.23181137955113906,1.0823552454227763,-0.8793040950707322,-0.8182415548884614,-8.056456579164811,-6.155249723747376,2
2021-01-15,-0.5110277813781969,-1.2783406152089423,1.4976886931125262,-0.6566923779316123,0.43212386929284674,-0.2476361481581074,-0.22478025309667674,-0.37097524353850403,0.2647726301657735,-0.7496850719121351,-0.1341659063111712,-1.4086470835583016,-8.184424816459018,-6.1804546803763705,2
2021-01-19,0.4411269077303443,0.7522831821897772,-0.6385284906529206,0.37486361514595906,0.3187910520737499,-0.38834677895500164,0.021612977515959763,-0.6911319605648844,-0.4803233234063364,-0.13785248901338915,0.32276259998046136,1.0781132460542993,-8.420834705344168,-6.210434364851399,2
2021-01-20,0.8130071241699918,1.4964343581654456,-0.08230274551533141,0.08169226001135377,0.13796628949489528,-0.37983846501781066,-0.5604047784701797,0.27113521309018823,0.01574830568545365,0.06652127987248892,1.518723574575484,1.9126923230242066,-7.348431338364318,-6.299263075901405,2
2021-01-21,0.007075202877737717,-0.1317698235194404,-1.0100201858452507,0.028122968776951824,0.10767263841080514,-0.3972071448341752,0.10486114045811029,0.5894949075406366,0.26171449923628964,0.4748820982110723,-0.247546307649921,-0.10826994811974319,-7.241685167772322,-6.298015520997279,2
2021-01-22,-0.27481287090849893,-0.8342152904415149,0.4785933468961866,-0.3685705406930502,0.17371623525048283,-0.36339391975492596,0.021518198567812084,-0.6928943723687654,0.5095940672579627,-0.3415644824526572,-0.9709502621837018,-0.7906746282412617,-6.801150209905782,-6.27276593748723,2
2021-01-25,0.19605684755288655,0.014216963707406717,0.2903311482325543,0.3367499856307868,0.31077254758559575,-0.31373077094713975,0.002510435172055998,-1.6504094485277592,0.2596729928371273,-0.9505070384642504,0.5815011525941794,0.2946256537363514,-6.593280686797371,-6.280222948079412,2
2021-01-26,-0.1498634104781433,-0.3084343996383595,-0.6370017097968351,-0.05938725358592988,0.29193521198108496,-0.3387358648502279,0.017122745603557744,0.5905192704068637,0.2591629487521618,0.06740875440182446,0.129420985183336,-0.5450592783327959,-6.460344730605276,-6.219296659187459,2
2021-01-27,-1.6056551475330416,-0.6812622061384925,1.4088345703021257,0.09149483182023449,1.4545273274309412,-0.25258764776339315,0.21683764603340158,-0.6878580879793643,0.008872873414516333,-0.13451729291439468,-0.04253893046593488,-3.8856276299696275,-6.95630853997636,-6.228054719202324,2
2021-01-28,0.48877672686227863,0.025174269605024727,-0.5474592509138803,-0.14821108711664474,0.944199109076452,-0.24602019011212353,0.2888632639897083,0.9086057136633974,0.25836501004373746,0.6798576695943725,-1.3140517312128484,0.8725088252365636,-6.900779496355043,-6.251978488997067,2
2021-01-29,-1.3172999018775138,-0.10280159162915736,0.28900825272555447,-0.0040446585306126515,1.1612581636203592,-0.2532209850744262,0.3942952795767695,1.5444259488561318,0.009367577416476945,0.8808825064915168,1.279483259930316,-2.3186830105953353,-7.3963818791313525,-6.169958678604772,0
2021-02-01,0.9891927538880875,0.8413645932412255,1.1195178377334236,0.794575518859939,0.9394510672588646,-0.2826326224921635,-0.23554243320602522,-0.688252494571008,0.5068687601621524,-0.34267824647006506,-1.3919908015650035,1.6513736804316963,-7.842437761985462,-6.276399006180275,0
2021-02-02,0.8330652741073507,-1.2477077291867846,0.28321352292005114,0.590762945418479,0.5304018576598668,-0.298016922934317,-0.07578854436769869,0.9037772784875506,-0.23909039148920244,0.6736023451266459,1.7074685695125895,1.257035785052086,-8.537412423948853,-6.286749170676265,0
2021-02-03,0.0016437241165854408,-0.20797372324802593,-0.08640103042533423,0.5210128687035772,0.2641783316186126,-0.34064853622044095,0.21416397521043753,0.9011563995966613,-0.24275859790827806,0.6764066492118437,-1.6813872670611825,-0.016310909254576983,-8.539597171623551,-6.207021814987918,0
2021-02-04,0.66030844956206,-2.164219562003864,1.0200851686149035,0.3264617103463913,0.13929466420114237,-0.3896206578219005,0.06761493208591159,-0.0529472886335088,0.5047994469742285,0.06399535962603109,-0.29809567683636495,0.9113265524744301,-9.560657278085559,-6.110331803058197,0
2021-02-05,0.19804740186802872,0.8865599619101736,-1.282473311136595,0.3295868747808742,0.035817086304908596,-0.40172154983476527,-0.009871562242879849,1.852763530097201,-0.24530324242580603,0.8798340540062274,-0.3866373666817355,0.19186517851485327,-9.442278573917966,-6.106069482575407,0
2021-02-08,0.4017330642915922,0.9019833304513092,-0.08148111694058993,0.5946486201916238,0.0768197234791665,-0.41473739388871494,0.2610964011514071,-0.6913346918106115,-0.992097732024157,0.0611214181032446,1.8809718917491678,0.5066504680631166,-10.473647286157647,-6.041288374257879,0
2021-02-09,-0.09201207091522107,0.25076433028676876,-1.1913334203590351,0.21129625716856199,0.11955668126037931,-0.44108842512116914,-0.3547525922223065,-0.3738238513490447,0.2575630901735794,-0.14504277630671242,-2.5791718483367103,-0.2003852997503089,-10.487563968670734,-6.02541228946367,0
2021-02-10,-0.07738905445341923,0.28878373562970916,-0.07778559849085286,0.1243305823660173,0.15797433784697495,-0.43470835564923516,-0.09902249142962499,-1.005797281228123,0.2565723537606406,-0.5538921417069469,0.7351212280039011,-0.14960792318094407,-9.989444095005235,-5.984237793525965,0
2021-02-11,0.05093421756905588,-0.9014774422875348,-0.07595889700453468,-0.17761587599577244,0.07372407430340716,-0.419043192342487,-0.06596536575564689,0.26174538942868614,0.5052019942797562,0.264970247637974,0.1885976493333835,0.019892524686141482,-9.978170893684725,-5.984552529048111,0
2021-02-12,0.2597766439000018,-0.353538501424906,0.2012031119111026,0.7371753033968893,-0.07807110957780189,-0.42139340200428577,0.22259884967273158,1.2108078086521235,0.25500807906113354,0.8787073942144565,1.3837363342928006,0.3389733505926407,-9.411974987067802,-5.980164747540754,1
2021-02-16,-0.10307803041685856,-1.4492714129174191,0.017583812793387193,0.4022114478972874,0.0948849318692482,-0.39686139426217815,2.0404152218944684,2.4701315895136258,-0.992837241757679,2.103289941810397,-0.8656290595739334,-0.24022532330578042,-9.403183636598614,-5.979831474505365,2
2021-02-17,-0.03466831704979922,-1.1516052700189428,0.9447846309496529,0.3496610467778102,0.09808002344154167,-0.3474481140178844,-0.172393817105585,0.25119524476473654,-0.49077742320793927,-0.14859257986987506,-1.459342121990935,-0.14586534488226371,-8.504718013016447,-5.9752801951468175,2
2021-02-18,-0.314762219900215,-0.06028928511350644,-0.7270051177618753,-0.3831320426005913,0.20543768346976352,-0.31989287781887554,0.026968434497544342,-0.06485143411715655,0.00741355624181176,0.05531738950659452,1.4100282784771117,-0.6367421460813344,-7.157205035950741,-5.900742549536245,2
2021-02-19,-0.15762941750375944,0.3451562578324579,-0.5436548653259571,-0.36731986761838137,0.15567909070500327,-0.3242535337808768,0.8917663013547894,1.5072594808980828,0.2565090459666928,1.0724507938434458,-0.8378878919767682,-0.32784450244721514,-7.127417380539502,-5.900630284497954,2
2021-02-22,-0.5298990407056087,1.3715432680257311,-0.6367317464080668,1.1597246936335595,0.30297604422144947,-0.30198138497667376,0.4069778322965309,0.873582267050454,0.5033759209602838,0.6626635661724863,0.5472951796509822,-0.8865007148037144,-6.632539188416223,-5.8993038561394755,2
2021-02-23,0.029972361300261697,-0.27852679851790474,0.20362492638267715,0.27661729866815465,0.2653923605447898,-0.2694112931828193,-0.14992830150812678,-0.06839536800572352,1.0010556654764802,0.05325540364332233,0.23473664434058722,0.08921868760210663,-6.588054729459319,-5.877307664953634,2
2021-02-24,0.6406524179661464,-0.12471632170353977,-0.35648143268988425,0.6334344792116408,0.0694349866641942,-0.27479248404985773,0.03349981331127112,-0.0677773333997115,0.5008971168444547,0.255126593661964,0.6390226524044896,1.0709746233110078,-6.54700109973343,-5.911474484194162,2
2021-02-25,-1.5727350728343195,-1.8768544290418576,0.7625016836988053,0.016918587209461412,0.8043185203771894,-0.2471561532941327,2.5371468712965286,3.379391024507363,-2.4916220647825753,3.3078388112382138,-1.03066348037956,-2.545038254447017,-6.913220080623934,-6.144731237880132,2
2021-02-26,-0.3659394160655554,-2.390092849325502,1.6825878020473557,-0.727097837968087,0.7207306678692865,-0.19410122597556764,0.29832630639007335,-2.2440346453951654,0.005897776534793957,-1.9697886718486632,1.4729168477768433,-0.4384234051854929,-6.645255800757374,-6.04333571460386,2
2021-03-01,1.4519267289203357,-0.21364219809120485,0.19492224097786862,-0.4401798757261785,0.2804448353352701,-0.19281988131520758,-1.4429524381776289,0.5492956663321775,0.2541121406555412,0.2506317491150317,0.3621379032671829,2.3269248615554226,-7.193516744051749,-6.319837266428307,0
2021-03-02,-0.5339391337613129,0.4664114647222972,-0.8190907647610317,-0.3210901091475894,0.3553431516225665,-0.23847760597906206,-2.281671655410933,-0.9938761053033712,0.5001073474534798,-0.5518348214688618,-1.901130920837586,-0.8411560690892816,-7.023116491942052,-6.350473176929619,0
2021-03-03,-0.8746170136915008,-1.1101412493260205,0.6599619822699285,0.7868928575767707,0.5997251050800149,-0.27086137669568483,1.6627517238002314,1.1672632400301897,-0.2443379603302439,1.0583475621773848,-0.4176024805799561,-1.5172645265187967,-7.1931033614499915,-6.447494820419836,0
2021-03-04,-0.8179196314357777,-0.9933667697682341,1.4820804162756087,1.332701345232329,0.7647477467400002,-0.3433690279503155,0.46251944573125325,2.088071842372395,-0.24383189728222704,1.4559270051190332,-0.7659383909522274,-1.2946558584769776,-7.2666167765201255,-6.472852914811769,0
2021-03-05,1.0920555707633728,0.00931643225276412,0.8321975763341388,0.9208373312621685,0.40297214749509747,-0.36239357498970143,0.24445748093134556,0.5392767068091927,0.004424108253129929,0.44783486607796,2.8065855294660316,1.8800738130893155,-7.907503073671813,-6.560204143726392,0
2021-03-08,-0.35468670736622854,-1.0416235505874283,1.279588367934766,-0.5567608703751104,0.47971714855273645,-0.29877412316426416,0.4564381541250645,-0.07614749821227286,0.2537902109548156,0.6463680213499615,0.8820031995003783,-0.4812468785221267,-7.879523521076408,-6.577708514248559,0
2021-03-09,0.8359117501311121,1.950120978966126,-1.2610602924562693,-0.208931858566882,0.3357937564916516,-0.32516269012553256,-0.8708815228297468,-1.3042543493798107,0.5011544750238327,-0.7605098732391892,-1.700457548113685,1.3924815999499436,-8.627947643155656,-6.732629698859918,0
2021-03-10,0.3383584939394571,0.4309680041867046,-0.3518727345214015,0.449119336434121,0.1799921256458043,-0.3372116471992716,-0.8766909328132155,-0.3800986278530326,0.2532821929708226,-0.3584059809603282,0.3798347900820894,0.5689571935147085,-8.790866776627395,-6.7462186936022634,0
2021-03-11,0.5808252206685971,-0.1345860769743179,-1.0848923400584574,0.5877376544362111,0.1065833888457862,-0.3293157095471267,0.13746242963469466,0.846438825177894,0.2527743021550796,0.24465584561667605,0.8663510492595046,0.9280374573560141,-8.235174192173718,-6.789065758982266,0
2021-03-12,0.03683765798411552,-0.06883980042565477,0.7450018126508533,-0.11518527439168351,-0.03554663973500728,-0.3397572299667364,1.4064906523173346,2.987600315110737,0.25134346252349543,2.0480638202741517,-2.4045189707429575,0.08448184021168015,-8.229083601254313,-6.79055748548708,0
2021-03-15,0.3232659086305585,0.36583922929232693,0.4662486526791707,-0.013096178151703487,-0.11700238006832654,-0.2877585970455306,-0.018758924816135947,-0.6879668843601722,-0.24445734026257765,-0.36100114878688194,1.665145467809445,0.4871183647677129,-8.129613153810636,-6.814497522070013,0
2021-03-16,-0.12534834247045612,0.034725486902416086,0.010596328840596109,-0.22920094558659207,-0.14857771867487113,-0.29640684130828926,-0.006252345370968183,-0.38237814807202597,0.25232817295909593,0.04002567291924326,-2.1697863185078123,-0.1731218729515761,-7.941905050776191,-6.805330151595067,2
2021-03-17,0.16532014462598899,0.6233309080340143,-1.0868169413578905,0.038061234566528664,-0.22128133018124482,-0.34508014537603116,-0.8369419644844724,0.8315972007676661,0.9960322616806635,0.23830895953292966,1.9117478845570401,0.26775153656617906,-7.902247172490069,-6.716770416417117,2
2021-03-18,-0.9566491664455611,-0.6062831216576477,1.3800794711506479,-2.1806549403511557,0.059704212586416394,-0.0349235391801651,0.7504320935036797,1.435402459756311,-1.4840697521819775,1.6372340996863313,-0.11107777497971337,-1.3554230219339851,-8.586702591063581,-6.901014306710623,0
2021-03-19,-0.15924147586473833,0.343976111785851,0.09907196940821143,0.9296763413475383,-0.015339021848679898,-0.15041862594574157,-0.3526134716218632,0.8240556786644455,-1.7250288134619949,0.6335783669091052,0.39984453767257755,-0.1484013621374142,-7.731696508877803,-6.880538985543722,2
2021-03-22,0.44923641983198065,-0.1910271594763562,-0.4495016036953328,0.008201740475195186,-0.2734101771357788,-0.26697085410526056,-0.2506587616214852,-1.2966686301776604,-0.4836454856779148,-0.9663997375157769,0.6508153380467531,0.6790226891637037,-7.8867219839793705,-6.889584980562753,2
2021-03-23,-0.5345865350869684,-0.7470733410038176,1.373942573404522,-1.5592588763728952,-0.09662270739619079,-0.03270064910718787,-1.4029962122994928,-1.8970996936833147,0.7490537474810898,-1.162960703934908,-0.8844034958261376,-0.7077760970178784,-8.046201475100183,-6.864133217069476,1
2021-03-24,-0.36229501428588257,0.2774596234557793,0.5500354718540527,1.4801984035962596,0.00924558670467961,0.4254910055011381,-0.015650775119709654,-0.08063208646715322,-0.23706251625460165,-0.16779722597396696,-1.068218049039033,-0.46953649675197906,-8.07666125345754,-6.809906706696126,1
2021-03-25,0.303719335016353,-0.394628173338773,0.6375872476456887,-1.0159406253846355,-0.1592416260567898,-0.00033909084049071805,-0.23984705666809297,0.22306270861016692,0.2551927560784573,0.2320599933682538,0.2906462258537277,0.458486354433137,-7.837612411812761,-6.73580375097971,2
2021-03-26,0.9489504058319885,0.2197450523972586,-0.2639587516278657,1.166258203891271,-0.2821035572394624,-0.1412311456921842,0.39607866828534966,1.126627339571827,-0.4835870869677819,0.8307235565032945,-0.6621636198835242,1.3741809121766644,-7.980277285650461,-6.973458564356754,0
2021-03-29,-0.07868772964738802,-1.1866622316421727,0.5478795954088376,0.30606159594430227,-0.04872379947830093,-0.16395668839618044,0.9111353725612888,1.724857549807192,-0.23714836924102006,1.2275607891325515,1.2147289475701832,-0.21596904421704033,-7.980002471605102,-6.973681347962319,1
2021-03-30,-0.21179746896702684,-1.6882957985153788,0.9060039181067525,-0.4522672500417321,-0.18900131001400827,-0.2411209070586187,0.2990721061850919,-0.6855154850160462,-0.9764645224212948,0.02612991546762143,-0.9584528747579169,-0.4400687635148266,-7.996855232000811,-6.981159047485573,1
2021-03-31,0.2055856937859739,1.3771364982252317,-0.1724913638710668,-0.3846047750434191,-0.21760632738043295,-0.12368908795985119,0.7766548458494689,0.2150052911301414,-0.23547180382465907,0.22649989522770891,0.28692474424754144,0.34459299024812523,-7.979001353979592,-6.955666254664453,1
2021-04-01,0.62275522879511,1.134490970015289,-0.9814047486177707,0.9310891448460529,-0.49919883630419953,-0.28024546525405614,-1.2879482137045664,-1.8860255680673486,-1.221052744396116,-0.9706689407060287,-1.4481365121435945,1.011800087047455,-8.181867614484517,-7.034111378879491,0
2021-04-05,0.8392901218648,-0.08809242592512267,-0.7115803580028178,-1.000633413315594,-0.4193718074586658,-0.22883258064517012,-0.6557921320295845,1.1174937506955587,-1.2168113479352283,0.8309654628076888,2.1655744024631103,1.3273629465217625,-9.475382883599472,-7.2892390133228835,0
2021-04-06,-0.08421218730687215,0.7015595756515092,-0.5319217063208115,0.3384715816017664,-0.39215284969487474,-0.2182574132151891,-0.3084432694517793,-1.575796287785525,0.5057200112492208,-1.168111354638971,-0.9204075238130762,-0.511495669676028,-9.371392241166202,-7.235156498871983,0
2021-04-07,0.02466540407956024,-0.3206338952665606,0.282494107137632,0.1594380924494841,-0.5292574818244876,-0.2515729894944757,0.45442598287202934,0.21952116454037388,0.25865471677261814,0.23291695548594957,1.2191096423229364,-0.21714465875991543,-9.256486584651302,-7.236878319920261,0
2021-04-08,0.24730760433909396,0.9550544419759577,-0.9838816011937774,0.024779976777608435,-0.5620141107540192,-0.26879864885354277,-0.5060365405344616,-0.6781062380862729,0.503637044171988,-0.7660708094076323,-1.442235605665859,0.20473034653706323,-8.583110090798858,-7.181671805742896,0
2021-04-09,0.4025082469558584,-0.7684449949999926,0.19309978748850026,-0.06918980092880987,-0.6023730547895049,-0.3126042715233184,0.2250138577818921,0.21903656522211934,-0.47967572297865513,0.6335207550478273,-0.003998141902441511,0.6226961875037302,-8.8325598477092,-7.181524805195633,0
2021-04-12,-0.02605473516101629,-0.6259041850635233,-0.078892598624943,0.22913970077144946,-0.5708778149720579,-0.37446532855555925,0.46097106832265977,-0.07991544951931051,-0.23423758655099808,0.4322177094735473,-1.245172299547107,-0.32799595881754856,-8.679541898450545,-7.059264058536229,2
2021-04-13,0.13537642174797834,0.6142544957396058,-0.8058997432285078,0.388671611030545,-0.6113169203352584,-0.4274527970311741,-0.4739206962831989,-0.9744167198800224,0.503637044171988,-0.966286301924465,1.1923767680121704,0.09276949349873516,-8.443599349698534,-6.979228071724133,2
2021-04-14,-0.26108643799352244,-0.46545805768819126,-0.25882704775220144,1.1251470658605263,-0.5627320032333147,-0.41394072023846584,-0.2335986572594295,-0.07808023212810103,0.25663868630431597,0.03442133836409306,-1.3583299833828069,-0.8137419443791202,-8.137861017032176,-6.585341092005911,2
2021-04-15,0.6158932493439702,1.4579009475003009,0.013709431922963006,0.19665267658801525,-0.6280499297050942,-0.4571720674581464,-0.21407754794705172,-2.4630764134955525,-0.7290634394462807,-1.5605038235285849,1.3344169119431402,1.2193992212958955,-8.246151298965202,-6.564973193561606,2
2021-04-16,0.15823016802143747,0.510069937057622,-0.2598280049150675,-0.008442012193676648,-0.679313671259508,-0.4977892227591284,0.711503871536763,0.8156509015548339,0.5010584525620799,0.636544137534778,-0.6256085714168188,0.11358828053170766,-7.908986457242923,-6.419206504880206,2
2021-04-19,-0.3548245995471781,-0.32098386404072377,-1.2653593549616462,0.13901737273307743,-0.526093867268864,-0.4336241380001316,0.2768913163442805,0.5201480686399974,0.49876062331608023,0.43848246710974675,0.13967968115248677,-1.0046711665599513,-7.964694504924224,-6.430166173439391,2
2021-04-20,-0.5048642835664265,0.27422878943218854,0.38329134716765845,-0.3229053583928246,-0.3341154839326856,-0.4170054840792706,0.07312089390898624,-0.6670733796518231,0.25250303393821344,-0.5589827065403432,-0.056144623789468266,-1.5835172345982105,-8.133418973536026,-6.417301890792054,2
2021-04-21,0.5365236770380787,0.8679960049603267,-0.2558178490769862,-0.5835451243902638,-0.5012324957639294,-0.22584906000961386,-0.42902230867107516,-0.3692587981124047,0.2515265617367854,-0.16007555334377344,0.27452026448802896,0.9862245476578488,-8.49272296695502,-6.468689675138064,0
2021-04-22,-0.6177771510378023,-0.6743269945594571,0.659332272367778,0.2633930835342407,-0.335141687324827,-0.31350506219505336,-0.5441682808719122,-0.3675442921637623,-0.4851060710490335,0.040321999694094855,-0.8675030134007732,-1.7359368945292348,-8.7333019155904,-6.449334674569156,0
2021-04-23,0.6222177987291461,-0.42255882655677074,-1.2649987385510335,0.294388982962689,-0.5314535134797723,-0.3339481690530809,0.06920306689492557,0.22579007072836907,0.007311450497481588,0.23879962832774349,0.91661974159984,1.1570020678643382,-9.334874902061019,-6.525252025113484,0
2021-04-26,0.08117300429478777,0.188060880617957,0.023519938569987176,-0.03278632336261885,-0.4886440273658217,-0.26291705302636625,0.1994299275736154,-0.6638160883232451,-0.23835328621789978,0.03757892795667171,-0.47122154447347664,-0.19788634538523028,-9.331566513704619,-6.460205763488335,0
2021-04-27,-0.061794369005926414,-0.29761148547428745,0.11628811577776037,0.5554746428713435,-0.502194748621593,-0.34326019689400905,-0.17320248071180422,1.7073096868418798,-0.23785246516352263,1.034861389245614,1.6366192890721203,-0.5054537972558085,-8.972639387385362,-6.4570881173983095,0
2021-04-28,-0.06564765443148513,0.21761450016393225,-0.8051131550447808,0.3163972903249532,-0.5453276688462326,-0.4011871785335422,0.0281950219613446,-0.07209994452761537,0.25344934812506503,0.03478585372326363,-1.1827314544394103,-0.4434551137988564,-8.972519817106061,-6.4546396051525825,0
2021-04-29,0.34621363128979643,-0.44999169016511914,0.11650283083539859,0.5080044488281897,-0.4993569860749599,-0.40311109894960967,-0.26714066332549385,0.8148243210220021,-0.23832469315704277,0.43460050680512774,0.9913079461939955,0.6033973513554284,-8.80648808631861,-6.4804471208723164,1
2021-04-30,-0.45693906411589774,-0.37636018723981396,1.8596864241011004,-0.5766177696749586,-0.36103489227888064,-0.34610880736940586,-0.1847480789148273,-0.07322774106316508,-0.2373517577384293,0.03401313209624615,-0.48739498125117603,-1.5245950091236895,-8.747326793541287,-6.507059898986702,2
2021-05-03,0.08510808136702087,1.1536615198435132,-0.9855405670258968,0.49819893738814675,-0.40382490382270986,-0.2966038867251914,-0.16723901741241437,-0.6661004014136856,0.007314083656081997,-0.36427624145814147,2.1065684345352325,-0.04560165336867453,-8.281014260561543,-6.509652037886887,2
2021-05-04,-0.43259466522138534,-0.7539998609123056,1.0269844473517642,0.5996200199857928,-0.24760606042525396,-0.382630182133723,0.23561936649203363,-0.6653115800155771,0.2535710599225201,-0.3623956366848569,-2.2643363706479347,-1.3036324355675308,-8.127342992183266,-6.5340070450695515,2
2021-05-05,-0.027637296484681207,0.32821796570400436,-0.07222681942001946,-0.08400653654937545,-0.29369918644994075,-0.34951612620965733,-0.32635115702539885,-0.6632944755338628,0.25259398111328096,-0.36196234488417256,0.9670699401700336,-0.12879991395305404,-7.186950557946478,-6.524604740797298,2
2021-05-06,0.4456122150300525,1.4932986894176932,-1.076624151805563,-0.10839147927764149,-0.39835341120587703,-0.3668062236421783,0.1630426235060348,-0.3672790290760699,-0.48396808395481333,-0.16301179641185484,-0.5369634519663649,1.160210403769314,-7.087231403315156,-6.511319627535927,2
2021-05-07,0.3993970451022819,0.776592361462118,-1.630449924352119,0.0579245085602716,-0.6456719846010293,-0.37017881286772586,-0.7387739173148566,1.1085580313986094,0.2562149604157815,0.43381747521091213,0.4407682468266953,0.9559107350551148,-6.892525823413913,-6.5466773267067175,2
2021-05-10,-0.6692967427291022,0.218425209718839,0.025257984992936914,0.07722647301837167,-0.22676460303216542,-0.3602791263250584,0.273423830356018,0.22079747479564443,0.2557103034024201,0.634604184288897,-0.02586667774912491,-1.8650138454338996,-6.988096391517744,-6.618161485556848,2
2021-05-11,-0.6069669015225949,-0.0488613751998811,-0.15948261036076594,0.2869322086854947,0.04142901856298261,-0.3623494962254537,0.5144499195740627,0.22020238294871045,0.7497631429421245,0.23232123949050007,0.09683899081931054,-1.4904803451443427,-6.994066434734465,-6.6784340549013645,2
2021-05-12,-1.380824094547508,-1.0002139827216077,1.6741790343550789,0.2600508539607411,0.6366200436168643,-0.3908955949789426,0.09174977218542292,1.40175041129416,0.25532861252585926,1.032102489598618,-1.9854423256974671,-3.1790487300236667,-7.677648954169395,-7.108506244030446,0
2021-05-13,0.6914014813124268,0.3228316581926107,-0.34321891577269914,-0.830838683149277,0.1848508559700569,-0.36255319488479826,-0.38296630489075034,-0.9605967536962402,0.504072931340498,-0.5718254419376965,0.45422958465377206,1.5439222389588458,-7.740214265882429,-7.295980313147166,0
2021-05-14,0.8955224424694449,0.7877767883483415,-0.8910315375523674,0.6083264462728317,-0.344127442264205,-0.40511620325554776,-0.32626900725204216,-0.9579715393667422,-0.23658910498366856,-0.5697610856876493,0.13923190371263658,1.7620321265412962,-8.500201567011995,-7.703953235453715,0
2021-05-17,-0.20909272016093552,1.0193024557187744,-0.24974056154773916,0.4627942123834123,-0.22428585043624144,-0.40674771240128693,0.7340020798143765,0.22062959764011456,-0.23516884575632777,0.22947336414572053,0.6232307709242267,-0.2902487415295667,-8.112365909184193,-7.7108957515762695,0
2021-05-18,-0.5863204430140584,0.114511794023811,-0.9839135950934879,-0.29052289418778265,-0.02398316946397247,-0.3904031221640117,-0.2876017802094888,-0.07471703014420995,0.2572152816896281,0.030183295216737325,-0.7161186377881064,-0.9348447909390157,-8.378017546029742,-7.813123460583553,0
2021-05-19,-0.21219176162333564,-0.004957011237683955,1.0396449154042233,-0.8354545333442864,0.0732466711330507,-0.339296277732454,0.026369797537679783,1.1016355885928106,-0.2361727009599435,0.8304609324196655,1.0490741784266435,-0.245051230197388,-8.390985662565067,-7.830035443484542,0
2021-05-20,0.6137192419544256,0.3573204328018884,-1.0734918424042506,-0.5616405586448269,-0.10865104533250636,-0.32263527971012806,-0.46224399659962206,-1.252559475352191,0.010756754723349407,-0.9713629315279274,0.606290654424534,1.198596050805763,-9.09095422754808,-7.667918711411648,0
2021-05-21,-0.10090896686947665,-0.027992825525559206,0.7639067409021163,0.8302973502733413,-0.17562832345650994,-0.32602618788166987,-0.09143443521257011,-0.6637545431591058,-0.23617270095995446,0.03173303636942322,-1.3602809476934492,-0.07983838983699403,-9.068809764148806,-7.309776019244755,0
2021-05-24,0.5785959853130463,0.09390065382368147,-0.5207689734303438,0.866852643220605,-0.4102129312732859,-0.4352348051958681,0.07136179793653598,-0.07573491944571265,-0.23433519042956358,-0.3699068781290222,1.2749021243059484,1.106458623135628,-11.242337924780733,-7.427749871147202,0
2021-05-25,-0.1909358745531969,0.7761021962103252,-0.24610163551503533,-0.019502642501527542,-0.3501542122582477,-0.415655837026433,-0.24612997348706472,-1.543067635038968,0.260315881160851,-0.9746559800645642,-0.5698069346925093,-0.2821420537440477,-11.45038442073439,-7.433615112925402,0
2021-05-26,0.07035365974903009,-0.23435443434416156,0.8538110798717433,0.21420904120114662,-0.5610320545703802,-0.48266828245305254,-0.18063404538757605,0.8073742372289383,-0.7255267551428043,0.43085242681349745,-1.7394815189939161,0.21568948320291334,-10.793095559616726,-7.382716753575058,0
2021-05-27,-0.021475544449501748,-0.03469162784742305,-0.1546954956747818,0.2552574266431898,-0.6542463195044679,-0.4900584218226501,0.13607223537107582,0.8042937635268564,0.01663747166868692,0.6287409211010496,-0.048918509429962245,0.039268061126143686,-9.179326149186334,-7.363136245220566,1
2021-05-28,0.05599096367747216,0.2806622648520937,0.21318236163962864,-0.03698108176402299,-0.6507168595060693,-0.49243407888935736,-0.2874977858686926,-0.9558237364796548,0.2637709916993503,-0.576004857796866,2.194961153961328,0.1772890869421754,-9.201396919212323,-7.361778626950437,1
2021-06-01,-0.10952874708937871,-0.32333380855296057,-0.3369453334815091,0.5881844243644182,-0.48177721522054145,-0.4951606840028499,0.6050939537858221,0.5114839820088235,-0.47661462956767886,0.8274102929678737,0.05821634228639623,-0.10029182786684947,-9.20867014235286,-7.362546135381142,2
2021-06-02,0.0411898925744168,0.3892116890866581,0.028619007505042413,0.3744045666408323,-0.542373943688412,-0.5131174324638255,0.05222614079942445,-0.07384475238904117,0.2664071063395405,-0.5818310007580398,-1.8404953510190394,0.15071800672449726,-9.21107405317787,-7.3653261381014055,2
2021-06-03,-0.28793441712194884,-1.922861035835834,1.4008668549854228,0.07583009513749223,-0.4610674695174951,-0.48024321820235966,-0.24846755389429498,0.22332811298182487,-0.47279581326611264,0.8238299330694859,0.6654263859127617,-0.458775265301855,-9.137001723832205,-7.33934106090273,2
2021-06-04,0.5125348006551788,0.940811691595849,-0.7991164205040824,0.20578427347695535,-0.7026661929375653,-0.5403697133891348,-0.8472049667004856,-1.5412670362988596,0.516822162987194,-1.3891302185011773,-1.162617834651019,1.0219740274107,-10.503114569631162,-7.378441141080736,0
2021-06-07,-0.1143761441082218,0.3098494798250482,-0.34023846411751024,0.038898988200965205,-0.7028224561500064,-0.5411774906453772,-0.035757770887092304,-0.3596593396999604,0.02305340690642284,0.2231757262043876,1.2136809625139344,-0.19949858929447226,-10.365164646711305,-7.374635473841711,0
2021-06-08,-0.03979842684007609,-0.35355049642449293,0.30038313710847236,0.3901677123275099,-0.6035141638722392,-0.53342928582296,0.08752525481531953,-0.6572387050877389,0.022564026718412945,-0.7814753287154301,-0.03479605162730825,-0.016248518596303742,-10.264834732577409,-7.355051415806024,0
2021-06-09,-0.14481026986398987,-0.24190097710306668,0.20626866161678017,-0.1397182864090356,-0.48352045098728735,-0.5375160096452788,0.6041505826960814,-1.538746720507632,-0.4729682058669062,-0.5800708155835756,0.4520115337086684,-0.17839532651507062,-9.65731933693203,-7.258647605112091,0
2021-06-10,0.23755113412884749,0.33684781491636867,-0.16010595509223458,0.1797755949555866,-0.754740109897256,-0.5016633827584842,-0.9336786075393635,-0.9444405002628379,1.0105056046176226,-0.9792177754322852,-0.17175524900811212,0.5162512086485243,-10.064653461042424,-7.136797446375109,0
2021-06-11,0.05103404042700759,-1.1236979460162997,1.1209696435084235,0.17295219254212937,-0.8275224446138202,-0.5149543995798642,0.5372621367461426,-0.06350648644580459,-0.7227079794498682,0.42957020706165305,-0.561118488084969,0.07351628237946285,-8.402487459227679,-7.1242282168127185,2
2021-06-14,0.08706983562158467,-0.6112537355075267,-0.15969580367821787,0.1755813379707972,-0.7088641351521483,-0.4977234563104038,0.6586305696633472,1.1135571952044592,-0.22555316928083716,0.8296163893501383,0.4466855773206753,0.01113858522413975,-7.772038059160663,-7.115996299757864,2
2021-06-15,-0.16621043197615878,-0.4133682912055387,0.2057439463462585,0.40943820839322276,-0.6123699719674166,-0.5418805234577796,-0.21897936679736485,-0.06290536397162372,0.02255580597477315,0.023501552499630454,-0.16919316481832333,-0.6354320177259819,-7.7142673604897,-7.117410885460003,2
2021-06-16,-0.4003443245292784,-1.650630717840065,1.84319806763678,-0.09877841024214973,-0.44818018536061993,-0.4764604560091198,0.29079966732988566,0.22958378722999817,-1.2131100865562787,1.22769513806408,-0.1025901309568784,-1.388203076011168,-7.783578077798537,-7.141931566109283,2
2021-06-17,-0.07172240664090745,-2.965012597150277,1.7294795835799692,-0.3760632416982716,-0.5065203294711129,-0.3899603602012545,0.1387297629008732,-2.1223981456200263,-1.7030141535742458,-0.9816458137930144,-0.2576287870636763,-0.22357065774623508,-7.703597318351196,-7.066612269147528,2
2021-06-18,-0.8953815606068886,-0.562675001383037,0.7321131134991893,0.21934208592389542,-0.11253977288837717,-0.4718234100112148,1.1477605333788035,-2.990738974857862,0.2734332531198794,-1.3809226852879766,1.0117087356446708,-3.392449977811526,-8.183235529023344,-7.024293876119644,2
2021-06-21,0.836483814150401,1.077971182461402,-1.0551678783552698,0.6040607498718084,-0.4898457350511169,-0.4411949529168287,0.29427563524208766,1.1161784468793878,0.765613108735657,1.0231653760552861,0.4940387418686618,2.537043444549152,-9.417307826746645,-7.023844005094939,0
2021-06-22,0.2832215291277627,-0.43414417314552795,-0.3432106674801754,0.06990611640889983,-0.6745640610589098,-0.4615392981817621,-0.6575494754512157,-0.05440895254723506,0.5165543001259584,-0.3794777531035534,-1.3699099462828725,0.7925659384494494,-9.842124326451906,-6.9835638294064175,0
2021-06-23,-0.12417508976800681,-0.10387690587678289,0.37243469707548565,0.2051584205006411,-0.7282748034570203,-0.44964124893712565,-0.6181884987416896,0.2379071216293056,-0.22415534013087923,0.42366388420439705,-1.2448981010755609,-0.39487785419381816,-9.856271495980115,-6.9804170843700835,0
2021-06-24,0.31759089605762386,-0.09566570220015028,-0.16701725117004523,0.10356201909572421,-0.7846657628806679,-0.5240609992108758,-0.1507741072750433,-0.3461335491834744,-0.22468190055838166,-0.1796106681360959,1.5536432869599885,0.9860992462474077,-9.942016983868301,-6.907866614476202,0
2021-06-25,0.16941281349867085,0.2680308239166436,0.10338073350878273,0.26444940588711785,-0.841585832277954,-0.5448350929064391,0.16196926102767542,0.8207648373614829,0.5148256918188249,1.0217489108090136,-0.48578210960722873,0.4745090691883558,-9.277362437313288,-6.914451064293735,0
2021-06-28,0.07356208883459579,-0.04716648250332492,0.10348714577745875,-0.35945125972905895,-0.8182902135778353,-0.5284055356676912,0.16146105039913083,-0.6398229844488157,-0.47182229153499855,-0.9812127813253422,1.4718503622241041,0.18224071250935375,-9.285218570926775,-6.897670944459548,1
2021-06-29,-0.018050589163756906,-1.0238012458609378,0.5507912631652414,0.23406594749280724,-0.7761190835145937,-0.5242918314192401,0.10214348030960979,-0.639061606917521,-0.22512731770641223,0.020658232890552044,-2.0219440829578468,-0.09703392227243846,-9.162111948609258,-6.897790840876472,2
2021-06-30,0.001388958236566541,0.4105050228383175,0.6370947098021329,0.030792990869770043,-0.807367351212759,-0.5024520633681928,0.10216075612968875,-0.639061606917521,0.02148613556787671,-0.7806675921382988,1.4459142038757467,-0.03154496778861983,-8.672869520654517,-6.881662478841631,2
2021-07-01,0.2935983946364827,0.2762721667230882,0.6387200962809099,0.44807904115067543,-0.866071734957706,-0.5099080449481624,0.055194684052115646,0.8191731543491544,-0.2256541394297819,0.6236031697501074,-1.1836917445352175,0.8009297172230472,-8.280438138695414,-6.888295111691269,2
2021-07-02,0.42344887976574996,0.5706707856980816,-0.8796602502295738,0.20453557609461487,-0.9371283675469331,-0.49817148307173315,-1.0466111982137216,-0.9338271603118057,0.26715721522017266,-0.7813389405658733,1.1759897059500206,1.1288150352279203,-8.476860606428188,-6.942261238891177,2
2021-07-06,-0.16369971675931702,0.4211169400023447,0.8170330354899825,-0.536446979200047,-0.7143407139252183,-0.3637374997449758,0.8571715274127687,-1.5157645694986748,0.7578507869269892,-1.3808133638984192,0.9966087118693541,-0.646349164327583,-8.437608771682196,-6.87974159713164,2
2021-07-07,0.16930852274144564,0.31093204112108025,0.3712822973692089,-0.6665708029050351,-0.754238240191426,-0.23827522162466344,0.8457310409117248,-1.2202746907822175,-0.22854439885846015,-0.7747973802323567,-3.080711694730053,0.40840888946790904,-8.485957333308049,-6.868267218900515,2
2021-07-08,-0.5603977774794096,-0.1076971310049024,-0.8759710167488173,0.5262377950997215,-0.343019168604856,-0.3300317962031162,0.21250415917054127,-0.05418026440099804,0.5090899102778251,-0.5721407375875608,0.4106051362661195,-1.784755982582052,-8.797446268491386,-6.8946473684226675,1
2021-07-09,0.6103957052180815,0.2645495270684211,-0.5186926492422697,0.5338692977347016,-0.761136537425868,-0.38120285975842405,-0.36081436497515035,0.8164879541778176,0.015142578285705624,1.4321374114336562,0.5337905345025444,1.628970124773095,-9.20653861192856,-7.009592117452806,0
2021-07-12,0.17153034211326415,-0.16018355502708537,0.2849931676135958,-0.017368884469056396,-0.7647402091909242,-0.33298228534399615,0.17753480122874216,0.24109211542410064,0.01661738951123792,0.2275672485273924,1.3072499756789067,0.3055330634139826,-8.082330825692106,-7.023105104728133,2
2021-07-13,-0.263326231976383,0.07709592316225253,1.3529865069476503,0.5008113707640047,-0.6185818570195065,-0.428296351938551,0.004993182277169816,0.2424048834221558,0.01661738951123792,0.8301964510247719,0.7055939745593353,-0.825778687010866,-7.601425467618316,-7.034520376384509,2
2021-07-14,0.04271216948915064,0.9605260255709904,-1.0544992577570884,-0.7658272665798475,-0.7442152607945804,-0.34897011642705483,-0.7155596955511226,-0.637076632798056,0.01661738951123792,-0.9720955381051197,-1.6398988568685922,0.013825543913494574,-7.48304367185669,-7.030062441380291,2
2021-07-15,-0.262920061085626,-0.029626018429405144,0.6378475365101698,-0.33535137698504913,-0.6402996216612422,-0.3540057601800224,-0.06583633456517324,-1.808925621594474,0.26294575167782375,-1.1705578751931296,1.0831126562775115,-0.7697104956201558,-7.496160327925422,-7.033177343385646,2
2021-07-16,-0.5397962004757325,-0.9633055567996321,0.2825660525449138,0.09440136513095614,-0.4306958413251067,-0.37972824537026095,0.2602655424620009,-0.63154357140618,0.26152073317921826,0.0324936442954589,-0.22265372779061246,-1.4611800884097497,-7.421967527669124,-7.102039180396239,2
2021-07-19,-0.9751217932629107,0.0679899245623424,0.36952348178961836,-1.9057932134755844,0.08564910365058083,-0.11771395892771332,1.9178623018572927,-2.3852992177913075,1.0006223192857193,-2.3712906269272427,-0.7419103874724821,-2.503047668526988,-7.868448260518553,-7.405992298938279,2
2021-07-20,0.836267186739065,-0.16282837523808996,0.27777292847960455,0.4426823093343645,-0.26048863435739583,0.04948777122875391,0.3518422917884747,1.4134042217857876,0.26091983030819804,0.8295953009497055,0.5498040448939542,1.8784372269264122,-8.511988034727331,-7.7098069793026545,0
2021-07-21,0.4506196038057833,-0.3948223757404377,-0.5195368768871463,1.0723155437499172,-0.515808222348201,-0.21774418938426604,-0.8259525804422491,1.407125712512958,-0.47883499252170225,1.424538364265811,0.8536700563169624,0.8733938172024045,-8.901497483540258,-7.591950238264467,0
2021-07-22,0.07910781094452489,0.14176056103477486,0.2819178347545516,0.5500390857714875,-0.5503392569169892,-0.402587089985207,-0.06713468579533073,-0.3375786022327508,-0.23257699636768395,-0.5659154106412374,-1.7361707901121435,0.08430969588217443,-8.811978078235134,-7.595888182726706,0
2021-07-23,0.5853557160857926,-0.34025982172174984,0.1056883027866009,0.20510610971270377,-0.6268500542894091,-0.47094744057545423,0.06387493262619587,0.2426616378246698,-0.47883499252170225,0.6273965346340739,1.024535570080876,1.327531886516972,-9.597883308468816,-7.683055986574056,0
2021-07-26,0.10135782255372455,-0.26668550721859285,-0.6954696776370982,0.1468287872748368,-0.5724591016540161,-0.4271616648768217,0.7644096499443397,-0.33953095380214193,0.2579326690054492,-0.1689476069346492,-0.24653221600876432,0.07756688132160565,-9.621721087661987,-7.540268935313881,0
2021-07-27,-0.3352684181622241,0.11373490335555218,-0.3379302081763392,-0.07769236547957462,-0.3208501395697469,-0.4402296160797085,0.20913006428728168,-0.6289250475359413,0.25694933627393207,-0.7630996870233687,0.12898827035863775,-0.9208975854735668,-9.105439499041157,-7.575417482373291,0
2021-07-28,-0.07579782733859076,0.43192302661355325,-0.6055372227277728,0.17508857778813713,-0.4713592531292228,-0.45524026856736466,-1.5711064587024568,0.24215389160600978,0.2559662701467853,0.2311210320892764,0.3465716351717172,-0.2541566888641228,-8.90871942363333,-7.567211343719115,1
2021-07-29,0.20643357439505233,0.9998976897061751,-0.7851502089560317,0.5452951996772448,-0.5637438716012624,-0.49134941805016064,-0.06675651978104319,0.5309275309671522,-0.4859120785318639,0.4284151014470741,-0.13953329881765078,0.4133564465439049,-8.75338886939376,-7.533138533319033,1
2021-07-30,-0.353534068932106,-0.7915401010248638,0.6508630190773296,0.046641075312513304,-0.48598983409481017,-0.5061179233662998,-0.18305575432637552,-0.9195210412144811,0.25688695635064085,-0.7629762005755268,-0.19453954912810728,-0.896192176506424,-8.89587792139029,-7.434393110938195,2
2021-08-02,-0.18254085079371385,-0.16237212260635803,-0.24425141109206533,-0.7891081000606383,-0.3152102310938732,-0.40994380946561926,0.6293907760910036,-0.6355864419377003,0.00882428034555709,-0.7629762005755268,-0.17052058945731796,-0.4544013044682775,-8.923634838649106,-7.409572254887972,2
2021-08-03,0.45044298588728987,-0.10818315888209237,0.11378218833524628,-0.15394819770457663,-0.5166213966520228,-0.3723132704780925,0.23121337222013488,-0.341189772182969,0.5054456785248248,-0.1717090378118431,-1.1595872997321761,1.0290731102650597,-9.57998155331069,-7.520285715048384,0
2021-08-04,-0.3612162296373469,-0.01921630252177124,0.3816604070134214,-0.9229988991396718,-0.5270938317756474,-0.23792599030347017,-0.5620417383703237,-0.05092670715058057,-0.2369752196939858,0.026522951285278443,-0.35213275522641685,-0.8045066279775437,-9.884779419208682,-7.5656375521576,0
2021-08-05,0.33541774277147224,-0.41557684002520273,0.020019517050793113,0.5624190081413074,-0.6291521904107755,-0.32887990692578456,0.1908724765428941,-0.04978321670626699,-0.23404893774264712,0.8240993819371241,2.408878098441563,0.782435360721518,-10.817340575125229,-7.626151192329252,0
2021-08-06,0.045695998616337545,-2.4438344566848142,1.2729395687051734,-0.2745517212290034,-0.8073594161168137,-0.32277772550151884,-0.18695529342620837,2.2844443923074245,-0.23306881358743511,1.6226800763358278,-1.2620473455577716,0.11742871360053739,-10.7888565263078,-7.631637392364327,0
2021-08-09,-0.10824183594744258,-1.7242856497452337,0.4625601410028708,-0.5409319190713607,-0.7140502714267258,-0.209692245186238,0.6405522647347369,-0.056493029325011726,0.2621256265643831,0.41557857334284337,0.5645716374342492,-0.29615068196507927,-10.576964843206117,-7.6068531630946365,0
2021-08-10,0.02265859493542967,0.004473809704797045,0.1948028042658544,0.6733364772127604,-0.7028950123071952,-0.32416384302940243,0.17597665650154135,0.5236355223380008,0.014756596929120194,0.6149633526653806,2.6550821745785953,0.07872744654355851,-9.607748004615445,-7.606973757883279,1
2021-08-11,0.09904754545103112,1.2681177115347213,-0.42818711663959463,0.3953472436161728,-0.8020220367635448,-0.35265245439019344,-1.206538648472748,-0.05823308275299707,1.005647776604605,-0.18472877146479202,-3.4712247143392547,0.2819629783113318,-8.610612552306236,-7.582643583054389,2
2021-08-12,0.12922051785781932,-0.0031320818992448115,0.28354738450365363,-0.08068200699747352,-0.8967932149960549,-0.40394053793138895,-0.6633578430358832,0.23039079258767703,0.011796169782163524,0.21235092026590158,-0.14570131285467,0.31911994517504993,-8.647295959423047,-7.482370794546579,2
2021-08-13,0.05737789443885411,1.3159676800831297,-1.05161935822792,-0.3538492105539406,-0.9196343346998926,-0.4209860961200621,-0.3904019108927409,-2.105949570635133,-0.2364279800505859,-1.390680469695097,0.27507408221018426,0.12999417389874854,-8.355445895558535,-7.476653309455471,2
2021-08-16,0.08715058165291009,0.4406057024593531,0.1999362547607304,-0.1942178404575521,-0.8047854368759003,-0.3374411826897862,0.8277727375301999,-0.3509407437249404,-0.23544764747711003,-0.5902769746804242,0.6217238618515617,0.1749598664995976,-8.0910060574699,-7.4355592955373355,2
2021-08-17,-0.4736746509647899,-0.16949586054354632,1.3557818311328147,-0.23806633852303308,-0.5247122735558035,-0.31878826329862525,0.19426140844100245,-0.6394107799314237,0.262731637671641,0.010372183922419165,-0.3435561041667967,-1.3343272033128186,-8.233737641741666,-7.3925303879345865,2
2021-08-18,-0.7495850722854877,0.04413980343962247,0.01902457938828182,-0.6795289333163107,-0.033402387603663555,-0.28028580790212165,-0.44794294728983924,0.23529875241755463,-0.23419194797641488,0.21270951199269714,-0.01075404123148114,-2.4768096706955367,-8.812765122702647,-7.606442062684181,0
2021-08-19,0.04216616605149447,-0.30916232096585317,1.080232368067633,-0.3504326791504736,-0.022481227288256966,-0.27735741029756605,0.28598273694448345,-0.6372344327321062,0.26384867061646766,-0.5908211725147245,-0.8795514721241313,0.1252256722514018,-8.614358245460979,-7.434262924901737,1
2021-08-20,0.4419928052951967,0.021345401266616562,-0.24742300001089249,-0.8082084479104964,-0.43310690684748704,-0.28674545872251733,0.1288126757811389,0.23470987703345456,-0.4804408629135681,0.41531646117376414,0.20446549240795187,1.4696727546794879,-8.527777641901906,-7.117757853356381,1
2021-08-23,0.4943280365019557,1.1138070079977747,-1.308484607706954,1.5556393225704357,-0.6431499538519485,-0.3443405230650238,0.48041736114240985,-0.34843848679249295,0.2627038220823273,-0.18836461408410723,1.7783551732427747,1.5068804128842765,-8.8706708500035,-7.215945633046278,0
2021-08-24,0.04236126399728804,-0.07788504095744174,-0.15694529796579326,0.9467969977884425,-0.6325858379703665,-0.39840502492007246,0.17357613941153893,0.8142171897449129,-0.48298718493564313,0.8213295910175805,-1.7288745211628205,0.15631956276554004,-8.872929317619352,-7.0983140202335395,0
2021-08-25,0.07118511831239295,-0.6889293873573265,-0.15946487682861382,0.2925499925903397,-0.6984881052231052,-0.43247447398463185,0.3180748764422033,1.9745271747478457,-0.48102985753554445,1.2230686807324123,-0.3711598804818607,0.2645606414928363,-8.90271330793457,-6.940331138688628,1
2021-08-26,-0.43315574400150475,0.07922538610262742,0.6424903130944243,-0.1582119763234143,-0.3930053710519313,-0.41165121889445666,-0.2180968868989348,-0.933030902676648,-0.2315903845325718,-0.1944238739925742,-0.7167306318831659,-1.4055003035912772,-9.111377072633758,-6.974318199526929,0
2021-08-27,0.5015840402166013,1.386940596118101,-0.9581602871918126,0.42637039234613033,-0.7607369340021367,-0.45178647720939424,-1.1137920340973733,-0.06496181484099166,0.016753346966186022,-0.6006870065254387,0.572836215235071,1.5609472975230614,-10.374089912980354,-7.053263620143309,0
2021-08-30,0.21678718556396054,-0.4978310237419803,0.02213887206576191,0.18067772739037552,-0.791939932457765,-0.4422336998291682,0.45974806960412057,-0.06438990609244691,0.016753346966186022,-0.39797054655358843,0.27196310061211776,0.6177960340550848,-10.604382011224967,-6.676842052752451,0
2021-08-31,-0.1523450919549363,0.15946408445982085,0.02329797990704543,-0.17112515339184298,-0.7442658784157351,-0.47073409420278345,-0.11309303775562461,0.2253646713235644,0.5139693803549013,0.21066544642892393,1.8358195506560708,-0.5551950626167337,-10.633544507713362,-6.676343086544178,0
2021-09-01,-0.025165109996322852,-0.02556995160776889,-0.42089525033890907,-0.028149538567775953,-0.8031558277258232,-0.41806581187546626,-0.2886594868556637,0.22664919113044002,-0.48085293174162386,0.21025493546992768,-1.5136097592038091,-0.18226631413425629,-10.072842462399517,-6.563221485732088,0
2021-09-02,0.13428573738285393,-0.28022855257121476,-0.5094610453279562,0.6217111782142408,-0.752986670493971,-0.5545607281955423,-0.4624641250312128,-0.6436765138939707,0.017736965325453893,-0.3981647655102668,-0.47479357275480844,0.3814614293240657,-9.25705050087097,-6.475016254300904,1
2021-09-03,-0.07380938091461578,0.9813474071039987,-0.4235026971893763,-0.12988521632282396,-0.752554571616885,-0.39560515997170037,-0.5149123017652817,0.8099795533203865,-0.23010400310540166,0.8162699909892213,0.46481653606595597,-0.35955839948562907,-9.191412849211844,-6.371321480276754,2
2021-09-07,-0.28305958996800373,-1.9167755921788598,1.1012238494558304,-0.3216350975590228,-0.48825810151790605,-0.5100309329798421,0.7949409638480304,1.0969799385630237,0.018230938147537155,1.0244658543796654,1.5074971613253543,-1.0012548444284137,-9.041762083350035,-6.317629232633701,2
2021-09-08,-0.13331000413669333,-0.2695031750988013,0.3809281372926389,0.3549233509435917,-0.5159368248471893,-0.5385589472053903,0.0027280720388566998,-0.9347174048526435,0.01724941007854817,-0.6015037506778554,-0.8001437774811796,-0.44459651655709637,-8.589397653646405,-6.308956478913561,2
2021-09-09,-0.32694085401507894,0.3873605911970108,-0.5126731230357969,-0.4487613884824929,-0.3963780605977606,-0.4825050743549999,-0.9039674897214868,-1.8000550633624723,-0.23274342375139762,-1.0049425807820505,-1.7603531577323264,-1.0665870095488714,-8.678613583946694,-6.278804032552672,2
2021-09-10,-0.5553443353401499,-0.5159253552612957,0.3812319776465633,0.6457307951511247,-0.11157877800415475,-0.4919484173590397,-0.17191871273459186,1.3852566241898439,-0.4812660626723816,1.0356384067107218,0.5692909249981026,-1.7077954183713844,-8.500611639751348,-6.310947135965654,2
2021-09-13,0.10760925571615168,0.2856275935541982,0.02482994203502255,0.42225963032014247,-0.3210916893026228,-0.5146885949583836,0.29330008361131876,-0.06005552030760533,-0.23170405262736787,-0.3910317733334437,2.5312681714256726,0.4450133080996386,-7.642671126906187,-6.285796140406773,2
2021-09-14,-0.3951730633205292,0.5773530653173894,0.023525500574805337,-0.061865905842281146,-0.31081760799215813,-0.4890831668311899,-0.2730185033534295,-1.5013880076901345,0.017253643286315977,-0.9999299251895011,-1.0269149095247097,-1.043993908159655,-7.703693067322818,-6.298333776569091,2
2021-09-15,0.4719600920651531,-0.5939878105653317,-0.423852274008701,0.804762248992349,-0.49360495861670517,-0.5246344680265987,0.46963669006158426,0.8090506935725844,-0.4801696750192802,0.6387973190593357,-0.5668480160814302,1.5597845553494265,-7.649665269731316,-6.329417921201921,2
2021-09-16,-0.1545547922550234,-2.209200876979599,1.0081301248092833,0.04502567672005301,-0.4217038854524373,-0.5013178073289855,-0.03447765750410384,0.2307083235085337,-0.23117045232486413,0.6358047196252465,-2.0668532343356474,-0.2933138857814354,-7.386545654390895,-6.185635110779451,2
2021-09-17,-0.6715936090609231,-0.177648762371494,0.8223133410245543,-0.17529148198988667,-0.1378933616434552,-0.5245076208269093,0.5015773089194057,0.8052480437123102,-0.23018868543451343,0.6333357082250599,1.473548811884747,-1.824077808212384,-7.549409077067,-6.204390370804531,2
2021-09-20,-1.1131382018459552,0.6451242338760359,0.1106364312443686,-0.3702586157342989,0.42266537602635035,-0.4409431896343462,0.7393946648755344,-1.7949511394929047,0.2658039837642072,-1.2105763477560305,1.5229060021236276,-3.1685649317506677,-8.286499046772095,-6.350117236916099,0
2021-09-21,-0.10997227226752797,0.5997234257451742,-0.15685247457383475,0.026486546381751335,0.2762317070750781,-0.4628018374593714,-0.07110762490769457,0.8043727313131037,-0.23226642295370528,0.42823126064160316,0.49124879980237535,-0.07028256617589701,-7.3150878989844355,-6.31735317114337,2
2021-09-22,0.5606851327683136,-0.38230589914052326,0.6434460439941352,0.5458312767928022,-0.1384649096133798,-0.5201042152295385,-0.671159726078085,-1.2106391497503701,0.0177565667666062,-0.18791097330753503,-1.6293697088593302,1.6839127051841323,-7.46285861779092,-6.362040470292634,1
2021-09-23,0.7084816328080257,-1.126007704451379,-0.8661005637940464,0.535739582286842,-0.4435772383289629,-0.5233527788774961,0.19053712446759213,1.9514205771393487,-0.4805236647466162,1.8574129059774633,-0.5199729014348661,2.028279009819776,-7.453513782501105,-6.446047675576909,1
2021-09-24,0.04901288940698423,-0.14473625275436122,0.6435045938616193,0.27526154070370473,-0.573408093114062,-0.4741555691216694,0.3568034807839902,1.0818831449958448,-0.22948886240643654,1.235804110950645,0.22297858917616992,0.2880149599189204,-7.241449996447579,-6.447078038866851,2
2021-09-27,-0.23453216528116658,0.17081939846837335,0.29069081688334786,0.6212041272591815,-0.4263261600032307,-0.4462096682752272,0.4316950888678366,-0.3498324444348299,-0.47770687975817466,0.21536324582557087,2.4370332760147133,-0.357129016731148,-7.039520515527239,-6.434293132223756,2
2021-09-28,-1.3360061724081178,-0.9534565488962793,0.8229144432453618,-0.24089635626702155,0.14630161564130317,-0.4141146598781739,0.46585680833267046,1.6505060709072774,0.5171867871762057,1.2381225027327323,-1.554591704068385,-2.9309388226272164,-7.471150518669225,-6.732180325374432,1
2021-09-29,0.053681195926672386,-0.4542364996631909,1.6094254931123877,-0.010826846539276477,0.06419194411865804,-0.43787410498597157,-0.30362720902060125,0.5039546694850561,0.2679178678640027,0.2106486013074837,-0.4444874435776392,0.42328464933592314,-7.446214532610285,-6.718112837250827,1
2021-09-30,-0.8249288214515604,1.6647714162722258,-0.330304043583506,0.16005603111039715,0.13042560883142504,-0.34017091901284935,-0.022433628489210582,-0.3528926493923487,1.0139433120819992,-0.608402300592185,0.7285331420226835,-1.3620274772695966,-7.587944520588347,-6.768174847506651,1
2021-10-01,0.6911860052006625,0.18280868195271113,-0.41975674712872557,0.40341933363787974,-0.11776642410648012,-0.37464392063386354,-0.7567687594920022,-0.9210651463024926,0.018242124442613007,-0.8129618466218457,-1.118763074622081,1.7451708672173192,-7.901265535328468,-6.893535423898059,0
2021-10-04,-0.8722408946115362,0.41411210555870576,-0.6847459100169793,0.6728017322309189,0.10824009134879688,-0.38020653805336285,0.6845309765999922,0.22356622508568325,0.02023489691753728,0.2095080241165575,1.2039364516589874,-1.3037974459104442,-8.275871262770206,-7.0716959584286245,0
2021-10-05,0.5983431439490614,-0.47169184261811736,0.46251938699811185,0.6109529245483333,-0.0936372703755093,-0.3820017638433664,0.4725004793846944,1.0811005616981337,-0.2271585189051966,1.0266956290020504,-0.9995461209722061,1.4464316999152813,-8.78172338619453,-7.184926428457721,0
2021-10-06,0.208588734220834,0.22535379719792067,0.6360648043364144,-0.7298465632564466,-0.13286061995612333,-0.2730100081847864,-0.444878457609642,-0.9205396802157485,0.022220902413005474,-0.20556524385327726,0.9569443326986316,0.6598224881642129,-8.81016857504751,-7.159078090600983,0
2021-10-07,0.48823526691713776,-0.5318264877033465,-0.06770921988450992,0.6454705361634503,-0.32683079461166326,-0.1269171155173613,0.0628000603704395,0.7916773226693031,0.270614931217495,1.0256241784950306,-0.8657865123595089,1.089360759991384,-7.948085541077936,-7.22828269724535,0
2021-10-08,-0.17143547389941213,0.01305073633180067,-0.1548421381863548,0.08133963771258018,-0.4343286011425708,-0.3595760548752063,-0.25389305550052915,0.790820566834817,-0.2267090444024125,0.6124806582547672,-0.0991323954486785,-0.06897809618483285,-7.8052928515285736,-7.216416275718708,1
2021-10-11,-0.512751434794288,-0.20675951541812496,0.6354709629432974,0.3844184579383991,-0.26431581606079485,-0.34504131161823814,0.008109919258986825,-1.490779849447819,-0.47564446570702223,-0.4104890782608445,-0.2923717731419098,-0.646069075827231,-7.919690910316661,-7.289948434619108,2
2021-10-12,-0.20855376272759998,0.39938712896101897,0.28087054487131735,-0.009091464914180602,-0.2852605701812889,-0.38516133009852366,0.694559133377592,-0.062065638273652815,0.022226376902197278,0.0032595822154282026,0.13553406072915428,-0.15124368540557276,-7.783612371574253,-7.28281239183011,2
2021-10-13,0.1744892712619367,1.6458117350730288,-1.2147064609210338,0.052418229200817366,-0.4554663890309499,-0.4149202141169495,-0.43151151196002757,-1.4846689098507577,-0.7281337820850912,-0.6112247970684301,0.48871998994173854,0.5053051422047935,-7.77770232477264,-7.209403010695791,2
2021-10-14,0.9985014168210601,0.19860122677085856,0.019512765611770788,0.35082850609527627,-0.726724635993609,-0.38814968197192484,-0.30174242468912205,-0.9099237992683475,0.5191428081545502,-0.8153829104318636,-0.3900690399014369,1.8256446477332215,-8.821546588607973,-7.681107957291163,0
2021-10-15,0.42450698091894845,-1.554270663980468,-0.246188218104124,0.19320352315670417,-0.8195675315049982,-0.471476477967061,0.7045187516123496,0.5111675518035481,-1.2258386358929403,1.4512014247657854,-0.8829106300106103,0.7897614355463417,-9.304342938053605,-7.683364147565851,0
2021-10-18,0.13176645025639927,-0.2656722313620629,0.10576050202476728,-0.0691029094351229,-0.8196640773030377,-0.44347736677184985,1.682355418655153,-0.9078652938141528,-0.9723735471864321,0.006522550464275554,2.141988361434349,0.2860187516096118,-9.106921016465831,-7.70226345194073,0
2021-10-19,0.42946662068399033,0.2736966300463942,-0.5142584365637,0.25279397195014136,-0.9239954067318684,-0.4398793435754617,-0.5191116281116589,2.4955783222181895,0.02416449314144512,1.2397476776043201,-1.831201838725318,0.702766462007145,-9.852030732594658,-7.8034091371214265,0
2021-10-20,0.19092101217992644,0.79497767089344,-0.339064045880027,0.36701055907002483,-0.9613080979486381,-0.4392231161570477,-0.5714829153133965,0.222539734737134,0.7698117100774666,0.004477631820860906,-0.5041168314881554,0.22873727394153479,-9.772658433839853,-7.8268249456853365,0
2021-10-21,0.10852793576020396,-0.11831728521077918,0.5472819060721127,-0.3225755727332804,-1.047299178488633,-0.399526226087826,0.8238303467626845,-0.6234183295275074,-0.2267678838957021,0.6219985954628127,0.3633663911346535,0.06293732466751648,-8.856785214849303,-7.8150852691936405,1
2021-10-22,-0.1214443781170238,0.5443355662569106,-0.426308156329837,0.32875421359998364,-0.9732997441427171,-0.39047813744753945,0.5459225177722706,-1.467128339065712,-0.4758021404745366,-0.40642970540739964,0.8966644425086063,-0.297073011628797,-8.835700822529358,-7.809824424971493,2
2021-10-25,0.28098944494777994,0.618396450643353,0.37081899572791505,-0.07093569852509744,-1.007808643785479,-0.41334798211932217,-0.6375627208662554,-0.33631998850281686,0.27114145563441405,-0.4059721703184391,0.01962970485467219,0.4852976886326661,-9.02972097007445,-7.862077789443206,1
2021-10-26,0.0004737517952111721,-0.7356210965564575,0.4592743130599772,0.32823052996830876,-0.8810008132609588,-0.42959424273777713,-0.46825631272970586,-0.3357255679082137,-0.47522660885968865,-0.19989945548902593,-0.07769804502535202,-0.037432418072826525,-8.908264364641004,-7.859621669221074,2
2021-10-27,-0.3352553094327559,0.21635938037580457,-0.07116533351690726,-0.7318590159926656,-0.7194298484675703,-0.3689707249897635,0.6962818787322488,-3.4289947242561727,-0.47465140676062256,-1.8404424884487047,-1.0635875560363068,-0.6616386018476335,-8.787685384386037,-7.892823373918404,2
2021-10-28,0.5499571322837968,-0.05600080941715632,-1.311511850785485,0.2745710813457765,-0.7946383829170556,-0.3804958542768084,0.39236891832669246,0.7888931356765638,0.023160585182377638,0.6269801289544973,0.8352718807149692,0.9964663001028068,-9.402760740909525,-7.143546464625536,0
2021-10-29,0.07184041540127,-0.8422591762726308,1.7858675371257584,-0.09638663905705568,-0.8415736025960607,-0.3609367483169986,0.7208224455103398,-0.04800462026444359,0.02266894026972616,-0.398477431574729,-0.37845411050571653,-0.06812477529963351,-9.311455335896344,-6.975525644328942,0
2021-11-01,0.052566635612481594,0.4610179083260559,-0.6880039190529343,0.21356385549274634,-0.8196484329976959,-0.3947902490926969,0.593559563675504,0.2286125371577966,0.023660892079200878,0.6243320939786605,1.372843006481629,-0.2209076536149981,-9.33639102216714,-6.6319314889703875,0
2021-11-02,0.19777929310382478,-0.23400005363145412,0.5425748132271325,0.025311830056571054,-0.8856217101788244,-0.42847240927965724,-1.5168977939891566,0.5063462632214253,0.5210706850686994,-0.40672209268618725,-0.5001964518388547,0.196336018792154,-9.398616980731308,-6.552818016863144,0
2021-11-03,0.3276347433901631,-0.8198713791889404,-0.5128335912320526,-1.0693494403404997,-1.0515279662294383,-0.3179921208619435,0.03165082993381925,0.7833419211666786,-0.22626347798879826,0.829784233203821,1.2957056132131113,0.4618993198185059,-9.1056614908635,-6.42527588643606,0
2021-11-04,0.24016777558872812,1.0374511274184155,1.157706339751092,-0.18507990602828034,-0.9928407049050118,-0.3433106256869323,-1.3751212713885324,-0.33000120049560505,0.7679755463727275,-1.433439804814428,-0.45637465049603376,0.25471306032252744,-9.326479338857972,-6.392326229930132,1
2021-11-05,0.16150858006855748,1.1948034802725553,-0.1587460042416933,0.8565404378956539,-0.8167609766552668,-0.3641402165296841,0.4726902657676649,-1.7196267615739695,0.020691767388820288,-1.6337060986240741,0.7335542799005249,0.015424417447267698,-8.920917080602832,-6.319421943462124,2
2021-11-08,-0.003181947727404724,0.3033815846070873,-0.4215522268521357,0.29681848068565686,-0.6994318074230129,-0.368148012243151,0.8400857177579262,-0.04740424181380808,-1.4696833852772402,1.248069722158215,1.3271616089693865,-0.4431339487689817,-8.925501194161972,-6.110503200673022,2
2021-11-09,-0.2649457351351107,0.42656049891708236,-0.2448551046068454,0.4600057651141821,-0.6146347087890484,-0.40790323212990404,0.4228267530937092,-0.3233743665740472,0.022616300991912808,-1.0147618962391625,-2.190431182127094,-1.3003635200458012,-8.891193273286827,-6.112292685530602,2
2021-11-10,-0.5642073521181917,0.982333421193603,2.3791795085388965,-0.7862332281958763,-0.4752113913667545,-0.3865640794195598,1.0918350223640194,-0.04360168325240246,-0.22621331353127322,2.0809990071451665,-3.3086345384817246,-2.4500275000009695,-9.45540816138516,-6.121064631122665,0
2021-11-11,-0.03470367600440957,0.48517772884452603,0.532572835147672,-0.020781712004174318,-0.6403487750434567,-0.41213081976038474,-0.005691593951956662,-0.04360168325240246,0.7651911214231762,0.4252408188101336,1.2715104277443527,-0.5511351935478472,-9.319518154606804,-6.081914305921389,1
2021-11-12,0.4182266135579195,0.13483977815199863,-0.24463252189517135,-0.09127394449653597,-0.8662485196387106,-0.4151473594797858,0.05863371464336927,-0.04360168325240246,0.02015079745874112,0.013846357812031621,2.7392580382307647,0.8583311119230166,-10.222757666868311,-6.0720467049369224,0
2021-11-15,-0.03416914898710341,-0.19075739174571907,1.2196896200244762,0.07526381199077388,-0.8350323159932702,-0.40608543260227614,0.6122935710473119,1.3468211798885321,0.26836870911504085,1.0391512168976471,-1.5236401050892536,-0.5186860841410569,-10.027573736927474,-6.051643854779385,0
2021-11-16,0.1929066822401732,-0.7306085259682558,0.867334476599592,0.0949383246438721,-0.8577755337460038,-0.45558752546922393,-0.009230221424641012,-0.3251153930557801,0.5166850703760292,0.007745921437797769,0.09349605479535746,0.404173344233537,-10.403717553721872,-5.960445162612975,0
2021-11-17,-0.2081917599890082,0.8189875215440154,-0.41800429760395436,-0.5782076239795148,-0.7387040348045856,-0.48255339325911395,-0.008173136734988958,-0.3251153930557801,0.5155655252248645,-0.6079571070650667,0.05109010299219219,-1.1195474795973925,-10.365126922765919,-5.93270283217494,0
2021-11-18,0.15853811875470028,-0.34731882127824637,-0.5902607881807709,0.3111773324307152,-0.6650901841609942,-0.3704743056601191,-1.4724822043894634,-0.3257499470649438,-0.22800409857952297,-0.1969438515844597,0.5026123789142829,0.3794851979075822,-7.544980910912219,-5.894591997139998,2
2021-11-19,-0.16783942953043623,-0.768623345142393,1.122358098069877,-0.8846885793442769,-0.6178923648812096,-0.3864740776745547,-0.23652437018643116,-1.4378580118472113,0.019655525739614026,-1.0195030392505333,-0.405261623416262,-0.8639716813719522,-7.301994931492052,-5.85505464269536,2
2021-11-22,-0.23286263169386723,-2.1847871367074125,1.113165018783125,0.38110321564387417,-0.4313299938097881,-0.40163660335577794,1.2009301746880625,-0.6015829436842759,-0.4744642802639165,1.8583870931351678,-0.6550659018651859,-1.0450342679538445,-6.85674031285899,-5.754875615659368,2
2021-11-23,0.0280472984410249,-0.8555357431340779,-0.0776038242936212,0.9250899777634665,-0.40384189577902313,-0.4450567054188142,0.27401911284647806,1.8954381081543903,0.5171505723403229,0.8259517061136031,0.16467080072071408,-0.03960318290960788,-6.746199770038779,-5.724640197080828,2
2021-11-24,0.11251202469323812,-0.12627876054851864,0.8541474441395744,-0.13050313168170566,-0.5255703803836846,-0.45408910908081146,0.5257699582143748,-1.9843231616788695,-0.2275565664243206,-0.6107097188134114,0.6918125584958092,0.32521838789634566,-6.571802299068145,-5.7150777279803275,2
2021-11-26,-1.4738937995083627,-0.18910995184242305,-1.686191289943982,-3.3125742969670577,0.6848812902247402,0.4283100140597395,1.2930932267697175,-0.5970334723592623,2.497224436289358,-3.272843673860534,-1.9966290343076059,-5.701402868841514,-6.941408115744505,-5.81427639819096,2
2021-11-29,0.7141374492224646,-0.16560344750954245,0.4333871796603052,0.3391578090828055,0.06055499817258451,0.3584893378228873,-0.02014852438264424,0.7808793037664151,-0.23207598190409828,0.8214436368377587,1.4134451776866643,1.7625001467825305,-6.951819867479558,-5.865124700575585,2
2021-11-30,-1.2855582760513231,-0.6713493453852691,-1.0076358380006563,-1.2487079203790645,0.5353849880178059,0.6961133311072919,-1.1213859196902383,-2.798997723627179,0.013682649501936268,-1.814131985486207,0.29033959376138696,-2.9769236861570367,-6.917830802942872,-6.010765842998715,1
2021-12-01,-0.7501895329005821,0.34042975146264903,0.6048720592965967,-0.47425240674625324,0.9151939709286339,0.7778920014714966,-0.23182017933737353,-1.1329158858988555,0.013194692232724015,0.014030426185449174,-0.1910423037857094,-1.3288447783325208,-7.044476907194937,-6.05969280504741,0
2021-12-02,0.9023675314809109,-0.5574040822681616,0.09308621702516237,0.7689397852044539,0.6067144082931822,0.17869757025877028,-0.09624354416401842,-1.6752491554214122,-0.23177071809922475,0.21830106402876348,-0.44589454334167516,1.92135932229522,-7.2830804811449665,-6.160857746363928,0
2021-12-03,-0.5998253120525059,0.7564299524140616,-0.0769643868952102,-0.13094635460312648,0.8675835450319613,0.3851645810803003,-0.711309399230964,-1.6701829581609102,0.26158387122679255,-1.8177805566282548,2.170362045173455,-0.9101295437989112,-7.266605455056121,-6.181465268786395,0
2021-12-06,0.6862656522290643,-0.2657470832855091,0.3460053300692349,1.460729001372685,0.5208668034104383,0.14541986883529442,1.799055555055552,0.7858349668416179,-0.4781527399981431,1.6391430949156975,-2.177049247012065,1.4177689974926144,-7.3555604388923435,-6.250813160832139,0
2021-12-07,1.229063065289687,0.2999651126159316,0.09035861702684761,0.6251157785877618,-0.09775173473327937,-0.08604766527617591,0.04156559177092761,-0.030224421801600662,-0.9709727419594194,1.026451819502333,0.7288564351047654,2.247239042521627,-8.226352429456826,-6.273489169627913,0
2021-12-08,0.11193743814297455,0.014849587886978028,-1.01056022921815,0.47978746652253795,-0.37234477099178576,-0.17076516422269325,-1.6246157546275939,1.602525991498581,1.0005755070611972,0.8234242600103744,-0.6283478430696378,0.25340683834542715,-7.599117056954395,-6.276734780955126,0
2021-12-09,-0.47743029575153045,-0.6133173127770492,0.771802256666001,-0.7181017942823353,-0.14271068860483138,-0.10856091739252086,-0.15923702828987116,-1.3921760232971636,0.5047874329319173,-0.59391587011987,-1.126499457123956,-0.6477798995039901,-7.536136319101908,-6.292934972209149,0
2021-12-10,0.5321009200385439,0.36198235234789794,-0.33187246947606625,0.5816427717512125,-0.5553657750922399,-0.1440021077095884,-1.0682767137574491,0.5103108893003263,0.5022045293145317,-0.18764598781789107,0.6991605730459028,0.8910740007485684,-7.487294519995772,-6.340689437094213,0
2021-12-13,-0.6099451198052169,0.2031715791086158,0.6829417774967499,-0.28183404825263525,-0.3195266874410888,-0.1551137178963662,0.4155660182418323,-1.389068727669614,-0.23603025017209867,-1.201728326905573,2.453455019279724,-0.9027607039659049,-7.426503490086122,-6.33896621877912,1
2021-12-14,-0.48312903668813084,-0.9187964347360484,0.42707062485455083,-0.2463037931075181,-0.10763366157076398,0.09773450042632395,0.5215385010185675,0.24322442260522095,0.009775229811299751,0.42551888648890784,-2.5282529367784714,-0.6617335023000701,-7.061516753188913,-6.362088891053039,2
2021-12-15,0.9171066159292406,0.3705186169891252,-0.3331790158217474,0.4166563359709697,-0.47432812710079114,0.14683758736222785,-1.02003125481996,0.24122825958681787,0.25611102105605377,0.6260760122919006,0.7550593849852516,1.4669802231263915,-7.241713829843704,-6.390223011240973,2
2021-12-16,-0.6047584933572133,1.0981268550252201,-0.9266457937892436,0.17112669136724407,-0.2932804694081399,-0.04259017827879,-1.025316156262944,0.513971635805971,0.9938187614467002,-0.5947588676568294,0.928999356540441,-0.8063039938785593,-7.2991687534994405,-6.438006751027685,2
2021-12-17,-0.7183397858554266,-0.23689244695329958,1.5267918045982352,-0.5531063852974882,-0.15992681568913317,-0.09150091912814275,0.6833406752581422,-1.3867536588727143,0.0058607178102022236,-0.5933370846321426,-0.3661635681652409,-0.9036011848105189,-7.18338135909484,-6.317541737964947,2
2021-12-20,-0.7160374677229893,-0.4335307176383785,-0.24751152803662752,-0.4473117067807968,0.006155340359879881,0.2490943307425329,0.9269417933839823,0.788797770754252,0.4977012294053901,0.4283392204309521,-0.24047411763315935,-0.8525976414493129,-7.345512103582049,-6.320501496244971,1
2021-12-21,1.0492606196936816,-0.07316808187448952,-0.24725151388137254,0.9540161618166876,-0.2439676979501766,0.019848405597085686,0.5025285033779677,-0.02581255165792986,-0.24274326056399465,1.038908070006277,0.787904268077899,1.5934580014063218,-7.9946933361348425,-6.429633230178985,0
2021-12-22,0.5700579218138557,0.8455168076846906,-0.8366150503170537,0.5225657864576697,-0.598338024394447,-0.16267867616228618,-0.5569784679676262,-0.02635260786677256,-0.488388481837973,-0.3894266369247847,-0.5562776971421419,0.8241324032249888,-8.310471094401645,-6.262160584998489,0
2021-12-23,0.33569982668437903,0.17671581829472843,-0.16054565832435522,0.3779702878275403,-0.7092943896091016,-0.22968745681536526,0.0813196573016984,0.24470278733431688,0.004882729664390295,0.8333047539256271,0.6621148885845108,0.4713948469666291,-8.450370538092317,-6.27297665886526,0
2021-12-27,0.8233769236352807,0.18878137475907816,0.09331825348514801,0.7525956448582988,-0.7591487505282348,-0.2345783206873409,0.5718004811144676,-1.9248717769819212,0.005371339462901097,-0.3908707531922707,0.10684256195388725,1.062078059001382,-9.910225658402428,-6.297977589111686,0
2021-12-28,-0.10296035962922123,-0.43840363343105077,0.2613775512589383,0.11126975195412263,-0.7863228345223995,-0.30334953655347957,-0.5419498905480938,0.7858163189465084,0.005371339462901097,0.22043714102458983,-1.1139926083591032,-0.13439956230384428,-9.921491317763211,-6.294916472223611,0
2021-12-29,0.027473305024685347,-0.05950075810128609,-0.5869799352807792,0.2422234438415171,-0.890068908527773,-0.33287569127173877,0.08922798903215999,1.3261320416600693,-0.241235891433211,1.2367563068984329,-0.736196774729586,-0.058957806405524345,-7.767185187874405,-6.282602043524705,2
2021-12-30,-0.22507456257930428,0.6409672866230072,0.34425335338900465,0.04457272670156593,-0.8262860636697436,-0.3349945737954286,-0.08530729640912077,-0.2955522925780589,0.005860011972965006,-0.595574113461766,1.0924028905945957,-0.3585907164764549,-7.783329942389806,-6.006500936579221,2
2021-12-31,-0.2091841709756895,0.6074932888058824,-0.9287982833715764,-0.3408349377488348,-0.8477160244707453,-0.26616423716625826,-0.11438980019881481,-0.024098204746362942,-0.7320594305111056,0.016126474619980753,0.006888135322542577,-0.44235246041728943,-7.7611937664919495,-5.887114999530996,2
2022-01-03,0.30834344963527566,-1.48867845679999,1.3620482754910994,0.27360782423794416,-0.9602363917601602,-0.41240075782710944,1.421898303713185,1.595094485260146,0.0078096926302424026,2.251066123654471,0.25441498288196734,0.2951321923866994,-7.838730983823979,-5.882792445686422,2
2022-01-04,-0.07330139828728138,0.6623867908385175,0.17345905119923627,0.41795169748825356,-0.9075776672980632,-0.357808092367838,-0.20811710050739887,1.0479067652777723,0.5003405052607174,0.6153343637705957,0.6576581207968665,-0.25462660078811344,-7.649522995788425,-5.849849452708954,2
2022-01-05,-1.2583597075840751,-0.30906082262956713,-0.24911351835542944,-0.04480998244947425,-0.4525103735867771,-0.21403963251634367,-0.9145349019129667,-0.3025897806206072,-0.975595489410512,1.0198524799249755,-1.3374226632327675,-2.246987172644206,-9.136805958284066,-5.786025363133797,0
2022-01-06,-0.10821193126619957,-1.182046278667678,0.17427534669098174,0.7564280827367412,-0.47370233166067643,-0.4345685206140619,-0.20069852772750912,-0.84001196821768,-0.48053974994163484,0.41000043164197564,1.8270140356585665,-0.19605439590239293,-8.114238509695033,-5.7791681058451765,0
2022-01-07,-0.2951851120136998,0.40224273508320996,-1.1772260406336792,-0.0757706032103501,-0.6090582847187831,-0.43083213064365394,-0.628497277021619,1.0472779083948796,0.01317246972061911,0.6136959062810173,-3.429582365161834,-0.42155387335293265,-8.16751434916056,-5.780903452495593,0
2022-01-10,-0.12510900196215877,0.2591129028087774,0.5171169139100591,-0.2196820833390114,-0.5129720772413581,-0.41236934589107127,0.6942923369494723,-0.840386628424565,-0.47968485040441816,0.4089092555521991,1.7772647136660986,-0.10922303400595561,-7.416177450643949,-5.759870235929133,2
2022-01-11,0.51546567456944,1.1006508077989874,-0.9227621771931217,1.0025956982515307,-0.6740956905450194,-0.5091073828945928,-0.06527762527917322,-0.3003856302250053,0.011231529935092433,-0.6059227661696065,-1.0527830544462864,0.9341412790405562,-7.372685060596054,-5.719781348274225,2
2022-01-12,0.11953591442654335,0.21873309692213744,-1.4354889818097247,0.38382188466116646,-0.8104196547658575,-0.5068067624750591,-0.6848099316340058,-0.8375909003988179,0.25734853373016164,-0.19858433322170208,0.41085352668114516,0.2741415113170178,-7.20244740514644,-5.62632146127171,2
2022-01-13,-0.9107455918161562,-0.3487815531188726,-0.07200321120290665,-0.27476659218559335,-0.38646969308151524,-0.4284905330552983,-0.41373433520052977,-0.837590900398815,0.7490450868707403,-0.8074623636266798,-1.1335762507815967,-1.5426598931316575,-6.963984593468363,-5.571194107252226,2
2022-01-14,-0.021323364738318255,-0.2984216772358247,0.6081512720602783,0.8256810083494961,-0.5623039925111885,-0.3114663259897753,0.8127666494297133,-0.029857722362065336,-0.23577448701454398,1.624515793723951,0.6034210007622445,0.012438394123943965,-6.945339710845859,-5.568424375249496,2
2022-01-18,-1.1552262360457564,-0.1825442124291591,1.3668078628250535,0.48547030496597,-0.045018151591891514,-0.2805069699585529,1.6317044370908194,0.5075812801551112,-0.23577448701454398,1.8202540835171852,0.1079028140477689,-1.9058023905406627,-7.137488828310648,-5.585156999007073,2
2022-01-19,-0.6903789858983768,1.4513854293770834,-0.4954737521894802,0.06277548218139203,0.08949209520278244,-0.2678419412797422,-0.9289136266033319,-0.5669581016700908,-0.23630413351837298,-0.8073132542225226,-0.18562086224115495,-0.981737105431499,-7.275772717315792,-5.614271371794045,1
2022-01-20,-0.7319117340672585,-0.26386152984372624,0.6863268760763795,-0.15159056623385483,0.3012627533090088,-0.3149750905340856,0.15621763955895746,-1.1037932621612687,0.501902167886131,-0.0020009086936696773,0.05673410762734525,-1.05534896980793,-7.430758977507931,-5.524503811018462,0
2022-01-21,-1.268872983445526,-0.3350098251315745,-0.5801070392760156,0.07957531895602368,0.6656867221071073,-0.27468582483797327,0.002275535481674237,-0.2956131353878009,1.2388225484299542,-1.6160006346117672,1.309266860137785,-1.9413041023213793,-7.12902864683525,-5.616600941062052,1
2022-01-24,0.22411365633028,0.484910541073012,0.6864122970747122,-0.28380277568492346,0.7725485800726245,-0.12325448085595388,0.5481452450993116,0.5097329199389647,1.2350693499094074,-0.0003993099915223306,1.8475864504554838,0.7146796552378243,-6.810458269688877,-5.589890066972515,1
2022-01-25,-0.7996716616025039,0.2708681885012628,0.09562279501407371,0.41708284442146115,0.8963884076777833,-0.13010822027529795,0.15352414203798956,-0.02929676099991474,0.494936486866302,0.6021493265685829,-0.8649055913568459,-1.0019705325697807,-6.91112715252657,-5.545530034222889,2
2022-01-26,-0.19560364836884597,-1.55365076817345,1.1860126389379866,0.3419559707179786,0.9709451625882672,-0.1872913970703208,0.2338872860261688,-1.1066279604455938,-1.713922170741397,1.4070036842056104,-0.6378127875832966,0.1387670538126061,-6.827302961944776,-5.4914956739721745,2
2022-01-27,-0.34504850676782534,-1.2396616657131174,1.8392190565048718,0.10166384200361069,0.8221134306777059,-0.1523309177709585,-0.03473312244611973,-2.44534813367215,0.4998008197902824,-0.8148274868537858,0.2790874716242765,-0.04266944672579611,-6.422227855456129,-5.387483651571923,2
2022-01-28,1.4807911691061708,-0.30144383460201546,-0.07589824767017768,0.0695019334582707,0.5186379675671835,-0.1287377191181021,-0.07531897133439885,-0.023850789785672556,1.2342035623010166,-0.6137473292918472,-0.5898504862697753,3.5191447898090518,-6.863529550911951,-5.526923652016532,2
2022-01-31,1.0622402549117773,0.5296163564293059,-1.4865553418042368,0.24715079866970313,0.18281355519011333,-0.28506616013205816,-0.03645258790928568,-0.5593417289766563,0.49777155332306444,0.19337244621523952,0.8637713292017902,2.0598189479966287,-7.213054284394006,-5.54803477004117,0
2022-02-01,0.37113589622373855,0.05580690136874489,-0.5755644607480145,0.0402602562283442,-0.19787866439326157,-0.3152382120936219,0.011430417154326886,0.5115994369125751,-0.2353428777765343,0.39291770361479184,-0.6131123302783842,0.8230131185313225,-7.1839073041594315,-5.476951721471498,0
2022-02-02,0.5524705809603917,0.3147654837611557,-0.8252068787423916,0.011774772439072417,-0.18100356055575692,-0.29931657634082603,-0.08072940311621961,-0.2909796353852054,-0.23642618376376415,-0.6171636996929812,-0.8497381690934473,1.0239932943410601,-7.039726059483318,-5.493477298381883,0
2022-02-03,-1.5148712674240383,-0.1594767137559462,-1.0777955840209237,0.4524177984902245,0.11800006549920405,-0.2910903294550212,0.17545665543209799,0.24491123229447462,0.25393923441293187,0.8029077387225667,-0.18454425343972705,-1.8382172541986521,-7.355183382406223,-5.6228558639898285,0
2022-02-04,0.24963948426488775,0.11819114705662437,-0.1520818182925712,0.622366258813691,-0.03190475786764542,-0.24137177247491032,0.38869001718077156,-0.2889685787113202,0.007298327230419222,2.221155697353862,1.4646293858244384,0.6200102782065168,-6.8939560469466175,-5.406424297196263,1
2022-02-07,-0.23841187837214223,0.6647667746503052,0.10125703196546966,-0.08314909116490524,-0.08317191413293229,-0.25744012760877755,-0.0599354222237565,-0.021738920600301137,0.2516075079675475,-0.2127290613149089,-1.371786475341786,-0.0954927409428526,-6.893571084993085,-5.395875678236092,2
2022-02-08,0.46541340960048344,0.2593391584110523,0.35404772652254285,-0.4442546242339414,-0.2850997206471323,-0.3179217188896901,-0.9769380371956377,-0.2907554958244904,-0.4846911974991675,0.7940778848142047,0.4219700510771061,0.8441853968699105,-6.722867217958443,-5.265246209801863,2
2022-02-09,0.8563129688746186,0.29115217595380816,-0.2340619818269155,0.2540371334812392,-0.5106046075098604,-0.3718266243818622,-0.2026892114512251,-0.8244946720816779,0.25252212217250547,-0.41956227598511014,-0.789107892988485,1.2932470295270553,-6.914562357240961,-5.302830914470643,1
2022-02-10,-1.1599429993725323,-0.3831879589316369,0.35392302747215276,-0.07622100715885537,0.05019546779691729,-0.24447807387280232,1.3791905897939694,-4.297139252585401,-0.23889699131218295,1.8022663663811016,0.028723171537967305,-1.3375431078720383,-6.784823369170731,-5.336524522232156,2
2022-02-11,-1.2655903321655175,1.73810715700079,0.9397700254581348,0.7797333280294108,0.4685672639004691,-0.14004798071958682,1.1175743878514088,-0.012499072077738569,2.2143124817091953,-2.2299069073630164,-0.5329755661676732,-1.342558989284331,-7.160879094030235,-5.410425095009373,0
2022-02-14,-0.2379046258416552,0.4683636993004082,0.6008517399519837,0.2760682702680522,0.5748002131921819,-0.10054864734732402,1.674052761013472,-0.5380213242746719,0.0024211679086203583,1.1892080691298021,2.639042820329716,-0.005837233464588066,-7.033247603406807,-5.311974856443534,1
2022-02-15,0.9478864167684564,-0.9195106994189424,-0.8184306036661112,-0.8694865409340651,0.26544267735817284,-0.11490391851453514,-1.7041181778301613,1.8249987478751637,-0.2421308711117122,1.384579846621466,-1.4721713886555639,1.3805480542582342,-6.962784181255236,-5.267354287505605,0
2022-02-16,0.03065711021333152,0.929145312925271,-0.39935331168453275,-0.3044111443988723,0.08479246780097092,-0.0862819746468484,-0.26705303093379523,1.0297793029057478,1.4673165267776633,-0.41934069936490553,-0.9415354467779683,0.21708110381409892,-6.752192676570843,-5.238056388476274,1
2022-02-17,-1.3645242324626665,1.2395344572144391,0.10431027722424888,0.2928210142579273,0.5429845181654146,0.02152188032473486,0.6880051774285945,-0.8035568523306922,1.7048418838873667,-1.2170251274814687,0.886166938485296,-1.50445207247195,-6.743633466324366,-5.305748593288597,1
2022-02-18,-0.43397402502896093,-0.09620479373305106,0.6071443586638561,0.26436352931778273,0.49930122418810824,-0.012331532322675899,-0.37890537639333943,-0.8020678826170405,0.23947669888240705,-1.0156794158160876,1.2470272490227208,-0.3454518658855039,-6.77434061702995,-5.31426998888711,2
2022-02-22,-0.6979854384043169,0.1696056976438667,0.10163823094744377,0.3587619663332386,0.6153208520443264,-0.06827729997587276,0.23222697633587117,-1.8452242330844422,-0.0019290675437851589,0.3810980101414334,-0.0022280187160152393,-0.6679278590551931,-6.675173450598873,-5.310431622856826,2
2022-02-23,-1.1414029945140367,0.3959386181045556,0.2686520469654999,0.3102398974328437,0.848088547370189,-0.057310685108423146,-0.08340225483562097,0.7674215974357091,-0.7298723036708521,0.9785259541952128,-1.6749155854723399,-1.2420641566237571,-6.6657356218156725,-5.3417529313450505,2
2022-02-24,0.8816844736981893,-0.6336762341687301,1.763025314475639,0.05454083780782863,0.7748345587278499,-0.10034945011561301,1.1441031525640308,0.24569401250708334,3.415878393217158,-0.626730041603622,1.3366401312461431,1.199975487953164,-6.834860230413497,-5.341597669509709,1
2022-02-25,1.30375855706101,-0.3381895004595909,-1.0633037289529275,-0.2160321954717274,0.47564009388173206,-0.08735627654256933,-1.5216989005899262,-0.012916863739707247,-0.9655978245720085,0.17508268779293323,0.07142463742354616,1.568353478283902,-7.314417676341037,-5.440883400059806,0
2022-02-28,-0.21063657540464656,0.9393950981896547,0.3445843124640874,0.7119152718918572,0.7600923432253598,-0.0004700875795742689,1.4427591272024172,-0.793299166295173,3.3827058722727616,-2.828939927102101,0.07751377906527157,-0.20057862188396122,-6.466493445004133,-5.430860055776405,2
2022-03-01,-1.0050476318415953,1.6689618095525358,1.6632371996896624,1.7434108901700294,1.0810371577138596,0.2581034463581943,3.6916375562772554,0.516633206739336,-2.1611501368785895,-2.2380098946301246,0.28311012244418254,-1.0541165401580763,-6.5878148405846755,-5.4503154665616504,1
2022-03-02,1.093937739378701,-1.0243367338969012,-0.1594475608627452,1.3669644992818066,0.8251346467067011,0.2602335909143518,-1.6328822294818504,-1.3146713111782322,-0.23069304454676362,2.7754660180341952,-0.7954672622082878,1.3517325325640814,-6.3511384725809545,-5.521208521482812,2
2022-03-03,-0.3633260367431807,0.5351643122478912,0.825222729497976,-0.32718691783840986,0.8003119191633609,0.3418475669441592,0.9938943905787564,-0.7867071540532814,0.011425812173365914,-0.03316888569318738,0.9981463615610562,-0.25565589711601516,-6.353678023171194,-5.468705144626276,2
2022-03-04,-0.5593614564399436,1.4723481940186702,1.6370329291393142,1.7826258796298649,0.9536295188982038,0.7151421313873354,3.396775080711784,-2.3524171985501234,1.6906318587005502,-2.4213286556026805,0.16074436938718553,-0.4388129888955597,-6.299331132604837,-5.482685099576096,2
2022-03-07,-1.9424643125909613,1.3760844881476675,1.537458193593637,0.9948074113841894,1.3735182661923848,0.7602472727735313,1.6517225224605308,-0.2554943400995926,0.24960748697397545,0.7623349317762746,-0.6857571939447696,-1.9186166764945867,-6.911786858925918,-5.703117069972532,0
2022-03-08,-0.5274393978478943,2.5341795383631074,-0.4126007887542526,1.0077955739116977,1.2586661319414865,0.6697186049303598,-1.3996143516137005,0.0010366924642712882,0.730145498633286,1.5678874488833048,0.004190117081847043,-0.31439577022038484,-6.56330440135605,-5.672509115921853,1
2022-03-09,1.6583584856970024,-2.885486884031935,-2.1366976400580464,-3.735009178616157,1.0137780731669295,0.599403462348934,-5.013065112606559,0.7844384579415192,-0.7566931562709682,1.5790463135112183,-0.3486531749508318,2.0536469264244097,-6.731954572919627,-5.863880765715568,0
2022-03-10,-0.35093634737514534,0.2587100424580091,1.068518741908825,-0.5770698802479335,0.7919069286064967,0.4294998440531529,-1.3184680830039397,0.0,1.6045913400812406,0.7819549533084318,0.1334829733800119,-0.14752129206767114,-6.625361100002416,-5.862198997178259,0
2022-03-11,-0.907275474116883,-0.699300152999308,1.1423613053965285,0.9101868260123462,0.8560206746384177,0.4521149363290548,-1.4762711303163876,-0.2618591815754402,-0.7547040630333428,0.3677948552465369,1.050110513564216,-0.6325288634267733,-6.659941473359342,-5.918807469483555,0
2022-03-14,-0.5841863808867477,-1.4926897767716405,-0.08312639232454931,-1.4481586381468592,0.980800115044586,0.3814800316950547,1.5070331315667045,0.5381905100469171,-0.4951536220100564,2.86691024544023,-0.11076967549968254,-0.2109922791564901,-6.702774280749256,-5.832133506152781,2
2022-03-15,1.4874033480256186,-1.8609599944022863,-0.2476425541996461,-1.7970632905431942,0.7837211106783909,0.3331461532952622,-0.9847886440984851,0.8090710055731816,0.8695289404904027,0.15748282754906678,-0.8773876252708456,1.6685073671480202,-7.024648809654942,-6.002551491318053,0
2022-03-16,1.5915510184363986,0.5542183859050821,-1.7805800671657201,-0.1762470340492385,0.42676328218775705,0.21272731304248305,-0.10328545114553488,-1.6015732034896435,-3.500419382777265,0.7837212447433423,0.8178582351433283,1.5028738766054357,-7.458202352257538,-6.155805185667685,0
2022-03-17,0.8783699682654363,0.4252358241672787,-0.5605392787396768,2.2935710135385015,0.3098357620553244,0.4681581271712267,-2.226490707193525,0.5632908857085059,-1.5684202058645016,0.1679834063658102,-1.0827067724177308,0.778452710488378,-7.344771132182391,-6.154668092146941,0
2022-03-18,0.7611039105710881,-0.8991090233493325,0.31461189263971967,0.3645542587275411,0.06968107627533521,0.5187093724489127,0.01895754613859558,-2.4528105193747267,-0.7910163306226367,-1.3732197094116148,0.5265189746752806,0.7019707980469873,-7.50372543031517,-6.212087146164643,0
2022-03-21,-0.12492844020903401,0.6856068087229601,1.041602069739231,1.9943044701964296,0.02783525458390669,0.5814654177004376,2.6729235454469937,0.30123288203130577,-2.0338188478736936,3.940428916641764,0.8120990825041005,-0.013230310231760656,-7.416613295542996,-6.091771993900502,0
2022-03-22,0.8214966973948893,-0.7532776880228629,-0.06830258154407907,-0.4414313848969873,-0.055367493574589546,0.5614013161257965,0.9089068071264436,0.5743027245183308,-0.5042284006940743,1.272769991462194,-1.3274976415397481,0.6801180526974612,-7.390626733188997,-6.153226166089468,0
2022-03-23,-1.158757855074226,1.2957438810701614,0.3325461320694598,1.3083892377261566,0.04924154253917034,0.6733903638657298,0.1036273862814298,-0.2624752711578669,-0.5014033955951636,-1.4224555728409565,-0.38886282162511054,-0.9349559533242976,-7.626512201447108,-6.125866720667716,1
2022-03-24,1.1563165294718596,0.6926555617708985,0.32853713557766845,-0.9159978100823002,-0.2515874483688523,0.5791681510010377,2.0079171943785763,0.570845002242052,-0.514877574945114,0.38434003879947815,0.23590812834754815,0.8348491912362569,-7.592752444530684,-5.901316663332571,0
2022-03-25,0.3053073913090963,-0.45088065246533826,0.12130537954323448,0.35159351940252104,-0.3978269221662958,0.5814828500498211,3.3944257721988436,-0.8195601875531479,-1.5050269722204004,3.0898160591546224,1.1746144279029855,0.10388750381126167,-7.624443105566025,-5.8977829998120335,1
2022-03-28,0.5121552431807413,-1.8851246229453387,0.838685100782915,-2.611698087251187,-0.6150461772132987,0.5318600567335198,1.0941267734979303,-1.9344215801355062,-0.5246483353472687,-0.5203410837915775,1.0395762222796219,0.28222816737798684,-7.579352174963607,-5.638285020302714,1
2022-03-29,0.9615626124872494,0.012538161709696145,-1.6601337784751613,0.6421633341089307,-0.7604098327372996,0.3968797289949873,-3.175862310837274,-1.374270064656382,-0.8604889747057826,-1.2024289272858797,-1.2094309747256304,0.6968545762755949,-7.559144188967077,-5.679377022955781,1
2022-03-30,-0.64468766638459,0.7725178168395737,-1.4528425297275671,0.6823672558566672,-0.6736458388750722,0.3634169668854726,-1.3731213008974033,-0.5339923073962415,0.7992791579886602,-1.4243923830698637,-1.4578112293060126,-0.6080343009098459,-7.445695113508086,-5.521559849696202,1
2022-03-31,-1.4627004739911387,-0.0006670235834273686,1.161297419792297,-1.6548772179027227,-0.43135569339871727,0.2617081298090672,-1.6959666848508197,0.02373856181531993,0.13275052304645737,-0.7461424896679183,-0.5907303914621015,-1.3063532193895004,-7.9057268162686745,-5.263533577972235,0
2022-04-01,0.13934095581187766,-0.6867014243166778,0.43134843800048756,-0.02605030551261382,-0.6122232078747143,0.15836800395808764,0.38804558554135266,-2.4969090466287907,-3.8872846936894057,1.4984394758363844,0.8041854005637805,0.0836288687862751,-7.908003727267616,-5.258137976953437,0
2022-04-04,0.6517421934197957,0.45832394528458953,1.265950733965533,1.1321017774079576,-0.8327292852946672,0.1665941116900764,-0.011675902603220665,1.1364268971839178,0.13860942120258413,0.594851984195605,0.037452482048326775,0.45433622918688776,-7.431599096397338,-5.268148817037074,1
2022-04-05,-1.2486838354241032,-0.6732361976566384,1.4687456349974757,-0.9443835135945573,-0.3301369472597375,0.15642103887161496,2.20237354798325,1.1322935653360469,-1.1857346221358516,2.612041644415207,0.22822331230596282,-1.0867782620750057,-7.718728179142242,-5.134253252350193,1
2022-04-06,-1.0292664835295198,0.21278510680661827,0.22047633984650256,-0.8347241367141366,-0.1248780120426897,0.14134106727091023,2.0637353822531264,2.238257693164236,0.14038953812283686,1.4787867198571167,0.6801004415812925,-1.0755897307632203,-7.656134633267226,-4.94763971958898,0
2022-04-07,0.3624045051237822,0.35862966280869457,0.5272010798711576,-0.011492038078031314,-0.22310645351437733,0.18810014278066992,-0.37404167172580766,2.235122841247322,0.4700545402485679,1.033799903998373,0.044656635411766385,0.11986109079254063,-7.410502930236174,-4.946151018270265,2
2022-04-08,-0.3450064692144187,0.6096017736454087,0.009785427992976782,0.426639413601647,-0.2942784354746667,0.15665388991240667,0.5802778644919498,0.016960832471202364,0.1313249329836252,1.2545422866278892,-0.7479820915753271,-0.44000468193724074,-7.422144998910819,-4.808207465848581,2
2022-04-11,-1.6971873445502383,0.48339998893740815,0.6296593236355158,-0.8896903081996831,0.29572715670959954,0.22535268249727078,1.358511866187538,2.774463918111844,1.497395757570097,1.4722515947449162,1.5793266245256687,-1.699298716995549,-7.492793333846758,-4.844622456581628,1
2022-04-12,-0.4361791904159761,0.7668156470699591,0.9366762409818593,1.6593207353007258,0.2829699592528913,0.24741986013415118,-3.366388812214505,1.106708750970715,3.7032492159259047,-1.6470448811942584,-2.0201714008056975,-0.5057597213340195,-7.516829577813814,-4.814257140097546,2
2022-04-13,0.9785935111769755,0.46964361187458875,-1.1437437402505757,1.0354852793180238,-0.15671014410075448,0.10200399011486834,-0.426295175380527,0.010850907893976334,0.8118776725261646,-0.5300834247123973,-0.30495729398549104,0.7479809243214108,-7.352238489512233,-4.830235957279194,2
2022-04-14,-1.2677057741681141,-0.3697742983236488,1.254995949613397,0.4461338094567991,0.014437160743597747,0.1900020478383144,0.8874251481569099,0.8319234364577445,-0.25730630620893996,2.817574188629757,1.083845463798685,-1.2977208472404167,-6.678028829238693,-4.781210101145294,2
2022-04-18,-0.05053843214214067,0.2936452900418291,1.1459278772792905,0.3046974108228344,-0.08097037503414435,0.10338344488385157,0.7012157258091596,0.8288685513709514,0.4517010336444075,0.3464169414449675,-1.0018510298896566,0.0025118304857840975,-6.651947564200679,-4.7792610583624455,2
2022-04-19,1.4239512374302008,-1.6148233405819468,0.6212372687278148,-1.6136794062322088,-0.23356036487321738,0.08430249131013555,0.0864343482585238,-1.9253931962145776,-0.9746669172768144,1.6809230385768374,2.586024932973735,1.5725521161831928,-6.266559357059596,-4.760612116035139,2
2022-04-20,-0.161019069251545,0.4799785400855054,-1.966298801447527,0.10698140245476156,-0.44596195813376655,0.1777115373423903,0.6229665383386059,-1.9161882335008125,0.09675911821237924,-1.8746583735014204,-2.5057933528227103,-0.07498393107326665,-6.2627039247302765,-4.580197982042525,2
2022-04-21,-1.5313682202629766,-0.39906107765726156,0.8341833309873566,0.347518631052304,0.033697875893780795,0.12049672642425202,1.4968651840161487,-0.8152497499936172,0.8095441067412357,1.006536215007845,-0.14449424559382937,-1.419965232752388,-6.074252419554716,-4.598829368088875,2
2022-04-22,-2.742780893078161,-1.042424364657834,1.6541961110481769,-1.0442236162117136,0.9929488398255295,0.21336427459514032,-0.7337484476839411,-1.0861241320881112,1.1643475058983315,-0.09964401256292268,1.20557939525632,-2.4676187771951272,-5.827568198856355,-4.678848931197209,2
2022-04-25,0.4621029613435256,-1.909800612968006,1.3315062323385802,-0.9830013010550526,0.812868904201799,0.3374036601449056,0.9272304309876224,0.011411347445059507,2.5839594974391518,-2.0922378048934123,-0.3625132972461848,0.6437696522540312,-5.826686061129047,-4.6460007946131885,2
2022-04-26,-2.867663366172718,0.14073992685269981,1.724273642718023,0.857454123995354,1.7696956240441297,0.4071831210795811,-0.6807312999265127,1.380324189709187,1.1467458831120034,-0.9780916061182601,0.06436529959400822,-2.346124898286232,-6.163408216456419,-4.73357672608715,1
2022-04-27,0.18955218257854295,-0.8072302880219272,1.7046454127427728,-0.1716226929872183,1.509144050123613,0.43854823588323616,0.1936195100400215,0.28475979346756397,-0.2705628341475023,1.011161909074264,-1.4604830128335111,0.5333980309166901,-5.810115189451813,-4.725707105907051,2
2022-04-28,2.2723895200647486,0.5405305423596698,1.5859810987377347,0.8034104968399715,1.2800181570064613,0.4047458104947418,-0.41381749652433664,-0.5379943237005668,0.4374378063296663,0.5657838895878353,0.3469532176127405,2.307917994726466,-5.60362227650725,-4.752096364611877,2
2022-04-29,-3.6225597157738707,-0.03024024445922442,-1.108617760241064,-0.6213598424547399,1.7568930521331534,0.5551654276656516,-0.13200618987056487,-0.8100848798441735,-0.2705628341475023,0.7853788333102836,1.0634746624803295,-2.4815224773703752,-6.073815077166338,-4.8531438927120245,0
2022-05-02,0.48861876110510116,-1.9728686755632374,1.3788105076889778,0.5467060741596239,1.615137995359891,0.6511126448123118,1.8150802078362587,1.9293058555898772,1.1425321752860593,2.1066571953614504,-0.550542327836543,0.7123623536137714,-5.706201801399243,-4.85370237091294,1
2022-05-03,0.3519207958671564,0.25767164577829793,-0.5141133796190762,-1.0421974127391764,1.1752043684875693,0.6664063266252142,-2.4327467572949484,-1.8989573406494604,-0.9771488650356184,-0.5414638677101988,0.10656528846442795,0.555572679021272,-5.710901676276721,-4.847944459908007,2
2022-05-04,2.732532356136285,0.998342574550139,-2.3132027181754564,1.793416197296607,0.5568095094583584,0.6148034810945154,-1.2588919258164935,2.1877978021170295,1.1456661024911063,-0.9794132223649741,0.42048091766505336,2.174883100638943,-5.927092403217574,-4.919819853001548,1
2022-05-05,-3.4463577762567805,-0.41438519731766615,2.2785866860939104,0.02674124769798531,1.4741306259589597,0.7544023963375359,0.15944596222343552,1.9043965057191918,0.7893828158314078,2.5328586755916427,-0.7895869910287581,-1.9389208333207215,-6.6020204798665665,-5.072843070158217,0
2022-05-06,-0.6245398151277419,0.15200775878320624,0.4823393069804471,0.7561392296104706,1.3300093342929697,0.7955448646947703,-0.3920132527040542,1.6362062783609748,-0.2682080077515066,1.4267586687689617,2.0687464898125842,-0.10190566062527052,-6.276490874695734,-5.077098202249762,0
2022-05-09,-3.0659053545457144,-1.5372091343874263,0.08528103972656272,-3.1281835806938783,1.9592109135766733,1.083020305407231,0.9981348369027477,1.0877292320979906,2.914666414249769,-1.6391429244878244,-1.8001627529284752,-1.5511138155769693,-7.08497867398312,-5.245687515700628,0
2022-05-10,0.14969875277129827,-0.8975649388667085,0.5768423617165102,-1.2602832735097849,1.7203220742543321,0.9550701941578751,0.3822143808623651,-1.8883317072473127,-0.26734118549145386,-1.4130619936680882,0.7671305513887955,0.413685913462709,-6.687123572770739,-5.224254054836358,0
2022-05-11,-1.525018029506291,0.8307483051840102,0.2820945855367736,1.9320932515600147,1.6568431864687778,0.7642028703593989,-2.406457643770898,-3.22598496749781,0.438847607795169,-1.8431011749076296,-0.6554574712719351,-0.5435095039156307,-5.920643260588679,-5.166007716908635,1
2022-05-12,-0.1579787194008792,-1.621660847093364,2.334411822530429,0.4559402849588709,1.5481658499532944,0.7165148268139461,0.1535734492665131,0.8160112850327566,1.1405867472914544,-1.6192655785304215,0.8166000305669012,0.22475960034315515,-5.907076283297964,-5.02493470614185,2
2022-05-13,2.1023860599136555,-0.8554405810622838,-0.7946781084421516,0.9723945873237557,1.1255151896677216,0.5967039260573761,-1.1493291281269729,1.080018231648108,1.4921804602179842,1.8614111399668438,-0.07076184161340743,1.48940519281578,-6.136669996671066,-4.891239363214088,1
2022-05-16,-0.4394042951162068,0.9778205943343117,-1.0868472237761015,0.8355672861703799,0.9066589185544428,0.6681162392150977,0.8741778036782556,-0.5261741494449311,1.8362392426520837,-1.182085065595455,-0.26813782394309404,0.03111915413913054,-5.995787373763569,-4.892227920155045,2
2022-05-17,1.7961223879706492,-0.6611343371951033,-2.2638268989584747,-1.150661227882503,0.6809954481214049,0.5369472042275382,0.37562387026304833,-0.7914883962994396,-0.6218445872488488,2.0673191870557814,-0.4717257003991604,1.2312393061677325,-6.150066458979351,-4.9211868833669525,2
2022-05-18,-3.8422974340304665,0.04687540940916189,1.358606220051976,-1.0817007939149355,1.4460309005308325,0.6879654915881855,-1.2775724435805207,-1.5918371104054678,1.4770057962347225,-2.041990070080468,-0.07170103061668248,-1.8251184864764904,-7.56618747205727,-5.001157299722807,0
2022-05-19,-0.6146290913442847,1.5082980610098091,-2.860642824225942,0.5945423561408004,1.2069651248859252,0.6290550038451246,0.02197872705734314,0.016964188648740754,2.1800800742295987,-1.170560879394252,1.1112464290720738,-0.003846126032510531,-7.045485809173805,-5.006088821235357,0
2022-05-20,-0.014452622827573099,0.06341052978175808,0.5743163345103864,0.47014217075169923,1.218145305223785,0.5967015015856331,-1.0977089090221295,-0.7851726105447628,-0.2909376939213734,-1.3831683276449185,0.377335360307955,0.31065661980580117,-6.529774912106046,-4.917832676050206,0
2022-05-23,1.627576792683786,0.4696606592699118,-2.465372872149845,0.07303222372424492,1.0716270056740962,0.4167952126440434,-0.27559014129184695,0.8186531665940732,-1.0018116794847356,1.6285512752134088,-0.714840229389031,1.1118022088544104,-6.770291616012173,-4.965476568254659,0
2022-05-24,-0.7521619139482206,0.7663640311057958,-0.7913904448531945,-0.08453435638228922,1.2210271112335949,0.2775070475374913,0.2282464095782213,1.3495792097608765,0.41222553532253603,-2.2360122642756743,0.0055158551249626184,-0.19801568110202042,-6.764006000442419,-4.960266586580616,0
2022-05-25,0.7422264676422203,-0.6454286243711183,0.9765251497112457,0.15344976770664953,1.0531633060911134,0.25838359137766354,-1.5083333362086595,0.27976917537338813,-1.7105209393315928,-0.3008471100021279,-0.6828106294203715,0.5932782343586104,-6.547924344294086,-4.839209055173528,2
2022-05-26,1.740745231834598,-0.20711231607672978,-0.8957475922777374,0.9961695892231115,0.913644110388567,0.19458466518879317,-0.8917752390230006,0.54483483273357,-1.35322179516521,-0.08758839911454487,0.6374337374546898,1.0494466293668085,-6.6335382181235065,-4.887992097309145,2
2022-05-27,2.135835340851767,0.04053844424258011,-0.6040177030833302,0.33980329803202813,0.6154908424998242,0.3871986296210152,-1.109566823643557,-0.5209509835018046,0.4114121986465245,-0.3000329266854739,0.21312080989717533,1.194342536460423,-7.213530403733255,-4.909722725099474,0
2022-05-31,-0.5673188884955435,-1.0466199653118518,0.4826582300891995,-0.09811981889696417,0.6972694877906017,0.5816314657773881,2.3030125174783467,1.3469170132615425,-2.759728221538524,2.260443209495377,-1.5859376899037687,-0.19645851995889865,-7.135875965614796,-4.9139346437357405,0
2022-06-01,-0.7900240859100801,0.6507424694896248,2.0533060458514005,-0.0664615804406408,0.6121731015473555,0.5191759128444163,0.5785898921255654,-1.056400659379881,-3.4331509438480694,1.819939956096741,1.846616063166084,-0.4157397127077255,-7.070772920242174,-4.913854906668356,0
2022-06-02,1.6418162742455782,1.2599193962033153,-2.3753665161834627,0.7639608815256004,0.44063481331238313,0.3907738398271952,-2.740095493671063,-0.2543084416973408,0.7602394245734078,-0.5185782689994415,-0.2623885587179691,0.9801687804891722,-6.8372169136235685,-4.947809096267368,0
2022-06-03,-1.5442346204995987,-1.0813727491836478,1.1587223057041274,0.9944756484696442,0.4536886027923789,0.23893268024916056,-0.43107301619567123,0.8186239621452822,-0.2836662760917728,0.7591395261000852,0.2986781596297196,-0.8229317372286096,-6.3978979258707085,-4.986624513836086,2
2022-06-06,0.21827369391283882,-0.4738122055731113,0.5638048988036986,-0.631145248887486,0.5043727380316932,0.4117445897545735,1.1892337031112712,0.285229928237199,-0.2852919314935287,1.609913861336014,-0.5807397269969793,0.26582696033362585,-5.759049400411658,-4.986313386382907,2
2022-06-07,0.8095944925057748,0.6624960997336468,-0.3157766216357987,0.71173787669653,0.31277326261688243,0.21268569573338608,0.07195183641370617,-2.126847250208566,-0.299510087880897,-1.3659178603877007,0.6377539806986514,0.5522123744799701,-5.785400571040129,-4.9674803740643,2
2022-06-08,-1.0356846983240005,-0.11346025757249117,0.7573974761344815,0.8369787988811992,0.3023164052867293,0.06483861090558264,0.6929963714519315,0.5575093714961702,0.05217622653574423,0.9734603454780453,-0.9653914639986808,-0.6432741712349128,-5.759412953085089,-4.9846990236948345,2
2022-06-09,-2.2182418428188475,-0.3485718385599893,1.9160727002874205,-0.5364383252063737,0.6851143142666446,0.018888775437707953,-0.02237766777435414,-1.0486632415857522,0.051475719640937626,0.12009503832968263,0.043605669660617345,-1.5670261224036819,-5.597716200818876,-5.0523213323627445,2
2022-06-10,-2.6850746018482368,1.3887356861444728,2.0839377700149186,-0.559153086508286,0.9621653464272883,-0.0745621722073581,2.358418373152839,-3.192895635825469,-1.0153066295336948,2.248646785439941,-0.4114351183340433,-1.720403540120495,-5.8621366574705975,-5.1836188866835675,2
2022-06-13,-3.6013996734168137,-2.8230186836505093,2.5499821288312337,0.00483358437367695,1.889919187342929,0.40979000864229737,6.596105756797534,-1.583514069211072,-2.0858508112804093,5.859529844539873,0.04757206766214445,-2.115783464628979,-6.232276982443939,-5.487759057132164,0
2022-06-14,-0.3163037939052105,-0.8454557473443236,0.5313096071168597,-1.0520826140786799,1.7125283101422355,0.3207281571709122,1.1999627799825265,0.29307363879682086,0.42217159298987766,1.126439129141325,0.5469318439195594,-0.04333448361331773,-6.235240341505901,-5.488531783807216,0
2022-06-15,1.2428840805279984,1.3409440176996066,-2.1264342685941138,-0.8698817315913537,1.2690484705959246,0.37021452262252114,-2.1179395694528695,2.429178952457377,3.9886385734993497,-3.4102722107916303,0.36122801908270263,0.921581488492538,-6.290449863252531,-5.451078040366014,0
2022-06-16,-3.095398522454084,1.1503406636315139,-2.607561463549862,0.26905455462334193,1.7544937807287182,0.29531669961235923,0.5115328200047172,0.28722048149273727,1.1102147588792006,-1.1233495268485778,0.6888283494911204,-1.5988769159555678,-6.3766452752629394,-5.735989114271976,0
2022-06-17,0.15952856995883938,-0.8686622056715381,2.6239378706555545,-2.336317560336933,1.4979513578232793,0.6082492200504046,-1.1417018078316372,-1.5720710023721738,0.05159656357090908,-0.7132975473727444,-1.2873876843383798,0.3669238291121172,-6.370777874728878,-5.538142772981339,0
2022-06-21,2.201850560368148,-0.39909161062620874,-0.9689757858744988,0.2777001548307108,1.3608327414918475,0.33381699380510904,1.2663290648475976,0.5533873322710948,0.05090373907920149,1.11881891632079,0.5977709141717933,1.544581190562029,-6.489769200601206,-5.696983524516368,0
2022-06-22,-0.20225944321632627,0.4044868526910651,-0.40416515432977357,-1.787046767314237,1.1749707680563939,0.5956136940429553,-2.3097058906192576,0.021562095803257162,1.4576121994223175,-3.155329403134807,-0.841707910426208,-0.011913539154825362,-6.49150112132762,-5.6678077685060675,0
2022-06-23,0.8354065487104372,-0.6456007267221672,0.252361750479778,-1.1333778928095968,1.1928497398624578,0.5545773619566741,-1.033416535264255,-0.508065339196416,1.100407640631851,-1.5073915436895837,0.00426248215061714,0.6010232537888496,-6.510551638609293,-5.670203433216321,0
2022-06-24,2.7626715905470007,-0.10831977040032359,-0.5984395400035117,1.1658374056872975,0.9003466859019883,0.3883245158794179,0.22030062327787617,0.2892852681315975,0.7474411475205234,0.709158495135104,0.3346571828767711,1.789005239174673,-7.387855227126875,-6.003935913006105,0
2022-06-27,-0.3911633700520282,-0.12117259069783586,-0.5020833529423173,0.7954091282724128,0.8576436214933397,0.39416529045746546,1.5260358039857929,0.8176442394068816,-1.0046999610857346,1.3090762500967532,0.5358338888805902,-0.17858850113721228,-7.405934346741206,-5.953777709681161,0
2022-06-28,-1.892279875387033,-0.17626243228775756,1.4829243374298617,0.8461516727715925,1.0941388401058714,0.3560609985876792,0.4608424334532596,-0.5098753570098121,1.1022654079680314,-0.10029152834359821,-0.18474518024692368,-0.9947331028113187,-8.553753108369103,-5.868547588998691,0
2022-06-29,-0.12033746624402546,-0.08337956594173433,1.4690968659979649,-1.0298641251581693,1.0666907157381604,0.575798456154821,-1.2425564317506004,-1.5730080455816107,0.7487793241684781,-2.1094046336440564,0.0964847829349419,0.09969789290169923,-7.79168724216957,-5.815271026419846,0
2022-06-30,-0.7760155396777462,-0.6364304869914154,-0.8723484128160153,-1.4995020353522275,1.1581821899439053,0.615817488176362,1.2307409011051387,0.5526926704829782,2.49917254949738,-2.495939585158621,0.366012059913003,-0.22273483744901298,-7.965349344743375,-5.768445066452777,0
2022-07-01,0.9027055970231805,-0.08764734117654904,0.8083017512837265,0.6256355715840869,0.826047426282972,0.67339572646731,2.1269623838594076,-0.5064598235224249,3.870381767484305,-2.078047268479156,0.2685793094945394,0.778222753523144,-7.905762600737337,-5.801597534265883,0
2022-07-05,0.12753704036301156,-2.228084803289366,3.6643267030979407,-3.9726168423331685,0.9695986995047402,1.0243795843867112,2.939204733849919,-1.0339871964725809,-0.31148095429855516,-1.273166952299227,-0.9687438455363151,0.2679352525666953,-7.7195643021019915,-5.788368464091474,0
2022-07-06,0.26135348790720625,-1.64736299671153,1.1346771649455674,-0.7307355379397357,0.8324441817439285,1.2481007317098194,-1.290821036722618,-1.0307936284139418,-0.6558942786831667,2.0893080492907536,-0.554149823516307,0.40188958080929327,-7.683387460054805,-5.715943124926465,2
2022-07-07,1.2964711655909824,0.06444550023816661,0.044573849179814086,1.581835924237678,0.7199436557843989,1.0503471715761952,-0.40092581617431094,0.5584185225712766,-2.03455461480671,1.486293931649889,0.06014245027125835,0.9842277880396175,-8.312928701363866,-5.785263478972549,0
2022-07-08,-0.11727409578985613,0.05291293248766942,-0.2252904036875769,1.025818848604093,0.4603369527112137,0.9659669149953651,-1.1474867713011254,-0.23770136256103977,-0.653027992743872,1.4795033234344934,0.2535633515991301,0.09055138943278815,-7.413924029573997,-5.784552874399392,2
2022-07-11,-1.0736930793788786,-0.5449958136106895,2.92236983113364,-0.25575091045132814,0.7395725657734784,1.073417615702754,0.5614081181434537,-1.2943031874915683,0.37463990554038507,-2.054401488858375,1.5094772373311334,-0.4613013428153972,-7.52480424690444,-5.827977264276336,2
2022-07-12,-0.8383672255210542,-0.3739850637907602,-0.13970719141081311,-3.193704598754868,0.9346682520491216,1.2150502125791018,0.04829466658350045,0.2928715241769241,-0.31590232437908705,-0.6781999273642585,-1.0533290335428798,-0.3182829467729727,-6.749634192432346,-5.849667950581658,2
2022-07-13,-0.509964489576132,0.5030484372963913,-0.5850465459561557,0.14494340458411678,0.8545274624830025,0.9261592878117909,-3.004020252970427,-3.940857944309371,0.3732296812305802,-1.0665142788865842,-2.0077011060865972,-0.16602548739889944,-6.738906152987778,-5.718327907927019,2
2022-07-14,-0.2563539063702315,-1.4492584514232436,1.7226705134228157,-0.28003639226712723,0.7850645881661508,1.0648203438019972,0.3630335801563201,0.8183440410618975,-0.3151890836826739,0.8880249087657218,3.0902258262980538,-0.0762775480310887,-6.660363167998058,-5.720128882555359,2
2022-07-15,1.6654321552633338,-0.19348649583059774,-1.5586403973851932,0.44224203823732383,0.3899837676837383,0.9279412200877138,-1.9714557780785995,-0.22540589266761982,-0.31683943758316363,-0.6753238297942475,0.08683268881995297,1.2761214774473186,-6.898385228546639,-5.743684217270228,2
2022-07-18,-0.78064052585755,0.11111997496299408,-1.4739766426096523,1.671677675718064,0.5917412173552274,0.697220721285539,-0.5652465607464275,0.29571598762816176,-0.6602445384475245,0.49630856513117977,-0.31924367257224234,-0.6652906744268333,-6.96735015884696,-5.759998530936581,2
2022-07-19,2.353587713190795,0.2576218024997159,-1.654017764546402,0.6031171816734873,0.4441836735924853,0.5996053239818196,-0.766158950483675,-0.7481902450137919,-0.6602445384475245,0.8842899014637453,-0.0702149004311388,1.7696622704476148,-7.893887066696104,-6.014049552521441,0
2022-07-20,0.5262017263155512,-0.960778607670836,0.6653299343605306,-0.30906976219731047,0.3258753755926167,0.4641670166000679,-0.4754976844093747,0.29800747827453206,-2.035359295457628,0.4928675693482751,-1.0112438658001168,0.21573663221720468,-6.918005538211631,-6.00981105163618,1
2022-07-21,0.8635410367558395,1.4596772617310854,-0.763564380250501,-1.2845177814957296,0.1741387859878155,0.8491664307108547,-0.4618541796970246,0.556689889687461,1.0595162940404081,-2.6262830831052524,0.3656859425079759,0.47871475458914453,-6.866122849576616,-6.048956310128079,0
2022-07-22,-0.8718514820140415,0.2722880944884632,-0.4102333284784136,-0.6259628398341783,0.15875897038883896,0.4930694258689197,0.5834209380274425,-0.48770792318952627,1.7407172646322364,-2.7976140916961394,0.10667140162904568,-0.9559409149292469,-6.754942168103843,-6.009026973743338,1
2022-07-25,0.06951835817248626,-0.2648220023913209,-0.4115848857659913,0.8799728586061069,0.2252820199879088,0.5045727358118194,1.0720737138752061,0.5564638561678852,1.0478604977775305,0.6855136894075081,-0.31615237693350934,-0.10336152106860684,-6.748678181391323,-5.8438086794011,2
2022-07-26,-1.1021993662512977,-0.10195573728808345,1.9141644702016096,-0.6786502525635386,0.4833986024724256,0.4873063441381841,0.02733197091793916,-0.4898114966604788,-0.665285357221047,-0.08456068925331567,-0.5467720014700407,-1.0860064599382764,-6.835809949813346,-5.891798422424679,2
2022-07-27,2.2438666322206697,1.0702371797905452,-2.200947947536899,1.4323785518065721,0.20297309230716054,0.6138510977191673,-2.776084636326283,0.8170990470899511,0.3613064550937895,-0.6604875457894163,1.490490963838344,2.235170974210182,-7.324958380343011,-6.158666025588907,0
2022-07-28,1.0623216829134443,1.280555127156768,-0.2376516507700119,-0.488141703001684,0.0181236148358381,0.4149186011274826,0.6024799272786419,0.2945271753192142,4.11867965401193,-2.0016491262294256,-1.1187041953138679,0.8658865518356633,-7.592966380633174,-6.139389418362093,0
2022-07-29,1.2362577371384902,0.3146681138032826,-1.044949457212409,0.4234824405615086,-0.1934844205175984,0.3074509504470241,-0.8970828870637165,-1.2725091912078943,-2.007098227082337,-0.270574213095856,0.36777186425405106,0.9659453927991883,-8.120557281565489,-5.76590913246383,0
2022-08-01,-0.30938340074135456,0.6106253544551435,-1.0497236723229484,-1.706252207382743,0.12536485234993047,0.7153849121539069,0.9602775455811265,-2.0490559227589626,0.6875617038121041,-1.4181428251601615,0.19041873061786468,-0.5636602245843995,-8.145915188689347,-5.7547298595377585,0
2022-08-02,-0.6331284896424031,-0.595414791609061,1.5632959947780516,0.36983686485529854,0.3427576410745501,1.0163984990083923,2.0603067675825,-0.22140466101396236,-3.003403173422344,2.786743845384907,-0.8597099366312745,-0.9038973161132517,-8.24741736639314,-5.73039377873265,0
2022-08-03,1.332135542843441,0.2778546620693286,0.658955372579446,-1.4464207790431742,-0.05834669412362026,0.7270461234089352,-1.7625577982008163,-1.5183524676685594,0.020443811937340704,-0.46173761362221966,0.4144549323409792,1.0310934381934906,-7.700570789190643,-5.788458089391249,0
2022-08-04,-0.10548940293955311,1.72669333014731,-1.674865417289377,-1.2473825662295395,-0.1666872327145702,1.267391258401793,-0.3881899931208013,0.5599797958024,1.0206052961611263,-1.0289277060901778,-0.8795371230513476,-0.3733989145569645,-7.701580598686797,-5.785407416141669,1
2022-08-05,-0.19454516592485427,-1.1494925704572123,2.0896651704752656,-0.06775274247521924,-0.22904974185252683,0.5738436973618487,0.44344390364464215,-1.5155365316175262,-0.977440457472914,2.759878684727603,0.7222353002113604,-0.43928088381252134,-7.221012337676543,-5.750381640321217,2
2022-08-08,-0.1463253569817672,0.9064808223892353,-0.419857493889987,1.0963470439359173,-0.19760937390151195,0.31671643860681775,0.32927268229466694,-0.7324278350156564,-0.977440457472929,-1.2132477866426798,1.7134575091604007,-0.33794011656432726,-7.199948105425988,-5.74632231248158,2
2022-08-09,-0.3943191710528572,0.3489458234070088,-0.33049514247148243,-0.126672533893081,-0.09340951891970607,0.29657104202168055,0.20004859821142001,-0.9890489102792408,0.020434837664083848,0.48057187972453963,-0.422477213705338,-0.570370902872317,-7.216153460585943,-5.656217656315838,2
2022-08-10,1.79804331277755,-0.2349461791504761,-2.8412294229235395,0.42303745302283574,-0.5481669558348982,0.33042577419763114,-2.392830270521053,0.8220438885431475,1.017127565021988,-0.4585260870111901,-1.8288694531357532,1.49887005577596,-7.948210124430651,-5.774390608902498,0
2022-08-11,-0.0443341430838512,-0.24835803521308333,0.12556486976803674,1.0266092360080574,-0.439919716647941,0.19970644685043232,-1.019289895294924,2.3694371516111095,0.017781586169459594,1.6078098304030588,0.37840286549745544,-0.3899826695753198,-7.924648090111456,-5.700667543344859,0
2022-08-12,1.435912182756928,1.0044127355572354,0.9290818103590333,-0.8062894687734321,-0.5950087688493169,0.049991867140403747,-1.1766272247590805,-1.2416416373128383,-0.644748351140417,-0.6449931867806943,-1.6129046736447832,1.0075318488617064,-8.243565064405106,-5.75206787783765,0
2022-08-15,0.3164428396007825,-1.381975251727,2.1610069128913163,-1.2778635808930294,-0.4947652276619155,0.3326195416088357,1.7569434998477351,0.047923384155910076,0.01848294146605747,-1.0170683493323172,2.4868916602216684,-0.1436583619699472,-7.280538177994749,-5.271550326914072,1
2022-08-16,0.12525917852539042,-0.16793971215120354,-0.14867856700658108,-1.0352751055593548,-0.5546015226355349,0.72234231602177,0.6786577999693088,-0.4651039273748611,0.021161758201700475,0.48446591981855747,-0.7544093217286624,-0.2739419353238796,-7.277585704345198,-5.269473790209526,1
2022-08-17,-0.6759396258520969,-0.6815535797919834,0.29016617218341995,0.40582027708391427,-0.5041456030800601,0.8601374002776399,0.17087703681428876,1.0792329631942577,-0.9778690199926213,1.2320622702516835,-0.7042754967556114,-1.140179416097313,-7.338041365871208,-5.254118254472881,2
2022-08-18,0.210029653399652,-0.257829222790707,1.8628621227365558,1.1760347535658706,-0.5833625340642111,0.40787962043008474,0.5709831350108526,1.3319787795793638,0.02646723273709798,-0.2685728478937963,0.4585856580711093,-0.10572103101367533,-7.0839832543534555,-5.244553564135692,2
2022-08-19,-1.238738405773646,-0.7705913852013762,1.4929869741762036,-0.15946002173605453,-0.3419626050342781,0.7232029677103186,0.8034773755862956,1.8392109631895974,0.35995436522452556,1.7878823901727128,0.1424482775195578,-1.6733594841045814,-6.297350701038929,-5.268212199461322,2
2022-08-22,-1.896913775766578,-0.7090563990597392,2.0031059581198334,0.27778424680904146,0.3287284603508369,0.7526527830890929,2.8138770445470382,-0.4700979217543562,-0.30701989975032956,0.8469330017688861,1.2162652151047906,-2.1731552181097005,-6.541442918471196,-5.330155980744373,2
2022-08-23,-0.25240753347539585,0.7955099034360061,-1.1063275200921339,1.1220809621452514,0.3882965177507274,0.3916581795029333,-0.5201422037064749,1.319012615407856,0.027126396794516484,0.2846923323489512,-1.3305311737480168,-0.3863808065672387,-6.464101738547343,-5.269315848469116,2
2022-08-24,0.24150797499947682,0.349010393666379,0.10115062435038273,0.5802520949339682,0.13259403417807197,0.49579953649033603,-0.2097697253197385,-0.21890805257746096,-0.3070198997503443,1.0289541446072727,0.8695406881576943,0.10250630054524305,-6.433687923895872,-5.257545939201454,2
2022-08-25,1.1930507240348847,0.3597246119025819,-0.5010739165031036,-0.9183843846916983,-0.08391656807468764,0.5420331967670415,-1.6323201653370474,-1.7502789548456608,-0.640507032237772,-1.5800536194119912,-1.6261638854678075,0.9892747153263615,-6.557237456252357,-5.240605053481814,2
2022-08-26,-3.0586328690591476,-1.3256947460895887,0.8754781680406644,-0.4349580347502966,0.6583816980379111,0.35370077122997573,-0.8256639511956365,-0.21143563503819096,-0.6389241739461551,0.09951936990205204,1.3626931265545652,-3.475831975147069,-7.967965225532004,-5.4702685609585915,0
2022-08-29,-0.6082194225011367,0.09554367154098764,0.011956940924275804,1.4724843058401127,0.7736855905348917,0.42220824169210813,1.6432096730266057,0.8083113511747106,0.031106593509953758,1.3995338789868401,-0.4963294461017659,-0.5063175388190239,-8.057673750635232,-5.479210056248011,0
2022-08-30,-0.9892584730142968,-0.8999428951395191,-0.15934739339045922,-1.8339389586202501,0.7727533362581797,0.6394206808428472,-0.6076048518100213,-1.2314995980530268,-0.6345475001620671,-0.27315446813711813,-0.3506642635955117,-0.7922002292714541,-7.577480458299063,-5.419253140174216,0
2022-08-31,-0.6902397251967046,-0.8282618112101603,-0.2501418180065009,-1.4050437369723379,0.7106258553924387,0.895893538824111,-0.6998914760943984,1.3225862387797687,0.370226571095929,0.6548645574197963,0.9396305689470326,-0.48363558609186447,-7.609019826934646,-5.335443942584095,0
2022-09-01,0.24573576143264564,-0.9443648908228138,2.156222610597068,-1.3257324249792166,0.6550761257367744,1.0884582815141526,0.3688192512769743,1.3170447234890865,1.37223747737527,1.950922246567588,-1.1384475402168062,0.3652752292269994,-7.231014621685375,-5.288204477130828,0
2022-09-02,-0.9459368752526204,1.004108528527362,0.0042080726939518216,0.21173037371034906,0.6390261882380506,1.0843109201676224,-1.4014776832454492,1.3114292764007254,0.6984385182501612,-1.204167082053496,-0.3346048758757486,-0.6951038335243459,-7.228371637649008,-5.181866699368803,2
2022-09-06,-0.3494419890736351,-0.6181627605425448,1.364772514938654,-0.07813863076840613,0.8944588446102624,0.652501542229642,2.9422049299007997,0.7980197000785698,1.0298931283843957,2.3079113048627864,0.7622417941969419,-0.09644265623117663,-5.91904736697319,-5.030664891713938,2
2022-09-07,1.5355195574574727,1.1497924410287463,-1.8637957656018957,-2.3570740887075567,0.4895252779977117,1.0141830339388538,-0.13681547488653212,-0.22007078736572314,-0.9777688785782198,-1.2012657015403174,-0.09251980579327745,1.661350220434628,-6.038461092526871,-5.079525574727366,2
2022-09-08,0.5395537152547871,-0.6378827563059702,0.4313954088799273,0.21720668433781604,0.2937201516152342,0.7889172309523603,-2.1072054733204904,-0.2164489608462838,0.36359393161415815,0.2748775609112779,-1.3569909381557712,0.6326068400992287,-6.002260103299933,-5.069121914349496,2
2022-09-09,1.3206319145024892,0.6113867009134938,-1.8632196590066563,1.7380005247032604,0.13208907523710692,0.5222766534461698,-0.6299145907567758,-0.9825818438937914,-1.6440722374756507,0.641234082534358,0.7343048379199562,1.2620078101059258,-6.07738802001258,-4.983411337898144,2
2022-09-12,0.9061520500914393,0.5891275068453286,-1.3532882762310285,0.6624046851542129,0.35096213702513895,0.008477902858224444,0.31784380469312473,0.5501272843396234,0.032438822025887847,0.6402897356527701,2.0074443113946807,0.9532651375422616,-6.1014786682756155,-4.991552086009254,2
2022-09-13,-3.967934017351631,-1.4207310622302183,3.3251707166920923,-0.29167573908704963,0.9773922794838538,0.08261139443433148,1.295751149189417,-3.020813372079563,-0.6348740882209487,0.8217276975078691,-1.1786366343441679,-3.3130526353219487,-7.832867871279085,-5.326897283774298,0
2022-09-14,0.29816659181291466,-0.3948066632379845,-0.5770609280036701,0.3355620091375237,0.7824959529808635,0.17267863016467236,-0.845773439790675,-0.9668697222718895,-0.9668210794135597,-0.28420646724408566,0.45183207713801005,0.49952668762988844,-7.276409757311167,-5.3276357851740075,0
2022-09-15,-1.025720464084579,-2.0495773025879793,0.0907638264758016,-1.830115166153106,0.8019710651800768,0.2844109875560139,-0.3300535982211374,-1.2163589117453542,-0.9668210794135448,0.6358609389819085,0.038495943452672654,-0.48012406527048923,-7.3659239900217495,-5.2206699687929605,0
2022-09-16,-0.694869908009932,0.6456074874195136,-0.07626511761786292,0.006660404280228321,0.8069264378488311,0.37297448594242816,0.16474147417208027,0.5520364729266839,2.03731207748174,-0.1010124242994446,0.08958834102632295,-0.1966477431771568,-7.059391238125185,-5.136797906071991,0
2022-09-19,0.6438315103173556,0.12087518163581824,-0.24277965193021672,0.015822350588752504,0.7096414455897498,0.29586406734916826,1.9872411139302153,-1.4642844283693732,-0.963848783003707,0.634516406163829,-1.411039227276927,0.7944352357307938,-7.014825102548029,-5.042039684437812,0
2022-09-20,-1.03508961075854,-0.5947619816781126,1.0912041451904568,-0.5726389427560001,0.9578615256469629,0.45665447494448436,0.15547496305210487,1.8110491652556409,-0.630814362080692,1.3676895543997993,0.4227933361488044,-0.4552484591306653,-7.1668942513788325,-5.041549515717862,2
2022-09-21,-1.5616327497487232,0.5458350162330374,2.3210992304373845,-0.40060430528275437,1.0979307902273419,0.500810893843595,-0.9850469399528633,-2.9604102237906185,-0.2968924446754131,-1.2047089114594127,-0.22365134052896365,-0.849615396638695,-7.080070236187255,-5.082460735356088,1
2022-09-22,-0.76242376641227,-0.03276179544060684,0.24846715339213382,0.10302042756725556,0.989507752422407,0.329317612030381,0.2755489642473638,2.537133294058869,-1.2914695691690006,3.3771417471502483,1.495374603632692,-0.277522569083151,-6.712010842738376,-5.082500434693633,2
2022-09-23,-1.4944590397479698,-1.8957742497804626,3.7487459035953887,-2.3575438307891745,1.4094990694445473,0.7363362844553022,1.1787360965093794,-2.422801182508704,0.36932158546898847,-0.28965055705082077,-0.08656121286848646,-0.8044588865183706,-6.747702606132068,-5.036661147376769,2
2022-09-26,-0.8931568736530083,-1.2665585132333528,2.6161955604406675,-1.447930809387169,1.7605072984842633,1.3774204802832055,3.6762569272201344,2.997975341154426,-2.6118008526621153,3.332898906560498,-0.9766990366531025,-0.29175131232886786,-6.345974886167884,-5.029133155985164,2
2022-09-27,-0.24787141102470162,0.25903037562500536,-0.009877904936915202,0.7312243988426359,1.8053508103733424,1.2853640378300466,0.9623159197545724,1.5049336740494346,2.349934714967923,1.4983347977763743,1.8117510433059245,0.2643794918102502,-5.922497422404183,-4.992462518564274,2
2022-09-28,1.6756996572572318,2.306652054140001,-3.2448540074539554,1.6492734218510037,1.4395120838714555,1.1851266239495968,0.1414697098265661,-0.44385475510461275,5.620190216914472,-4.586866296603618,-0.4923806908717645,1.8028559565740998,-6.072997655820253,-5.041129886088631,2
2022-09-29,-1.8610291034040038,0.0077104375843361165,-1.027880417760844,-0.29361985042895744,1.6851352695963497,1.113936691459102,-2.4920031567629417,-1.1718641396094729,0.6690030065442921,0.594641684336966,-1.1311299540536452,-1.1894257470894818,-6.231690176204464,-5.107787624157375,2
2022-09-30,-1.3727411382328663,0.03810279276090826,-0.08199530779251024,-1.0129176547763812,1.6474946381929063,1.2504190057223177,-1.4451723565751609,0.2883175356646059,-0.9254132182951695,1.1180817166219321,1.6022752472423085,-0.7563538506731421,-5.982061735087147,-5.057820666530473,2
2022-10-03,2.242464484794802,2.678721691117773,-1.1911773003579058,1.5635117091164943,1.4143044588586058,1.3058490459323338,2.417879030255021,-1.4098198029409514,1.6228723477398272,-2.907799091601966,-0.6090035127698203,2.0200835740582934,-6.26416558570447,-5.161533668292919,1
2022-10-04,2.6131586784062684,1.585717574877561,-3.354866563187441,1.3649759112932731,1.2503876978286173,1.6581321403088112,-0.43371131440374805,-0.6789126461190995,-0.6056558791280068,-0.9703743185974283,0.043526460469919676,2.058804301581201,-6.895413632275434,-5.334796998914174,0
2022-10-05,-0.22593103372549558,-0.5844529277778233,2.1449086679600478,0.891802695802851,1.165818590588073,1.0785212176785772,0.12837812640591068,2.230205049349946,-1.5553130555538375,2.326315538780891,0.06881966899273084,-0.04224647311463169,-6.890011515860754,-5.210042072190835,0
2022-10-06,-0.9137820639893183,-0.09812627081697765,2.266300367705497,0.5281190083590648,1.4737739769854201,0.9886936009590919,0.23433348897384246,-0.19233040709240606,-1.8668501502945618,1.1067575287635911,0.21693615653783704,-0.492240216635732,-6.444697719018171,-5.210114315554368,0
2022-10-07,-2.456245345246525,-1.1844818633101972,0.84570836367631,1.1149199282394926,1.598235506218695,1.0134405673230575,-1.1298363911265938,-0.1928390838377707,0.34982378749237775,0.9300360172594855,-0.4125964045941432,-1.4499698897758275,-6.630134886322595,-5.325706225825094,0
2022-10-10,-0.6721453371664771,-1.650264020126443,0.915879395341865,-0.822392238486491,1.7526650742790189,0.7702377095519805,-0.04080532492291866,1.0184930045008926,1.9283388059069477,0.5844836571571548,0.5762721748169345,-0.17338531368279492,-6.263272548052591,-5.319172220033257,1
2022-10-11,-0.5570747154673864,-0.19565941490922514,0.06761230837654832,-1.2444166907860386,1.91091943514044,0.8217967769777326,1.557760744274583,0.04890659196965261,0.0281092145665547,-0.10779938543466931,-0.33118281833123603,-0.04267680922203516,-6.214063967053592,-5.321504720013873,2
2022-10-12,-0.293338771673821,0.6178868762270037,-0.0888760020949247,-0.5564435124890733,1.8936978130234816,0.7759611152215187,1.1113761678579304,0.04795654390556077,1.2868817800550698,-0.4524118804775475,0.4011985654348817,0.17974070409031537,-6.194437571620436,-5.238568444130345,2
2022-10-13,2.2292828761185026,-0.728923688705769,-1.6300236500192322,0.8502751160517983,1.6573357465123284,0.6657713315036494,-1.3092245202252608,-3.1007100211546663,0.33815523454408547,0.9270623956009958,-0.2182206246630992,2.0437570835086873,-6.547908973280128,-4.894012927649297,1
2022-10-14,-1.9823455304599003,-1.3460441266452359,1.5322753974684877,-1.4546999558826312,1.6632749939883957,0.6407692241617928,-0.5339903496533503,0.5308750973622911,0.023081791837917146,0.4068533077503547,0.15067263265400271,-1.2086148376866417,-6.516914094237251,-4.954351179235427,1
2022-10-17,2.1508599044409467,0.3479498174603565,-2.472348082269187,-0.09702992451592855,1.5646188680950024,0.6358216541106183,-0.596559412860607,1.2494049429239402,0.02245984705437414,0.23300574552546707,-0.7379427819229674,1.7507965518871058,-6.925525516720839,-5.0387449685565,0
2022-10-18,0.9761278848503456,0.26887005710338946,-0.23427660101559908,-0.9331416550986174,1.432824016394444,0.5099970809901283,-1.0774583174389205,0.28826778826797983,0.023086329438351004,-0.28465644184650774,-1.2470313632755115,0.7855068410259178,-6.815251859828514,-5.048718167345473,0
2022-10-19,-0.6182758677092773,-1.4459210250829337,1.6070611810385618,0.7335016755719049,1.4687548181881067,0.3641087219831465,0.39413936698864704,0.2887987937536888,-0.9210347883466983,2.130419710576376,-0.07790091987151498,-0.2734042971926051,-6.809241512070286,-5.0474623995115575,0
2022-10-20,-0.7314524102952558,-0.13798130178948065,0.06728704322764949,0.009132041793574621,1.3508117875703956,0.3847073567057222,1.7228971856073334,0.767060150927862,-0.2920354206952899,1.6022469445134842,0.23310540626312715,-0.35950861522175936,-6.84826836941799,-5.057082009921453,0
2022-10-21,2.019807261221201,1.9695205161467357,-2.0791432250940023,0.15812127631989176,1.3061962000553133,0.2984974278691073,0.2565492972827151,2.4460137656633516,3.802173986475667,-0.6303340377390834,0.6983253490967778,1.4479552276652365,-6.870867059491629,-5.148503058320431,0
2022-10-24,1.0071282431774702,-0.3200178124628057,0.14485606533723086,-0.18902044079507274,1.3297287997017737,0.3622735693926038,-0.6963199645638648,0.760649384960586,-0.604119138528872,0.5699936264899649,0.992611546615921,0.6600362074980232,-6.967280704946209,-5.171959409620918,1
2022-10-25,1.3156095569129413,0.28123088403826474,-2.629703258753251,0.06143520016954085,1.112270318614448,0.3101885461266098,-1.4317936716850017,-1.6219739304841,0.9477465384260354,-2.6828424684253567,-1.0395542411451506,0.7952712613437031,-7.249590748126084,-5.1847842200406955,0
2022-10-26,-0.6596286246661784,0.7245043795208196,-2.481294878737802,1.298497543743829,0.9198317099177664,0.44810758590928934,-1.7247875745300287,-0.6665923298858576,-1.2263430378466107,-1.1297988689693836,-0.46744248056943943,-0.5583933989744739,-6.645959222500321,-5.1879544520568555,1
2022-10-27,-0.4765175915947947,-0.13841546552052594,1.7018837396466824,0.2888399494595834,0.9415612034484605,0.49688095759682804,0.5362311558795019,0.2848673843105243,0.3262513472809363,-1.4682250702051645,1.2744352418493186,-0.4218365604881281,-6.587322731894267,-5.193093255341803,2
2022-10-28,1.959579912429131,-1.0881447149432475,0.3060640459421334,-0.538600995258626,0.6647278241151018,0.36651420173383886,0.3660625011107612,-1.1428882890334902,-1.222545761497486,0.9108598550042677,0.6701172632433683,1.2410463061921906,-6.879043162314728,-5.2474847166505265,1
2022-10-31,-0.6490227147053669,-0.8653996442048851,1.8337040573098111,-0.8366510688323944,0.6964460937112229,0.3266706393882293,0.6973359537282331,-0.4267932244068736,-0.5989551368520536,1.2470045927590534,-0.5223124294751083,-0.5924641441699608,-6.842711400273711,-5.256957826955886,1
2022-11-01,-0.40334519186111184,1.1401241163425977,-0.1525610637703385,0.8395561031205984,0.6910895446202746,0.2912320949644211,0.0727451099982017,-1.3754384933684443,-1.835026548218484,-0.6171708429486146,-0.5134433871827099,-0.4633751809907053,-6.833644130510598,-5.090684133559206,2
2022-11-02,-2.1897032026321073,-0.7336463386341702,0.9079034639225134,0.46010210189336814,0.7075324164246418,0.37576595913272653,-1.645331541649381,-0.8941601667138277,-1.208890234576955,0.40072073279554754,-0.571433756836826,-1.6482174335274145,-7.053581262092059,-5.201488072332781,0
2022-11-03,-0.901252768279801,-0.3828570295040733,1.8014775704001695,-0.5389433706898863,0.6126127528430776,0.24114316460039217,-1.1153496757300656,-1.3688139936642916,0.3334098239451112,0.5686203413555054,0.7993995737919413,-0.6024980275474653,-5.621509052578685,-5.220881667669815,2
2022-11-04,1.1883095154772496,3.3380814434374715,-4.384020602444279,1.8996932231016266,0.4777613393835537,0.35995736793152033,-1.7630292942639612,1.96004955955236,0.9473283347631551,0.3989432984834862,-0.30958605297955427,0.9038427289361373,-5.652787412320956,-5.197951265486966,2
2022-11-07,0.787337389188473,-0.40032817440794644,-1.3489978005372592,-0.22857936723339772,0.44193050584216625,0.09717432746954449,-0.060297837370453876,-0.18422813234553131,0.021968738758187337,0.7356518486059362,1.5442444580517924,0.5420294865407549,-5.657832331792694,-5.176442283178761,2
2022-11-08,0.43873251659392454,2.5167127036296626,-1.0589051880399005,-1.2512976829660862,0.6671606973309309,0.09140513190063032,-0.48431998077402433,-0.6582602424902207,0.3269540379791194,-1.4749012650186482,-1.5077588285006005,0.20413226243159965,-5.645538303969843,-5.181065892905744,2
2022-11-09,-1.7886595960462102,-0.51358477172013,1.5840736029276095,-1.6988008370708667,0.7666818646148301,0.1316787140079454,-0.46978694538402166,1.006323241624492,3.102934392998915,-0.45057668525967143,0.37941509575939075,-1.5325579023365823,-5.757651969644469,-5.249615597893509,2
2022-11-10,4.522905059407443,3.339298418508598,-5.243868135228371,0.2557632127066259,0.2824261509815289,-0.07791683854057842,-2.8793072900336236,-0.6569126983917071,0.9268671028582736,-5.216031735438065,-0.44506131409908595,3.178404549552697,-8.092213274559008,-6.014216310186086,0
2022-11-11,0.7780306633750167,0.7362013481761157,-3.231517513895549,1.1565603083143168,0.0772958426478203,-0.23448766738527735,-0.028845831983267074,0.06215251115373682,-2.7501650431165063,0.9019112858584696,0.9483413598660356,0.2446580222972105,-8.36163653835841,-5.969354246285868,0
2022-11-14,-0.7331153936900805,0.25229848824797163,0.9183882911529954,-1.5036158164082782,0.323047376970604,0.02953253213181387,1.8134108210503,0.058556868497458565,0.0108525810098998,-0.09897315981892094,0.34863788211306895,-0.6622625714843734,-8.656743398561405,-5.97567713010937,0
2022-11-15,0.6826965521317928,0.3982945069242875,-0.8079566470141816,0.7006771871555294,0.4811647942935318,0.2869475619042639,1.8764317576253775,-1.1411448275480325,-1.204636492098878,-1.4291724277852196,-1.7971155053850736,0.2053689454283808,-8.178909792798304,-5.987951512876779,0
2022-11-16,-0.6595100001232812,-0.2368969117285179,-0.5086694286555942,-0.7816515660450032,0.39762232817264054,0.10923241001327512,0.44990827464283195,-2.574837878196707,0.31610541981798657,-2.2530280255212953,0.27651865257417646,-0.6574545972950081,-8.249736315460913,-5.788198786841412,0
2022-11-17,-0.2742152084001326,-0.7832879038283437,0.7671299439511341,-1.2028286590573674,0.36176620419091454,0.13412124557808727,0.2590247225866873,0.5423222019034417,-1.810388070865441,1.5607756284390142,-0.363518957530552,-0.3433842873309394,-8.286133698892192,-5.746119602405584,1
2022-11-18,0.3576238082768751,-0.7409456489015318,0.5375166416155601,-0.7452903271578872,0.19982196327461513,0.19973719274713714,-0.667366569906644,-0.6505864903534663,-1.4983726393164147,0.729241580496703,0.8377689408830953,0.07456787203042287,-7.620659463453561,-5.729976140359787,2
2022-11-21,-0.32583503303964617,-0.5970246318101321,1.7962163832768026,-0.07236071727691581,0.04343159430263847,0.3311164620964792,0.5796176057866831,1.019299217381086,-1.495023939624799,0.06863709325064069,-0.1911254094593575,-0.42883107325899017,-7.6419243679690325,-5.733492876432821,2
2022-11-22,1.0929162293031807,0.14541617619128755,-1.3976279693813487,0.5026850820143893,-0.18614632267138306,0.2407708989019656,0.269714554965863,-1.365819034092591,-0.28570632746298863,-1.2503954802106134,0.06081184882759534,0.6434755963755389,-6.674163771253968,-5.72072067995107,2
2022-11-23,0.4987345343691146,0.6970972790376412,-2.2966482070553718,-1.6458086127804583,-0.39687352879337545,0.8256804670692087,0.5483875602953611,-0.8856278037478329,-1.4925004551189724,-0.9184651813590207,0.8354182987252969,0.21948095110968416,-6.705462211458274,-5.671021389212518,2
2022-11-25,-0.042991214530194534,0.10615876176898414,-0.05703141319996866,-0.34957880822852694,-0.3613896017078801,0.6674859786148472,-1.4944363378246082,0.3060028769890113,1.223696080939684,-0.5863365095795284,0.07295456709594528,-0.14056994261604464,-6.704414905606178,-5.661529849166297,2
2022-11-28,-1.3633002096702025,-0.8657298268338741,1.501068758497995,-0.11506783143598977,0.014682254783050835,0.706728068593991,0.43009940379679656,-0.64419706426679,-0.2860193520667888,0.07306730715162792,-0.0719908076233831,-1.1232877951569935,-6.648262628621546,-5.734019364150754,2
2022-11-29,-0.16238958145392626,0.5524803238812772,0.3062618292022296,0.8453688799868014,-0.053754290972383934,0.413691267547798,-0.15009283180978586,1.0201374900859135,0.31707536011991805,0.8947510379667428,-1.5478886274572887,-0.2170358960193475,-6.499535981343095,-5.687665242687999,2
2022-11-30,2.563474752081163,1.4060802383570756,-1.767523081723326,1.0816643196722382,-0.34349508903522435,0.21770644973556505,-0.9104693380880594,0.7787643562915374,2.7238302968169203,-1.2454467014338721,-0.010873446543021479,1.8674071715646692,-7.514488395036122,-5.898389721274399,0
2022-12-01,-0.08512035391510539,2.0068361660610594,-2.670439757678845,0.06313413191632783,-0.5151626271823614,0.15798591149984995,-1.6851120368757448,-0.4096313078067512,-1.7854920156555312,-2.554168106121351,1.4925192325594703,-0.19069418382981057,-7.409484798541383,-5.896054371810938,0
2022-12-02,-0.11792998404403593,-0.37830872099759805,-0.2827096070604146,-0.43484956308457445,-0.702630463235013,0.1751629786662929,-0.28590567678111517,-1.120450704211213,-1.7770601114518725,-0.4111715509881987,-2.8628640380551578,-0.22551219020932103,-7.3227035110431755,-5.890085586846251,0
2022-12-05,-1.5247110204439447,-1.9022283170592469,1.6571052335047753,-1.3629191145634196,-0.3033457824104932,0.1362468976847016,1.6938829983858976,-0.8780519828235677,-1.1777170552251253,1.3867677083336976,2.969299512037156,-1.3694043297887961,-7.53186338453008,-5.992926107492491,0
2022-12-06,-1.2181546776950052,0.3113429143461531,0.08454165767258079,-1.6355914099321451,0.006993790527490919,0.24087061760036604,0.5294732761331624,-0.4015882633880172,-0.5801374344140388,-1.5540993000915475,-1.2348510488573152,-1.0916592374494742,-7.870637635453462,-6.025105175818821,0
2022-12-07,-0.15554048496875233,0.9986840798394662,-0.7318164446720198,-1.0861008533335939,0.1129489511705079,0.41153387056657137,0.40213710208403,-0.16067672075099607,-0.5787652166919943,-1.5466915377803945,0.7784190837078088,-0.23012391428515,-7.775176799817395,-5.833273402780403,0
2022-12-08,0.628844597147324,0.10358723350649192,-0.7315978132398986,-0.6803660251051543,0.031104181458767456,0.3271131846069319,-0.3765621114917433,0.3156824984166626,-1.1719672525522913,0.8945362259237951,-1.3248907749111003,0.3692445962825311,-6.93566262045124,-5.854174652221872,2
2022-12-09,-0.6344257845924578,0.40109132295246314,0.3870671181989481,0.03584762211197496,0.14256881961220907,0.298453643411387,0.6758860342896088,1.7434471756322347,-0.27832422457388456,1.3783170453580227,0.7252900870741759,-0.5513242389634536,-6.8520326109816425,-5.85675359944578,2
2022-12-12,1.1648613785098125,-0.9094167760467398,0.08830979398286547,0.9665010105266034,0.5677735072514895,0.08095600886250212,1.9615494191000906,-0.4019620338883993,-0.5732940821769594,0.563881104100017,0.8527627301992012,0.7412361846744813,-6.9857979366432605,-5.873295677728456,2
2022-12-13,0.6028508647402562,1.8782025347367561,-1.9286773554501713,0.8722370625643178,0.08351758988531761,-0.10053995553929278,-1.5329323905969638,1.7357916941646625,0.9099719209913545,-1.706769713937144,-0.7040176385409034,0.6115250212792329,-7.047105272370895,-5.888936424577894,2
2022-12-14,-0.5482326539539746,-0.2629057659856619,-1.0308653757601667,0.8801243954309842,-0.2186192460446873,-0.27402110423003634,-3.2581513126511727,-0.6398843531848549,1.2045776479431072,-0.4068587448704252,-0.02577442115647861,-0.5976093198525049,-6.859862959266145,-5.898422209972649,2
2022-12-15,-2.0591446867298187,-1.8108055064615414,1.88594547318119,-0.8172839446735143,0.14311968066070785,-0.06509345132740257,-1.9659625833230807,-1.1127123361930735,0.609118181861471,-0.8908451934379689,-0.10731806371581291,-2.2276582743024487,-7.3506455012366585,-6.149855018479988,0
2022-12-16,-0.9884508704912008,0.9644357838123782,0.30911273554580604,-0.8540809139579705,0.09984872477869094,-0.22315923488528722,0.48526177383519714,2.441955939574172,0.31307617254789205,0.565061718371975,-0.32096102144697325,-0.8682122538816391,-7.5350682035545224,-6.098605900274427,0
2022-12-19,-0.7096607885701292,-0.29973885141161816,-0.010209935345922717,0.6878624613085603,0.058189183747508914,-0.20397333024885478,0.9721198733335813,0.30443697628186,0.015859086333621524,1.3705864855179222,-0.27310008477222086,-0.5753632888099248,-7.647750960091996,-6.107161611244611,0
2022-12-20,0.1033095410425879,1.8241542455075204,-1.489788186398871,0.037487730445385684,-0.1426886333963476,-0.2811765647503634,0.3110775588156444,2.8941239723721255,0.3108233562680094,1.8491946276905116,-0.38790242978471634,0.2285044721759243,-7.367188746379403,-5.96553224547715,0
2022-12-21,1.2074758552063267,-0.17249525218867087,0.46356245845252364,1.085382595579707,-0.46075373049172497,-0.3504227197152676,-1.0853409010241486,0.7643258799941228,0.606957518005388,-0.24785223926327427,1.5330958269814616,1.3084162929234489,-7.222959407524013,-5.996413054997979,0
2022-12-22,-1.1894874059003504,-1.3246577749908555,0.23777286440792073,-0.28170120616316846,-0.034876161073646106,-0.28115271054091207,-0.6599550065377392,-0.8708303276561973,-0.5791762667121146,-0.24752043612404687,-0.8691291426228779,-1.0341060092721819,-7.5423764701774685,-6.082548935859275,1
2022-12-23,0.4584938691666429,0.337885243193193,-0.13493221038349876,0.9239610112853183,-0.2747041969835684,-0.34691887617399686,0.2104952185410355,0.29658300096362916,0.3094812576760238,1.197270510758844,-0.3435336271781938,0.6036376284456156,-7.571273435217419,-6.097005408287936,1
2022-12-27,-0.3344804566978549,0.9308407325710596,-0.13680474411445095,0.06405587626493625,-0.10170719300327043,-0.09172027410764724,2.4769142852355346,1.9308211185824322,0.6062063012692682,1.3545303465333904,-0.40523323925293503,-0.13867157859650492,-7.490132790246544,-6.051870738869682,1
2022-12-28,-1.0327110315148098,-0.48502178055457645,0.6872739142438891,-0.6351551390090778,0.0031298282794867452,-0.04242405242266891,-1.0596857200274552,1.221952451368111,-0.283637902843439,0.5482896559094779,0.4610425136455309,-0.7831680473262453,-7.535224136449275,-6.118240899070337,1
2022-12-29,1.4512313572138824,0.621361903165153,-1.3363866869012069,-0.09190055319635786,-0.1476284537803749,-0.19410996030968747,0.00670676831375895,-1.8000556418576827,0.012332082732323158,-0.8936503422861705,0.794684529009555,1.5583349905542498,-7.222816237806734,-6.193104139638875,1
2022-12-30,-0.22498871674585189,0.520613812798787,-0.7381491591048905,0.8888173881641306,-0.09693566536064786,-0.3447228496380022,0.25768894597192027,-0.40177667005185236,-0.5796078884191813,0.7079505410094362,1.0378628091724218,-0.104295485301883,-7.231950311028432,-6.097015450225077,2
2023-01-03,-0.3532646498266246,0.9233554769461086,2.185587505024904,-1.5558050366824479,0.16227358961013477,-0.023785311176504394,1.7447551865661723,-1.789622332576269,1.1962120250353387,-1.5323297172589436,-1.1418554715769493,-0.12251150968141468,-7.189919829493597,-6.056095119466935,2
2023-01-04,0.6194673093395114,1.034724434610581,-0.8081163285174059,-2.1625458816218157,-0.023572338222557717,0.16373019856135307,-0.9216584147741768,-1.31947313934648,1.1913999039988727,-1.6854294492467103,-0.05770397530070763,0.9405627892243601,-7.066779572479341,-5.994167268790152,2
2023-01-05,-0.9481805817835375,-1.3665022096457338,1.8625735645491135,0.2513998153703437,0.07323591742564757,-0.04949829359577942,-1.3549053396696142,-1.5442432463486302,-1.1740160102323363,0.23099538297411543,0.9394955407396212,-0.7685161716526,-7.216436730712859,-6.001241267439387,2
2023-01-06,1.841413485355231,2.0507000332872907,-2.8098331766364972,-0.02121515092050192,-0.21206252244530166,-0.16099258115660053,-1.2254692489481878,1.2206467741121352,1.1928152787430273,-2.6317756176886085,-0.2207370086921697,2.219977345607873,-8.354528124669761,-6.215019590116973,0
2023-01-09,-0.057019344057392264,0.2536589695717422,-1.3254449254635146,0.6141987135554043,-0.027539127705240935,-0.18309689206428567,0.5622336404346845,0.7629474680644853,-1.4646553029752234,-0.3951871246680869,-0.08982564149919292,-0.007029055596708706,-8.341695119568659,-6.134089685194172,0
2023-01-10,0.560686565137092,0.4091857429921338,0.08993749984310336,-0.040607965590843904,-0.3341697329455388,-0.31346969311296236,0.5716788290224409,0.7637109568677534,0.01229360583500287,1.1888805640157436,2.01210325297845,0.6132794760751559,-7.7224237550941375,-6.101390572159358,0
2023-01-11,1.014801696571022,-0.07825376280050579,-0.05845112596673651,1.2829999786716595,-0.21880657201194267,-0.36070072706807416,-0.9492469563421688,-0.6171946766063513,-0.8763789669307478,-1.184364747868753,-0.1370766871500924,1.0802824983908446,-7.9918667452579655,-6.13876119741788,0
2023-01-12,0.28396087070528664,1.2783022121535423,-2.0766136421257526,0.28592261889992343,-0.7496731528243613,-0.5764798264983703,-0.6250883337938052,-0.6148524366783017,-0.5818672294072771,-1.811457525678165,-1.4174249221129918,0.256260122655808,-7.314699936283292,-6.1423705866292195,1
2023-01-13,0.30272014276995685,1.3234404547156404,-0.12903330314816377,0.808834200242336,-0.8684629918420698,-0.7006437529211096,0.22912928300627214,-0.8435679911085244,-0.5799669126136762,0.8729816521834817,-0.6209351373041025,0.32735337413138904,-7.139754833149348,-6.0875188740959505,2
2023-01-17,-0.16166079592079852,-0.7358315604656593,0.5468894603521529,0.4216715485189363,-0.614837044191338,-0.4867008007814007,1.8120535395163115,1.9205775717448716,-1.1721637138828707,0.5548131477239484,-1.4219560155925959,-0.1388863951643369,-7.142543547028288,-6.08890652854525,2
2023-01-18,-1.3076217304889886,-0.3245480500062916,-0.05458270293757347,-0.8531570079346532,-0.381499540970578,-0.5827744250849187,-2.0640668158602717,-0.8440884506686278,1.488815184263534,-2.5925560409797206,3.114985151331146,-1.359863998072846,-7.528354070039189,-6.202115049072018,1
2023-01-19,-0.6050818322484359,1.742763763499481,-0.5772469695201996,0.584191724019441,-0.33855797659219733,-0.6082684811968959,0.3742222338601113,-0.1534900648890694,0.8939859066286081,0.24270791873957337,-2.2993260045006187,-0.7101518454457741,-7.4124189115382695,-6.135806249422104,2
2023-01-20,1.4909346713155935,-0.3797598156574564,-0.35288199286204475,0.504531855908362,-0.49297112334915055,-0.7454377507896575,0.019378223058817347,0.9939358063716137,-0.2875346277571732,1.3367462790324922,0.2623509472996248,1.662963587925582,-8.223444350267938,-6.303684728496066,0
2023-01-23,0.9585570212203025,0.2059631570006697,0.2490385335083749,-0.08602506894253893,-0.5015326817901808,-0.8035498420479158,-0.044701996232280675,-0.6139457750045856,-0.5814502197534047,0.5508580395101085,2.1380956107576914,0.8948092630993765,-8.161428613301196,-6.166788732456141,0
2023-01-24,-0.09853074408625276,0.39648303911924854,-0.2799023990907279,-0.8064601510286228,-0.6472623161511976,-0.6964701211846303,-0.43425706236538775,0.7645191497384224,-0.5795558274174402,-1.0110014200996413,-2.065997177656326,-0.3101232507190393,-7.606203937070717,-6.166431941568609,0
2023-01-25,0.018555155100856157,0.5034541779657108,-0.7315721230972692,0.11418539524056354,-0.675127311826657,-0.6656728341285716,-1.0807636723829799,0.3034009129382957,0.6006028848999097,-0.07303609282471689,-0.17521531105761104,-0.1195337796139462,-7.40373141850937,-6.153175219368419,1
2023-01-26,0.8753974995708942,-1.0213111486682938,0.4767765337564102,0.19009412293636732,-0.7597146548075806,-0.7130955719818879,-0.7509566754990429,-0.6170053717788858,-1.46080696504306,0.39362581261440877,-0.9419964834171478,0.8210009227291206,-7.266767357827437,-6.15511784721377,1
2023-01-27,0.17276157611351628,-0.16232514814592033,0.24778012296533874,-0.9019860359071195,-0.8126769134211018,-0.6594258984742009,-0.7741762998750671,0.3032369726014305,-0.8667894134792883,0.39263859467460444,0.9026893301167647,-0.0328616790560385,-7.121824882246395,-6.152157475218757,2
2023-01-30,-1.0453193287637228,-0.2943427779432029,0.7003729467861914,-0.898756451404568,-0.4605027805399914,-0.48117753907057026,0.6183196060622698,-0.6160706001900556,-0.27725936920073235,0.3913611858506867,1.151659592801699,-1.4917705754290018,-7.285438058731809,-6.223056742730944,2
2023-01-31,1.1729817782217757,0.3961509229437389,-0.504536627484328,0.6813887741863703,-0.5869509260447449,-0.6644775625597481,-0.9081373149110564,0.3046818042620689,0.898198271857407,-0.5449332967541219,-0.39882874366846094,1.116863078603726,-7.352114339300349,-6.328399034199937,2
2023-02-01,0.8411649018277825,1.38388233298374,-2.016371694897741,-1.243280678718962,-0.9724390286466126,-0.7269552477524206,-0.4831339683126231,-0.15278201415604561,0.30905455917490743,-2.103267359419514,-0.29887906172062945,0.7615394977166867,-7.337974767177743,-6.3578159576667765,1
2023-02-02,1.1593936598417784,-2.3398002249111625,1.3109519438558304,-0.5394106068418211,-0.7462233958142066,-0.6703404807952579,0.06863609518501772,0.3065136917426384,-0.8639528892077956,0.08447895748200943,-0.3372281019129064,1.07336655743807,-7.566852561401872,-6.332585429911072,0
2023-02-03,-0.8902671260297167,-2.806219645619675,2.6352269159782824,-1.4205258315782858,-0.8455125899046341,-0.558969460411781,0.23534808986085573,-1.7624065377824962,-1.4486614927271069,1.950088413385498,-0.017784988411287145,-1.4401637591845262,-7.802875144504434,-6.398699994595824,0
2023-02-06,-0.5165486723305347,0.22579720976506693,1.1199231863168164,0.6555182037570132,-0.5670539912271498,-0.6227011090464315,1.3648718122012076,-0.8353173445834741,-1.7360751837641608,1.4754289494455772,1.3550195928046835,-0.8790092393007344,-7.586628858353405,-6.284618646103463,0
2023-02-07,1.0447896932626255,0.09440389377103764,-0.4200102869048059,1.356552865425675,-0.7571069407630695,-0.8051364576336432,-0.5410141946329707,0.31342763415826086,0.3161946630347256,0.5420570585359765,-0.30001009696176795,0.882511271840549,-7.99081584343491,-6.377959135239739,0
2023-02-08,-0.9111309933622083,0.26780478437020305,0.16407251274221765,0.5093487856721461,-0.5160403492663622,-0.8387285644420939,-0.5231858865831546,-0.3728651641253232,1.4824835781646508,-0.6941273645505942,-0.659418101358094,-1.4388258869650068,-8.385384941201698,-6.253096196497896,0
2023-02-09,-0.7215260001805882,-0.8836229162483761,-0.34964389249865846,-0.5055918161253162,-0.2619898486222541,-0.9828788248725532,0.33251276864572343,0.31634281650730306,0.3095468865338197,0.5430269455409378,-0.16515536667330627,-1.1063162954608594,-7.9731634779950085,-6.185087648144955,0
2023-02-10,0.17807218448502576,0.2097147166815703,0.601850967047408,1.1226377098179592,-0.3028291694084598,-0.9681278050429745,1.4727025438299874,1.2342780112848306,0.3095468865338197,1.0046042200403635,-0.5503462629031001,0.034021080347547646,-7.97077630521586,-6.18673908225969,1
2023-02-13,0.937362003689901,-0.5642511098753898,-0.6457911711674289,-0.26584517100589383,-0.34610482564257483,-0.757024125053194,0.19005707999527596,-0.8358724444129056,-0.27367416323457333,-0.38790236955581486,-0.7557354821013239,0.9901776494072407,-7.385997340528613,-6.124259694513495,2
2023-02-14,-0.05102944492493156,0.08184349497900406,-0.20528084566911062,-0.10662575695556177,-0.6901880302482377,-0.8825311260732196,-0.04332293219862456,-0.6037814620285297,-0.8554043677922527,0.693042557112155,0.8809609184929383,-0.22123183917393063,-7.383275203477517,-6.106533891316669,2
2023-02-15,0.25080403620955505,-1.112003133164086,1.332247264112742,-0.2716551666298817,-0.8625105656166434,-0.9931270252197897,-0.43158221848670236,0.5463463682726182,0.3134899502485518,0.5383532182294849,1.3705635666142144,0.15036157720661336,-7.355296555805801,-5.983390546825232,2
2023-02-16,-1.1403526285255534,-0.09436330231826777,0.2304104303262343,-0.38579311070696015,-0.3828959198393855,-1.0690740965830656,0.47308931709684005,1.2416828029441729,0.6028373398030639,0.6957258950917298,0.2261641330320431,-1.5024534032462022,-7.483440130470585,-6.00500367720851,2
2023-02-17,-0.21418451779354855,0.3256075106196323,-0.20496444730854427,-0.9130337838164514,-0.4174823625518362,-0.9541708689716161,-0.21055783146603613,-0.3713351311187805,1.4760502955323531,-0.6966555470790411,-1.7656468831816299,-0.4358157584953264,-7.4740544245085365,-5.9709947944780195,2
2023-02-21,-1.656614062668292,-0.4224326795493004,0.5937074235177685,-0.2452004308984863,0.21186894120994684,-0.8394050285684751,1.9616998292018557,1.4687285853258811,-0.5685777006736826,1.9296736085716735,-0.7454977674851478,-2.2131512097897135,-8.675802849114234,-6.069983467037769,0
2023-02-22,-0.12005442536895262,-0.6316327553649994,0.5893216540374365,-1.1520414832640749,0.09027795885579062,-0.6912816844180237,-0.3176966922929009,-0.14085609936468305,-0.566715419832746,-0.38750772374625647,1.5184065517108223,-0.16674757671582371,-8.603108855984654,-5.950348158710048,0
2023-02-23,0.4203057494276105,-0.05928543558003773,0.007025496121197462,0.8813659416739937,-0.15927322830633514,-0.8796965708989173,-0.18110754309832947,-1.0586344293755958,0.3090769734421738,-0.8476896569190706,0.6256797863198184,0.5422503088895129,-8.442986959908145,-5.958388029885116,0
2023-02-24,-0.8798431446214378,-0.8047768203331203,1.4481133295436768,0.40700395331400663,-0.041559351497930615,-0.8154114626467719,1.098134885331758,-1.0551903987923745,0.01966779476807973,0.9999700966691357,-1.760442785586706,-1.0467865858107785,-7.948454902588112,-5.986871579428281,0
2023-02-27,0.2687538251602784,0.4363400636842502,-1.1463184170773932,-0.563814107341666,-0.2012087266443672,-0.7807681657157896,-0.6088990579677123,-0.593009156812562,0.3124838222884756,-0.539275202324781,0.981862745728354,0.3663297465215677,-7.980328233920658,-5.990089798490905,0
2023-02-28,-0.31213824201247176,0.5038828314801432,0.5098010651650579,0.5574154499377849,-0.25529841349261095,-1.0198672446825332,0.727113303314239,-0.5904794424495867,0.8968588303243585,-0.07294560252712673,-0.8285396646130859,-0.27876235217893786,-7.475077210257225,-5.993555654787611,2
2023-03-01,-0.3238076667189479,0.6373190616277851,-1.1446378452775252,0.4854841889123872,-0.28033352413476964,-0.881025104992907,-0.5463230585549078,0.3318421429149857,-1.7503088949164933,1.3176781555506234,-0.22536128437717043,-0.26484947974526274,-7.496664768577598,-5.918869238163637,2
2023-03-02,0.6253039833069025,-0.07833838835222726,1.0190184323541933,0.09705212411668122,-0.512574081607899,-0.9938438614804185,0.6145219356824326,1.7206093077532234,-0.5691308386385708,1.0037454059350543,1.4783202525666979,0.8473958780436386,-7.080081203518044,-5.928563032765272,2
2023-03-03,1.2889643984036583,1.1898844114520852,-0.8554900732340376,0.8900634299579583,-0.7842069264419411,-1.0379272783083127,-0.3642983998576034,-1.750066910091977,-0.8598364220614529,-1.7810688872638474,-1.2058719957078845,1.774157224382693,-7.131140464635276,-5.950304135847011,2
2023-03-06,0.042356665581043375,-0.5853882891678294,-0.3499641199303685,0.32787465358731804,-0.7503574329001254,-1.2798549734734523,1.1722347025031559,-0.3591874213067922,0.02033430776700704,0.07765747582934263,-0.030487530582098778,0.1474683144370722,-7.1291979121432645,-5.944949696484429,2
2023-03-07,-1.277629619954319,-2.004874312200402,2.453929612727508,-1.6246641069402945,-0.5038284133272275,-1.1957180035846038,1.0578121426339127,-2.665734074317589,0.019754780769547817,-0.22891978215151385,0.194266965082787,-1.505204980740278,-7.0922418139372025,-6.027563899496243,2
2023-03-08,0.12242564587371875,-0.06617157706248795,-0.13271574616447976,-0.49561397333691676,-0.6193315686789406,-1.2357972465339921,-0.7780616173056643,-0.8061876780012568,0.019754780769547817,0.08048939002360697,-0.6476352359219395,0.342075485775252,-7.049050916038321,-6.025818464671922,2
2023-03-09,-1.5335665593081778,1.0868253225607571,-0.6287028601438462,-0.5707678296729722,0.18080998491303743,-1.0684802030936298,-0.12523754762999978,2.406117573428628,1.7775215163076652,-0.8444952311130164,0.6954374803840063,-1.811127631305813,-7.101390636775658,-6.173495780314092,1
2023-03-10,-1.1930026882084226,2.396337597791105,-1.3487305714664293,0.5243815665851264,0.6199208162462704,-0.8543928877517463,2.243893506033089,1.703245150685061,3.230571296157491,-3.6201626244834064,1.1232882488261278,-1.2107032448246027,-7.194043059054137,-6.279817941293456,1
2023-03-13,-0.1195194797491575,2.532119906550922,-1.9306558257006747,-1.219598552731816,0.9367494920957771,-0.7007202436362115,6.998691149746286,9.656408691773763,5.215909472321427,-2.349849724453365,0.6460980645597661,0.15512181846430342,-7.081405943161807,-6.28086592494328,1
2023-03-14,1.336275981553851,-0.6695655194540607,-0.05670558914386576,-1.5315650318182792,0.407548109773361,0.3381301736651834,-0.8322893265102516,-1.59455426894391,-0.8426413476336319,1.3027303801893315,0.18103463201038977,1.9405900633572377,-7.206198480401513,-6.42553635485814,1
2023-03-15,-0.5147551997732887,0.8471743576827252,2.0982470788717165,-1.986305118555551,0.8643898335482698,0.6015517487334909,-0.03929403181690303,3.0189717697024574,3.1004190261177738,-2.0299167653063415,-0.8558160177970346,-0.4087243955328479,-6.909522439435582,-6.345619743251644,1
2023-03-16,1.4147126848081015,0.2041998409391698,-0.27206723899896834,-0.0043110440795868345,0.25350167485261643,0.47265160644126925,-0.37799501309879313,-3.2445569576200173,-1.6751675516663658,0.6980319439212179,0.31553885736050835,1.9873644175463807,-7.260146282040973,-6.5307725670401435,1
2023-03-17,-0.9608188475820455,3.1795324002095953,-1.2002649976301274,-0.990487787308239,0.7445927872124174,0.7876056463028475,2.3959755287048345,3.372333317172511,1.392026978344021,-2.62257487540703,0.4493586872818744,-0.8865638789734929,-7.406243685022862,-6.620794234470903,0
2023-03-20,0.7748203267799756,0.016462213078592546,-1.2060294611282922,0.761426593484724,0.4824461688011503,0.7463958322395403,0.45961279470675687,-0.5326103288107857,-0.5546612476985758,1.1463638136788161,-0.862450139583869,1.0918192862059788,-7.562913771347141,-6.691661660320847,0
2023-03-21,1.0540451962238693,-2.1328669609067052,-0.12512723844151336,0.9574340253830983,-0.09529729623850446,0.4073504107357442,-4.099130447516962,-2.5653300334021187,-2.2296418246841423,1.7457075502909705,-0.9379072148758306,1.3029902839368768,-7.9455580734519815,-6.839097482783002,0
2023-03-22,-1.4046738478531142,1.8353828249963595,-1.5701886386440618,0.22588217515612533,0.09540999765670635,0.2776974038012695,-3.8569801422062135,2.109979858015014,1.3906737481208,-1.698329179100022,1.5983793091189658,-1.4083545326529894,-8.228864665644616,-7.12418519776585,0
2023-03-23,0.21424844117580277,1.3408902108099674,0.23874332284837518,-0.45307835432477006,0.16777677839248933,0.2684129916379736,1.626706108837807,2.0962199039407503,2.7735828353544503,-1.5437095769573643,-0.26773225718336763,0.2946904125940835,-8.133167610997655,-7.1325204859276505,0
2023-03-24,0.5241120000269123,-1.2697441498682678,1.1775275397404295,-0.056938505314587336,-0.019030951308145277,0.4323426525023795,4.267108593811596,0.07415126815530679,-0.5599843403112216,-0.0516864039630532,-0.32016078613526155,0.6134930776747854,-7.713518647829224,-7.186132657013423,0
2023-03-27,0.14330843677077085,-1.0440921415412263,-0.6976980374534674,2.1120762634428933,-0.2743347146104636,0.10617400528850092,-2.3189291747119403,-0.5286267826555735,-1.3867763167590723,2.180952391087747,-0.3103987471347785,0.1985550091040873,-7.68924862589633,-6.898239360462391,1
2023-03-28,-0.18984410203749824,0.8659181830921031,-0.769496830092222,0.2213085550506791,-0.421843630405963,-0.016648479324132534,-1.1166849271608177,-1.1295828323685198,-0.004370130537305656,0.24047599160672026,-0.39986813861606085,-0.21778418276298658,-7.63419983742109,-6.88547873368712,2
2023-03-29,1.1675868074905742,-0.5698007233726604,0.4584829368359867,-0.29838866668240915,-0.6285736003589043,-0.12685767732971936,-1.0503086019578305,-0.7234700659173489,-1.1070752327427467,0.24111920736725242,0.1622946575772483,1.2951552789547167,-8.172655020993783,-6.723046124450615,1
2023-03-30,0.46658165105087235,0.9561603103436428,-0.9861164607722993,0.7250541134844625,-0.6524346322999333,-0.2741739522325019,-1.7928908162324642,-0.7202987983165503,-1.1041794891806636,-0.3507274875183529,-0.9212384387223328,0.43537288479183606,-8.242071527254346,-6.691821865903501,1
2023-03-31,1.1268359234084477,-0.607158215471827,0.679282707069802,0.6769558870227275,-0.7323832493844965,-0.4634815726753144,-1.0257123152013012,-0.5182726112765796,-0.0038206902739815226,-1.0914797967587522,1.2094679150382217,1.0991293531586717,-9.588672423784706,-6.862637962704423,0
2023-04-03,0.2981303331735786,0.759540181774156,-0.984629434754185,2.3175164301056825,-0.7700024872376863,-0.5578983557065792,0.39674019387477344,0.8896698680108893,-0.00436684144669915,-0.7916455179843319,0.0782779971393555,0.1903653003958402,-9.824549340722529,-6.759817972341234,0
2023-04-04,-0.459951755966255,2.004406999151435,-0.8433250119110869,-0.04313941205291333,-0.6575601869085053,-0.5655884538570407,1.7748642244534878,1.0870842702023957,-0.2827438731336404,-1.2359543610401316,0.05576199409211803,-0.573172820285641,-10.130781725857613,-6.7456976236531,0
2023-04-05,-0.2184944203272482,-0.11997527382137134,0.5361673879395372,-0.06437831926469452,-0.6384957232758933,-0.5963875087462042,1.1217907861575314,0.08171844921435555,1.095246523851805,-0.787158718628606,-0.7640021176483726,-0.28675987191586316,-8.482434270689375,-6.709248222356866,0
2023-04-06,0.3105587781276886,-0.8160480995099106,0.09818209844140438,-0.033555840540733156,-0.811262226439347,-1.0882741966609297,-1.1910186183783051,-0.5234389285663661,-0.8380777409358797,-0.04785211829426268,-2.1364953302871266,0.23898974315889449,-8.527753036974858,-6.475386673431811,0
2023-04-10,0.07740350970032213,-0.8440164271486517,1.1092529615645244,-0.34556164351260404,-0.6677142006070196,-1.1362574906385783,-0.9168905771568951,-1.3258962518078001,-0.5596457025570905,1.5800128292127684,2.292816213772581,-0.033484475141055715,-8.469942002611845,-6.476023611041034,2
2023-04-11,0.0165616428643576,0.6655924724902019,-0.7719615536694183,0.7375721393797654,-0.6370081655749766,-1.1425581585234617,-0.6330639958774443,-0.11747840574917184,-1.108879912325544,0.2434572897211769,0.6157365132916552,-0.20737666389257603,-8.468260192459171,-6.4636051879194465,2
2023-04-12,-0.3357100837855816,0.5061129415113129,-1.1350879355181025,0.7500366901573005,-0.6415488176046814,-1.1953222399709669,-1.917632175253993,1.2883661323709463,0.8214737529386643,-0.34690769554627365,-0.7463894494337766,-0.7763124645901104,-8.550865204539537,-6.460373112026684,2
2023-04-13,1.067777640804278,1.442602514736784,-0.9918034235984553,-0.41459906946757696,-0.9763810991337386,-1.3012960673031309,-1.8374564521980687,0.6826910135363533,-0.2824028409970224,0.5402529530964663,1.8334559366973886,1.112401316859195,-9.919449126577653,-6.5761907002582936,0
2023-04-14,-0.20337319430088732,-1.9909860031316144,1.115709492028083,0.12343195678426958,-1.1771638735411016,-1.3301833111530532,-0.2278302013914809,-0.9226684454521658,-0.5561859260762869,0.9809255410590768,-4.0983431127043515,-0.575098023002454,-10.0351963184937,-6.579254666892981,0
2023-04-17,0.2852754787393738,-0.5168499331307015,0.9610851826943674,-0.7797166605830376,-1.210872724921171,-1.281383653980486,0.6934684702906717,-0.3193470622792575,-0.8297141603008162,1.1255138416937311,0.6264630076255878,0.07271946813172742,-10.347060838466726,-6.5799515537444275,0
2023-04-18,0.04884712124141486,0.3991042676805434,-0.7713596972874682,-0.1065694334959789,-1.2452667792148318,-1.1956369615541729,-0.0067347634640947075,-0.5230697314275354,-0.27912043180627355,-0.354966284860063,2.7297219620468787,-0.19705898798342625,-8.153583578522055,-6.548368392824984,2
2023-04-19,-0.01734311791963512,-0.5491843825796996,0.3822739746001841,-0.9008786551827459,-1.3521080318602403,-1.1122059724222801,0.20812748595890718,-0.5207810172827614,-0.00218537893689885,0.23694220847381153,-0.7771402725212891,-0.39893857466081817,-8.09294216126215,-6.45159081146541,2
2023-04-20,-0.4485457520074423,0.4063015426356637,-0.05322487541652565,-1.0837412899230432,-1.1496878062331153,-0.8914774557706177,-0.6555134161560948,0.8858531297425566,1.100668196999,-0.9439613571212538,-0.5568168653065395,-1.0527846248781323,-7.316748591766494,-6.413072701988737,2
2023-04-21,0.05834491342965375,-1.1122998155764028,-0.2689183217074319,0.33926636497664014,-1.2602297890291096,-1.0305376990784807,0.021976727400350293,0.08076702738597706,-0.2778595747630964,0.385189002030132,0.37186160681851144,-0.10299005904039218,-7.214344825384785,-6.412148019115863,2
2023-04-24,0.08138717631622308,0.3123809024440402,-0.7030192591636344,0.5955165698037399,-1.2253144106025453,-1.1273840917208393,0.988595269874566,0.08036979126915865,-0.001637675310607059,-0.7960516863538143,0.49264939356777426,-0.22804427548719525,-7.21443499091873,-6.412710119698325,2
2023-04-25,-1.3054085634362862,0.5337586866266554,0.8883713985871877,-1.04309146291665,-0.7240488506370808,-0.8615962769703787,1.988817662042414,2.8873675600213202,1.373334490612941,-1.8259725399647306,-0.6238386273925499,-3.1189259058338688,-7.405992422786991,-6.494379880404601,2
2023-04-26,-0.3452692475558661,-0.6210773634576628,-0.7040994123544462,-1.4667473580190729,-0.705051583973022,-0.5694438835999562,-1.2741133292732298,-0.12471009325339315,0.5439485284177663,0.38772566343411935,0.40663988541859897,-0.7810631257508374,-7.358698585370591,-6.471589927422784,2
2023-04-27,1.6007984746349808,-0.01621732863851775,0.019195081858514512,0.2514866855368407,-1.1867646995428605,-0.735213191150792,-1.4944104814246897,-1.318649975577734,-1.1056459077862468,1.415137479936881,0.3137975587676185,2.643264471436051,-8.115134921905058,-6.698676870429235,0
2023-04-28,0.6854754635884909,0.006931212854060323,0.2357476579926001,1.028183132826789,-1.5487894159448246,-0.9727228524923779,-0.017230957694733023,-1.1144644026282577,0.2688862723596979,-1.3754348735389572,-1.076757523086422,0.7996505674415991,-7.481837708448941,-6.6256837416815495,0
2023-05-01,-0.08601795119494354,-0.5150945690103911,0.9529169852892044,-0.630362685899298,-1.456664077280034,-0.9377951890809293,1.0306017549363422,1.0744735542908745,-0.5541016705711868,2.143539306289676,3.218512835998623,-0.34771620245086265,-7.483525609913168,-6.62634445021133,0
2023-05-02,-0.9182004085738086,2.070980866065251,-0.5598046766582663,-2.2976832816124264,-0.9771707935131235,-0.542603187570379,1.6985010647563727,0.4773889912217442,2.7377723355681898,-2.2423992082448048,-1.1609592450249102,-1.634792411019631,-7.697785339524421,-6.702236168262695,0
2023-05-03,-0.5596595355021574,0.8940322132557109,-1.1371104263928744,-1.8849430292235732,-0.82921803020916,-0.12441462468241425,-0.5884197913119312,0.47649649244150527,1.0782822672453944,-0.9216997912652355,-1.2057643329530203,-0.9212438721921472,-7.756111100280838,-6.668629464084525,0
2023-05-04,-0.5758778551356033,0.7393030249296851,0.16489338482655014,0.24204941362154075,-0.396747651296896,-0.06707692010690906,1.110767818112318,2.6578112217773855,1.0748824301569277,-0.19524794190769507,-0.5948144526751992,-0.872052101960443,-7.873657846128304,-6.553054138324776,2
2023-05-05,1.4831455492321768,-1.7512476254822213,-0.3409842294815598,1.5427206261524196,-1.1369942285843653,-0.7834399096876874,-1.9531733364400632,-1.8993759323151986,-1.1012128102267775,0.963949361090006,-0.08207245880283688,2.3988709249606504,-9.989476092794353,-6.818870688847872,0
2023-05-08,0.017932905774369408,0.10889286390595912,0.23925979807864625,0.7741197480560731,-1.193246334331343,-0.9852368058290439,0.8604149759829268,0.07443394857259916,-0.011844936389659545,1.1054091225107001,2.3574775055436152,-0.03608336007916797,-9.76074315806444,-6.814616758610841,0
2023-05-09,-0.35722922565320175,0.749913910431661,0.5981879585319713,0.361679219911639,-0.9921441569864027,-1.030103877645657,-0.23588071883967174,0.0740449349991932,0.2585141299892329,0.08897213494114682,-1.3483419916818087,-0.5481773666558885,-9.392865119019923,-6.821306682964997,0
2023-05-10,0.3759997649692763,-0.17716975800719031,-0.4199424174695845,-0.3393517795453864,-1.204092013450733,-1.1406186066976192,-1.548649699501279,0.2722166204175417,1.3442734759440365,-1.501976772932742,-1.7701662799641227,0.5106523282301909,-8.481943837013194,-6.807972411010619,0
2023-05-11,-0.14386995411988446,-0.9619422763802556,1.2443618844504523,-0.7716229358436792,-1.2040546409338497,-0.9593662104410905,0.44975189930161225,-0.5140136184961606,-0.28602613264384685,-0.6289812810411385,1.6665219317397706,-0.2372916130877749,-8.125016870485787,-6.807820637990343,0
2023-05-12,-0.11000082203100679,-0.20494487084337715,1.2312454758431677,-0.8092566136940018,-1.172087237775018,-0.7824125059341297,-1.4250767972732008,-0.315836783741158,-1.097399825515806,0.9600025277412965,0.4208942594638852,-0.2019548243467602,-8.123664126905487,-6.738066309913902,2
2023-05-15,0.27205661125588887,0.2138970872017172,-0.6323239351796967,0.583790224283951,-1.1424843239046465,-1.023282875841408,1.3164230599146944,0.6701806470066666,1.6146939140250187,0.5262807210541542,-1.353720164184987,0.43855910986718116,-8.16392440998383,-6.711978599559599,2
2023-05-16,-0.5500758474972057,-1.394516190247218,0.4425439409993486,-0.3275062305259328,-0.9041887310863904,-0.930781071941213,0.41143577393456504,-0.5123962904668016,0.25786386322109006,0.5242559460041345,-0.804614504998553,-0.8088159963179923,-7.909701657347287,-6.7484360464662,2
2023-05-17,0.9781229347199739,-0.39350472669477915,0.29608379209579333,1.3182986405571606,-1.2069287979540515,-0.8793506818704937,-1.7535887605174543,-0.5123962904668016,-0.5537984465645284,0.37801116228684556,1.0864209053361784,1.4778653215312307,-8.200764326994713,-6.743139295017137,2
2023-05-18,0.7736291210772076,-1.4395990841202506,1.4321391685823333,-0.39014167998971405,-1.4389388460869825,-0.9261382804146259,0.28878508813731896,-0.7073897266354641,-1.6336867244097295,1.098403160347121,1.276867318358616,1.0662049320750897,-8.266890913851816,-6.813653817171104,1
2023-05-19,-0.1258412792691515,1.066850873005578,-0.6349134348941794,-0.12011333758449201,-1.2156409590530464,-0.9446741247543939,0.8827326076498805,0.27727956402577497,-0.5479740743069591,0.66271475157016,-1.3152986517664278,-0.22348792599711176,-7.774467041229717,-6.79120980509769,2
2023-05-22,0.025131193041085263,-0.2658041564579866,0.07758828659712888,-0.025338654931266365,-1.100789979869942,-0.9802643756674502,0.8387303942823479,0.2786366478190364,0.2608314243205536,0.23029658773319162,2.6239644166481697,-0.04065321509454839,-7.774513803824002,-6.768140278023804,2
2023-05-23,-0.9230809716393735,0.12211544837868095,0.501151994191489,0.5864240020518848,-0.7509838065899165,-1.0243596166831577,-0.13426559047249484,0.2768012747118056,-0.009085728139899451,-0.34792231315695665,-1.9090558150496133,-1.3339745698413792,-8.035227667883232,-6.8729355859525505,1
2023-05-24,-0.5946855624823202,-0.8922492792359271,0.6411310399436667,0.4713220569319805,-0.3847057078690581,-0.9393114791297091,0.07894000276783365,-0.3146781173386913,-0.27900682095304435,0.37303671325355336,1.3302012920685873,-0.7913644497009761,-7.928293946118503,-6.868386403533449,2
2023-05-25,0.6984674328492546,-1.059788761794817,0.8472977240413985,-1.0400410282166197,-0.5989972708004017,-0.8416292704772763,1.2819147823434152,-1.6911417931095618,-2.1647080936012526,1.380068902627421,-0.4858505730036799,0.910900921489168,-7.616640573650113,-6.9253422765121275,2
2023-05-26,1.0409175078927775,0.4316956399313213,-0.14155762186183593,0.4294018306444681,-0.9005049629188121,-0.9296453192498266,1.0207719517210345,-1.2934516843106947,-0.004788583836340547,-0.4964538201556245,-0.15827159958493262,1.3084949800385817,-8.015502042818918,-6.9740115565268725,0
2023-05-30,0.025719751264502325,0.6682694619071804,-0.28081642797903217,-1.667844010185066,-1.0310481582450497,-0.5156968558819268,-0.7555984562392788,-0.5035260476492376,1.066954166569449,-1.645771104463757,-1.4030750501314722,-0.05890447890693946,-8.001715921372531,-6.973895040346212,0
2023-05-31,-0.4559795262742546,0.16214446190320034,0.28217199232499773,-1.1540699945794273,-0.904502252011434,-0.4062770535431992,-0.9930143565173662,0.2833390497022451,0.5275575319018868,-0.77666668704958,1.769128184897671,-0.7437365376819844,-8.059882206503708,-6.99053602640579,1
2023-06-01,0.7625606312224116,0.8519378172373392,-2.4738181416737195,1.2691180990172866,-1.5476771848586766,-0.4284418879673052,-2.0792236751196884,0.8704046848732602,-0.2770160201021393,-0.4889412848525611,-1.8191106674987374,1.1165810137250936,-8.243695352074365,-6.939485938085108,0
2023-06-02,1.1575667889568615,-1.6238045366911813,2.0446251425935156,1.0217583951471714,-1.8699919345494596,-0.5310303705217893,-0.6841956893205526,-1.6799791663997752,-1.081716087740284,1.0908990973361368,-0.2389758536084561,1.6348686678583202,-9.721437883355025,-7.17701034694051,0
2023-06-05,-0.16285375462138751,0.6489403324607553,-0.4180501944068294,-0.10323698815225624,-1.8222870239957312,-0.7736224276707392,-0.3582999436289658,0.8702444584037937,-0.2746493894114186,-0.05971125407302984,0.6536056082343068,-0.5060428601080686,-8.889257603840806,-7.1789279413461164,0
2023-06-06,0.168024651912603,0.11133270120532797,0.5616696279483859,-0.180902261796404,-2.0665372539815543,-0.9293932608168471,-0.8577444043749923,-0.6947975424006327,-0.5430421137493191,0.08475508688628261,-1.5351664333358732,-0.04220865205261132,-8.643248368977599,-7.106743903529865,0
2023-06-07,-0.28724362019914035,-1.325394201133597,0.0006442955302334239,0.5681405308944736,-2.0664829521148804,-1.1486728306767418,1.0658057887054633,0.8683766700976784,-0.5409093593230175,1.230607996878214,1.3061329792512688,-0.7244585015136461,-8.705130467328768,-7.113608142758983,0
2023-06-08,0.4816956860323472,1.4278729513182045,-1.6788131353301652,-0.8330171867730555,-2.1573980376760726,-1.0323325518610602,-0.9893100607674178,-0.3061694026206919,0.2634707330323721,-0.9228577358154615,-0.4193886147594438,0.6136146044091754,-8.176498029848771,-7.151128573190913,1
2023-06-09,0.13771502310465877,-0.2987070583272457,0.5634417019947723,-0.37004790561732803,-2.08741941386309,-1.1999724589368996,0.09483119401375995,-0.892154385864343,-0.5401840540358128,0.2239338371018353,-1.0363191898947703,-0.03760543490664593,-8.146967558732914,-7.10490448113191,2
2023-06-12,0.7229647780071916,-0.1017391230237618,0.0029032415955308312,-1.8299731412924936,-1.6999030788012832,-0.903638930096072,0.6980173798820956,0.4751439083708458,1.333728770584004,-0.3504612234384939,2.556151547194661,0.9898176104629167,-8.355445012260533,-7.126248730698785,2
2023-06-13,0.5229994380699765,-0.8096215446938035,-0.6963622635793906,1.2614075458233367,-1.822102215875311,-1.3510503409156978,-0.20416017901447636,-0.11278195360942017,-2.680618980333014,1.5117218997265955,-1.2344758578014188,0.5670126612575418,-8.429555453408879,-7.102499981278873,2
2023-06-14,0.08685890951579062,0.05448717789673603,-1.0469602301555934,-0.22684202389579372,-2.0556171393743305,-1.2071716501289735,-0.8162344959197059,-1.4797216624702347,-1.5964558964444007,-0.21025356254327685,0.5720121758412707,-0.2230989771060664,-8.377932042527094,-7.103750231000365,2
2023-06-15,0.9873230807823833,0.7561008553117011,-1.1904900690783038,1.0185572809137833,-1.8481551063618369,-1.2737462447655497,-1.2779760112153093,0.28252037160698534,2.122340799517639,-1.639244411536898,-1.4728704959969987,1.3181960733732676,-8.905377043436065,-7.29016506242206,0
2023-06-16,-0.2871941420796151,-0.17730908752710528,0.2928448211315316,0.584223740754744,-2.1566895894253792,-1.2836579940708308,-0.5385998163863747,-0.4980515951231577,-1.5870470224089708,0.650732525808949,-0.45469078253999395,-0.9696209829678158,-8.868324535827513,-7.228815853759684,0
2023-06-20,-0.4322179193788848,-1.1500155483562466,0.5069048539605059,-0.2983587612461215,-2.032311468678278,-1.085412721956657,-0.0177536731281776,-0.10640359156951563,-0.266399629225475,-0.4903434792086501,2.667772266130945,-1.133090756072443,-8.366130944968067,-7.259789750928592,1
2023-06-21,-0.42611825644955054,-0.17748659919244483,-0.9752526831150528,0.6911996749061928,-2.2520451425484125,-1.251803656775374,1.1261617968713207,-0.3042244104932141,0.2588899382439633,-0.34834832642346764,-2.3611730361933336,-1.0203047944285153,-8.485303213404904,-7.234624013385765,1
2023-06-22,0.27901155062743377,-1.1195952919698908,0.6548674511860985,-1.6489611540276101,-2.337435556638471,-1.0638879277823161,-0.5779008727756145,-0.11238124590835742,-0.5351092232669342,1.0786950710347634,0.21493739033905024,0.21988204993210805,-8.473316248042625,-7.252790180496306,1
2023-06-23,-0.6252877365104688,0.2906476267221389,1.001145088175064,-0.084930217131767,-2.142297786170849,-1.015565229056444,-0.36571810088827483,0.08561289996309566,0.5263590859167084,-0.9218114001544073,0.03782189128682016,-1.3340998770295158,-8.149034987737215,-7.307523309389545,2
2023-06-26,-0.34014701905304323,0.17691790547673122,-0.2693281661149091,0.18427215133076147,-1.8706620619150718,-0.8689317034408213,0.5683346339488992,0.87013838326128,0.5263590859167084,-0.34932241532721464,1.4179537650008895,-0.9174584332531063,-8.203937812308668,-7.321535553389826,2
2023-06-27,0.8745444043343997,-0.5247170582577158,-0.5501575884182526,-0.9651812558778186,-2.0293480831019735,-0.5742259672813131,0.30748227021637325,-0.6996093281682036,-1.0635339751770985,0.6504742012218724,-0.33129040131217413,1.237026542914404,-8.759925994346286,-7.519734301844892,0
2023-06-28,0.03180159409071596,-0.27017065250051325,0.8569551808386697,0.7910805078566551,-2.125525780176605,-0.851376232196031,-0.474590456286077,-0.5022054413199412,0.5257001693445115,-0.9201674119223242,0.3550277940577285,-0.30031633418885934,-8.428968639019926,-7.441722493333243,1
2023-06-29,0.3097928897021919,-0.13215557246671916,0.7807321068490242,0.2696034863635968,-2.0826940500585693,-1.0161600044168755,0.8996089191506054,-0.30402804187773935,-1.06084405430599,1.9343147497955744,-0.5202739294778911,0.2966009781160702,-8.471436708346095,-7.314634383985547,1
2023-06-30,0.940434977701602,0.7205712317116972,-0.8985355102589386,0.3628118208749616,-2.060065192338776,-1.2593806756186665,-0.5208276848956058,-0.6959209654234697,-1.0589090335358504,-0.6349753146565108,-0.39058521918614353,1.4647336906008688,-9.45723587413243,-7.539410093826167,0
2023-07-03,0.08236411198418817,0.10682532974201134,0.15264518168050675,-0.12299821490133077,-2.0600967785441524,-1.1924366773306347,0.00412726043864964,-0.3031325103848983,-0.7923075078213335,0.644870739760807,-0.7876728804588748,-0.27888830447388113,-9.052452945673076,-7.526536821230562,0
2023-07-05,-0.13097465110620815,-0.40766390596662233,0.8505159141473476,0.7744836992077009,-1.8590816399577206,-1.18968873953723,-0.06165460113094855,1.8514401018893014,-0.5264807864331545,1.210528441206712,1.487322113828623,-0.6342333260003906,-8.627533429440739,-7.2188816553382305,1
2023-07-06,-0.645188356981908,-0.34508710815006766,-0.5449082368810758,-0.14049351879831434,-1.4791467736000783,-1.052705448792044,4.27384858824311,1.0624974808002956,-0.7895579293438615,1.3490977975356868,-2.42549290409586,-1.6456119194362526,-8.623672237459536,-7.294811281459806,1
2023-07-07,-0.21142779879557688,0.8143677139641684,-1.7397648897907083,0.8677753110334692,-1.6583103110346504,-1.1193920431868247,-0.7675788551000746,1.2536036171031772,0.26722556135202485,0.06830239481051638,1.6540287053418097,-0.6568373043727911,-8.657623231562114,-7.274174969802926,1
2023-07-10,0.1974458981806159,0.07335196909264699,-0.5449527623598244,-0.21589873648681804,-1.5842744376637359,-0.6888102022822888,0.20547426993591755,0.8584411913012531,1.323268205909107,-0.7848153145192949,-1.721842488806319,0.19031097676024653,-8.625772492519847,-7.179106790679544,2
2023-07-11,0.5065311205420742,0.40127270228889517,-0.5444323044659508,0.8978369517161033,-1.6501514621150415,-1.3560658981101854,-0.841042761188991,-0.8992336454739954,-0.5249784673375923,-0.35898991242622647,-0.06875662713039017,0.7646851440146123,-8.5480470516266,-7.207458663835817,2
2023-07-12,0.63895122197015,1.4745892689136797,-2.394261352218633,0.48603960020158193,-2.048092056748669,-1.323403293631581,-2.298508985930068,0.6616187588181571,1.0567534794614062,-1.9192532021695785,1.709173686143054,1.0294477136866906,-8.912906223582972,-7.23374259611515,0
2023-07-13,0.6308275313581877,0.06306884788863328,-1.4019656962892824,0.7065249351601074,-2.0186022498077283,-1.6194909240726623,-0.4227851544072745,0.6616187588181571,0.7905144779909553,-1.4840239677870901,-0.3196070960038865,0.9407317859227204,-9.05802991319375,-7.32411095523617,0
2023-07-14,-0.05975948541155268,-0.36868340230399915,0.3117761668859768,-0.9985063846136442,-2.1000030828350877,-1.6185020446296425,0.10951264158729386,-1.4811509660934583,-1.0512805912913623,0.9211255555649445,1.9898311741152026,-0.3970074802526558,-9.061367949815462,-7.324183462482816,0
2023-07-17,0.2705010526038707,0.06382308273583215,-0.2572751346220299,-0.5665836094942154,-2.045161660414669,-1.4643994276881531,0.15976525484369405,-0.3087940696560772,0.7896809701552251,-0.3494832527100151,-0.557156891078254,0.3106996654020797,-8.995893341540377,-7.296826700675026,0
2023-07-18,0.5885441135623447,1.2462819750233154,0.09823185894526991,0.8177011681618024,-2.096577717460803,-1.5366298863834225,-0.2023350260572268,-0.1144966775129254,-0.2618496190630469,-0.20939712333315394,-0.8004480064914291,0.9240834783006859,-9.477629727227242,-7.181962970100314,0
2023-07-19,0.16771101509579803,0.002501343800589608,0.7403633636782659,-0.18977783825866526,-1.9398158130015881,-1.4874446991092678,-0.9354459853808337,-0.8946532359374642,-0.5231792305949545,-0.7757738824726133,-2.044307057064168,0.13801532038674966,-9.543932916155093,-7.119108428108645,0
2023-07-20,-0.5518950403031152,-0.5787428482766106,1.0896502085766935,0.19143876366170764,-1.8591575383105456,-1.5853765314319375,0.9682336339385027,0.8566168379081713,-0.5215123662110794,1.3428708381216967,3.8481797365218204,-1.4381569124470186,-9.54473881699981,-7.101723964803848,0
2023-07-21,-0.014841949304277038,-0.35544504483252387,0.5177447632188146,0.5347824262713728,-1.970825277663318,-1.633616809269196,-1.0948182978559369,-0.5094624488364857,0.006250881616673412,-0.21588188900722316,-2.279202517759993,-0.27283361747297374,-8.700516531180178,-7.101442908776136,2
2023-07-24,0.3488335327839179,-0.48995505373388226,0.6557290853739721,0.9741179316287524,-1.8634572031187218,-1.5744653771151873,0.5600357933911807,0.6621999227268394,-0.2557836343493064,0.20947410038605138,0.5218382057323758,0.4574511561856167,-8.803211592862368,-7.07487006975234,1
2023-07-25,0.20912250668281485,0.597522990224888,-0.2600187672997234,0.24300950255414683,-1.8714575496018044,-1.510167548669959,0.5192988355506781,0.27348898484215783,-0.7815744284914535,0.6353751741654069,-1.9905293761348533,0.14607573821445016,-8.798043612726316,-7.074961214273489,2
2023-07-26,0.0003642237600005205,0.5208826322893229,-0.6111451251776876,-0.3224363146321913,-2.0759877937914273,-1.5796707228169529,-1.4340693610127448,-0.3121531018476494,0.5322246716138112,-0.7811890717799868,3.4134706196716644,-0.4217971391725436,-7.965491855238954,-6.939572596317784,2
2023-07-27,-0.5503520700282645,-1.7669955171344736,1.774582853507774,0.4195939785377267,-1.6898106254566236,-1.670851300778325,1.0759582363166602,1.2485846108730694,-1.3071100798194193,2.0485113781284707,-1.6048748910321655,-1.8101801992061757,-8.074993588400204,-6.795143958618724,2
2023-07-28,0.7814708167776434,0.8597659070617312,-0.33044938682718256,0.35101746287395497,-2.0157624731691084,-1.6343159243192351,-0.2558890056984634,-0.11856547407787398,0.5323962792147068,-0.7798529872452131,-0.278061196851117,1.5642634984808472,-8.348079181418155,-6.836715508143563,2
2023-07-31,0.14294680961297765,0.2792722455938706,0.29590863087908426,0.5847990708914621,-1.9106471678353745,-1.7328402441995863,0.38050088345042465,0.07570285459085221,-0.7781550190856671,0.06506793855503644,-0.025248946730270037,-0.05326851559693672,-8.082947841632913,-6.803427262253022,2
2023-08-01,-0.2440707133534919,-1.162595747040857,0.848338688409287,-0.15070810171101395,-1.8101889932711779,-1.7425585458244277,0.7394896705146062,0.8548043350267586,0.009871178320150838,1.0503026476629982,1.1955325697011825,-0.9227432466526373,-8.048624567901594,-6.639475172839214,2
2023-08-02,-1.1466377648877568,-0.5372003349706064,0.6340261748104531,-0.8787602062016161,-1.1964613649954645,-1.6958489615985284,-0.23255402109874043,1.437330577675148,1.3184087040845522,0.34452539151363765,-0.4226223220870495,-3.0844755759955578,-8.68976877823931,-6.7869790604392435,0
2023-08-03,-0.24156057436960585,-0.04902483762756318,-0.1953772589481484,0.9218070511661394,-1.238928220033124,-1.714655447409288,1.6241534075197492,2.0136050537714514,0.5297106656888183,1.6084387195337684,-1.2755291810609566,-0.5887539026732805,-8.739141260856758,-6.792392447962588,0
2023-08-04,-0.37615404423168897,0.38544473514267724,-1.026356709587715,0.3338123758912216,-0.935183917439915,-1.7618084872453124,-1.5278627131502058,-0.5140115794863181,1.5741670767482283,-2.188620254853754,-0.04785080148992772,-0.8494603617451135,-8.87398990998627,-6.807725201452076,0
2023-08-07,0.6972560558077874,-0.2641334942422054,0.08315113705466035,-0.017059514009303042,-1.2744158077142234,-1.7912734868868916,0.853034567564802,1.2277208478685029,0.0036227969932617113,0.4794690474695357,-0.03968134552244363,1.3515383169479407,-9.264174343881098,-6.860454637789536,0
2023-08-08,-0.3621261981259284,-0.7130256993413467,0.8432003050767977,0.09788000329437534,-1.2138265966756354,-1.8467266305833985,-0.4004933387112184,-0.9009306816290519,0.785681173733983,-1.0579232298197423,-0.32824972315156437,-0.9349394807607733,-8.453938437371033,-6.835489200212225,0
2023-08-09,-0.5508046018146971,-0.5371332615534826,0.0809096462240959,0.5434941800014484,-1.2202290437699908,-1.68444491398288,-1.0893571413054242,-1.2842639448004836,-0.25968181998424744,-0.35629908940657495,0.8394576477554209,-1.2450803658642404,-8.411420771743014,-6.869109299381252,2
2023-08-10,0.023025846297794826,-0.13544854165219125,0.2893443622321095,-0.5382266479148992,-1.2489753997543742,-1.8174301140826934,-0.6924834707806943,1.2314512444094163,-0.7811146378012224,1.1824208975478305,-0.9581202331427379,0.000999728325291791,-8.178259027557191,-6.867056379242383,2
2023-08-11,-0.05348206386654494,-0.020688053989216897,0.3575016280458361,-0.010355650447952468,-1.523741096116939,-1.7250499413883653,0.5879971962990971,0.07003373833192714,-0.5180513198950663,0.8999453245009502,2.4710003959345497,-0.09513549213261896,-8.178646458107274,-6.8269429151949055,2
2023-08-14,0.43988451542672913,-0.35960462734739423,0.6299075726929672,-0.283659627920602,-1.5263813406326803,-1.7707252977398507,1.3326920446428658,-0.7008616182026601,-0.7773870599275855,0.34070431770774684,0.6289186207023162,1.0336877683912664,-8.137612676660337,-6.826983964628551,2
2023-08-15,-0.955260420190832,-0.3134712120885987,0.01090702675686586,-0.7108984216074791,-1.0854739503912272,-1.6831659759484938,0.3005927335633218,1.2292646078414027,0.5290292076035498,0.20020547286511944,-2.8604135906457455,-1.974627963015078,-8.725470638645794,-6.960958679292962,0
2023-08-16,-0.5999825088059193,-0.662461742038768,0.489067209772626,-0.7556689128808226,-1.0059873221836324,-1.652092331682777,-0.8089351174101485,0.4553974491311226,-0.5144066417508364,0.8967443293141988,1.6759602651375,-1.0306686138051355,-8.373829302829614,-6.94064268432098,1
2023-08-17,-0.6212401618582194,-0.1839298922741609,-0.12840152515489234,0.31999242902851277,-0.7393891582837455,-1.5661012903323586,0.6514939093089843,1.0310782799121387,0.7887723492878352,0.196111918220491,-0.4433937980602074,-0.9867405246409655,-7.909903520260758,-6.853200404920443,2
2023-08-18,0.03792130131358145,0.008662837397111519,0.07675688819211511,0.4299833199664336,-0.8813493144304485,-1.653479492969754,-0.1297857216362725,-0.3206596610487048,0.5259023216967872,-0.6418564315499358,-1.9232890531605322,0.40000223270065266,-7.784324270022083,-6.853094216241513,2
2023-08-21,0.5223655943337729,0.29482323272426325,-0.2626927405865233,-0.15688479722489934,-0.9222132201894326,-1.5970654467433794,1.7351681269715606,0.6424659001464513,-0.25566638231828587,1.032088845632409,2.385752106196895,1.3206375569627082,-7.789374670154091,-6.889486634675806,2
2023-08-22,-0.22439084283616967,0.1729876157987633,0.6251280314494078,-0.21107992383608506,-0.9587926626739306,-1.6267500724519752,-0.7196239087944445,-0.8989899657423379,-1.557240692302281,-0.08481187044957846,-1.7005131303910102,-0.20851949201068523,-7.397608573593064,-6.815738956026894,2
2023-08-23,0.8919934367602134,1.1184151006705525,-0.7394920610048218,-0.5727549990973065,-1.207193901200172,-1.6295616911937343,-1.4411851725090707,-1.4744883964092046,0.267954095785566,-2.1746986444348493,1.850533270298473,2.032585045291895,-7.587138178453866,-6.683435861405536,2
2023-08-24,-1.1335526340071063,-0.03950191838562163,1.5100362873320274,-0.011871516034147182,-0.8973747603356179,-1.5796425823413376,-0.16400326872185633,0.26022215234991947,-0.7725756790672227,0.47391250685367164,-1.1484271333102745,-1.8513106864360174,-8.06513402430316,-6.847815045781885,1
2023-08-25,0.56666670545102,-0.15645002774978156,0.2095656988916389,0.5687998584393894,-1.283810212969845,-1.581533777597957,-1.2524578939025945,-0.5086070083278761,-1.0297367545060636,0.19525198336263475,1.0985108126880387,1.2261465981171515,-8.222915672784303,-6.878165083396749,0
2023-08-28,0.5087691858492427,0.3092337398243486,-0.4007858642317278,-0.05852554786252984,-1.4447515885687865,-1.592577579910309,-0.0023871111699455237,0.06973011618820424,1.5662843855788342,-0.7745505035948446,-1.2597142938273829,1.0182534337736564,-8.305182576355005,-6.717862343181105,0
2023-08-29,1.156628250366358,1.074261273620177,-1.1492256768278286,0.48938119942348224,-1.6201681975355504,-1.6963704582521333,0.023788299130879,0.6498202076647321,0.5233610243364497,-1.1873676080111375,-0.024739269829517192,2.1706846837146676,-9.352260390412535,-6.904441697423245,0
2023-08-30,0.32577627312127044,0.2637674170217072,-0.39916116722023753,0.1579020396690566,-1.7815502435558948,-1.7954433422898437,-0.1599845900782781,-0.5069446824316514,-0.5134961115886404,-0.0763591771543973,-0.06292838954972571,0.6225532540546472,-9.441906674776842,-6.88811016122464,0
2023-08-31,-0.12333978352290988,-0.1995043289851141,0.8936062188499146,0.7545826159097825,-1.8704203541571107,-1.7968304578633107,-0.3451630894406058,0.45605991243677185,0.26386799295113733,-0.492604920836968,1.7109740337097168,-0.10969564463043385,-9.440391722307549,-6.884430286656552,0
2023-09-01,0.14624609080238923,0.04244634598030303,1.1563729598047625,0.9899956499653347,-2.0140212452281183,-1.6948387086680181,-0.8753608674987875,1.4167443722278439,-0.25409657224560994,1.1691479757947574,-1.9960894951983454,0.24475410084501417,-9.036838918109979,-6.887673245300325,0
2023-09-05,-0.35438749592540547,-0.9321680083492139,0.9439891279485033,0.4159541203084338,-1.7258328367583173,-1.5685804347339802,1.1367195420884773,0.45204674381133125,0.5237018371756417,1.165375141191635,0.27533347405084746,-0.6108020226353631,-8.944561009076464,-6.739580222955287,0
2023-09-06,-0.5484185772678178,-0.5205460996402114,0.0005218249939782979,0.3672414348690032,-1.5943793680888083,-1.597403756066275,0.2683022823396253,-0.6998728771267865,-1.2897305057521111,0.3331439007385398,-0.8960206695189934,-0.9348055209720917,-9.35761786839199,-6.733556858008343,1
2023-09-07,-0.25052264272825236,0.10862506052062433,0.40060876957361663,-0.34470387696876226,-1.6054008289952335,-1.6720926111648826,-1.0646299226642884,0.8358682826425498,0.5233468343460599,-0.4967108992429217,1.5786978515454082,-0.35207512329771073,-8.801156640776103,-6.74141178442713,2
2023-09-08,0.11952571848369246,0.028921030370436775,0.131050380253243,0.1485985341586226,-1.7651003070197082,-1.7108677089918134,-0.16468360275136235,-0.8908086562348047,-0.5114510077528399,-0.21862427084290698,-1.762280818703618,0.26126975128269536,-8.1277823876216,-6.631623004473089,2
2023-09-11,0.5262753165257418,0.19527929410073006,-1.0050577552597495,-0.003173146051670988,-1.770070327617426,-1.9950369414154636,0.4783260117505147,0.8386017464707313,0.2643690083702873,0.33544201351676606,1.4828328142960903,0.9117109913191423,-8.283716855845071,-6.633324384670277,2
2023-09-12,-0.44778005571184093,-0.5972098523871001,0.2696565371729064,0.6659537050472699,-1.637812648978791,-2.002982149174387,-0.3796126295876094,-0.5062089494773284,-0.25256761485884277,-0.35686511363614515,0.3592663806865071,-0.784284488226283,-8.392113048025005,-6.6358426541087105,2
2023-09-13,0.09022988958319879,-0.2729276677940032,0.06692323598200127,-0.05315833464305815,-1.852484346924654,-1.9098177722172691,-0.5739054346247335,0.06775892330414525,0.5220413783796365,-0.35785385446815104,0.5308670890580706,0.15125108418141237,-8.077030624706845,-6.624212131888098,2
2023-09-14,0.6876597108434226,0.0444162522897724,1.1339977836659982,0.7109796428759638,-2.046742485603385,-1.749525286409239,-0.8295063137703131,0.06973522947135713,-0.2546144344976384,0.4734149209637388,-0.32475851548674994,1.1888209606723945,-7.572017411668254,-6.651941506583963,2
2023-09-15,-0.9840620415672102,0.7299707190111498,-0.20169037137461007,0.04669023262112101,-1.739909142494461,-1.6837498905630195,-0.10039827153832567,0.45385059180539017,-0.5128149877910181,0.47172419849625286,-1.0430770630026507,-1.819079233780665,-7.8944881754385685,-6.751163187092892,2
2023-09-18,0.04213383338051236,0.6496617698213547,-0.401097656816629,0.04089397347673961,-1.6711277012017491,-1.6028691456890198,0.4480555125972591,-0.7015750262292203,-0.2535237005140021,-0.22195812554191438,0.006586870910092956,0.0021847654801106634,-7.849214494055417,-6.661892764978669,2
2023-09-19,-0.17130178982993402,-0.12181286296107477,0.06437474608723988,-0.013751784696888246,-1.6335259816231373,-1.3541915660451564,0.3247744946831136,0.4540837447381552,-0.5122697484557031,0.6088441907567532,1.550826652343712,-0.4219142602619496,-7.410620405251368,-6.665266865459471,2
2023-09-20,-0.7486397041323304,0.06237200590877748,0.2652578622254157,-0.7466780211243951,-1.3442687299312972,-1.346560848458775,-0.7459829519895929,-1.0834001981529686,-0.5116569228555315,-0.35961622982524905,-1.0677618052473272,-1.3935408673249075,-7.56234997774195,-6.593626965622252,2
2023-09-21,-1.3480533305717297,-0.8463825239625494,0.06632661299235501,0.10248976207805119,-0.7491387566304671,-1.2467029414095823,1.5169554554667921,2.760572865699249,-1.8014574378383637,1.8537315403873686,0.46706579671428794,-2.2560226151211817,-8.19765503738912,-6.751452166542297,0
2023-09-22,-0.18548633824230887,0.3456050997720897,0.3977653511182853,0.07452148417113962,-0.8246586460562555,-1.3202090416207275,-0.8495610418625786,-0.5075896768485262,1.810104965340947,-0.776471374403198,-1.6973432345219401,-0.20299826681992944,-8.194620509687073,-6.632409325261769,0
2023-09-25,0.33472427496615526,-0.6029105664891558,0.659625983300236,-0.16579740942951773,-0.8921604409370713,-1.282691330426422,2.7497456952214936,2.356614029675145,0.5180037789044594,1.430934767632688,-1.9820582204530213,0.6902001854635673,-8.259903458498213,-6.643557040713201,0
2023-09-26,-1.1970708866258368,-0.9271467163863393,0.5248956130204808,0.21664776198153785,-0.4331637270548836,-1.2473727707629583,0.045369872754249564,1.1997454502894689,0.5168485317967432,0.04939570771003975,4.233276603656232,-1.9701994730671968,-8.416191181328058,-6.776939225591476,0
2023-09-27,0.03366587627735322,-1.4312310879194516,0.8484982537083582,0.9996377016970873,-0.5886170032611824,-1.126948476910217,0.7189294352214309,-0.1288896770307856,0.0020348240763030105,0.6025466041262011,0.07945785893261667,0.22913517246846388,-8.203325564085072,-6.608701909941927,0
2023-09-28,0.4678949578175143,-0.5826440765912245,-1.122429886434525,-0.718789061564175,-0.7872908358249164,-1.2136464635913071,-1.1798255957954171,0.8232474873809352,0.7707392831844126,-0.3613211423600779,-0.5367290440909074,0.9813287308997392,-8.332922084030182,-6.529119107251103,1
2023-09-29,-0.19566282406612465,-1.1839970359881347,0.06243481011416244,-0.4035165361937625,-0.7449849280876772,-1.1491672610035355,-0.3037937449080894,0.25099568684942447,-0.5136580427366381,-0.08498988971138419,0.3607281615209305,-0.051965119005758134,-7.891596192439366,-6.5190787034861915,2
2023-10-02,-0.03474794820878544,-1.209285654069876,1.438344925255987,-0.8072837984840382,-0.7219220268551405,-1.1718858713927067,2.354469613814304,0.2532277718315706,0.0010171446390824517,1.2946779595593942,-1.0421913822462607,0.2950263418085875,-7.788575469352205,-6.4277268468695565,2
2023-10-03,-1.091913983486545,-0.33885971130354586,0.12740253619008868,0.24997787690826354,-0.2545196319160014,-1.0437293595638448,2.343342952988866,1.7754701249720486,1.0268752441997329,1.5652352911260274,0.48579819316518474,-1.652524939468157,-8.25570110850787,-6.519980931835885,1
2023-10-04,0.584481329752474,-0.020130510730903328,-0.6565413553979561,-2.3797407200257634,-0.5038142068727335,-0.8290407009244187,-2.2724751320639918,0.4387306489820849,0.2578631742492643,-1.187854739633255,1.0889700537507068,1.4558608869469158,-8.404579517685288,-6.480145218249384,0
2023-10-05,-0.0318306767657408,-0.21472007657497283,-0.7233258092835614,-0.9228334362234385,-0.5221092976479236,-0.7027911038079535,0.3009286912083928,0.24722621627694238,0.5136580427366381,-0.22557941221781083,-2.439650587681482,0.287421410964008,-8.25063645696509,-6.269168130013195,1
2023-10-06,0.9523679996003314,0.5798196199462711,-0.46246477526238156,0.07052611878006981,-0.7519447018187406,-0.7947326376772483,-0.6118062502347954,0.24722621627694238,-0.25625338308917517,0.7349345022293372,1.2553419937965304,1.899686256247275,-8.826995243127955,-6.2996347579903205,0
2023-10-09,0.5130666337688857,2.064815570494668,-0.13282947647170118,1.6178394733291361,-0.6930571278053629,-0.37211055710981367,-0.02105464647833391,0.05873748985631848,-0.25625338308917517,-1.7334884341806798,1.8499853714636711,0.9879374092189068,-8.442370082788665,-6.319120204364766,0
2023-10-10,0.41624997404225644,-0.20056203135003559,-0.5265536190115605,-0.25727742805482606,-0.8456123465953784,-0.4032279043849765,1.5632841459802753,0.057622695116069676,0.0005084061333056478,-0.08490237277261288,-1.1108723713799735,0.7935530499827106,-8.57592450876997,-6.329651410469882,0
2023-10-11,0.32759958774220166,0.813133398465493,-0.06517362721393,-0.597409938736343,-1.070805080471911,-0.46259415843320933,-1.5164112824507456,-2.030010979468565,-0.2552366368099261,-1.177652828735143,0.5362104561513833,0.6709658677453092,-7.9523591700418015,-6.338766907031646,2
2023-10-12,-0.4994535809500559,-0.3584869474007392,1.5741920401577487,-0.16396410157904961,-0.9224735945878997,-0.5053424998427944,-0.1562797905815913,1.0097793528005277,0.2572703948721565,1.5585506310256527,-0.0314501032477846,-0.6465711263257528,-7.843428937979869,-6.325325952844901,2
2023-10-13,-0.4088665296106293,3.5694993816541465,0.06278715583184528,1.9078210869244547,-0.33677756265009695,0.07367055154410532,0.30256073704091285,-0.8856967609934676,-0.25681215011857317,-1.0380216235161108,-2.125025036567313,-0.4617179919486057,-7.561181087841415,-6.2120031516957654,2
2023-10-16,0.8432505523561727,-0.5636541523897073,-0.9157926160239922,-0.345667883969897,-0.7976924979905746,-0.28622396002528333,0.2815313157896729,0.6288832748549356,0.2562868430858039,1.0069394525093582,1.5182710686141114,1.5647506856000193,-7.790319111831694,-6.267704404564093,2
2023-10-17,-0.008951237415784276,0.19451798732055864,-0.0023704917832562612,0.18959875253235411,-0.6445114619582628,-0.21941588313398663,-0.021120098841519285,0.43704976747262986,-0.7712991289876392,1.5473113762188886,-0.5977985318588596,0.0940114434561561,-7.662486449961966,-6.0898303394091435,2
2023-10-18,-1.0898960355485077,1.5990243641409265,0.6503402483337403,0.5188247841324841,-0.3570514031055189,0.08672931213355348,-0.18887063391530287,1.5697355794221686,-0.5121655764328278,0.9969144860040101,-0.1430106439676007,-1.583465280633295,-7.602566172407837,-6.17044078202979,2
2023-10-19,-0.713949333773522,1.3499904822106212,-0.6570902801041153,0.9207355454418857,0.07009646819085096,0.2166110542561787,0.8809020241343581,2.318608132956953,1.0257394769644623,0.8606701440081902,2.0318679840204363,-0.8869683939472651,-7.4761932798427395,-6.207670298425657,2
2023-10-20,-0.9982356927582252,0.2824941527530033,-0.0031444322036175785,-0.5317439105409791,0.1254700027479704,0.020705321635289025,0.11660901936031538,0.4242187659338666,1.5350632340495498,-0.7693585586085381,0.04767121259842137,-1.3129139717171092,-7.742060002066332,-6.285784256062131,1
2023-10-23,-0.1344239131597378,-0.40239767642129937,-1.0518031330629427,-0.9712988095704862,-0.13179081850211638,-0.1892954794705393,-0.6224094374352831,-0.8896916908445119,-0.7764142705227406,-1.0375843451436386,-1.1652684937463365,-0.07398711925857196,-7.465641131524718,-6.25627079110469,2
2023-10-24,0.6146024855145528,-0.03273169455081901,1.0437241125448027,-1.0705599006408988,-0.4194260840765267,-0.2578551167624077,-0.635302436439231,0.053745820636919815,-0.26117073452834894,-0.4927069725636022,-1.1465954053958658,1.0724546437218692,-7.496191391441923,-6.283567625816329,1
2023-10-25,-1.1632811728527437,0.45059495830900514,0.4512153081669214,0.7934637686383063,-0.1718686940103401,0.13067450551226542,0.491360516787462,1.1817806873455108,-0.26117073452834894,1.5408068605469745,0.7923083933514978,-1.6494564802659188,-7.687009358871461,-6.39337906132796,1
2023-10-26,-0.9649450337666284,0.15678053344697052,0.38319014344852376,-0.8636234412977313,-0.07790081688129114,0.029386927460348437,-0.06422864843893455,-0.5151820251612131,-0.26173075213848146,-1.3046199405650474,-2.131037221639525,-1.3618438417758296,-7.3023100749328504,-6.483895314227188,1
2023-10-27,-0.355754382175139,1.2792819373751119,-0.33091228137486817,0.7618685735736699,0.03277869219957179,0.3037456885647412,-0.31558496412968917,0.2375748051393636,1.5322604530409432,-0.3561027707896019,1.5519745839124208,-0.3541806926277347,-7.214524344961477,-6.495343327837531,2
2023-10-30,0.971089797654491,-0.6578413350286697,-0.850613935673603,-1.264430063842755,-0.26833337634917975,0.03373132136253909,0.4338660145695858,0.0488558153729691,-0.519847949343469,0.4537951016503256,1.0677399075002731,1.665622448298989,-7.418830459813603,-6.592809505642346,1
2023-10-31,0.5141115576639004,-0.63501750132479,1.1000482284483213,-0.5889225504473352,-0.6127295134795578,-0.17342051935544345,-0.8563019752041271,-0.7109321084386164,-0.2642349088858052,-0.08955322388354228,-2.4155761997373584,0.8559377259548362,-7.472102635153862,-6.621460343430613,1
2023-11-01,0.8655703383746324,-0.3739864822821281,-0.00859256634387018,-0.1713779421492025,-0.9067889059847237,-0.3243332575709807,-1.063984773900645,0.2360728001193986,1.5254579836265645,-1.5753693020235215,2.016427658374735,1.287486258805662,-7.69141582201619,-6.6971771405887095,1
2023-11-02,1.5387235097619743,0.35086510889302913,-1.0461232394650923,0.7630112348220405,-1.2078290782689043,-0.39938561222558555,-0.3311625474069025,-2.408189380280722,-1.7961828114678169,-1.4344625093470964,-1.4495360084896627,2.118213662101809,-8.75499630073283,-7.003356855106589,0
2023-11-03,0.7360535173051022,0.38656103628886956,-1.9028842289818975,-0.7523878918796677,-1.4050059795002916,-0.5286840486536557,0.003319144582953627,0.99069736939005,0.5008248259039665,-1.428218625191985,0.38051940768026365,0.8656955667510776,-8.063066432300586,-7.065523972168683,0
2023-11-06,0.18954608108098592,-0.9001148089014481,0.13153105380450927,0.01155344575709261,-1.4088127946704212,-0.7560766129209366,0.48196490229075,0.05063108781181992,-0.5159554852968355,1.2629441705863649,2.753256039744756,0.11834826438667992,-8.07704238621486,-7.071680800428641,0
2023-11-07,0.23391940944161388,-0.4885662715392888,0.5875745498659812,-1.7844247452896502,-1.4302036713321826,-0.5092839824386767,-0.2902775253432002,-1.2621519577141296,-0.2612047605129414,-1.2888871393189913,-1.803904061857609,0.2261575330875751,-7.3056537254704175,-7.062033196807893,1
2023-11-08,0.0645718896733736,-1.144658950293277,-0.13101223706050383,-0.9601880487094917,-1.5284040019823553,-0.33384440219310424,-0.5147399457914356,-2.0075936302354025,0.24922760523106446,-1.28756233786776,-0.046070664759540796,0.023549852639705684,-7.299811017537211,-6.99737380422102,2
2023-11-09,-0.6235333490497924,0.43308355874549626,0.7816999208396321,0.01761909892353946,-1.2979032850011256,-0.2538343743559827,-0.024836231815145507,0.6162438679502299,-0.2598062997326496,1.661242374270976,0.31438918449250486,-0.8609593247192495,-7.392486419526779,-7.045427093850306,2
2023-11-10,1.2523808145411803,-1.2475112729197064,-0.19841524916366562,0.8806135029939206,-1.6015200486188352,-0.45266194661531767,-0.0583694635813957,-0.3191262034357819,-0.7725957302473466,-0.21621553037810806,-0.18748669537905324,1.6488480700928114,-7.88157087215834,-7.343650035542233,1
2023-11-13,-0.0720483099058574,0.6134467666897107,-0.32896248906172715,0.6286897345359854,-1.4327149649328557,-0.442193034258972,1.2612831739498989,0.802010763158999,-0.2612537226531833,0.1839442446716075,-0.16823654383681097,-0.17031728924867673,-7.738946846900524,-7.313406784580648,2
2023-11-14,1.5464956401476813,0.9890169577497974,-3.1632790100407657,-0.15209019094591597,-1.5944477402407236,-0.5561577622685753,-0.07494950980798729,0.6133488332213668,1.0121686779000507,-2.6272911405642834,0.9390587333815554,1.8324327883551903,-9.551808721837583,-7.631564225287244,0
2023-11-15,0.16979855001459945,-0.3065407334880451,0.6662353501521233,-0.7976605508995841,-1.5838355136673723,-0.43208709260161027,-0.3337401151416835,-0.13439805587807502,-0.770782862797817,1.1221997553949443,-1.8698267485244848,0.07095518835546404,-9.415530406877467,-7.619684535531772,0
2023-11-16,0.0992000018201838,1.2519280119269334,0.07269017936885627,-1.9745130890503908,-1.541247785805747,-0.12426771440972263,-1.0283027295728682,-0.13402577915166752,0.24886775470403175,-1.1411134825447116,1.3681981739237246,-0.023374132374337445,-9.42932681452756,-7.617198642984124,0
2023-11-17,0.10071400464998104,-0.024050448966675197,-1.1086935011468382,1.5887659258667486,-1.6853917829821348,-0.34034529815166137,-0.5038157992529345,-1.0658146838668119,-0.7688145850187431,-0.20708752228791827,0.21365856733638197,-0.09244405011965992,-9.408338403276666,-7.558152413193546,0
2023-11-20,0.6161288768318833,-0.1969463188870218,-0.6468701103074996,0.8727061616480225,-1.7950423235694108,-0.48812006194844465,0.3178583751005929,-0.5030726077005623,-0.5116998383735503,-0.3396003963156384,-2.4123061438947144,0.5196460656493416,-10.628479145837723,-7.6013226901397015,0
2023-11-21,-0.17490701424393895,1.1957920110780773,0.145606931754455,0.10833805103051929,-1.8064069721984057,-0.5387489196805595,-0.3922588434256946,0.43041669006914196,0.2533257102150709,-0.2071020429180596,3.383184616110674,-0.636617805534049,-10.822228377364068,-7.279187189262828,0
2023-11-22,0.30956352018269945,-0.4935039509764063,0.6051536146109086,-0.5470112243523966,-1.950392512651735,-0.10462568803891949,-0.21507878348821233,-0.31674564969926045,-1.5280307268738493,0.05849447013715983,-2.6000765152136065,0.030278972273310344,-10.792905865857099,-7.176997377459306,0
2023-11-24,0.04918398892058113,0.5676296412814028,-0.9111300267784895,-0.4805432800630616,-2.0628125084069784,-0.04227568981800907,-0.6996492149350024,0.42840926563726095,0.25475521099416304,0.5884242109006869,0.6236043127670885,-0.30813081085269595,-9.808933171806725,-7.172227931332079,0
2023-11-27,-0.1450711892793792,0.7374922361477939,-0.44692802389092157,-0.524966862137574,-1.9792102516230197,0.009646014608813095,0.30284099219355975,0.05368567525903838,-0.2543004788518378,-1.1388599970940283,-0.10426463495328593,-0.7302408158770357,-9.440870249187084,-7.153506274706115,1
2023-11-28,0.07915650450741138,1.4723778760108701,-0.7127546689434012,0.7418164543893366,-1.9684648544020185,-0.07013218402971193,0.11505024759042862,1.1780696828858923,1.0163904254733704,-0.7359312566980731,0.23050908414880916,-0.49144732559236426,-9.452787629606169,-7.150591028926188,2
2023-11-29,-0.056268511120113336,0.13891507162073255,0.15301724885787618,0.7030086640232623,-1.8703134706225273,-0.09654397487748978,0.7433412405712435,0.42553649613917605,-0.7623167137825813,-1.0007798454215997,-0.33531213776453894,-0.7836452141441115,-9.269242457084154,-7.151040679308285,2
2023-11-30,0.31254021590859504,-0.49968246385552517,1.3431117322786708,-1.4417105907960561,-1.8785172224565534,-0.45366545849624534,0.11299326563476306,0.2370508043742878,-1.2704073694932096,1.2593279054653734,0.9769234102302883,-0.04891771829530303,-8.89831120157491,-7.160057194482865,2
2023-12-01,0.4725301327137867,1.9033428151643819,-0.6464275133861344,-0.5726818897540327,-1.9558461341866507,-0.8339355840905219,-0.6415131679369189,0.4248964720459165,1.0258821813788643,-2.072246611413966,-2.3254676762371793,0.2476244698500395,-9.026102672233074,-7.164308549805323,2
2023-12-04,-0.43057891046521213,-2.490154991438943,0.8065165570151771,-0.5042233695047561,-1.8091785490467227,-0.5850001618862136,1.1111335171174925,-0.32869876733000747,-1.0126967598678527,0.7231705065161721,0.49820263276964316,-1.3396616046166725,-9.13710852879944,-7.114465899173384,2
2023-12-05,-0.022990925682991187,-0.45049242048477667,0.6704897592776572,-0.5854939564021087,-1.869534171448824,-0.7664833539112657,1.4741093950978157,-0.5172578336390807,-0.5012951316414676,-1.4021522996107498,3.1884115294695996,-0.47917258435737187,-8.960940908203574,-7.10179407644833,2
2023-12-06,-0.33094500359174917,0.3838331763958505,0.40453571871509447,-1.834433277159733,-1.8236827806075027,-0.4064534483081393,-0.382412054665435,-1.6459735383763767,-0.5006962040384293,-0.8667271211491662,-2.23668031278041,-1.049546632727879,-8.113068290929968,-7.119470840999565,2
2023-12-07,0.6091464037861665,0.15788988912467772,-1.1053744171435602,0.20256004296870012,-1.788532545649253,-0.6058897168771846,0.7735638090079581,0.7960531281590337,0.009074431050242466,0.19227157290054706,-0.30065883883644656,0.8918575075317382,-8.285751513695168,-6.956582351378846,2
2023-12-08,0.34226959491233705,-1.5301829623884182,0.6691503955166607,0.8939827515428451,-1.9940800713033542,-0.7717187679141901,-1.3560719054263028,-0.7046891286748505,-0.5002260675125388,1.1228527720456398,-0.21996878926805555,0.3185277760293213,-8.350001874806654,-6.973629693630178,2
2023-12-11,0.3126897580696448,-1.2634228757023056,0.2078462462921879,0.15042314107465166,-1.896150618960558,-0.8693449784780751,0.8187370043962285,0.04685708196027614,0.007065033507326779,-0.07233427358288125,1.0085596466230657,0.2274846589334703,-8.282943220050134,-6.95591163672357,2
2023-12-12,0.3672141583796389,-0.0818059995976211,-0.5802782463895513,-1.6723561143542613,-2.0590757387664653,-0.7513397704501295,-1.3482280904099577,-0.8892673850975309,-0.24551433490851837,-0.4690847420422058,-1.9555803840237755,0.26458000148022137,-8.221626550254875,-6.977734854441949,2
2023-12-13,1.106681509067629,2.4659306483715016,-1.7009779184234508,0.6871188058889227,-2.008549626128528,-0.7252430194523204,-0.8154976916988398,2.113685794729306,0.2652713573745037,-2.192833048189434,1.6117883094145078,2.1618103583011603,-8.195411202077677,-7.2017036307272795,1
2023-12-14,0.2548702363349435,0.6219446163852473,-1.8409535118788383,1.151961785064599,-1.9086370528448087,-1.0023404785557444,0.6937985489694145,-0.5150621612897066,-1.0077263314643337,-1.6507119862077801,-0.10693784161823569,0.005868888086580594,-7.944207387385917,-7.197339160064422,2
2023-12-15,-0.14042801510790767,-1.0476148042691518,1.211397193037372,-0.02871176695019546,-1.9590730497687368,-0.8763538978396355,-0.3925497594187876,-1.451015303240621,0.012622505470988414,-0.19704743869903513,-0.6425295021664881,-0.9388628727700792,-7.940506904631482,-7.1601582883180415,2
2023-12-18,0.4473736386230724,0.4757648561594862,-0.07582322202946978,0.5655324282386123,-1.8627270022465516,-0.663818556984497,0.4363093143877653,0.9811796916570291,0.2670922157661151,0.46230393836234873,2.4789118333191795,0.7663820672859456,-7.979777432745693,-7.101520549647583,2
2023-12-19,0.4863620924098772,0.7257191491938781,-0.891429201150628,0.7594295318489678,-1.8622275425945065,-0.879670527203612,-0.582369807180237,0.0466103358676548,-0.24184720482413827,-0.3282043510399648,1.4648452153820661,0.8118532528505734,-8.082729812973605,-6.969003877224652,1
2023-12-20,-1.1422359207602704,-0.6318852582301406,0.7947852063331824,-0.37371798251804467,-1.5271924124939829,-0.8826888941688077,-0.5383693233877693,0.047358378048481725,1.5435105573981736,-0.9870667152426116,-3.7215316178697773,-3.6750139504266515,-9.077096988926256,-7.194992447140155,0
2023-12-21,0.7584311707809961,0.7564965307042384,-1.3146298428399743,0.12202032101285243,-1.5258011932860487,-0.8303502203527465,-0.0030133250696101556,0.7920193708715901,0.26622602598824363,0.3308624242649424,0.5385432038715999,1.3806929089632964,-10.301086701738148,-7.30860073534395,0
2023-12-22,0.15188589861094812,0.46308231513395276,-0.11573664720637686,-0.23656897049184974,-1.6914499618025536,-1.0541048987327721,-0.1026045035360382,0.6048734861206702,0.2667832901202906,0.0673690519161997,-1.0163069486539125,-0.03155780967285571,-9.70362764698583,-7.312845575221355,0
2023-12-26,0.3342445837591433,0.8130972983517237,-0.46926802758351027,0.9052206963518705,-1.6945618545522934,-0.9204656921699773,0.755112578190762,0.7900482806646763,-0.24257314345644604,-0.19486332072889426,1.2637463729037366,0.36321850842676845,-9.110049206677298,-7.295503401635407,0
2023-12-27,0.13932402788281986,0.47389330323625367,-1.039020207390854,-0.8117104082266497,-1.8501575814878095,-0.8232683245999791,-0.2563761731359031,-0.7030235761487028,0.011096895966319093,-1.3800713218447387,0.44867750876529333,-0.08054196267874712,-9.047404497281482,-7.297933437863509,0
2023-12-28,0.02370354182246151,-0.6755938044171239,0.5937535054064309,-1.1069315692308843,-1.8298137980324005,-0.7098497642055329,-0.13647039813566192,-0.14194793539790368,-0.4973427010359319,0.597476073186902,0.24202552340319722,-0.3602682337029457,-9.032805050219013,-7.210191416550857,1
2023-12-29,-0.24127630579555728,-0.20080256361821794,0.30799602108829843,-0.35364266861745575,-1.8276438659596568,-0.732546605900052,0.1281014861586798,1.3483926335143395,-0.24205473903918087,0.4640951207298994,-0.7443768200656108,-0.9242522159312409,-8.07265114468561,-7.220810592846791,2
2024-01-02,-0.4621616088271397,-0.2888908024126764,1.571920354994797,-0.5805586565788463,-1.6055197378404091,-0.4290772990473879,2.042514709610998,-0.5183192875858655,0.2667490311776151,0.8573539463361687,0.41996049181946926,-1.359048231111524,-8.170895042935976,-6.937826492754545,2
2024-01-03,-0.6719604535621264,-0.9552997716929549,0.5780637656151439,1.5176820291652748,-1.374945164036528,-0.5173635435129087,-0.42035313750004466,-0.7021660311669207,1.0281561875504508,-0.5879570534452873,0.26184792938483975,-1.658197713187797,-8.30479593508962,-6.838028546118705,2
2024-01-04,-0.2654654675157403,0.0875800763271854,-0.05057150844451228,-0.4044217464598316,-1.3480328038722675,-0.5851442020814559,-0.5845981963942668,0.6038458876859198,-0.24430292663014538,0.988394096649594,-0.5187280031182829,-0.6929697636525418,-8.346976397520358,-6.749489311358637,2
2024-01-05,0.10914324325539584,-0.004874379218747618,-0.052232650123189305,0.8865281569464192,-1.551574688399753,-0.7449461162335532,-0.8275581520564697,0.7888203741587665,0.008567509221331308,0.7229436744276864,-0.18159947440216176,0.013450847210484937,-8.352872850745257,-6.7397763891120075,2
2024-01-08,1.1537508942799828,-0.8987760411668418,-0.3991763015308451,-1.6623387811651524,-1.621487933312464,-0.6676877828775905,0.24199703898679828,0.0443893718551381,0.008567509221331308,-0.5886389595357409,0.6075436021983938,2.0434517458072645,-9.937823140153757,-6.917418006054903,0
2024-01-09,-0.12763583537692064,0.012896203725755803,0.5791453197414501,0.6095975545734906,-1.7060593890398592,-0.7415475763280384,-0.4734337503697126,0.23244847733506557,-0.49855992796171444,0.07010933208540007,3.147830355379532,-0.5563242276775073,-9.47067704754687,-6.852259258563278,0
2024-01-10,0.453301914981945,-0.2781264773280956,-0.39921937368541544,-0.5390917913052575,-1.717955276968333,-0.7116808447253312,-0.8851941686335094,0.23170037115769043,-1.0084736276621777,0.20257966401650465,-4.333929322098606,0.577716010568582,-8.997986208718649,-6.882620125970286,0
2024-01-11,-0.043974923059936284,0.19405665014052997,0.08987132018776602,0.672619185205202,-1.7816530793736036,-0.6657046318609989,-1.0299303540216993,0.9766046203428914,1.0258538457048367,-0.8486445384474945,-0.40893680559664713,-0.3432398742431376,-8.19165896072716,-6.850932674923795,1
2024-01-12,0.047932791181195325,1.0612028464811152,0.15727302975382262,0.21534564286068456,-1.6988878323097982,-0.254374113366158,0.4949902993098821,1.908529561076956,0.2613578307350564,-0.32049299115500607,0.48486102090465416,-0.14310119667508459,-8.177385225879686,-6.8512036784377655,1
2024-01-16,-0.3090072040841777,-1.0879428769052477,1.6147931370114872,-0.4965340393540353,-1.3827517885502167,-0.5001907495924255,1.1330946772831156,0.596067681533117,0.25989434650878995,1.387677637381311,1.9072652629952642,-0.7721215651482974,-8.195510177339994,-6.695068978898538,2
2024-01-17,-0.4618894456110612,-1.2557228378482603,0.08155760602665509,0.4194563064209595,-1.140580938026961,-0.6378458609292333,-1.2595714483674627,-1.6356948706936656,-0.5021265698075457,0.3329338496759843,-2.0558078860727638,-1.014426201890113,-8.310134368004205,-6.654846522244256,2
2024-01-18,0.7171701184917111,0.8933091743695716,0.14781409590563047,0.6794858882145638,-1.301450321400757,-0.7539132734790824,0.21340728715786997,0.7805876353438488,-0.2467373136281514,0.4629522422866153,0.8899875307705675,1.3835518273782916,-8.532065334861688,-6.679297669188439,2
2024-01-19,1.002856957888716,0.3104866495924602,-0.33604163960204186,-0.1614359929129022,-1.5128615701521495,-0.7738155166649795,-0.3812928924079701,-0.7049402834027081,-0.7526949001018606,0.06763103941684434,0.3099607755163309,1.795731943283014,-10.004994970240539,-6.787225182722565,0
2024-01-22,0.16125701585824645,-0.44331344814671203,0.01081401116304778,0.5203187204758645,-1.5364967481012528,-0.7807749573045885,0.3032589180514596,-0.3326330603131669,0.010071171751528501,-0.5866136819738839,0.2800721404051161,0.15464153506749584,-9.181415428088231,-6.764425496597597,0
2024-01-23,0.22378933199409018,0.4104640188967894,0.42751194939685855,-0.02946460504572577,-1.7061425808154123,-0.8556309449769276,0.12947358213297563,1.7066332702455724,0.7709937434706575,0.33566189202572205,-1.4483793305608577,0.3016297975811905,-9.261081480620888,-6.771085844985937,0
2024-01-24,0.07286564828221322,-0.9425236018678159,-0.6107877753004493,0.5205299731471403,-1.5343758799694653,-0.9598388975996552,-0.32550924483670873,0.21993261604323644,-0.24612439457320942,0.46528989094205664,0.4015606461153805,-0.09565269123706378,-7.916925237976439,-6.4599594328141565,2
2024-01-25,0.425732963128892,0.42305409345880296,0.49711654618512885,0.9897379765805193,-1.4446220243218355,-0.8394130779701197,0.01001398115083605,0.4030230136716336,-0.24466445947956644,-0.5866367297584519,0.3536685349083609,0.7372938203764915,-7.592574882655055,-6.478630592495747,2
2024-01-26,-0.12709238456694896,-0.09720771153184567,-0.05781008054611945,0.49194983887901184,-1.4889014170951753,-0.8712689658891284,-0.9410489366378614,-0.8917349286006806,-0.4961485029780903,0.06912346353666388,-0.47486024640253266,-0.471453088451869,-7.398390134605007,-6.470946182448197,2
2024-01-29,0.6259628725815563,0.7651422439129008,-0.056640067396082044,-0.6283930179023202,-1.3932257981373066,-0.7044704938787715,1.0010258315323004,-0.33455769270329544,0.524613840303891,-0.9828565609424125,1.4760589303017615,1.1780316955960752,-7.481657415871432,-6.509661706260374,2
2024-01-30,-0.08869756915669164,0.13432553934222086,-0.19459432975095814,0.4297983246647427,-1.4643069768224029,-0.7157235154324612,-0.34937845590136773,-1.6264387503300048,-0.49330868332714306,-0.32265037847358713,-0.6241329987240211,-0.3777136361240369,-7.467894601313805,-6.5088893825892695,2
2024-01-31,-1.3774063507597611,-0.10625074351193169,0.4291440466613865,-1.1263960921203067,-1.192541274256478,-0.6008753554814826,0.4908658579576419,0.40583517695089905,0.778800765650199,-0.9776926395570293,-0.9136336019733382,-3.020193908308703,-7.903486483339936,-6.6988339132571815,1
2024-02-01,1.043297603716775,1.1324842119701983,-1.0221896263896364,-1.1280868718012196,-1.3061707555523805,-0.7972524563535427,1.0852124622818364,-0.8902743077259201,0.5229100237055263,-1.6330965311880226,0.29334123962281966,1.7412561979886254,-8.514365322110088,-6.767483268012049,0
2024-02-02,0.8399553547496278,-1.0912728987396023,1.6769941302701046,-0.9729534786236562,-1.308469376230411,-0.8506031354001863,-1.1923588814526787,0.03515821949613773,-1.0077268037367488,2.042245043342289,-0.9235407978960418,1.2004030844259068,-8.994401378554365,-6.866550398979765,0
2024-02-05,-0.3210458550139107,-0.6434529679010326,0.9717969490133161,0.40985115440369446,-1.3491966162349378,-0.8929559833726307,0.31456738415077873,0.7728333303810498,-0.748658509174618,1.7689770825755644,2.149588219926576,-0.8533107306947271,-9.106089026919635,-6.785847396201033,0
2024-02-06,0.22010249049014255,0.5580028260968032,-0.6065521170613632,0.38045748619860364,-1.5048465620209068,-1.0412951704479407,0.3073619141740637,-0.15083887689629125,0.5285580164856037,-1.101721409699969,-1.0421355556261556,0.053920443176636926,-8.128789142103528,-6.77078565896176,0
2024-02-07,0.6671094170498043,-0.05409179035278871,-0.2653668373976192,0.36394940189773606,-1.560620919426899,-1.2288596974044992,-0.45787072867476003,-0.3353602214490359,0.526922868351788,-0.05956951359533195,0.7837560689424303,0.789577658425099,-8.086124780930431,-6.746170144380538,1
2024-02-08,0.013501467864860164,-0.12550078334179038,0.14461117625473108,1.2489238780557192,-1.5641359403663573,-1.1792864086988126,0.11417325815382835,0.21928814972591087,0.01619415915923022,0.7214308843935597,-0.2414571427806704,-0.2701069681160596,-7.943772768349848,-6.715960366967117,2
2024-02-09,0.4545128329765347,-0.45796750373608597,-0.19920982232874426,0.0801553008598546,-1.5184256677617565,-1.0906764485613758,-0.39884018459258486,0.03404554770758638,-0.23886384759864607,0.2030080329436268,-1.3130924072105532,0.49210424006885556,-7.9673948281897955,-6.743128149852205,2
2024-02-12,-0.06013154611057686,-0.3139464213606921,0.1442501216535516,0.24926296816637075,-1.2503613418571948,-1.0607595162561505,0.5793880528138083,0.4030553551188456,-0.2378557411260109,-0.058112654421547026,1.8507734915527465,-0.41470768370134614,-7.883624342950839,-6.650597615354561,2
2024-02-13,-1.1703616376638717,-1.571944305581777,1.441279195459398,0.3039591768155348,-0.7937933148445515,-1.0915111605270507,0.5555231277248881,-0.7049747647327198,-1.003734916370409,1.7657039248272104,-0.2579884166850134,-2.376123129368929,-8.593307508380782,-6.8093884607698625,0
2024-02-14,0.731102868791413,-0.08304920249849372,-0.40447996827680793,-0.6534084099347932,-1.1319860012649932,-1.0478607068121555,-0.21524219877698453,0.7710530831036517,0.5289647444798679,-0.5802908566954267,-1.1899683725853898,0.9517568660692819,-7.555729487336112,-6.882631866041514,2
2024-02-15,0.5479385961386906,0.7299424899278252,-0.8130375084010404,0.7434317046606995,-1.2185547447029255,-1.1221942350417407,0.012062895332806906,-0.5315464253052558,0.27251318026009025,-0.44752876521800067,-0.07309785188373576,0.5874817519405969,-7.64946295203705,-6.882441522282777,2
2024-02-16,-0.4417397456355384,0.3945604020252365,0.008007186772149665,0.32007348080245085,-1.1567802811995171,-1.2417388385102333,-0.4807896249925447,-0.3444313860360538,-1.0028017309182182,0.721202729702755,-0.5625509014164796,-1.038149978691887,-7.673818140937628,-6.872556520874418,2
2024-02-20,-0.485310487740717,0.6625730526607745,-0.3326560946654626,-0.5809375878182689,-0.8741743110985375,-1.1349019533907923,0.297289024431403,0.3990093786841651,0.7915922157830977,-0.45049339563095364,1.5101291593888273,-1.01311213318385,-7.73373069209393,-6.872330356610223,1
2024-02-21,0.05244955657989396,-0.0117805237603747,-0.2656583181992117,0.44237861631925346,-0.8888664624868398,-1.210047554079934,0.5302899871321439,0.02917949397471696,-0.4897071910896237,0.5939075670760153,-0.4726355310870682,-0.06534584044766568,-7.73161010270125,-6.794422425768317,2
2024-02-22,1.6823030596623871,0.032347745399932716,-0.06069682182697789,0.21827317838830307,-1.0725027249119643,-1.2574315801939235,0.21054825754412063,-0.7143997230362287,-1.2556775857343216,0.07105483227271753,-0.7366445928296974,2.561683158355378,-10.349452187060317,-7.248435979124827,0
2024-02-23,0.027580975105694707,0.6210059401645781,0.0763698197735318,-0.9866924637662573,-1.263511406454866,-1.1727900479494007,-1.2067144853338228,-0.9000918814136825,0.03209642338661686,-0.9732272656838951,0.8144396125907639,-0.17324266369799432,-9.037603162693834,-7.244051224117665,0
2024-02-26,-0.3367447089942595,-0.26456321167106667,-0.40232979778654343,0.4985987615785146,-1.2609740190694945,-1.1262141697481147,0.4005109616928651,0.031759867952432005,1.0597784002875457,0.20003964419002887,0.5739649474925576,-0.6797301851198719,-9.146965705478763,-7.252217190662198,0
2024-02-27,0.12250283533416509,-0.13256050919080914,0.07809945468736768,0.601302662308121,-1.3357976818791866,-1.159330760984,-3.4877178830458036e-05,0.4020772164033201,0.03053655352560255,0.33029801715095963,-0.5683853750639392,0.01566401305545016,-8.49744122168884,-7.252254613949077,0
2024-02-28,-0.1461129252612308,0.19128501840545414,0.07818911854703318,-0.14071005619028917,-1.2258510382405294,-1.1692653549680143,-0.34921593775020576,0.4025210380284325,0.5423184285748038,-0.581132409510501,0.31578651142371583,-0.3713859438266099,-8.387090696198726,-7.160247135140454,0
2024-02-29,0.26736742364150934,0.5640800289679718,0.3551548355878511,-0.1579860283916373,-1.3344525191834604,-1.1342836934605909,0.06165443638757605,-0.34365735614150283,0.03559350369972218,-0.3202521641878377,-0.48145851784381877,0.25354865606249327,-8.07097767914902,-7.176913900791281,2
2024-03-01,0.754480076401914,2.0911108272332877,-0.40183460166955576,0.9012940716428142,-1.4055186080592201,-1.1735468134077989,-0.4374757406648719,0.7756358433603671,0.5540611033093256,-0.8404837324304701,-0.9419081116866579,0.9060347087080909,-8.249452294770677,-7.293808618957597,2
2024-03-04,-0.12201032646001962,1.7814781249373612,-0.05760050827790372,-0.5471405997383043,-1.3001921218631087,-1.2324386774152714,0.5084647032386994,-0.718077623218221,0.040293770654802975,0.33071878587164694,1.837744316164077,-0.5203159498407881,-8.251026458331594,-7.2372804061064775,2
2024-03-05,-0.8786950608920239,0.6564765719036855,-0.2612430540623658,-0.3252412072881262,-1.0528266514156988,-1.258341953017913,0.12949008106855026,-0.3430186770275348,0.5661440084143761,-1.2431037017199984,-1.0074821647226722,-1.6892053886480778,-8.200242733265704,-7.386470888800012,2
2024-03-06,0.3957406172084107,0.8982727241855393,-0.7444472241722696,0.5161277932118304,-1.0393826412061995,-1.319947275555141,-0.8344748929690072,-0.5307897572473966,-0.496033786836016,-0.3212864840788155,0.1500970726975227,0.5143097424443429,-8.288070610992882,-7.20231722220149,1
2024-03-07,0.8000909392909933,0.6151674367541252,-1.0216075748815874,-0.06295922501529978,-1.0502206036119401,-1.3175642423049452,0.023287342928342097,0.5877525604641904,0.5653307140116198,-0.3207344286618102,-1.019507516592688,1.1119472753996142,-8.753869705474381,-7.1883935743461995,0
2024-03-08,-0.5411753162760184,0.9285804296550246,0.0224812063475357,-0.5009923313115198,-0.974285984300081,-1.3160575429744996,-0.7598182047944151,0.39783438746943256,0.03798724024276575,-0.061285783063502776,-0.6875569335416084,-1.047354228241429,-8.685138861529772,-7.2371352488939085,0
2024-03-11,-0.11152743113232988,0.1891985281020212,0.16421587276785446,0.16231530012954215,-0.8584859998862262,-1.3810969548473742,0.9814747944495806,-0.3507010941357464,0.03851832718247709,0.07121086985657746,2.331347490243568,-0.2796018781702696,-8.500076320324236,-7.236307006028375,0
2024-03-12,0.8668645781748451,-1.264136685781762,0.09341740004737545,-0.1459303593273863,-1.1931103650279407,-1.3598040021969584,-0.8788564460099649,-0.16309697987773414,-1.0243499523933726,0.7310801601158232,-0.6594454417495241,1.2334370506773438,-9.030726285790825,-7.254831915468729,0
2024-03-13,-0.17078763457372625,0.7864895842549727,-0.25927471106768135,1.0450375660737248,-1.212616464779344,-1.3462485597388831,-0.7362028444127316,0.02521381261308062,0.040638036134186775,0.336971257728582,0.6612683987967353,-0.3829929776518578,-8.507345468471756,-7.181114225436139,0
2024-03-14,-0.20621311638021206,-0.498312851223642,0.9979380507135982,0.7093431488324304,-1.0439109258338997,-1.1254238354722637,0.2829707175347042,0.5858503518921668,-0.489490868999921,1.25894245992674,-1.3015982345674706,-0.42714762677621276,-8.473421672795933,-6.958950463764659,2
2024-03-15,-0.6267537275706051,-0.38599164910972367,0.16080549543158462,0.017613064573870168,-1.0378050483587369,-1.3201654332497124,-0.1452391662622741,-0.3499171568285922,-1.0237711021172329,0.20319939202923812,1.5105826324273854,-1.2371974717970746,-8.709112861452759,-6.84801527252312,1
2024-03-18,0.46512105684225846,0.16377407378348233,0.3679940648518114,0.9521089616439099,-1.054279079346398,-1.3148555784350426,0.8669901737204232,0.3988607479259868,0.04443011762429007,0.3388537500303289,-0.40456500662157624,0.6531088168824137,-8.891046397364459,-6.878410202131853,0
2024-03-19,0.4364253695314341,-0.15900887073207706,0.4349466504067559,0.24749157781320547,-1.1801639876074987,-1.3797977615180064,-0.49352887637415666,0.21244333090954384,0.31281906612144944,-0.5847537095420519,-0.6624129993904289,0.6091013973742496,-9.112099002890108,-6.874027614174736,1
2024-03-20,0.7548400539756464,1.3489254055089617,-0.9555601373249358,-0.6944463689991124,-1.3833634699086115,-1.421340420704892,-1.2437479058014538,1.1454737407083138,1.6585587250515954,-0.45074353528057504,1.2383309927375425,1.0618883702678108,-9.25538996056555,-6.955076068491412,0
2024-03-21,0.24900498748510191,-0.14585952549856937,1.2640696426298732,-0.2582597330794202,-1.4104860563553838,-1.5694522410942346,-0.32566361968015356,-0.5390838560218942,-0.7768850097893641,-0.0541414218107197,-1.502116924176122,0.1313793132445005,-9.375847400772274,-6.888194541588858,0
2024-03-22,-0.19564786492405253,-0.9606788249744296,0.9769986148970464,-0.08562285301069987,-1.365746622511682,-1.6420369501010474,0.03798959028942812,-0.35531867180209803,0.03266022439500426,-0.7153304873865021,-0.0919166703134625,-0.6190575986398612,-9.382577046843343,-6.812272790764264,0
2024-03-25,-0.26995854138655284,0.34577306115018513,-0.535405273122425,0.645277909028533,-1.3244821763126822,-1.580598769189241,0.20979115473649135,1.5188992974388054,0.029012047185602456,0.3477097909310315,0.139513447025964,-0.7213636515120512,-9.051575225276357,-6.699360778427951,1
2024-03-26,-0.18888948873581296,0.3481551287967208,0.0831866961378172,-0.277303726566468,-1.3053565114203607,-1.612245871473023,-0.27209410307861676,-0.5425542085907099,0.027944818073385523,-0.1818240781537196,0.11308378411498374,-0.52834805624366,-9.070636653611025,-6.701956453453066,1
2024-03-27,0.687952488373014,0.8145032200270974,0.08324291410704186,0.13628101832819203,-1.4255975701959505,-1.6963922008432268,-0.7420664380632277,-0.3548102121132449,0.29779787711219635,-0.5813891286361015,0.2124346823537375,1.2105985830250472,-8.538497069509315,-6.748226857664252,2
2024-03-28,-0.047337752336460086,1.4656065027062417,0.4942208495285926,0.7231008339098078,-1.3559721124851378,-1.7397439399136811,0.026360055461117467,-0.9139317780155344,-1.0586059392342833,-0.04896157379528475,-0.7844247523237038,-0.3064115959060658,-8.09928233571668,-6.675187391292122,2
2024-04-01,-0.18002092586717425,1.1502996883161711,0.696105049739644,0.5497562417012029,-1.1801214675550618,-1.5781595936806292,1.363967661215871,0.021122112218290988,-0.24639602448375564,1.6849285271251722,1.0241366064873476,-0.5757192971711518,-8.10827721950719,-6.667714927631861,2
2024-04-02,-0.5780680910056368,1.6721980544596753,-0.327726908213275,0.6464423796329414,-0.9353747540414526,-1.4123914110869868,0.4207904074808106,0.9539206869487298,0.5666124232312534,0.3489792593673213,-0.888923155723631,-1.3019549363761802,-8.248346148929611,-6.5119391017601345,2
2024-04-03,0.06931084784448505,0.9760721603110724,-0.9469912234291126,0.26008918270810405,-1.0011951348024837,-1.4064834778810715,0.23410422819844257,0.38896762004679325,-0.5210328447682987,-0.05137907156254539,0.4761900272671547,0.0666578673555801,-7.924531174733375,-6.50564967844028,2
2024-04-04,-1.0858373806213968,-0.7050910889833445,-0.05725469666865832,0.5802856400633064,-0.5321818380903064,-1.027306052742504,-0.29795019561655084,-0.36075247595271365,0.5662740565037632,-0.7174478825647085,-0.13432745899443535,-2.2010001725203705,-8.226536520462064,-6.549509206441296,2
2024-04-05,0.8697886183726661,1.9318140875728251,0.15028146312317503,0.0645763204064071,-0.6002890538913843,-1.0012299269293923,-0.3118865725331047,0.014101674091205215,-0.5198166150513588,1.010337784762075,-0.300598536402067,1.5725737888858602,-7.9500599080739764,-6.519389725268533,1
2024-04-08,0.01977381379098551,0.6763736529144814,-0.33015038494974625,-0.12420979693599893,-0.7887293143809325,-1.2174780019281204,0.8821969083131129,-0.36431603184697203,-0.8045977226843362,0.34574298988518826,0.6052991597801226,-0.060800934218327725,-7.578611091394936,-6.45045209124775,2
2024-04-09,0.07264190749660146,0.5918695597198425,-0.12197329593769199,-0.6130606073451645,-0.835970027941174,-1.4113119954671662,-0.10779200187157927,-0.3622449319147533,-0.5286294285801296,-0.8496001519739553,0.431149908744211,0.10578771473293765,-7.574714299232535,-6.450528098264398,2
2024-04-10,-0.8989728058387891,-1.1440765705134748,2.003061621434554,0.5366236241409124,-0.6451549833640189,-1.2684892853912668,1.8912780919308132,-0.7356187850222283,-1.0783040390578205,2.479646961355695,0.08160869070058178,-1.8374145445965517,-7.712443656341043,-6.516779071583107,2
2024-04-11,0.620075361149607,2.1809327643429177,0.0809742843368379,-0.3231502929477262,-0.8471942419156484,-1.1174385909517395,-0.1215629473920966,0.960043970764307,0.2938431481105061,0.08139501186339188,-0.22391025540683862,1.1115117944549584,-7.836774134297335,-6.532817036545478,2
2024-04-12,-1.230525729393036,-1.577313423957974,1.4989838734009833,-0.021857094953451534,-0.31809772244041695,-1.0002400959356497,0.6909349967437544,-0.16739231317807673,1.1150831480053032,-0.8441904335839665,0.5421852291165863,-2.2941295968030717,-8.1857018457537,-6.673972625880076,0
2024-04-15,-1.115400493299,2.08722265379124,0.27807698932186303,0.06063741183572529,0.05407823948076618,-0.5766709945486944,1.4470847249796046,1.5277867200878739,0.2913115231724239,1.6739417265163399,-0.16529652551983828,-1.7801321008082382,-8.498844181857555,-6.8084119307829365,0
2024-04-16,-0.18641139409219823,0.09604513810468618,0.21084254184119688,-0.1975040791606196,-0.09987067685664976,-0.8188908701148819,-0.26687810620722846,0.02207275337746237,0.01955166604434798,0.48015396178832,0.5124289462019779,-0.13412704112830898,-7.987934479778397,-6.792581981092808,0
2024-04-17,-0.5416891506370616,-0.8877330545644443,-0.6595232760564324,-1.4455797201513196,-0.13465479710155856,-0.8916287257887053,-1.0951579223534802,-0.7310840858561574,0.5768118324990459,-1.108660082710624,-1.297460890305646,-0.7348737910193766,-8.09675393218663,-6.694023957525771,0
2024-04-18,-0.20414726335237154,0.3503775567563858,0.3458812899525866,-0.0791594813827647,-0.1743790046937335,-1.08707446285312,-0.8024468325885366,0.025067440941630315,-0.2506449898335513,0.6106915067036528,-0.3257997619157155,-0.12539925420080886,-8.063664465726198,-6.694024956630513,0
2024-04-19,-0.7863936551571198,0.31652820985499397,-0.05574372529743353,0.04328538128225136,-0.0361548704172992,-1.026022711795316,0.4548556354544255,-0.16243351798541614,-0.2506449898335513,-0.3122508311432284,-0.07386532521217526,-1.0301221335499862,-8.026072862659117,-6.756326183375652,1
2024-04-22,0.7661494752538237,-2.89958462022359,0.01287989481036647,-0.040498468971094985,-0.386162786033564,-1.2913326451167375,-0.46461639042765074,0.027704998396903747,0.026269211571501905,-0.04648079285271552,-0.1414161877462371,1.7090264547159246,-8.27311477350287,-6.830068431791869,2
2024-04-23,0.9959094806025098,-0.31831215737633867,-0.8600622265737289,0.721887060545396,-0.6554381986112927,-1.390911373252142,-0.2917257294235964,1.9152106511921498,0.0246431322922091,-0.17691238004110443,-0.3508246800835555,1.9533562006187115,-7.899029581320587,-6.961556535440617,1
2024-04-24,-0.06843846642400866,-0.2484901928684624,0.1475396191991667,-0.2073091138171213,-0.5909037421065045,-1.3632364880031675,0.5891454992437158,0.2073550920095035,0.5766492956376935,0.48425631525481183,1.123118905833246,0.12526624034604694,-7.871513833675861,-6.953056749064108,2
2024-04-25,-0.3596896890745362,0.6390972739153136,-0.45868619782124204,0.47690064712891456,-0.7237786830998908,-1.4449027451307725,-0.281076976989247,-0.36015648127643424,-0.2513599493805331,0.6172532666102205,1.2552691993621758,-0.3198889852918675,-7.698197031073769,-6.9128020878027785,2
2024-04-26,0.7874000391712676,0.32772977511031887,0.8258516626452157,-0.034827739725059724,-0.799748922199922,-1.5051526553426626,-0.7136682331998402,-0.5498209008732358,-0.5255206870039524,-0.44520269310737687,-1.8333716135504046,1.401483789927914,-7.56845527207861,-6.959533285548731,2
2024-04-29,0.2730356992417974,-0.2782322025228025,-0.6574130363458077,-0.5414265092372104,-0.8822837746547434,-1.4957667871817384,0.18641907311633388,-0.9259536143835121,0.03189697418220942,-0.5801699429705779,0.185602359716366,0.6283769774831985,-7.402798782357702,-6.972261095594191,2
2024-04-30,-1.4410443819536103,-2.347323402506402,1.1652477980319937,-0.6854428641200195,-0.6496590461791817,-1.4867182043649223,0.36234324358615216,-0.1673803084320652,-0.24380771434934942,0.7477394632836118,0.521051923814942,-1.8725085780114898,-7.941190941915745,-7.219822060378678,1
2024-05-01,-0.3221299352536455,0.9847159077476785,-0.2487872168020576,-1.5276433609785345,-0.7063530146583094,-1.3777838094579837,-1.1759729807941777,0.39954742678162497,-0.24380771434934942,-0.8458631931327567,-1.197004122939159,-0.16142721636537144,-7.971347330717097,-7.174781152778957,1
2024-05-02,0.7856504634056274,-0.3943291896801312,-1.5307677307826186,0.002657553787127433,-0.8719927396990521,-1.5037847982777952,0.0200649633640683,0.7754791148639254,1.144233215816995,-0.710308245911504,0.6789354482121284,1.3037989242787535,-8.140316284704836,-7.180629945590513,0
2024-05-03,1.053125280516424,-0.13275713353110122,-0.5855024138886714,-0.5067223647530269,-1.1722989052633885,-1.4433271165342811,-0.8121299971236886,-0.3593615893027338,0.5859759534708728,-1.1057122442609704,-0.5756819772008466,1.5541778770776398,-8.86361946892653,-7.401901423744843,0
2024-05-06,0.8695477148270077,1.1491072318759192,0.1635188115058904,0.34146007326986577,-1.1689836959061715,-1.377305256061789,-0.23977670423580671,-0.35658447427086903,-0.5218698903327041,-0.1724715553679622,0.5000717658269401,1.1737729382601043,-10.234536733316402,-7.5893922433684144,0
2024-05-07,0.05439136426866666,-0.5741140865738915,0.5008451959285245,-0.10042554204802732,-1.2349478664018536,-1.4668690143003627,0.626464410350694,-0.35901944795574026,-0.5226101043729378,-0.3054650671153644,-1.059791185669711,0.14334972608307747,-9.796478862873254,-7.347554215290755,0
2024-05-08,-0.029968891806850542,-0.38112333325559783,0.22549152968148384,0.39424867979894396,-1.293048557226966,-1.4516729200476923,-0.419499548778729,-0.1663594257861842,0.5894534748148156,0.09218751627429135,-0.12159961535134065,0.027233978596124715,-8.48233852589388,-7.347568235183106,0
2024-05-09,0.47322198316106867,1.7429478164020717,-0.7234038968943127,0.2646479902745701,-1.3760863678249529,-1.442230901449402,-0.2914164496659063,0.21642959099316195,0.3120636043137259,-0.43696147807597896,0.5679940636545472,0.6686395295428066,-8.631885306143753,-7.397749979879764,0
2024-05-10,0.06861837457622985,0.8719946611206386,0.23125311270123727,-0.769629207532925,-1.4115272694389704,-1.4467417178697453,0.07557542707041079,-0.3522534251368742,0.03357171687428961,0.6306111474534157,1.0920346952037487,0.08419743685939761,-8.629607710665969,-7.385003022062114,2
2024-05-13,-0.041951806681494896,-1.3387378491334339,-0.10946414599718012,0.5369894634472763,-1.1178230586560953,-1.423888276241165,1.9447999406918743,0.030596751043283858,0.03816790051114654,-0.30477055395539787,-1.6108645346717039,-0.014778413753623593,-8.622318242243868,-7.375747208207768,2
2024-05-14,0.3633158005498128,0.908263956360395,-0.44921096324561577,-0.5966990054766673,-1.1633210213586345,-1.4241482337665414,0.21531559504742742,0.21870181416548298,0.03761685890335814,-0.43931552044578537,2.0356895706749176,0.46244098219858437,-8.709036594542651,-7.304950312346082,2
2024-05-15,1.066164524730333,1.4019153173146663,-1.2704653632447482,0.4397672359236621,-1.4334818726950256,-1.4118664349025758,-2.213896762189337,-0.16847280638466441,0.31700851033760946,-1.2417243182361901,-0.5282160488993362,1.4496019563022424,-10.726950269319289,-7.552505668909461,0
2024-05-16,-0.24786159426084192,-0.5044749979139355,0.4467825155359981,0.24339809662056391,-1.4381892309876332,-1.532548597662887,-0.3284842834079682,-0.5504747475389578,-0.5187322426725981,0.22650142730526604,-0.869460553638457,-0.5905947687699454,-9.546534278991246,-7.559910704896307,0
2024-05-17,0.07603096004839881,1.809468679860382,-0.03554904710587317,0.46907335128541294,-1.5616234257946209,-1.4022053578269411,-0.4209977678904545,-0.16439702435581172,0.3219903089904548,0.4957140338073619,-0.022183226383993636,-0.15745921058275683,-9.089247015292848,-7.449554219213449,0
2024-05-20,0.048899187975885376,0.39629988191933524,0.2370182021379043,-0.1464386259147796,-1.5068131239328368,-1.4187213775388028,-0.20116984795986065,0.6024683834839809,-0.23488715985471156,0.22632144388965836,0.8336936370909496,-0.22049528504130783,-9.096695750400528,-7.440803632240633,0
2024-05-21,0.1718885817192747,-0.2316143695568644,-0.04097938446099736,-0.362638585039707,-1.5884861725647013,-1.4778603032669446,-0.4717597780998867,-0.5506760162971608,0.3243563564332419,-0.44010487864675846,-0.6169694220612519,-0.1155606433399217,-8.769406983416332,-7.438420683827476,1
2024-05-22,-0.33118300100592485,-2.1784378429554208,0.5785673387841076,-0.8402752249768288,-1.453307271761856,-1.4305212475227678,-0.4829459577325193,-0.36035949806865186,-0.5143896256502614,0.22752542621530403,-0.18744323962808537,-0.8621411656904783,-8.561142970958391,-7.449557804368824,2
2024-05-23,-0.7469826689639031,-2.3485366849269935,0.3677846675178006,-0.2707867814779675,-1.3082462584526704,-1.304463516783164,0.6442479732067783,-0.16758757894941256,-0.2302939682750312,0.4938150546426566,0.5272966057199503,-1.4639885297100408,-8.422489414999422,-7.526620780023451,2
2024-05-24,0.5538373093935137,0.05406404803567256,-0.6633689968672273,0.6030574732473956,-1.5529582893230494,-1.4394191857476852,-0.4377194946038872,-0.5524290372945994,0.3317794458199601,-0.17904951079994239,1.0707094807045112,0.6873545071128632,-8.639125550291102,-7.581414866518042,2
2024-05-28,0.006091511528318896,1.1340049445702634,-0.3234591890118484,1.5004980106563401,-1.255218214439729,-1.4371698869185852,1.0641204050120345,1.370101728283465,-0.23264476700152198,1.031186622782894,-1.5408949920431478,-0.2500938718281347,-8.634839506679581,-7.579323598048572,2
2024-05-29,-0.7183142235492175,-1.108189846746289,1.0563312061412045,-0.6916460867530252,-0.8842087658705853,-1.5273175827291876,0.660394320016986,0.9843997243380108,0.612051124672831,0.8929372413677799,1.198520070018214,-1.3668933049003498,-8.224464665296821,-7.675607461843985,2
2024-05-30,-0.6806788651915947,0.16438793567218957,-0.6681322778747271,-0.6667724831013985,-0.8323243114357116,-1.2072841179859746,-0.40369596277676023,-0.35977994562287574,-0.235792634453112,-0.854973103153741,-0.43811913782308903,-1.1851150055983568,-8.40512784794431,-7.739574428964542,1
2024-05-31,0.7976338519254305,-0.7156970924490701,-0.186408569702695,-0.45494861577144535,-1.2458794766564587,-1.0630186600131928,0.012553450814217004,-0.16658505616577537,0.04419021743041618,-0.5844751228172346,-0.3835377145065655,1.2093015457045828,-8.852760833944986,-7.9370104718120285,0
2024-06-03,0.02625818188479801,0.9540828972913609,-1.0873376917476854,-1.9995046699705643,-1.1872780435597496,-0.9955024925157661,0.4832964930508636,-0.5503943018056114,0.32670594364811223,-1.3881025238584457,1.514015990216256,-0.28239149089986304,-8.792687408376768,-7.8200647297084895,1
2024-06-04,0.05359126994528083,-1.073039203756766,0.023151377160800016,-0.4920491755736133,-1.1687414641656935,-1.0234275627114058,1.0771922673372805,-0.547715445004083,0.6065199942218692,-1.1144554208295463,-1.6148062221012687,-0.16986665823269997,-8.763229841227888,-7.774839784422005,1
2024-06-05,1.0609890588349387,1.2804881795620306,0.23423967273408342,0.5679550909789871,-1.3156071025464542,-1.1984398619521146,0.4048124109216278,0.21929227863300652,1.1751274326300492,-0.5735325251164264,-1.0062682313970484,1.9371081745649499,-9.388460598485123,-8.067260688348767,0
2024-06-06,-0.054034853572356795,0.7822333046437739,-0.32603391803596415,0.947165539838262,-1.3248090245759363,-1.380211336313795,-0.25109663509241664,-0.16522723304567144,-0.8231747878561182,-0.17055604485395406,1.2709158657363322,-0.30564544630212637,-9.341241331949638,-8.063030922984895,0
2024-06-07,-0.17079668890993133,-4.163202697995679,1.6208598974643997,-0.14195286921686287,-1.4262139638780238,-1.5377915824375628,-1.5931996445655314,0.028181816634753994,-1.1065101752984694,1.9768637563042823,-0.5624855154788561,-0.515536554242678,-9.353977029050403,-8.064732193443406,0
2024-06-10,0.237578288084096,0.9691657361668743,0.4345597358724771,1.636541623532456,-1.2669414913473245,-1.6234129558627712,0.40908709092160855,0.7963645246172145,0.03501517040824431,0.4981398373695637,0.7910777373244424,0.28573018530009825,-8.874248034820626,-7.819373659824228,1
2024-06-11,0.17456073351368667,0.2706171178050183,0.22596014430375205,0.04976806934872173,-1.230132489792333,-1.634496473691696,0.5417459233515083,-0.3604973506703487,0.603766068548388,-1.1101096247644615,-0.6862170883141422,0.18708394275514104,-8.869611234196302,-7.660492524144242,1
2024-06-12,0.7202856703655092,0.248163639939101,-0.9435993499829701,0.3244890303338789,-1.4643950397063596,-1.7197468019768438,-0.9570372130377838,-0.35898504604947845,0.03331090902995079,-1.1057460050364787,0.8111433382368523,1.2472280816243122,-9.419855312119516,-7.720338430356383,1
2024-06-13,0.12940277352149276,-0.9585040483294176,0.7147648746388969,-0.13794916715113967,-1.4890641414022876,-1.7548225889114444,0.03927465002597086,0.024807518467727257,0.8869735268822501,-0.9684856695504408,-0.0954321714202143,0.03189713670450794,-9.447954106049021,-7.712492143083527,1
2024-06-14,-0.010512322999979362,1.3892928308225971,0.8521397395064806,0.23737891507620315,-1.268284610935135,-1.7128192949011523,1.4356445932283164,-0.5597476660071884,0.5989674945817037,-0.5637087405580616,-0.08909161252564217,-0.19899068173325657,-9.325955749094463,-7.637991055006323,1
2024-06-17,0.6960403194459894,-0.6366893818845886,-0.522762097641189,1.1104800003900273,-1.2399926195842865,-1.7721267305332031,-0.17869135714509665,0.019201418982478985,-0.2597569316033971,1.0635491341272698,-0.48323810917827786,1.3584336568305615,-10.10165754172713,-7.388475649478792,0
2024-06-18,0.16781861049514207,0.3948760594022514,-0.10751457598303493,0.5659485766410192,-1.370442530808332,-1.8180081541759257,-0.17496371351141748,0.01958632290453786,0.026598989616817146,-0.8340187713444431,0.16234904086998078,0.1766072072708535,-10.228424404068411,-7.306123567585158,0
2024-06-20,-0.34344932489268903,1.3424382561457193,0.7870492352136714,0.470532107203384,-1.0819340437445588,-1.7460726427024742,-0.6679868408326433,0.4114341067539252,0.6093944898480148,0.38403910276753817,0.34258188256352884,-0.8562885848826142,-10.37474372543267,-7.252493440433086,0
2024-06-21,-0.21714918324869215,-1.8062122835054013,0.4361383988412715,-0.4636218828037251,-1.102149242347415,-1.6735938615159553,0.006584555482425803,0.022726281939281744,0.32198622899107915,-0.026187479943288426,-0.25426325462634086,-0.5429124446086412,-10.009773122085967,-7.116240755194188,0
2024-06-24,-0.4056646132733184,0.39235689729082335,-0.7378584264296598,0.6622385429466532,-1.062680658961203,-1.5814312528054544,0.21041406413825153,-0.1739473020972713,-0.5432607369285105,-0.027002457732241074,0.41344506709166573,-0.8693073399414827,-10.162659622748235,-7.126314891356108,0
2024-06-25,0.30316409704749325,-0.6096599203767233,0.16390767841521484,-0.4940892995716812,-1.1999630379568662,-1.5330306111028331,0.3289330152703292,0.7992643403499904,0.6105614111069746,-0.2977518263692449,-1.066974213063816,0.48210366763551293,-9.584336209450205,-6.634388830042083,2
2024-06-26,0.04402710638058491,-1.0890237039871478,0.9239178405737298,-0.09205921020199244,-1.2820517117967012,-1.465676848896476,0.17853926174253282,0.602923963507997,0.03548114916942494,1.2017021860333785,0.45734865893970506,-0.11900665121815042,-9.348796059328736,-6.6149976338182865,2
2024-06-27,0.07838544711370371,1.213208593459203,-0.32312750794260026,0.7336722233583111,-1.372253843636774,-1.454596980614822,-0.38450223914796905,-0.370383573287557,0.037228025200961745,-0.44341423528174917,0.4396153104615658,-0.00038632564875342086,-9.04780960873739,-6.528167674156998,2
2024-06-28,-0.46887486725714655,-0.04158439540918886,-0.04718507468308116,-0.2044096953737881,-1.3063742521282944,-1.4160069304079022,0.5261801737941959,1.1846572957827664,0.03838788943789733,0.9254023212691571,-0.7010586926345809,-1.1618462717541584,-9.176604607178318,-6.538622458039163,2
2024-07-01,0.1332960774852745,0.23866203297866226,0.021208531776079204,1.2107073733497535,-1.3689696529609194,-1.316960927970256,1.370670891854459,1.182279105191978,0.03669403965105085,1.6088764858641917,2.259559904480416,0.06376555847672725,-9.208853693223027,-6.523819529060143,2
2024-07-02,0.5983737594930542,-0.058388510987803365,-0.32276071339418755,-0.2597129565218167,-1.4236959452004472,-1.4936180961598355,0.23741076865787786,-0.3725824338365278,0.3276457095638883,-0.716353961608104,-2.7187534490786827,1.0984508710237202,-8.790860654795194,-6.387148696473767,2
2024-07-03,0.36942523228001195,1.2003629983579256,-0.8771165702891687,0.10052654316936978,-1.4002020070166754,-1.635966151996997,-0.8231655688783003,-0.7625932274506546,-0.8288073483701591,-0.9918203042326524,0.5359906869885653,0.6033076743424117,-8.481443549346727,-6.283621057716935,2
2024-07-05,0.49797843145954845,1.439808737811556,-0.7401704775179344,0.023479345407888545,-1.275754456718405,-1.7326929876316493,-0.7079402617054144,0.5975850125654106,0.9158804147477762,-1.1317669089974884,3.93212646194931,0.8827203374283291,-8.450687882813861,-6.1253234556576,2
2024-07-08,0.0352927404295808,-1.4518343515053218,0.3090540838029256,-0.5503456770796138,-1.3047763194916824,-1.7211253526864927,-0.1299166374036486,-0.37393915158040725,-0.536269432959592,-0.03802321969242908,-2.944413302234596,-0.32426244402495896,-8.422040534890245,-5.789659479460744,2
2024-07-09,0.017153669230670784,0.1272746770873781,0.24570393922760347,-0.42145652850114285,-1.2577657943975076,-1.6678184157614429,-0.3977551791305354,0.4010446495442606,0.6367481669402171,0.23428640805488,-0.36278479299992505,-0.2867631135180215,-8.278253803833017,-5.762799463887578,2
2024-07-10,0.9135205236990164,0.34386725601202384,-0.2448403013109323,0.44428340610103784,-1.1515950391434182,-1.6853980426843458,-0.4544126347592856,-0.37734109096903334,0.04825937043878666,-0.3118559738117817,1.1261661718520082,2.3044508568221675,-7.939425129412769,-5.779479576364945,2
2024-07-11,-0.954799487086226,1.907090994807881,-1.0908846418977263,0.2868971538461584,-1.1268143613307593,-1.6795699468380443,-0.5701883428797007,0.7885799292829251,0.6327046037100107,-1.1339226586786995,-2.7062751815986994,-3.0055658975474704,-7.983814002614214,-5.644295319560097,2
2024-07-12,0.5569882836098073,-0.1410043467255072,-0.7388037320283283,-0.4423873212323737,-1.2603230416981221,-1.6597714303602629,-0.4956043870346927,0.5922446436749393,0.042564714856016775,-0.3050443740171499,1.9325737166828911,0.9711934600105201,-7.969669776573665,-5.650014222886605,2
2024-07-15,0.1960562727351259,0.28884996559528753,0.3299146951996296,-0.08577416630802737,-1.0594224372685783,-1.690321493879382,1.4011910842949298,1.1716896409766064,0.04315257831985803,0.6557505846698624,-0.1361679546192524,0.1302914287193685,-7.720907554695623,-5.652082040838739,2
2024-07-16,0.5143349518406649,2.1359226122926738,-0.02652030157755187,-0.7026353578766275,-1.0355806588464695,-1.6133439760842552,-0.09351220372954838,-0.9636472984741737,-0.5452718232789575,-0.8603913113271329,-0.04164017214102127,0.9267616196569952,-7.79700988609125,-5.588317098183173,2
2024-07-17,-1.5153728898169812,-0.5953574574956357,-0.9533259637572978,1.007972643412552,-0.6756893712016647,-1.4993092316994927,-0.49982625187691115,0.0015497393076805773,0.0443135194884694,-0.17198641428002276,0.42463415335817944,-3.6632097886149757,-7.212847319993369,-5.640285526132754,2
2024-07-18,-0.8628325245554481,-0.7942000820457651,0.9041449972649516,-0.47643007745374805,-0.3073836956526414,-1.4449685856246575,0.1906262340358077,0.002712976122673667,0.33761934964283175,0.5178025680901623,1.5813593103495793,-1.6061551084608265,-7.257551211462577,-5.577720970949454,2
2024-07-19,-0.7532128684216077,-2.099647720323291,0.5417260711872073,-1.258607103257834,-0.16529186633973222,-1.2967146663019908,0.4304381744457074,0.39300849155067674,0.04256471485601676,0.6534906425010809,-2.1333833006856473,-1.261392826485847,-7.1504808883810425,-5.588189280189454,2
2024-07-22,0.959887724054466,-0.0380546172214335,-0.17259622991973111,-0.25603975109048294,-0.5562480057927708,-1.2920183799263358,0.04066087974569911,0.0019376896087741886,0.3353687368648668,0.10237771648443682,-0.1733364748287999,1.6825703496418059,-7.293968970029064,-5.592112511739649,2
2024-07-23,-0.23602956081083287,0.317742221013431,0.3231319335497062,-0.6754626836148082,-0.6026371983433824,-1.2983932146823547,0.1168438175088983,1.7592448378367918,0.33368126404865084,-0.17179264752782042,0.8644665292888424,-0.3770805057431417,-7.260210483442076,-5.592062838338136,2
2024-07-24,-2.4107116752563087,-0.46656409298395657,-0.10343911665922811,0.13043794225666827,0.18366126828223478,-1.2795165043411219,-0.03141010999590479,1.1664539923728108,1.804819529788272,0.37995357280992675,-0.8548674127273623,-3.749946442101088,-7.734515192830944,-5.7403566306157625,0
2024-07-25,-0.5973619488626607,-1.8312814005326994,-0.03332355622345277,0.43830279419124135,0.2745397231495651,-1.3203844751174334,0.7770772446015561,-0.9766690151704485,-0.8486049214711596,-0.17564748222617338,-1.010218353583575,-0.624640190234859,-7.396197643847006,-5.7295872907373315,1
2024-07-26,1.0619759686258143,1.0977520869705848,-0.1763207369773285,-0.9224669740874825,-0.1826402214771405,-0.9047486644881588,-0.22844602566066236,-0.3915149696703514,0.9224022476447155,-1.0117393787927826,0.7941433311793383,1.4323159027549155,-7.0788396667904046,-5.7333921772044585,1
2024-07-29,-0.010745647784285276,-0.22670939111089117,0.5349321852943237,-0.635481352121521,-0.13094966265092745,-0.7696559742821074,0.1709349474111931,-0.5843777443398557,0.333187123673949,-0.4538142011944298,-0.03953186676720528,0.07959476650815638,-6.367773804433738,-5.731740377572696,2
2024-07-30,-0.588692944187406,1.0333407992999235,0.11007375035705144,-0.5100297152986248,0.11820691951770435,-0.6823563047292937,0.32895908402078405,-0.19514158406304566,-0.2578312747350958,-0.3143901428291125,0.15253316189943944,-0.5777113733891472,-6.334292843520946,-5.7391460611992,2
2024-07-31,1.5800966824302525,1.9236210223037784,-1.1810319508849514,2.2651968368774864,-0.18272097655142333,-0.40278554541904876,-0.17630392493786326,0.0007715424427549889,0.9220357065880919,-0.8687869586698167,-0.4744449557896051,1.9024866694013778,-6.463459270584945,-5.81200462319339,2
2024-08-01,-1.523357903259255,-0.453930213771046,0.6813274865636088,-0.983395517916947,0.3156787601976029,-0.43400522627073845,0.442538719841697,0.5844655811851732,0.9385018945272637,-1.4257767145528013,0.20663489784682942,-1.587656216430289,-6.277393209426494,-5.882421156166902,2
2024-08-02,-1.9794179841097317,-0.28150486502151684,-2.11902324714848,-2.0189443031745538,1.2093547943706262,0.25032912217122943,1.890819857649032,1.74904981182963,2.7285234667017897,-2.6662861249133307,0.6930077649343522,-1.8841278152779826,-6.473096226547342,-5.9814842198605325,2
2024-08-05,-3.0627259585842284,-1.4847841637573669,-1.1877976496092821,-0.11851471528190481,3.151850888352048,0.8602032656747497,1.6164307164938219,-0.591794232909809,1.5182523820278417,-0.3079437886774517,0.6307725290810178,-2.684671748607055,-7.306529121308301,-6.173526422073308,0
2024-08-06,0.8712514458354916,-0.9561057746040195,0.6202068496214534,-0.5477325780754067,1.8485256295151584,0.4584719997610021,-0.3536439753262784,0.38103868432683885,-2.061440518706803,1.6295435600737318,0.475234170189955,1.0498788818761433,-7.066754946015561,-6.212685421344316,0
2024-08-07,-0.729049699950492,-0.13975021745540422,0.4023385542531015,1.5939144986686198,1.8615206508063113,0.15584090978861936,-1.1801601054886417,0.9622661071103952,0.6239729690316446,0.7948017709814713,-1.9943627356739704,-0.3103059188595258,-7.10871893660596,-6.232363094995198,0
2024-08-08,2.2540828961507517,1.665844127690727,0.25478808011995213,0.4623286934101857,1.250516913228434,-0.25297817909405323,-0.40599793697086944,-0.20642560634627188,-0.5635415352931749,0.37835854916137934,-1.5323810122711414,2.1497041764045037,-7.444806323377906,-6.359291448138864,0
2024-08-09,0.38592612525292,0.20492075142749877,-0.24690585143274502,0.5876283911091861,0.6541066045384833,-0.4293062678803553,-0.3846450756945555,-1.182263385674809,-0.2671462337244229,-0.7235064044841841,2.748933298205046,0.5377771065669471,-7.469657570811591,-6.3006044863160895,0
2024-08-12,-0.004074867575548058,1.8196629814832783,-0.03050698033260135,1.6259245974345344,0.7180142712293803,-0.19572687515837256,1.806428694675171,-0.012736746905514981,0.3263368693208727,-0.5855750201296415,-0.6831816565039855,0.19583542589297795,-7.322660179721523,-6.290511867514045,1
2024-08-13,1.579575605311825,-0.23794852490103563,-1.117155658591226,-0.6686407695475517,0.20668819388212994,-0.43850125422469627,0.03475362717941833,0.56964883532594,0.6231023606321235,-0.7218775586106749,0.21226393214671158,1.4288027627960895,-7.831639336825238,-6.381897623635782,0
2024-08-14,0.2597699910033739,-0.9739810103945737,0.18517604702815885,-0.7154371966169805,-0.22426065459824496,-0.6608074922984866,-2.179898294891302,-0.5982278277422922,-1.756227560484439,-0.3059134511266637,0.44906342816415834,0.3544431759471675,-7.8269918139609755,-6.346799250377878,0
2024-08-15,1.650974093256031,0.27881301698796734,0.6933576205999398,0.5563326504879544,-0.4570135493679033,-0.7054394682522556,-0.4645293542649939,-0.9855066155274798,-1.7473489080939626,1.2198502907835904,0.8790834327530653,1.3862004711074325,-8.667571950581475,-6.508544315639458,0
2024-08-16,0.1675516251006869,2.381621359582806,-1.0519081796837977,-0.7450568969522127,-0.5649497778574397,-0.7204697999337129,-0.16594980724407388,-0.2048459723434331,0.33044558085163567,-0.44451203052157756,-0.18686550702588137,0.1856137435902355,-8.185120286820608,-6.510449564397375,0
2024-08-19,0.899477134455597,-0.25418049923597397,-1.1269671494091982,-1.3537926759254697,-0.6017481607676186,-0.5845125385116078,1.3195969013689948,-0.5947643535008725,-0.2617458894896958,-0.4452035741697824,-1.1474111039463513,0.6813461741571938,-8.548114436178091,-6.573126005748893,0
2024-08-20,-0.22213661804912238,0.33004705864599865,-0.7608545192977128,-0.3931775776910122,-0.2903598848425016,-0.5788767625966333,0.2608363097874919,0.5764540391505618,0.3303881079889905,-0.5818654989845048,-0.708450924818261,-0.1839059363616786,-8.552076219472344,-6.56871798895104,0
2024-08-21,0.2850448806755422,-0.2229506781854671,-0.6871798761443556,-0.8825627614354659,-0.1956703957361978,-0.4915301126071198,-0.03191716159964679,0.7721625860647239,0.032295856927532805,-0.44075677825863235,1.1116173554734128,0.22593324889454494,-8.443618465130864,-6.390077548701582,0
2024-08-22,-0.8518082149545373,-1.4043062293767492,0.940360859900327,0.7057691937984037,0.09617209547965079,-0.614663001226847,-0.5138238132800341,-0.008134849833984227,0.3282433458634699,0.9436942537097556,-0.42525373333503536,-0.6196253214081708,-8.78382749407874,-6.425926903119094,1
2024-08-23,1.0025434102350654,1.1899343429778946,-1.795001868442795,1.3862395706132393,-0.2911352398470399,-0.7667156410207049,-0.5098149350044292,0.7769518486216723,0.0322958569275328,-0.7167580346620575,-0.3252446629750276,0.7281697502596454,-8.93464261290106,-6.493296568865517,0
2024-08-26,-0.30870367529739773,0.2714671539441245,0.43373476257013205,1.5553095308583427,-0.21883914561688175,-0.7048755034129743,0.1965801970655773,-0.007758336338871762,0.0317108233443782,0.11707045413675449,-0.12515647771847113,-0.3471026699899917,-7.490401926570973,-6.491666677613793,2
2024-08-27,0.070927775132306,0.21942594399801757,-0.6830601065310223,-0.9103283058470829,-0.3917332421931059,-0.6676909600103903,0.4714440232331083,1.7554170207590403,0.32767850789190817,0.11735129282264878,-0.8390521026368805,-0.002929916166562299,-7.486262912889473,-6.489694661286199,2
2024-08-28,-0.6554289103411929,-0.854315601729948,1.1743429323153687,-0.6935212952464472,0.009159794061470774,-0.5504743862633457,-0.0743926055844418,0.18542819189949725,0.03053523002625283,0.11880140483137235,0.851869312064324,-0.5746732935231156,-7.5374244505089685,-6.501775743567341,2
2024-08-29,-0.05437165400116511,0.492340279799063,0.7218423556481972,0.8887460491116635,-0.333050261949826,-0.5881939817614006,-0.3657124700978348,-0.2082667600807372,-0.5627290704971719,0.3940245480222709,0.5288540420688006,-0.10433175365421765,-7.105162650565031,-6.500378560105106,2
2024-08-30,0.9021224377145755,-0.8678694945218368,0.5725998125477981,-1.6845151206420033,-0.49408084620119835,-0.3810489887175201,0.19909510093827382,-0.012798515982615137,0.02936999324097972,0.5321749235505558,-0.6025433287816281,0.7249697865326797,-7.0649288186116985,-6.551060063297697,2
2024-09-03,-2.2042815530657367,-0.5551396829155195,0.35003941690599727,-2.335541013297929,0.7611979887362522,-0.11413431874206388,1.1713914671553105,-0.7937680537690873,1.213568120717283,-0.9939334800120372,0.22176289860238577,-1.9037033235152157,-7.72628687934422,-6.833380571141197,0
2024-09-04,-0.28142838470841375,-0.011955803605134175,-1.0456327634393134,-1.0949940118104984,0.8755926311738154,0.2322032484887551,0.8993802540306219,0.9659696489428853,0.02581610398178881,-0.9913338788703554,0.3904599831537223,-0.3100995663447286,-7.521986125443484,-6.837119702675725,1
2024-09-05,-0.3221852886968126,0.8343613889239974,-0.31008266773402665,0.2155464630366971,0.6104581097075569,0.05876117307646891,-0.7818432050156484,-0.598831325158245,0.02640553434339294,-0.5716679350705477,-0.7617684841498169,-0.5569970416451909,-7.409479510940954,-6.8395279826225375,1
2024-09-06,-1.806017392974661,-0.9044494790738107,0.2838334501790525,-0.7252469075006135,1.0718008819786697,0.19339138703668113,-1.3623703971451726,1.5567715832132043,0.02879464644632256,-0.1518784105327826,0.9159752458280276,-1.999917035199685,-7.97334432804413,-7.053534235054583,0
2024-09-09,1.0641803387022089,0.3820245250446682,0.8714814532048436,0.2621739758849622,0.5261846984743715,0.12083656547438876,-0.46960813446830946,-0.7917816736305072,0.02998143473583307,-0.2923817837132885,-0.8961981507023593,0.8809220061863081,-8.409509404161785,-7.102723806560157,0
2024-09-10,0.3688661970493865,0.4017546939529809,0.062175272368607856,-1.7782843984948122,0.4550207362983577,0.5606186499842294,0.690382263584954,0.774108959677331,0.3283080305557441,-0.7075122377486915,1.092332427531985,0.3100671789520658,-8.497319436806006,-7.0214018091926285,0
2024-09-11,0.9712747718841498,-0.2579757008201164,0.20640656360469503,0.6980892776023129,0.1610178121064701,0.23198365692756057,-0.8193698895076641,-0.595079845929747,0.3261591754173899,-0.010516723270814687,-1.6401937326365494,0.9257914714089802,-9.127281707250823,-7.086827253232233,0
2024-09-12,0.7842918386922867,1.8417607093335908,-0.8989020595648513,1.5636875470264737,0.023284608347689965,0.0064240606795370305,-1.0386487620479488,0.18667941275770195,-0.26728567804963005,0.40852095648617537,0.6228277031580596,0.6730604496377848,-8.032909266236354,-7.17073803617882,0
2024-09-13,0.4619439827934343,1.0047457053495674,-0.31148748287769235,-0.03607256127268531,-0.09382637666263582,-0.10622708551419695,0.4747602508976036,0.966109940773719,-0.5675184265845324,-0.28871537930380436,0.6685281326909166,0.40308463546295037,-8.110195104278104,-7.159728276643365,1
2024-09-16,0.08134633851568791,-0.09573480040502673,-0.6855904326974853,0.7866475738395667,0.04461782323400592,-0.17369911768426533,0.12056426300580758,-0.40194038081079914,-0.5661581335923107,-0.4266607570670218,-0.6519042456108041,-0.010466428126545451,-8.096801916122201,-7.080411015712054,2
2024-09-17,-0.037993009620956066,-0.701641802436153,0.6639715022748034,0.62533135123006,0.15547516266758477,-0.09174756819745983,0.07534441016347769,-0.21178761065812618,-0.5661581335923107,0.27335377832826435,0.9068273520180893,-0.049463184716150264,-8.070879393148394,-7.010787242747012,2
2024-09-18,-0.390708453099032,-0.9431943401520807,0.21200471551109765,-0.7866718415402795,0.2963815323250419,0.03441031182354221,-0.5310330115759139,0.5722438348332395,-0.26962881704738184,0.6912410636753324,0.46155491029157986,-0.43262730213162764,-8.083591843813679,-6.999776256027728,2
2024-09-19,1.6905209667261203,1.6160236565321782,-0.910064811300973,1.548101862642149,-0.13799181570726,-0.30234858433377815,-1.0752282583838764,0.9624356207028278,0.02656771830192749,0.4117380981958399,-0.2717759700396955,2.0000910432618366,-10.180148641882349,-7.37649126476535,0
2024-09-20,-0.2676832232960584,1.3017474245043654,0.3637685976913852,0.11956940035129317,-0.17889862342817894,-0.5061115298146249,-0.2859290889495288,0.7642058563632019,0.03020899748647097,-0.007751667111325714,-0.9271840402365815,-0.3028616344666997,-10.20381220554778,-7.357895895089346,0
2024-09-23,0.17609926915240232,0.11749506968491077,0.28738149612373176,-0.4937275291203565,-0.2406802123768325,-0.2033934335130802,0.5374925570754939,-0.024949585704875703,-0.5690641338241846,0.27249794223930546,0.14876994775257876,0.18682302195013953,-9.969753405172794,-7.363444470040643,0
2024-09-24,0.21134215999846603,1.4330209229491941,-1.2092675266472637,0.7535163945879939,-0.3657488041164506,-0.28744756440303837,-0.08893774059909389,1.3555889126167726,0.32721187694890613,-0.14472367756751278,-0.022178207236951325,0.1764528388792669,-9.03128533764727,-7.375953615780416,0
2024-09-25,-0.32469934352221835,-0.25224125281009946,1.4234999354994446,-1.3326372792971601,-0.3571949776647136,-0.19529520585765633,-0.28859060249606233,0.1678017480216743,-0.27148202913107083,0.6927655525824292,0.5208735567669327,-0.3602696806666916,-9.071345055978023,-7.256580467175767,0
2024-09-26,0.32242751215102444,0.45921723212258764,-0.9794887402219586,-1.865028304101045,-0.3644371983085895,0.5543361778887043,-0.25837414846630197,-1.4147621000143125,0.025521272160911154,-0.0025133758466999194,-0.3397786632592134,0.3497418570901788,-9.184625711262687,-7.272276928566017,2
2024-09-27,-0.2518694767345726,-0.9861647152902081,-0.07323855026922503,0.9564773869222739,0.039780629275879234,0.5400903820747639,0.45227892572600553,0.1711417726718737,0.3252817694902577,-0.5658003914589318,0.14228812549069408,-0.28748099190176846,-8.609666251375762,-7.2751420212407245,2
2024-09-30,0.3222719462133555,-0.9950425923780074,0.8447691586465315,-0.27735391442176754,-0.010691141737574001,0.5832120705115633,0.4043961772608946,-1.0226366326097927,-0.8815611312065801,0.8539661128133172,0.3622428542436899,0.3199925664876848,-8.298797239246072,-7.2845239274781095,2
2024-10-01,-1.05330890878227,1.050506589874372,0.9149895394557849,1.636705287369036,0.5764415886293942,1.0200796845864546,1.774961802982771,-0.4188739668886149,0.6308571623719359,-0.9884219264238706,-0.984839151342533,-1.2157323452442301,-8.268608476308025,-7.40581057712147,2
2024-10-02,-0.05147177443445184,-0.07921691472055871,0.9101940308510077,0.47216579064450726,0.5049916899472295,1.552343418167382,-0.341066016599299,0.5807116359137618,-0.2732329291059631,0.7169697900074528,1.1893761834418053,-0.01608860135594634,-8.098770543053817,-7.391104477803444,2
2024-10-03,-0.296329087215384,-0.17873102834547122,0.6761783115059292,2.1295468954804058,0.8506827600646634,2.7090608302155843,-0.16900371551331797,-0.22228606436647466,-0.5817507104777785,0.8600346374179569,-0.8040332861614933,-0.47501581086942096,-8.099693168723128,-6.9024566304443455,2
2024-10-04,0.8626970123673708,-0.3234850209968863,1.19877783229182,0.41884476591654807,0.588213279401866,1.5422684662456698,-0.17113144759816737,-2.021974193322643,-1.5138560003731085,1.8651853551106887,-0.03792422744484117,1.0431781101495807,-8.264716736732339,-6.968339269605535,2
2024-10-07,-1.078799766318993,-0.4757142783428415,0.13943493253836406,1.9487727212502894,1.2910242671973287,1.8373718227007159,4.4728134197783795,-0.21933568263570136,-0.8871065811209661,0.7100640759242265,-0.6247332858952519,-1.5418398064267038,-8.329445601310784,-7.054645089187169,1
2024-10-08,0.9281668184843547,-0.9211282507465129,-0.016990959670897875,-2.3669132959938697,1.0626631630895527,2.4450860635786995,-0.07373267822213134,0.378618590459529,0.35529827370002554,0.13208891882116605,1.4009097042030165,1.0821557368608932,-8.451689895844732,-6.991957240264375,1
2024-10-09,0.6525912229920955,-0.7035368448002496,0.9727948731615202,-0.3864826403623534,0.9563814264940574,1.9298153489689132,-0.2401656706536541,0.18233157814811254,-0.26966794589657456,0.28070030507529575,-0.8281263173842427,0.7136537828039473,-8.59677307836882,-6.51918691411232,0
2024-10-10,-0.29047936629072835,0.7268125611212217,-0.08661962581343488,1.7525524056926927,0.9795157569177062,2.459263120882891,-1.0464350755763092,0.7821701519006705,0.03838417988377946,0.4268862571376133,0.4365013540848654,-0.6774439461452684,-8.613483269741415,-6.481751160473245,0
2024-10-11,0.5480452577485814,1.1198543969383086,0.14320695497232144,-0.19579821792885074,0.8911744830881437,2.5089719741522587,0.3578308910887605,0.37955173310587415,0.03900799133028672,-0.15031071757504225,1.354388671973663,0.6493478139390704,-8.735765844273663,-6.49289218603403,0
2024-10-14,0.7841216691832411,-0.2846700453909987,0.6760016739230644,-1.0893006162198096,0.7371371857350675,2.35086684773752,0.010788875965311232,-1.0208142597364018,-0.2703258702692611,-0.7273926045887193,-1.8531997135957385,1.0390567865849345,-9.239820050479159,-6.537066891576348,0
2024-10-15,-0.969530785222547,0.28675912122561775,0.14317683409108456,-2.2816691469871833,0.9530825293586648,1.9141598312642023,1.6043557627290523,-0.017855735651405517,0.04349764310039173,-0.002867893887253487,1.037579487766611,-1.5900598090811084,-10.217115848192789,-6.573017554850326,0
2024-10-16,0.36367158276491063,0.4585795661964085,0.5962553454538445,-0.2661077177899908,0.7321003737693458,1.80082649287201,-0.9616305506607303,0.18212850364433616,-0.5813553314807911,-0.1479958876012118,-0.811398962421087,0.42598082340383236,-9.190624255836125,-6.586397119492715,0
2024-10-17,-0.09875253228259229,0.5663780802587732,0.6669642829111031,0.16152234207936403,0.6337547434591897,1.663091292206068,0.06272604313425531,0.7818559779640807,0.6752044106594641,1.0111752140674606,0.5253237180052699,-0.25348918543894344,-9.145943179251503,-6.556672716606854,0
2024-10-18,0.3132356431888598,1.0800167068104702,-0.6161824396822927,-0.9222973911620613,0.38171743472862885,1.7174456501435005,0.19061286033575972,-0.024359263856160485,0.04665212145595404,-0.147119785923048,-0.7048219199555975,0.3012073433881513,-9.29337260186591,-6.455373100477494,0
2024-10-21,-0.29440967799215595,-0.13238660930740379,0.9727762162983151,0.6511643143890371,0.47462357075748957,1.6622230497455441,1.0655094042892423,0.7834434878852632,0.3601543776399656,1.5883014181998125,2.0036937372169366,-0.5284962141733751,-9.221825894073048,-6.446494935630548,1
2024-10-22,-0.16697767378400621,1.096434790532847,0.21035357337085345,1.2493661687570612,0.4402807365113537,1.7936818573561535,0.06226388539699149,-0.023569639680810175,0.3594868482924383,0.13904060763767964,-1.2804849377475782,-0.32747965836164594,-9.19850411140062,-6.438312743891956,2
2024-10-23,-1.1403044672793434,-1.479664296794204,0.742875703800302,-0.31655322899851995,0.7047118214407811,1.8071104742109985,-0.03143308633430988,-0.023170871221732198,-0.2701070774646715,0.5770446550955359,-0.23322126016833586,-1.8699917914684494,-10.553197940422878,-6.492369311663748,0
2024-10-24,0.1340315093337163,0.7483407363125953,-0.8472731298188497,-0.3612819380694563,0.675037132444072,1.6416266747681996,-0.2757029248372449,-0.626223206053153,-0.5837798125849352,-0.4348355413729447,-0.5439715557121965,0.27072351762115116,-7.791122184629404,-6.476652409155757,2
2024-10-25,-0.14356734679805475,0.1209180948306681,0.7415752744628686,0.8431839947604897,0.9805208885004475,1.9841339357909276,0.17779064875244877,-0.01684476281592616,-0.26516240714883954,0.5797807218305887,0.3103221292632325,-0.18751079920927868,-7.749384582549606,-6.470526393364021,2
2024-10-28,0.24777093349761548,-0.10733131442900738,-0.0183487548438148,-2.8047531441939433,0.8664325111054422,1.0934717965863376,0.4672438476936953,0.38876726292671765,0.052415222147104056,0.4348355413729447,-0.1410988649199291,0.43115507668081166,-7.760765525798331,-6.469274092243932,2
2024-10-29,0.08441589398995294,1.1096871472694423,0.05283645744015492,-0.5807943890816302,0.7636677676108231,1.0241165679847033,0.1789268758224281,0.18329644720011137,-0.5828385754640228,-0.005200194430944053,0.2321334968824961,0.14365159135794897,-7.473431138861193,-6.4535901929592985,2
2024-10-30,-0.4459490568703281,0.5059697509074602,-0.5649688482557745,1.2827647745627873,1.0130852276592397,0.8295513835956246,-0.1920202173161799,-0.6289003248751664,-1.5416703110834795,0.13877864377691734,-0.33287832887999086,-0.6330838382420756,-6.757555879277598,-6.4535723662975855,2
2024-10-31,-2.353643839515312,-1.8715465835579954,-0.17777431456029336,1.263803287967979,1.6393349667855344,1.976562639104849,0.8028453684209524,-0.42447598298973155,0.6933548566626772,-0.15546882289428557,0.6066876169258506,-3.7927791906472326,-7.094751757154856,-6.707845901511605,2
2024-11-01,0.38722020824042264,-0.57418244871798,0.8996171356058142,-0.7726918642791913,1.3711012637968483,1.2823589977755576,-0.4703462457564875,0.790559615514618,0.053096646585033096,1.3066520794761534,0.11206549242059607,0.5956536280830509,-7.093614423300044,-6.719815960376709,2
2024-11-04,-0.3406582257620986,0.046879203516572286,-0.8685145977031804,1.6401129749282608,1.3985167942787606,1.5254631642067924,0.6743683144311124,-0.42828373952945065,0.05184992192764724,-0.8836294296157691,0.984986904736467,-0.3393847849134635,-7.098131299723294,-6.723497065616965,2
2024-11-05,1.2742770975975468,0.1419582123471656,-0.946954562462524,0.31016113531307443,1.0657136813763501,1.5058900538854472,-1.0557726732603996,-1.4452411741187663,-0.2715683385517679,-0.7363665841114692,0.4239861633297499,1.7875357681007074,-7.276116162402354,-6.815920290578578,1
2024-11-06,2.7151728465150424,-3.589473466007356,3.5959909152524205,-0.13539246390419765,-0.04325309673252328,1.3780858531755193,-2.327370840616713,1.5980713064335106,-1.5548672149864788,2.328692540518084,-1.1217326004208534,3.374988461963166,-9.328758735596827,-7.609689255320815,0
2024-11-07,0.7673108847543078,1.6681223804188559,-1.8387167088150937,0.08322604939601247,-0.3695641332159505,1.0520843629847614,-2.453609367163932,-1.041288874788322,1.3281987893067368,-1.6041776054620285,1.166711093355956,0.7260181279236954,-9.551175232301757,-7.728996928771637,0
2024-11-08,0.3835543708517756,-0.8656116328658878,1.5161461428379064,-1.0978648610986874,-0.4503993725040126,0.48766139425424904,-0.7557112207378769,-1.2403409651515678,-1.8663357263740643,-0.14878012690486958,-0.07076530146373537,0.3273102624858469,-8.42816529748756,-7.711034770769896,0
2024-11-11,-0.0006641680538871402,-2.7654349590205984,1.270606438539174,-1.609793707716585,-0.43743663078276357,0.3372727058869696,0.010206332969474539,0.9906504809302122,-0.5833572957274399,1.8804998679102158,0.3199898747486093,-0.09720519715589054,-8.358331248831842,-7.691600085123256,0
2024-11-12,-0.4648888751541873,-1.062904475387183,0.9545941966626318,-0.18228186628082932,-0.5203200998090073,-0.17447246285236098,1.581058055692638,-0.024892507571768918,0.05491554455774488,-0.008315592014499508,-0.7711318273151212,-0.5447444918505843,-8.34295318304077,-7.588444235031432,0
2024-11-13,-0.05745714483048154,-1.2250339068899114,1.2559519006309525,0.03160748721290543,-0.7545872212492762,0.2506681754222347,-1.1603201747632816,1.59650754948754,1.6693843597499258,0.13564210862447265,-0.39918651286614076,-0.06237448734747848,-8.343462038432794,-7.537518685087074,2
2024-11-14,-0.8767940480452784,-0.378634115358927,0.8829706203160033,0.4226371817658444,-0.6501422241688378,-0.6863034020253976,-0.4759700587604247,-1.6440328480718702,-0.5814022719130248,-0.16544966445580286,-0.324873175993747,-0.9544838174933723,-8.399406436345107,-7.618771713738925,2
2024-11-15,-1.6439139307233415,-0.2819706686532486,-0.2909862754436879,-1.1623047922636456,-0.04985983068004474,-0.05331309578803609,0.5542517885821089,0.5801322150139051,0.7033202264154259,-0.016088853717574594,0.9719448694728626,-1.6455810733897862,-9.590284595604366,-7.977452643402534,0
2024-11-18,0.3883489916427662,2.0462936950059922,-1.2320923021441306,1.754730164559398,-0.22207273034508626,0.22487098955735582,-0.07706404364829597,0.17586020425701676,0.378427646241653,-0.16352125869316417,0.7757609777118082,0.42815932336409035,-9.670203052707286,-7.976510715651388,0
2024-11-19,0.3370142280882514,0.918970952511771,-0.13168918444836467,0.17931067592266287,0.02273237226065594,0.2876800928739415,0.5745911158059026,-0.22965485050268142,0.05202578766591384,-0.46107800871423826,-1.103741746142858,0.3771473939798525,-9.4724051145676,-6.688144304962498,0
2024-11-20,-0.06148371430672047,0.5446669292209632,1.1244416173634981,-0.21522307724977574,0.26940358062280023,0.20850854180168865,0.29444487767914335,-0.43748397073932144,0.37643599102254083,0.27515762870451344,-0.2341156577491733,-0.02267511907113641,-9.360692022562455,-6.688160685514154,0
2024-11-21,0.5380370699299836,0.8443288903592261,0.7274874918960523,0.8676996868544199,0.18785096063809772,0.23749750494790317,-0.8608631486564657,-0.23320577069533058,0.04834427180971195,0.27807941342639975,0.26864876431832707,0.5347968620910549,-9.254010711306732,-6.600670976589216,0
2024-11-22,0.26733896209824415,1.3474244695400304,1.1907453839017605,0.7566474217951685,-0.32194327892860736,0.0620085765654878,-0.49120218722010406,-1.0449684086660185,0.04523327173857264,-0.3150412231214015,-0.6916538775983989,0.20947637519360837,-9.322864837700964,-6.5816752994343135,2
2024-11-25,0.3007330035385237,-3.4540081428610354,-1.6930183116062136,-1.5807638098512744,-0.5362615396574496,0.3263457524482101,0.1607607300468488,0.37750565930924335,-0.2843875693735022,-2.0963713927593157,-0.6167196396741123,0.23775181713768606,-9.457446936063512,-6.504797031381462,2
2024-11-26,0.5222937803781126,0.12618279925231335,0.2603303306878741,-0.3675147100856927,-0.710159321927059,0.5298265383993213,-0.12952702330757915,0.5777219567946822,0.36860256713786493,0.42913597639000123,0.764497881047868,0.42669950727356365,-9.323485489610231,-6.523087167227076,1
2024-11-27,-0.46640002684698023,0.1586749562322456,-2.113928072009273,0.07589621918344142,-0.7070479948794792,0.2677946866806631,-0.24817476256250134,-0.6427825567947876,0.038312201793109645,-0.7578164200884231,-0.1809982653901396,-0.5307084160888736,-9.399013113553202,-6.455468450424157,1
2024-11-29,0.6413667208783834,0.8652040341287509,-0.4498341437596208,-0.08964840153794872,-0.9212245761946459,-0.04550021644778394,-0.4467660563737837,-0.23511408967295916,0.368853739991373,-1.0530428252033386,0.3986430211044711,0.5481451046891122,-9.943482535373034,-6.397763999045256,0
2024-12-02,0.10833760266010721,-1.0680469881748298,1.3743506422629281,-0.4359712551486722,-0.9822875516779276,-0.07845484862175407,0.4841455132519171,-0.6419597453841902,-0.9438776673561537,0.13350536103934812,-1.1340385275017812,-0.002827346668280185,-9.545979921433519,-6.391730360202871,0
2024-12-03,-0.052254807665631356,0.13440037482708894,-0.13090819859933778,1.4869247911954244,-0.9939786310280933,-0.09977144496824607,-0.38972674421583975,0.7818631621313129,-0.2853568101527399,0.5790501595703134,0.22546078877660583,-0.32767310177033065,-9.421445281766571,-6.388252894606786,1
2024-12-04,0.6532330214768718,0.250145938485301,-0.13506036726757772,-0.8638788812191621,-0.9328704952469535,-0.21138551397960814,-0.5978196802180166,-0.030605509848591454,-0.281352430356822,-0.6085861668075325,0.9336295079876815,0.4847143318289658,-9.191012320289664,-6.321484244082957,1
2024-12-05,-0.30473264615868234,-0.9115432460341982,-1.3427695599610046,-0.3090980603231969,-0.8951214371137313,-0.8981727435364968,-0.13029600087963372,-0.8434216043864272,0.3778279222465204,-0.31707333321812,-0.8558293878921076,-0.6519430373282924,-8.97982875591696,-6.304775588663756,2
2024-12-06,0.12732345678366813,-0.04118023732833782,0.5800890121700266,-0.9341370236811347,-1.1903839988915172,-0.6528246659790157,-1.4982799727246057,0.5774042181326527,0.7075425373291726,-0.31707333321810677,1.9764171975008413,-0.0741060788989898,-9.008402240427605,-6.238279917112503,2
2024-12-09,-0.7422890829406271,1.017960835885039,0.34283601292402177,0.7033468950754417,-0.6475564707582456,-1.1697785526843156,0.4581749803141339,0.3716466083194968,0.03770027164400202,0.7289273341630044,-0.7331884259955523,-1.3514881032862323,-9.080393729300326,-6.25091491266377,2
2024-12-10,-0.49477228572840715,1.3740004725889994,0.5014110586861908,0.16477884909294654,-0.6480854933012171,-1.0215094003163705,0.8297617548118333,-0.03627994762666431,-0.29708901814893895,0.2780376944331721,-0.0993439302137141,-0.8031425051922029,-9.017870585913757,-6.139642243198959,2
2024-12-11,0.8357428076627715,0.970733002077684,0.7366111195414669,1.429459209864807,-0.8668054345691474,-0.4800576221848317,-1.38672875151447,0.7760310462265078,0.3693245210268082,0.5742703454397019,0.00761265789056181,1.538293335302823,-6.930622515053239,-6.166392419830074,2
2024-12-12,-0.7467214240999636,-1.7392471154059155,0.7309781523016593,-0.10517110057938996,-0.7364308082874975,-0.21309954158461225,0.06423153169963706,0.5713168549580648,0.7006828239581702,0.8742402252203665,-0.8018520557481625,-1.1635419621153247,-6.958205797414834,-6.178276840170682,2
2024-12-13,-0.1364280120724635,-1.4401084345853674,0.014955313123766398,0.7160368244314945,-0.7742724422989712,-0.004222475735668412,0.5633285013536837,0.16706608105070547,-0.6374554089461654,1.175412439002713,0.17321693370400285,-0.153652259762844,-6.818543951814192,-6.03273573219004,2
2024-12-16,0.4170017562104258,0.1824862289039319,-0.46098269580069984,-0.3879051176358364,-0.4518996166724949,-0.24397500452103976,0.971449219774188,-0.24095465032793273,0.030481235770814533,-0.17299782226707175,1.0162464359253283,0.7221406995622515,-6.8026713871183055,-6.038776903792905,2
2024-12-17,-0.6176331620498942,-0.5115244885849447,0.17133326926498021,-0.30657776991134833,-0.04755842685379262,-0.6764267153115902,-0.06787356919895138,0.16942733872497556,-0.9704655698064912,0.12372355157990682,-1.7128674053752777,-1.0544871552811674,-6.712233090634475,-6.004659997038954,2
2024-12-18,-3.8453969004818984,-2.242015918238357,2.706996852948379,-0.27588209800218655,2.8388849396192986,-0.3685224793991578,-0.5785852525316246,-0.0360020922928592,-0.6320934257443714,1.4720275547153667,1.5121502970738232,-8.011665737008812,-8.11012701062056,-6.416245604770177,0
2024-12-19,-0.1444978703613677,0.07648713266295788,0.4001428121176814,-0.25646042844285916,2.1155650318086026,-0.7050535596715063,0.5977905135822132,2.002965925393738,1.0438578889527388,1.0162692490616139,-0.5457003661659723,-0.01960429275538301,-7.793585621688876,-6.397262406026376,0
2024-12-20,1.3613792315173225,1.0765004069206896,-1.2527186739932787,0.35306801407011884,0.7069825690502258,-0.9009136879223507,0.25509363883388214,-0.6503767238540928,1.0415482821949797,-0.780212298617189,0.07152535735143314,1.5574476350106865,-7.8201833482470295,-6.467444249363744,0
2024-12-23,0.6205590924865659,-0.6083110042897087,0.8105747231853894,-0.0406425129524403,0.24409412127989671,-0.753242007165889,0.7647732346089505,1.3917308483953437,-0.2975498769393126,1.0199589158781537,-0.37428538657012417,0.6913953831808233,-7.877483457664448,-6.4850457727112,0
2024-12-24,1.2450282869121634,0.14366231036254107,0.5828128986914685,0.4264439565003931,-0.5950941211227478,-0.7192596800919272,0.21127002502698966,0.17027302436317665,-0.9642681723153137,-0.02679508107388691,0.8417271640995863,1.2951176815563528,-8.243158135752612,-6.433472282979811,0
2024-12-26,-0.10688653591699156,0.671764750525786,-0.5669860388442214,-0.3943030042693122,-0.42708961016693126,-0.7712888288024351,-0.31577336288505786,-0.4434957094201313,0.37494484805637024,-0.17715064707946432,-1.0756449088803246,-0.06400580268686157,-7.7813472581986085,-6.388928023445326,2
2024-12-27,-1.4283051480093845,-0.8543518136345749,-0.48387118732006157,0.525053455258221,-0.008906166479152863,-0.7355993134610541,-0.06753758184248704,0.580387828794373,0.039094233885114446,0.5731344464335719,-0.17700585586327663,-1.2788848802842554,-7.991106881545436,-6.445117466406705,1
2024-12-30,-1.5324579088300132,-0.43827400108192827,0.17472571470773104,0.704543171761574,0.4486901584374728,-0.641583722708607,0.7953217666015413,-0.0353737317460089,1.041772190574805,-1.0774259080004431,0.39943327779147997,-1.2590029325612608,-7.998472729448297,-6.512216488178582,1
2024-12-31,-0.5620791445274427,0.6158637361548411,0.9935932648730852,0.5211466465340028,0.4369288935939242,-0.7604375710490273,-0.0423264566967145,0.3786977094006378,-0.29473261931461986,0.42974032358994596,-0.33396869189815503,-0.3209596222956554,-8.032232921866303,-6.502040668245572,1
2025-01-02,-0.41920040107440604,1.4274542655587554,1.9635721271927227,0.9761722163682256,0.6134275775751593,-0.835381402646493,-0.38654788949364804,-0.2366307176518535,1.0405054942545342,-0.17120623211718944,0.77200404520917,-0.14313675691737734,-7.495691001515641,-6.47602629153297,2
2025-01-03,1.4312193320999629,-0.9638092570567648,-0.8100372304456674,0.6838155742328083,0.05959516339168816,-0.7602545697029331,-0.6059331040823145,-0.03395586042478876,-0.29640180131965527,0.4291528394950336,-0.17209559171802355,1.5214961998031538,-7.815404458958325,-6.5499295683244,1
2025-01-06,0.597278580841276,-0.21743119243802383,-1.6288329187107768,-0.44690147312746603,0.033310182602038906,-0.8663217498039267,0.8505671315226775,0.377680024258906,0.03639979915764581,0.2794342370853886,0.402025847516742,0.6847772150105985,-7.895631246534671,-6.561619449483669,1
2025-01-07,-1.5248660095963793,0.5489395103400285,0.8290993454099483,0.5978435406858589,0.5946532927115085,-0.5721747448446997,0.9182980746649168,0.5813832781262485,1.0416599203982355,0.7288637522173698,0.22512185260943254,-1.107543206670894,-7.473235820174281,-6.648172394768883,2
2025-01-08,0.0687465569592967,0.5148318917833177,0.8224043853508699,-0.6382655465185736,0.5625266491921573,-0.4921138793091916,-0.36591151220864954,0.3713862927945853,0.3742639652611455,-0.029363434875916996,-0.29640864606091033,0.2791132862189538,-7.470468081539682,-6.58652891489215,2
2025-01-10,-2.022381769342278,0.9829699316743901,1.1507681228614624,2.3117289487918242,1.0935928373982156,-0.10324114902782099,-0.7705491598071526,-0.4614976846469862,-1.973237590965873,1.4814638082476037,-0.5119840796215148,-1.4378272065604871,-7.745333347924382,-6.735546344896728,0
2025-01-13,0.08645380599985414,-1.2016077191741137,0.6555968048114906,1.0465844601766263,0.9992138657898587,-0.08897269081862032,1.2947311282874112,0.37162461609663877,0.7117330723977767,0.2665013017268503,0.2765803158431662,0.32542757351631324,-7.574492965440174,-6.737081582339702,2
2025-01-14,0.06423633698138445,0.510020356290765,-1.6519371024831961,-0.39855923306521956,0.8672506951826577,-0.16373079508095595,-0.2769452732433713,0.37210969130230553,0.0385547782570263,-0.1895071896699375,0.044550655409381926,0.2861512271037333,-7.518558634361725,-6.729922467115231,2
2025-01-15,2.1377007424705727,0.7589077083858612,-0.4959739180984709,1.7391909946786703,0.07220008066089083,-0.25702211829955995,-1.6419648433253844,-0.45832486594118677,0.0385547782570263,-1.8569536361167103,-0.7292490309395698,1.9753360278179946,-8.303777905844736,-6.928001696400116,0
2025-01-16,-0.34546799646709625,0.6924242859936779,-0.08284678637822948,-0.940405615493535,0.23254183683921015,-0.22156573362474274,-0.062213840364445876,-0.2510653724534837,0.7072734699104949,-0.7910214284937536,0.28110420538988484,-0.10674419923944337,-8.284411697854917,-6.931787905528382,0
2025-01-17,1.1349257217144384,-0.6741874106893279,0.8233243174313242,-0.2985598818908276,0.02645991479809453,-0.15520098377776018,0.5402762397433439,-0.8755568713002737,0.03392996743072513,-0.035543858838800034,0.36141226731340376,0.9912592701931624,-7.941762096788734,-7.029866302273498,1
2025-01-21,1.023247354910793,1.6501824900696944,-3.2511049410517283,-0.9624852834545788,-0.28703485336333845,0.10758053493183585,0.22495008661887875,-1.291271108827677,0.03261251597567014,-0.6414833553129515,0.36953907537052616,0.8697334421847372,-7.969781349278459,-7.121494366059141,0
2025-01-22,0.5852986607090366,0.49485714291449084,0.33256378475039294,-0.4759060283650891,-0.2704000636412468,0.03979496910668139,-1.2670387103094987,0.5857816875858073,-0.9780489386710698,0.42440672843831717,-0.8773700091068872,0.4909282276763111,-8.002821547529765,-7.139037100372874,0
2025-01-23,0.5621133309609514,-0.2390470602141591,-0.1651165856952567,-0.8539836858488662,-0.29627495830441586,-0.04149265425589732,-0.24991318676147242,0.9994239288985542,0.03540492959506613,0.7267899311387842,0.5317186835517009,0.41062930443663437,-8.005741762514408,-6.848056113324558,2
2025-01-24,-0.48197176711953404,0.6191475031590438,-1.5785808670861123,0.256770906418486,-0.3548691455962184,-0.7359669085687673,-0.3174683791969393,-0.04373585354122565,0.03744971999831294,-0.3436823589274461,0.09730594362806798,-0.5539722481043324,-7.947713402051779,-6.836577171675875,2
2025-01-27,-1.8945031476785892,-1.253175100165174,0.0020919550685032963,-1.1747328006663462,0.6566097368486592,0.2608953369928091,1.5525712582896893,-0.0421114269210721,0.7109385382901764,-1.5649362839634315,-0.24553119282186092,-1.7849093123238704,-8.536843779677321,-7.017937179706898,0
2025-01-28,0.9612591762040384,0.8899303330739581,0.9147565943007098,0.6405237137547556,0.18851862823503784,-0.4064567490938573,-0.4042976232724169,-0.043369101466781745,0.03410575811129075,0.27476893377648626,0.7165689660688627,0.8807609021113268,-8.693873727920787,-7.1028864261796585,0
2025-01-29,-0.6692886576541255,-0.5082125806612804,0.41282690247087234,-0.7684966100283062,0.2396427532591817,-0.22712330280732085,-0.38193067470241554,-0.4586268478826327,0.032781618212001304,-0.03304781291569584,0.37698654132622983,-0.5181752466857343,-8.716889654708671,-6.848122431719028,0
2025-01-30,0.5595768223039443,1.608284094269172,-0.08553756122923976,-0.03180041500256058,0.0006035356523257532,-0.5520771300983356,-0.028983692307409697,-0.04089715946168361,0.03413661021864394,-0.4914725205169117,-0.2233066646942685,0.5765244045156577,-8.823851430961279,-6.666707300214363,0
2025-01-31,-0.772487960974433,0.1402512854555701,0.9049927517164893,0.17995488166058501,0.20066813773578107,-0.7305597393065123,0.2314511509900848,0.3744355251011576,0.03087395359181288,0.8855688725180957,0.7472701568569858,-0.6848275955223672,-8.500997768516973,-6.465301062288305,0
2025-02-03,-0.9468364020945771,0.5140668977399099,0.9809068672596625,-0.1533889639045319,0.8809021094408422,0.1578529502655021,0.4469671932331985,-1.7087392505771288,0.3674858021600939,-0.6429492874182611,-0.5998460452724118,-0.9087880557143874,-8.49993774721281,-6.405336542598098,1
2025-02-04,0.7294654802012794,1.0129762661592507,-2.305317214543353,-0.23377550191105728,0.4548024848150374,-0.11924745375691695,-0.7149671941298503,0.5828878832842344,0.027543593339333546,-0.33533574470748423,0.26252664831091926,0.6574400624606486,-8.744351490246553,-6.364096211043363,1
2025-02-05,0.40250972214584946,0.6073204815341656,-0.4933542194637541,-1.028650844995281,-0.018342121070766347,-0.01306082926729014,0.8204041618003607,-1.0796985450471355,-0.30936098106660914,-1.4045265350260177,-0.7955875482959581,0.30384414469172094,-8.782476418529125,-6.201340743394046,1
2025-02-06,0.33229013011294567,-0.38001275588515604,-0.25189783113022024,-0.4783328039430444,-0.1108974908773375,0.3204116751378423,-0.14378186169761775,-0.45445919791801204,-0.30802849709997837,0.2744472351766954,0.7129125064259159,0.2951287855389491,-8.287451346857324,-6.1919108916086625,2
2025-02-07,-1.2573763786399257,0.1129489214689778,0.9936786057313857,0.2847405637574097,0.2444436989740944,-0.7738861478594513,-0.1414794792265416,-0.8680120727490571,0.3688802545087772,0.5801295504450493,-0.16405223416608725,-1.1987286880296253,-8.696931387202307,-5.9181485953461515,1
2025-02-10,0.7509866618340955,1.8120635625478616,0.6694895448853792,1.09236745003744,-7.741138664094658e-05,-0.3668715420526766,-1.0093100308486147,0.5836160467320671,0.025646936290357657,0.27782693425116606,-0.19878790110389746,0.7026104526495285,-8.948888369020985,-5.909314009284842,0
2025-02-11,-0.008456450677874343,-0.5114245346117178,-0.9117748846913872,0.5990215915624408,0.0740889191658723,-0.7522269669958844,-0.38332640506376003,0.37301126936490686,0.36322896096091034,0.4347492177210869,-0.3291231967144734,-0.05566163093699156,-8.911450877323114,-5.8992575204102335,1
2025-02-12,-0.5085487852261399,0.02193229651975523,0.08934738845721453,-1.413510354516237,0.03134443349970716,-0.41205272868529425,0.1921701604502479,0.16461831590974954,-0.3198583387566225,1.204602715839708,0.3025628313915265,-0.7023315522063722,-8.86105931965947,-5.8392027887142035,1
2025-02-13,1.2243401524616386,1.0140712174975088,-2.0867642632003047,0.03913701785387204,-0.24494427516829922,-0.4635413365346794,-0.36808699320491645,-1.0844519132181982,-0.31670563967608456,-1.5675825106100008,-0.2695652506049789,1.161683557927589,-8.019028223053699,-5.738725449542084,2
2025-02-14,-0.11453726113213919,-1.7949892176763982,-0.7444254413114528,-0.427382981475116,-0.3630224153907963,-0.9623650082706563,0.02516031205156169,-0.04204272286309293,0.7122735892847161,-0.7929616219737515,0.3278602993926875,-0.29009804456070076,-7.95774961171615,-5.720558882863577,2
2025-02-18,0.262922562622016,1.7560469278405135,0.43239842521560723,0.8187269898932253,-0.1488361603887743,-1.1235193180799707,-0.020553646812418926,0.99970873753405,-0.6583388597223139,1.2056900570912532,-0.09010167266050352,0.23185292786933837,-7.912329680328596,-5.687697175069413,2
2025-02-19,0.19220483639081862,-0.03827876792643104,0.17806935404107524,0.3405971810973972,-0.17477423832105146,-0.9714388270466585,-0.11128198064797935,-0.25162257000678345,0.7117756496433635,-0.33181570767140733,0.27873230140362765,0.11430953269072323,-7.926847942324025,-5.655225362172337,2
2025-02-20,-0.6344837958279812,-0.04242280523448739,-2.00746785678406,0.20933874348377882,-0.03385435775974667,-0.8121101752268353,0.4564069023738459,-0.6684977547235467,0.36625705396953423,-0.483184937340762,0.1035291723353426,-0.8199738683371244,-7.414508547143575,-5.657799208740162,2
2025-02-21,-2.289005432098647,-0.20699456290626977,0.7744049063800487,-1.7582011660609242,0.7983378427173125,0.26585744894686547,1.0445185887169126,0.16542338298168763,0.7087311823566311,-1.2479675299601536,0.027989315759338204,-2.787570320967044,-7.515446246617716,-5.746898075619578,2
2025-02-24,-0.6800010851202557,0.5068791043653716,0.10004051690118818,0.4424006472466435,1.0287051950349126,-0.47835456266039966,-0.6230543868358364,0.7915767052141608,-0.3186912028046596,-0.32346462052767827,-0.07885393676992711,-0.549412584415808,-7.086619291887066,-5.658735221921339,2
2025-02-25,-0.7329311801422012,-1.5985564978153406,-0.9929458128024838,-1.3705477489965248,1.1592478760189993,-0.23320078260928223,1.5260700759138743,-0.8754526675797473,0.7148870388353875,-1.550283871793829,-0.6176053926201046,-0.5484286435571624,-6.955737254015276,-5.664224860393092,2
2025-02-26,-0.04331924055252544,0.07018387737452567,0.4394091584120691,-0.22063323690269684,1.069627467425716,-0.13407277622430808,0.17771634275463033,-0.6637546796732793,0.36866140551934723,-0.7781439967620624,0.24081972169337118,0.21730256042452514,-6.842735538979956,-5.623542943629571,2
2025-02-27,-2.1547792386047164,-1.8292355023748987,1.6934243262161879,1.0475713215186357,1.634229191318111,-0.4043588080629773,-0.224827910050707,0.3777889515828151,0.3667279163877958,0.6039391527743826,0.06630154566417172,-2.350616872114144,-6.786369307901548,-5.695818095189978,2
2025-02-28,1.8592634504698355,-0.8034758579091988,1.0112387163525018,-0.05798164391960763,1.2258700820090647,-0.6928370061418025,1.5308586968648115,0.5835875162717296,1.7409351272387183,-0.7797687371406293,0.25671978363306475,2.37433719755399,-6.990580718810686,-5.645306265528645,2
2025-03-03,-2.3445294587107672,1.3680205125241724,-2.400669056205893,-1.4298989392117845,2.055700589065595,0.7267855938526049,0.2277798612503693,-1.0870725287545673,1.389802996325978,-1.237133009019097,0.3113258292426225,-2.122311553642574,-6.617387527631074,-5.724063316679811,2
2025-03-04,-1.6010599073330578,0.867531410751603,-2.2433273797386883,-0.0186754862748156,2.2262514389974406,0.5606102664266768,0.6034455163387568,1.2061533502761497,0.017638366142980207,0.9127257755840871,0.054998634642105824,-1.1688504643099942,-6.672829272514691,-5.7658982009393736,2
2025-03-05,1.2417040416164815,0.13032213941223877,-3.009402415103722,-1.455235350796319,1.8342173799536647,0.14892839236169658,-0.8398458201424679,0.5768755579011321,-1.3494416780700111,0.9101485084833981,-0.19813017958561313,1.415056054020397,-6.743477932059668,-5.789963935481677,1
2025-03-06,-2.3499967508662722,-0.6710758453948235,-0.22288801806234043,-0.2301110200354851,2.5264607563127712,0.497414286465855,0.8658914778613033,0.7839319413146233,0.7045295763721431,0.14515496507948772,0.8866359282180378,-1.7943309814829465,-6.870605231045642,-5.241703669119953,1
2025-03-07,0.6004774393206762,-0.041976952638982844,-0.8125204468098293,0.7363687542368752,2.169564409529414,-0.727375644070345,-0.837062815560786,-0.04712485736272666,0.7017741755130597,0.45422739762990166,-0.38757637577387355,0.8097443827176543,-6.553857325346687,-4.721782313014614,2
2025-03-10,-3.4752598464967694,-1.082494472603469,0.11742147771303803,-0.9319622844743048,3.1210657275634826,0.11423273979254878,1.5072986563448934,-0.05057992965425699,1.0419902225446935,-1.5502099532702476,-0.4683543599458843,-2.503769589511357,-7.189057678534849,-4.806838608235128,0
2025-03-11,-1.1199038830023214,1.2067335701372093,-1.4113460653607508,0.4343566452452088,2.903134185931531,-0.38142862449398973,0.39485683554711276,0.15757807926856848,1.3817036104558533,0.9142227244587766,0.7972325865794567,-0.41407153131437563,-7.126884464193139,-4.7851108577267905,0
2025-03-12,0.5677237595044209,0.38241059176719056,0.5544304185234917,1.0334909111157773,2.3120581955891173,-0.5032508554159452,-1.9381770322087546,-0.6882954087750298,-1.0192124088884529,0.6044256625131106,-0.704397605681311,0.8081712703067863,-7.021438197021141,-4.000975751703999,0
2025-03-13,-1.754452539847275,1.868703149227292,0.8070547160487859,-0.9156129817450528,2.394199985181557,-0.21934651939016758,0.3938138583754621,0.36326008460615067,1.7188720771096917,-0.7774182828221003,0.09081054750128277,-0.8733392898043014,-7.235104615244009,-3.9057704924571772,0
2025-03-14,2.4514609056993817,-0.06189048483107135,-0.3046447288563054,0.5001722899196394,1.7206531127679006,-0.0994959422026388,-0.9487169100773701,-0.8996825043353626,-1.7013878392378443,0.603305809143846,-0.07090963973697098,2.2224489678604424,-8.101974749261606,-3.9110123695145007,0
2025-03-17,0.8534403404745272,0.504638534841192,-0.9933733297586267,0.32095467315929765,1.406653495726398,-0.5321623576831157,-0.2136315098962147,-0.8961678886069425,-0.67123904391894,-0.018797175400837585,0.5506398386651881,0.8833224317398035,-7.489386867044404,-3.909305653515873,0
2025-03-18,-1.4494995222795861,1.2132702297204443,-0.22685484854223217,-0.39570724292296694,1.722394353090557,0.33438012903035563,-0.5699169316753849,-0.033313632256947834,0.036472452817302985,-0.3358849973871464,-0.08353602572977249,-0.6030117573846405,-7.713733711480379,-3.9148174764496666,0
2025-03-19,1.2500206597477799,0.3602102714628873,0.5484489597079434,0.14690126690826089,1.2577418860601692,-0.034597672461017644,-0.9910992984246126,0.1937145473512857,0.3951901307092169,-0.6459711212960169,-0.12191050767401174,1.1948356276693308,-7.6552323859897875,-3.895552038541171,0
2025-03-20,-0.45891586765188874,-0.24710665961805423,0.6405720900025746,0.9871090203718218,1.2406922009752062,-0.7246528361897677,0.866742734397532,0.668082979149769,0.04219574981153787,-0.18010177919817055,-0.30531820645384716,0.05428089019070924,-7.658010459349961,-3.8958645604049225,0
2025-03-21,-0.0537944666397777,-1.015210132677895,0.7225154558887852,0.02281926442986465,1.1002865459919957,-0.9395605725844901,-0.2036122190469161,0.43205647972406563,1.5115206473942735,0.13592968603618263,-0.2350099964328468,0.32942364517576306,-7.028789164648626,-3.8677170078953353,2
2025-03-24,2.1190603710689744,-0.6030729771692754,0.37335177476741555,0.7995940505257061,0.5713011193552792,-0.7286995546081347,0.16465762896153588,-0.2744824973455923,-1.4365606818664072,1.397458463226249,0.3521709344705074,1.6856846239039331,-7.39273976704722,-3.851364660126107,1
2025-03-25,0.1991258623265744,0.4076817971887742,-0.31901299072517364,-0.07027071151117827,0.47258221878319984,-0.9668154609567077,-0.28617308265001296,1.1636728735453086,0.7767091477211594,-0.5019347938153311,-0.08004707528615986,0.33276587561013415,-7.389189439315085,-3.840568515820871,2
2025-03-26,-1.5961704584455454,-0.19342938483176772,1.0579059519735539,0.42804409978962726,0.8445928882605711,-0.8668597822440198,-0.3982654415189878,0.4392699329302604,0.03314065712050775,0.6122196865830027,-0.5840032334381924,-0.7922688187928822,-7.574356694230827,-3.827173922183526,1
2025-03-27,-0.43164026047775866,1.4359996078392736,-0.8417087345153977,0.022220263738514653,0.9572273761475143,-0.9248519178576192,-0.055502492990388466,0.9320954386299162,0.781956765013763,0.45001048595161336,-0.01660661352179623,-0.052776024173728404,-5.789239718544889,-3.8251201386070783,2
2025-03-28,-2.6422891737179053,0.7536045474460428,-0.49557278863808685,-0.5570396048369809,1.7811491433471145,-0.8860249588827631,1.185580067376811,-0.7717112858470623,1.931584031653954,-1.7866737087386337,0.20981986682342513,-1.3734372099380918,-5.069470270369341,-3.844266550753274,2
2025-03-31,0.7411939898464117,1.5418279273436795,0.19931117799118145,1.875790689389044,1.9411108954083685,-0.5039844017340671,0.9536686268253901,-1.014122693223279,1.1673688176506534,-0.6642623846522538,0.23157444128800808,0.665267415997349,-5.076107587308258,-3.844515572320053,2
2025-04-01,0.2588795394729596,-0.3325750608993737,0.19705028660876475,-0.20447489754572323,1.8085608553572383,-0.555169425728574,0.7178456615085443,-1.0131991772424802,-1.0994112829883524,-0.981377478220804,0.5896009636718179,0.4243195806931637,-5.038196779685383,-3.844880074758608,2
2025-04-02,0.6909670971241985,0.13317772866317387,-1.1049495251924049,0.46316234861682387,1.738186458126301,-0.6557403654299075,0.3616330518460991,-0.2818694771253835,0.034385598557326626,0.45952373196427915,-0.5330614367637361,0.6364257164927303,-4.109363295261574,-3.8444090013922514,2
2025-04-03,-6.384479743708484,-0.8014071533897319,-4.439626410143462,-4.171124237647348,3.581515847012463,0.31038944140225366,1.1708490239965998,1.429622538044974,6.0724646402519475,-2.2558312368500855,-0.025358757032359455,-3.9525078096424195,-4.143195193207223,-3.960046071242917,2
2025-04-04,-7.303131633425328,-2.8259953406681118,2.6216811182807924,-3.4572212112253444,5.791417680769722,1.9487698079051703,2.8356544800055286,-0.5326677282410114,1.8420374312066525,-0.8106926325308478,0.322038614914414,-3.469512111338662,-4.378390877899344,-4.169757920554395,2
2025-04-07,-0.25745165385443824,-2.5781465847734153,0.9643742149232271,-1.6008267791337758,5.795243373122825,3.3664339228042213,2.3751530681388155,2.1570696272197365,2.924244823203549,2.2095539842334397,0.05915489157551004,0.1992580061488667,-4.3712400625730865,-4.165414903632452,2
2025-04-08,-1.8558975529620068,0.5278645540586805,-1.1689293139041923,-2.261310436658359,6.160501531253782,3.754820296361346,0.5253296209233437,3.12126992371757,-0.7154480139695869,1.7193283505737023,-0.02658158556610075,-0.4776395502579491,-4.390525942476199,-4.180447464072619,2
2025-04-09,11.323876636251969,4.055470258528815,0.280008482249637,3.5924517893204735,3.7385719728968145,1.5754815385843968,-2.253194352754644,-2.9498787468150987,0.7287756035655167,1.236714074409836,0.05648689371253444,5.35776981135839,-5.833807318822289,-5.227432246252033,0
2025-04-10,-4.622514756623484,2.6145186213686658,-5.144212493427031,-1.852067298501034,4.624590520166235,2.6192246766290053,-0.087555468121904,3.0711711501359558,-1.7982660950715277,0.9155439425265405,0.07481180924146076,-1.4643953722843241,-6.989850926478647,-5.6954709557138905,0
2025-04-11,1.707468818616919,2.0094805499283477,-2.1804393433513094,0.9488974093747833,4.136100390780989,2.9175181536870007,1.8237888564682294,-1.001038485287236,-2.5143967903372735,1.2286936002380935,0.41287890625341206,0.6479542270020457,-6.734843945563816,-5.495434443921892,0
2025-04-14,0.9014864665841293,-0.7413068558456668,-0.8115966963846191,0.16853462822763685,3.139734588534443,2.3598792657852776,-0.9736514055159242,0.4235706699806263,0.013517360155577552,-1.6146952733285798,-0.7603340308408193,0.34586821918963184,-6.345126162040038,-5.5076603684261976,0
2025-04-15,-0.33778930396670565,0.4778726282514067,1.2399069243499192,-0.1401852910498454,2.988977041704089,1.4255867369666473,-2.0089435134985987,-0.7677385959620975,0.010693118739929999,-0.5028830721621417,-0.419781382551036,-0.028440513066803386,-6.222717156607869,-5.509199307277616,0
2025-04-16,-2.29103770444776,3.457627075001478,-2.0156709649823936,1.0398198203251499,3.3341566033521475,1.6297323231548109,-0.6394131953969695,0.18863876175843747,0.7322739683893226,-0.9755949382042163,0.4423396836468752,-0.6357526082057166,-6.259360706166484,-5.635806407690613,0
2025-04-17,0.08860637297708038,-0.5898581934287365,0.12623894574972278,1.378276116089851,2.85146957104828,1.2384499617106197,-0.9706493892309402,0.1896611339881305,0.010701361011110005,0.7617601089902435,0.0044214657343510525,0.13768588401419704,-6.233655092409365,-5.625257663498527,2
2025-04-21,-2.436130283406871,3.25826330877333,-2.2845014038847538,-0.6724996058965917,3.4243675857554177,1.2236960729307018,2.8383769594691586,3.2906591626640656,1.4482614346153877,1.235914644330368,-0.32857574521630395,-0.6526592552634664,-6.584184643733804,-5.800357968360626,1
2025-04-22,2.478612494062231,-1.6796079523573018,1.2549514496360552,0.5941088002471275,2.923553516868737,1.5430908675135862,-2.067796464117588,-0.5311546871901758,-1.0739509279013548,-0.18335341305761557,0.1014873230711451,0.9402196930073028,-7.179886433296485,-6.041460695162735,0
2025-04-23,1.451060337115158,-2.759414668036028,2.093916293243745,-1.0414727048468124,2.5724464013955797,1.604630391150142,-0.35075503267814134,-1.4771826860203474,-2.507607463877597,-0.18368141169253654,-0.3874692149763301,0.5687742344127635,-7.551202781303668,-6.019675662829631,0
2025-04-24,1.9770927765362476,1.4596026441604195,-1.0608937380567243,0.32829428306255165,2.2303647891782443,1.7321348122057902,-1.672943775093273,-1.0014947219110513,0.010619785317578645,-1.2867732050352914,0.3167379891976058,0.740801802426973,-8.863636495418755,-6.216258675707831,0
2025-04-25,0.6400180290242343,-1.2868110498675427,0.5524177149941494,0.4498571018661476,1.9347564840269773,1.585489639377166,-0.49549009227697277,-0.053832546494331716,-0.7016441510216205,-0.49720882982464654,0.2983241792676697,0.292104800568099,-8.089544025829912,-6.218726531431558,0
2025-04-28,-0.023983984649340997,1.4207707805610068,-1.4865449747113313,-1.0118460955838757,1.9788988542497719,1.5821755088987566,0.8538750762104118,0.18209443988082666,1.0864709858155548,-0.9681073386383351,0.6176128088314278,0.057853111984500646,-7.987573970603342,-6.026029695257234,0
2025-04-29,0.5492594098138762,-1.1659346595755231,0.7229342960088366,-1.5531778076709692,1.793415321366852,2.3765186653492303,0.4607795879153082,-0.5261388601038494,0.3690533613220502,-0.6524151752077411,-0.46664851193869294,0.23221073338197945,-7.90018404263376,-6.0284200832747254,0
2025-04-30,-0.026718094724790028,-0.9161108066315435,0.8059859061565091,-1.9213201352336764,1.881287938005457,3.3520430173326545,0.052368279313380166,0.6678263587329512,2.879846530581713,-0.3409046174485959,-0.421703727360593,0.015628366264847503,-7.8541714457833836,-6.0220637190409265,0
2025-05-01,0.6216959707526745,-2.3675487547905507,1.3044323742067254,0.817726083524717,1.8555547260994822,2.9069744220429046,-1.0346709263152294,-0.5257474511033818,-0.34481130960648576,1.2414141478260212,1.0557397445213985,0.22860860231340455,-7.858457266053614,-6.042320521064208,2
2025-05-02,1.3757857475724904,0.08588519867940991,-0.38211578397152607,-0.42893417983341464,1.4927044844580404,2.6587821748848732,-1.195378701486006,-1.2462952177760125,-1.7717840700543668,1.2431356773497868,-0.6036842254104323,0.456561105084068,-8.673999571373878,-6.12363885537675,0
2025-05-05,-0.6263549326542239,3.051360490244831,-0.46539523259231097,-1.4065430566066839,1.666237825152018,1.354870726112365,0.6255249098594122,0.6650592365850456,0.367674630120721,0.44696218461522724,-0.7915946725569466,-0.18066841752273677,-6.7296083353127765,-6.123976854123944,2
2025-05-06,-0.8829930777864365,2.8271573439659377,-1.4784414361201164,1.9158657687617153,1.8587162759617197,1.2801818946408077,0.3598842602873722,-0.29056113712560394,1.4310528229309345,-0.9792057447075684,0.6912480100044156,-0.3477931938228898,-6.752570340279079,-6.156644684077411,2
2025-05-07,0.3448191047050767,-1.7065188989640376,1.6459964883719562,-0.9318785371197108,1.6337023616849284,1.3611219177779392,-1.2696962188024705,-1.007093035870897,0.014955842870661757,-0.6669810823310965,-0.38165973020240557,-0.021790109254143875,-6.766348022385745,-6.153884244729484,2
2025-05-08,0.6110608007937322,-2.2024623536824635,1.8760637329971728,1.7713656613594997,1.427600204770791,1.033019582814361,-0.23165174684538314,-0.2860815223552936,-2.1403273578536774,1.732142948680635,0.4130995048753491,0.06808959362587415,-6.7878220915224325,-6.1277993737852405,2
2025-05-09,-0.19423661168473336,0.6613718602572116,-0.7134614752715105,0.827620557194459,1.3126325482776333,0.9107543413685429,0.3706894421239297,0.44201032950787134,0.024918605006764922,-0.031654558781326544,-0.09080353900689753,-0.2757716258002298,-6.75446442306547,-6.128172538870796,2
2025-05-12,3.118730563818529,-3.1145781335086284,3.1714958824027226,0.8041068458271047,0.558632677841244,0.5390880476286705,0.5225240561396249,-0.5322687680864526,-2.4946709441723782,1.2483368829553074,0.3189447912170917,1.9090634514913967,-9.11721997803883,-6.763284107022515,0
2025-05-13,0.5669286342045494,0.3475281710547408,-2.0104402032074407,1.5883638604380657,0.5179527297011419,0.412249963913236,-0.5529489125116958,-0.0457479021105754,0.026942421402140794,0.6094317912980595,-0.39112855961835197,0.11151862542358436,-9.461637363700186,-6.794191054249272,0
2025-05-14,0.050121173279499165,-2.3139509757971073,0.44100645571023306,-0.6892555564368181,0.6108344446290559,0.41328677971014116,0.13626655958435585,0.1969567575076354,-0.6871322968678386,0.6082670436885937,0.6108047078075328,-0.23607231499005002,-7.915731433937253,-6.7816827700018605,0
2025-05-15,0.3996358436776725,1.5533573954493454,-0.6205334386905945,-0.9236334090962101,0.423867770329645,0.5208953049768226,-0.4159900081747816,0.1969567575076354,1.1079255310454081,-1.315203320502329,-0.7547617105483517,0.056797797363112336,-7.982541776655593,-6.6950451298766485,0
2025-05-16,0.5381823935501975,-1.356129553536726,0.6072640777241256,0.4047593107154044,0.27905012595070183,0.5968348491467672,-0.3875015091627453,-1.0190621637556456,-0.32817331566893354,-0.3532799801771991,0.13999739581312892,0.13678144420027505,-7.96212313754502,-6.655576359210311,0
2025-05-19,0.030180852855883265,1.2310588093237715,-1.6011896582920007,0.3191772513364344,0.4971768208794823,0.6157399287992277,1.4697434876548052,0.9239324577988085,0.7450968901894045,0.4492075626311777,-0.41758295186832567,-0.39439906748686504,-7.168281289535085,-6.600800786794552,2
2025-05-20,-0.4021187019706286,1.811082584535868,-0.6998204740195448,0.11088800226951889,0.48475802328679213,0.07567647806249547,-0.49131969433910716,0.43796418897897,-0.6896270868200043,0.28957335621922325,0.06327359301498708,-0.7636540471829499,-7.139726317818186,-6.6091636024078655,2
2025-05-21,-1.7252057734769508,0.6570472847067592,-1.0294347801735484,-0.8723478907193833,1.0976541020132273,0.7937058626160393,0.1617199981678393,1.6490563998848005,1.1130537860313376,1.5708772080470164,-0.37101720715196174,-2.342565688756876,-7.562296229246239,-6.845082267552258,2
2025-05-22,-0.032160881729124034,-1.0220165353512218,0.6222574302230748,-0.37248919921624657,0.9717522619304692,1.1622447532414233,-0.5345531125875189,-1.022926866243678,0.7488525004939426,-0.670864041804861,-0.17954838516073648,-0.4187880729670841,-7.560188481998211,-6.758359353966108,2
2025-05-23,-0.7326079711000223,2.1332346408087153,-1.6914143069770444,0.6871199019407215,1.3732187141538317,1.4281065523562089,0.3062412143355648,-0.7807685099323536,0.38487934394486145,-0.5079071025923357,0.21824445733057085,-1.0687818873509847,-7.59012049224943,-6.696741887611151,2
2025-05-27,1.926219170157386,-1.8656666250438128,1.2071164742460867,-0.5841674585890468,0.6772347035448176,1.2339667118288238,-0.6039748415901667,-0.05234177368786288,-1.4238934148040392,-1.3052644714392885,0.3239635986571423,1.8367231552001237,-9.07647419621524,-7.116239469778995,0
2025-05-28,-0.6313383926425864,-0.33602781098500145,0.7045990760277516,0.49066612899460177,0.7542450813850259,0.9890003148990302,-0.9624830874975283,-0.051863293522065666,-0.3356320236736175,0.6162608486184024,-0.5558308028271665,-0.8804974513286945,-9.424396543480421,-7.0834378810050875,0
2025-05-29,0.3083627158497338,0.5030832950246507,-1.2697942279344103,-0.5750760206815511,0.7248878601137829,0.9610336046770118,-0.09356757614305902,-0.0513847935554812,-0.6955183144129925,-0.6629816697409664,0.27662999096252766,0.08050658050656455,-9.330478500664372,-7.072717316741722,0
2025-05-30,-0.18268856025313102,-0.7826350416132107,-0.11381527153497302,-0.03527558810088094,0.5874773622875178,1.0300994390777864,-0.09929814952121187,0.18974520333194544,1.1079839560089484,-0.3413906250390101,0.6180974183036884,-0.3868850850136554,-8.559021711130647,-7.047677516346086,0
2025-06-02,0.4706781019524221,2.587075854789032,-1.6029414057446503,1.9302281113807225,0.5392660207879395,0.7099137237969505,0.7740740302994008,-0.057447362317441505,0.01872773000701207,0.7815298696743546,-0.21790780258486553,0.25601439434129414,-8.733699506986989,-7.084519057026586,0
2025-06-03,0.4792921228686432,-1.0173637135638138,1.4612053504307478,0.26015123236972076,0.38029106321068623,0.5585046447448678,0.897751476129358,-0.5491355254671629,-1.0703617996315369,-0.020943365527808674,0.09780203934787786,0.2696103176400463,-8.735978093914849,-7.098791284856987,2
2025-06-04,-0.09835571783595702,0.5475370296619125,-1.0180449542826853,-0.44857230457234515,0.3608124184669509,0.5514409140243989,-0.6078589412642317,-0.061519349503255,-0.3396080993516102,-1.4684558528657767,-0.18953563121017694,-0.26056735058316927,-8.686883009524095,-7.026920631749565,2
2025-06-05,-0.542637185064346,-0.6237501574984867,-0.19179411766737342,0.4538051020914171,0.566900711040454,0.10785755996741339,-0.4664290342647217,-0.5493307158259814,-1.064726409090601,0.4574078848847776,-0.3164153311753673,-0.7432876905559259,-8.733813021823766,-6.990984496758896,2
2025-06-06,0.9192461048267431,-1.4816831854397057,1.129139284371978,1.12568849190994,0.1508416009911485,0.2412756727675438,-1.0284306778587888,-0.3024398251447842,-1.425406245076706,1.7372129945659707,0.04493439778256138,0.7431778654013786,-8.60563380760623,-7.11102119917118,1
2025-06-09,0.017406457033310608,0.3742914386842517,-0.6120528790694317,0.5066180341206209,0.2478461601982928,0.03648048833880934,0.6308638557031081,0.18315354406242168,-0.3358136047551796,-0.34599458164329067,-0.10576421013995019,-0.22046295282193393,-8.209973193050327,-7.069104655395683,2
2025-06-10,0.4778488494652172,-0.07544181540021551,0.22034772834968644,-0.36053256221692453,0.19400176870596128,0.1373874959192434,-0.2802921458328451,-0.5523429142492206,-0.3358136047551796,-0.34531894154222526,-0.2791517916164034,0.28125368131999134,-8.067360030867324,-7.097753780401438,2
2025-06-11,-0.34813428826443404,0.44513413484612185,-0.8622082978670697,2.4272797483001742,0.2698426808068196,1.4370746607808513,-0.37763723394745136,0.18393284819221714,1.116673514783945,-0.9841239769866231,0.04046793470528636,-0.6013926538033519,-8.093644558494073,-7.092635626331876,2
2025-06-12,0.31334292404493763,1.1516217443228498,-1.702130155870245,0.15346907129525644,0.45224505522210817,1.7685148816258622,-0.06426070729160514,-0.3066411366176886,-0.3400110866507001,-0.8202685567631072,0.8137502003161112,0.33294508488655933,-8.127616720459532,-7.107297329232173,2
2025-06-13,-1.1613337027424104,1.2206135863488308,0.5612493812745203,3.661776593116492,1.0673914793709707,3.6319091889227577,1.3301030037054304,-0.3071940423985347,0.7506434557635482,0.7807814830255141,-0.8854026007549074,-1.7002839898927768,-8.233981579949472,-7.248780999844663,2
2025-06-16,0.8488998072108793,-1.5767466927111857,0.22498147796216295,-1.14577940363461,0.6971382349011163,3.479882623169028,-0.3728866886420738,0.923029505316504,-0.34144080469919347,0.77942615656813,0.3448785750951246,1.1026394544636398,-8.123411938674668,-7.365811053691115,1
2025-06-17,-0.8995598944523605,-0.05660546767020652,1.4770531358870824,2.497913369478845,1.217820546156749,5.736711855654436,0.7823659181276291,-1.0495137453849852,0.026016838291585177,-1.1431749206330515,0.40476497735741657,-1.1823895022315916,-8.407528034223061,-7.425124444099119,0
2025-06-18,-0.08002942952257602,-0.6603985039999312,0.3840053890288905,-0.05034420114709534,0.9145189286257696,4.84570960684139,-0.7287588822053624,-0.30863142703450985,1.1262640070030703,-0.17776565290006963,0.09924835195688891,-0.05057222392529012,-8.166908988844735,-7.42426236386905,1
2025-06-20,-0.2927989710080989,-0.15190070057156063,-0.2839195923233488,0.5302689125643245,1.0114338022135756,4.407657632733202,-0.7293478738980909,0.922278225931619,-0.35789935895948344,-0.017490359408772832,-0.5783624103864674,-0.3104072220310288,-8.102016014659544,-7.427519298228485,1
2025-06-23,0.8902068723369361,0.20364450115381297,-0.9550584145939074,-4.632018469347403,0.8412711649914624,2.739009826908375,1.0364418049483515,0.4262261530464354,0.392932329902131,-0.6641898828459478,-0.5359539154867531,1.1643632902829484,-8.381481616888191,-7.604766386445264,1
2025-06-24,0.9992280794835384,-1.7220531769839775,-1.2073939920239223,-2.4646499851173758,0.3007175327364228,2.0240556157156817,-0.4989209569702189,1.1650782477216675,0.3896058372630665,-0.6614343956123556,0.5264310818577892,1.2679067165584115,-9.129046429385058,-7.7081917422628035,0
2025-06-25,-0.013779041858947254,0.20087506904586103,-0.6186638907829863,0.21170481019689275,0.11965985777459326,1.1558058498249177,-0.2829601105559104,-0.07294107366335344,0.38810817985716867,-0.17864664458971788,0.07352629034857217,-0.19107333909348842,-8.958703005127063,-7.708646662443099,0
2025-06-26,0.6854801701241019,-0.22095842225169646,-0.9596374537921476,0.1905774934726694,0.07426055990757169,1.0258763026346052,-0.3617035079578202,0.17286100565514576,0.38810817985716867,-0.5005710914259028,-0.5484487495122011,0.7235936239624643,-8.951774745367965,-7.809249475401558,0
2025-06-27,0.4097897811345248,-1.9719798854750115,0.3945504206789149,-0.24338765152129016,0.002170304639108132,0.9339242235920096,-0.31430574738662054,-0.07492823203541747,-0.3651594538876754,0.46834554869153966,0.362697804304572,0.5001574430558627,-8.734764101832237,-7.871495520714744,0
2025-06-30,0.38955321080249256,1.102411358872796,-1.2122294310433672,-0.1414141726559218,0.10650664964660025,0.6014052942099188,0.49439499678606547,-1.0622178776785662,-1.4903672153283067,-0.8232510105129004,0.7826288700840263,0.4036162065707986,-8.885057588794709,-7.913731454839378,0
2025-07-01,-0.10540147414038217,0.7921809644271389,-0.10917642842257459,0.5810245848847383,0.13064397080454726,0.4751097708644511,0.6809732320615015,-1.0579970430982129,-1.1083422619467027,0.30547139194875594,-0.21621915812675346,-0.4319866878384911,-8.655981339061691,-7.9096846407426264,2
2025-07-02,0.36647411321120993,0.44791927497512796,-0.19513787721354553,1.1706682575158254,0.08045601132846127,0.7915228345676204,-0.43378900561826506,0.9160168753525018,-0.7346430944251711,0.6288477653201135,-0.25918339679655483,0.3511152462904272,-8.730656027454431,-7.927085694813411,2
2025-07-03,0.6881538387722915,-0.8049041389117769,1.0796812608220234,-0.3045853224887638,0.011322928492549829,0.4391335285068929,-1.0966018040734173,-1.3079483213917167,-1.107239287562974,0.7872290207103828,1.0492591731894698,0.9060462409310922,-9.094087114211217,-7.465799503427661,1
2025-07-07,-0.798141271496428,-0.0348116471041492,0.7368392906390415,0.8929787630996392,0.36318768724981765,0.9289104099919931,0.5213443119272831,0.6662725826547448,1.522250433091958,0.7935817956038412,-0.9382493039530118,-1.601443445301501,-9.720953128245322,-7.203538055696359,0
2025-07-08,-0.1228985888862871,-1.17196927899573,0.14200653035679234,0.3154973594987688,0.11840720431648151,0.1485194427966619,-0.09116278557220375,0.41676410457621627,0.012678017874400012,0.3048464387531916,-0.8965512989227429,-0.40214913299848515,-9.45814928671897,-7.169789946868442,0
2025-07-09,0.5100625781226302,0.3440127316229415,-0.02648438937185447,-0.041503426022737086,-0.11107513918249097,-0.06887743120372067,-0.772338511568667,-1.0645729302426326,0.7631179144496733,-1.3138803091271292,0.26799999172665945,0.5803843482521006,-9.836848000628036,-7.140994991094194,0
2025-07-10,0.2020489157005008,0.11621254916024709,0.3970112529049668,-1.102904447019826,-0.1553585973931496,-0.2618937741612702,-0.5594377380046363,0.1752621573338632,-1.12149938627494,0.14950447670759778,1.0493956363761794,0.11920441328549769,-9.399850550119245,-7.150165578686698,0
2025-07-11,-0.4144929483092134,0.8565069441469775,0.6464608737002584,1.3164795207102056,0.009666668917184316,0.3386914678310298,0.8584993717970181,0.9207292688438661,0.7601107691264241,1.289999189738473,-0.7934089944914602,-0.9237819165410448,-9.55464272129819,-7.090880655017741,0
2025-07-14,0.1120587439493982,-0.48009584549225814,0.5574827118830471,-1.1865167544700996,0.21303500175769693,-0.1591066894402589,1.1444621075998282,-0.06939273173761454,0.382878372894375,-0.011907155186924255,0.24476083451756447,0.027436187241721047,-9.555282135963344,-7.0905395767383625,1
2025-07-15,-0.4879251160890435,-0.5298559709109324,1.2234737325761018,-0.27032991962317193,0.25657017006953736,-0.03808082611562806,-0.36367252245522386,0.42902213836942876,-1.1226046899919404,1.1226042797036453,0.6258687804344611,-1.0170244587146329,-9.854538367186223,-6.983822074657981,0
2025-07-16,0.253033871885774,0.3952191011032305,-0.8741790364499773,-0.06212318424680752,0.20062092527126324,-0.21047585045804784,0.1383406798357142,0.6748561466701531,1.1420253511729455,-0.66488644808553,-0.3191928173170668,0.28211085739070774,-9.086920497452992,-6.983242129261947,2
2025-07-17,0.5221423345511035,-0.3260351132664277,0.9688162075664736,0.6756879629745771,0.03561722070336063,-0.2556897794006787,-0.8423764197868505,-0.5682999129853915,-0.7438825084377964,0.14340214135246054,-0.08316882813947052,0.6922458732256404,-9.484477306866943,-7.024201606960467,1
2025-07-18,-0.14052608324955204,0.15744757782207683,-0.38365423296569595,-0.17243196676733882,0.005300582460707561,-0.3509749828494985,-0.4808635022557158,-0.06858014965611008,0.7706861081587993,-0.5126511047974245,-0.06373410037556076,-0.5280720084673797,-9.280162035676344,-7.018647624087982,2
2025-07-21,0.11441791600383974,1.4367226964654662,-1.5673458928582462,-0.25345467882621425,0.06593401756343875,-0.46304409673890073,0.7310411832303388,-0.8219915785413677,0.010513039217773437,-1.0000609960726847,-0.6041598575966033,-0.1204860942494736,-9.318700892817503,-7.022612077527159,2
2025-07-22,-0.055220755440199505,0.8439583461633128,-1.2306668510849632,-0.1842796632352056,0.025260148362904366,-0.3390164450270923,0.716762552434155,-0.32194681710523865,0.012782560500887665,-0.5081770493080315,-0.41671840812258004,-0.5064179332783719,-9.244041731934457,-6.989979054015395,2
2025-07-23,0.754707144221103,-1.3692378841647863,-0.3799891816031743,-0.06097453385582696,-0.28189225802252815,-0.3212045832745472,-0.8397212077094344,-0.072314208149792,-0.7459995321062577,0.7982003390605499,0.08441775287262264,1.2286547583908798,-10.538123204820822,-7.06279931825149,0
2025-07-24,-0.036788642789619276,-0.7248308577739907,0.5576779777316841,0.5640284149538451,-0.2773769957878362,-0.32444659927289976,-0.6811368395954507,-0.07492053214820255,-1.1250154234183078,0.4685877104917906,0.38795960621925135,-0.4985726230608776,-10.113694951054233,-7.044231083906839,0
2025-07-25,0.338948719977699,-1.042646998215479,0.47353608463594643,-0.89502292032126,-0.40902134429473863,-0.2532299366408843,-0.12961450311999434,-0.8238320607999743,0.3915243741752795,-0.5096256657316318,-0.43984041981029454,0.4972592209257566,-8.125584274760516,-6.82440730567531,2
2025-07-28,-0.09546782693096975,-0.7586280958829246,2.579706747443152,1.6315009361123347,-0.38124828261314414,0.09711959105612751,0.3652729449480623,0.42755841130125255,0.012021954784849168,0.30895195434586387,0.3345823474722356,-0.6034922520971182,-7.5552033991163325,-6.806722708106176,2
2025-07-29,-0.32660556833610477,0.17246806653877167,0.5439434333687484,1.78967278006465,-0.1178045878406615,0.4726033360806345,0.30120596380548254,-0.8235620948004804,0.39001433947081404,-1.326676039249917,-0.5460956090505192,-1.1222626896936734,-7.519803565541083,-6.797292546906424,2
2025-07-30,-0.19147016441310577,-1.8581792722601858,2.193837722653062,0.8130418751662717,-0.2562107308661914,0.4296350983918713,-0.6785013790220754,-1.0712359696190705,-0.3708884456639686,0.6395900499294558,0.4923384068961778,-0.6836825716895025,-7.420456266584786,-6.7940812283219945,2
2025-07-31,-0.43369022435146115,0.5660600048244027,0.44526517552870515,-0.9802976260416333,0.07487643459047684,0.29058494844554666,-0.4328208281674407,-0.31942239539352474,-0.748132092356803,-0.18029044219741724,0.5053185445247429,-1.22920627242682,-7.443122769780974,-6.795534421520546,2
2025-08-01,-1.6742077386587422,1.918756951993802,-2.770844317263655,-1.4615918218013726,0.9284813394219167,0.6545520557193663,0.880887946745875,2.689060647093122,3.052072147643784,-2.31330197204347,0.6234644757296153,-4.178386449376467,-7.89483208489153,-7.033978984220256,2
2025-08-04,1.3976287402379064,0.4768536087174811,-0.12070722423885023,-0.9457208377970219,0.27181809920366723,0.5698887374177166,0.9062044429503721,-0.32027172222298295,-0.3734756911816296,-0.1724086686647507,-1.2238644826377356,2.66256013724179,-8.811486637835223,-7.251416845923426,0
2025-08-05,-0.5582990770704309,-0.02556507179361919,-0.03719391444697096,-0.7736290921424251,0.3504554247399288,0.07383823149161237,0.2817706186626622,-0.8171319966856821,-0.7530397255885004,-0.008117124372102257,-0.055224841927558874,-0.8758428146959075,-8.354560605968429,-7.246665193953578,0
2025-08-06,0.6716562886912684,-0.3217821616188319,-1.361532241574313,-0.8842682439065437,0.07868216944138677,0.2657988925953619,-1.1421323383909923,0.6786053729635781,1.136038967818535,-0.005528973482335355,-0.1472139176969594,1.1451518774019653,-8.574961494483619,-7.231287852584049,0
2025-08-07,-0.15166177592697097,0.7349000650122856,-0.19701840064584847,-0.27146948560843254,0.02646484317979228,0.02870569344397002,-0.7982343496914337,-0.5644347873248889,-0.37303809647319586,0.15940206553700528,0.3156558549541318,-0.2804267307453759,-8.578642291068059,-7.22068922230136,0
2025-08-08,0.681482399732073,-0.1332385828580858,0.3842311614949967,-0.08776707089092094,-0.36116907045335683,-0.10770754178808298,-0.18772012471396657,-0.06019229453000793,0.007509110075830491,0.6573598603172701,-0.25153047781354265,1.1410106269023919,-8.923337476365521,-7.297859052237936,0
2025-08-11,-0.26494190360343844,-1.5637073391480878,0.8776802609958089,0.36386886564343873,-0.05713139700707797,-0.48676191660180557,0.57548245463895,-0.061725015121988934,-0.7487847273257918,-0.007225221351044505,0.39890576761791396,-0.4403295262759077,-8.952817401809728,-7.295771651739904,1
2025-08-12,0.9548755958239815,-0.19829180041664451,-1.1955005995348993,-0.6187483029978196,-0.4818849785936245,-0.642887159240662,-0.9324862603511226,1.4495624171778185,0.39379885968218503,0.32527391716480064,-0.18821876666203113,1.510061851256995,-9.969202828461675,-7.4618548737409665,0
2025-08-13,0.2568356791124017,0.196638912869654,-0.6130670143678663,-0.35826150071942753,-0.5520696855467254,-0.14568346732167478,-0.006125387845638872,-0.06432473824153445,-0.7462256705612106,-0.8378878393816741,-0.2166109124445418,0.3078922948629499,-10.07258161912463,-7.367566194933839,0
2025-08-14,-0.06703233646000611,-0.7475522749203184,0.8011438151475955,0.9391836148652655,-0.45088173629216616,0.15694315664253344,-0.1029591006537404,-0.5723418595957375,0.015854408014337504,0.8206327580347803,-0.3032908850510377,-0.24422620053473817,-9.748668117205998,-7.3674025070164575,0
2025-08-15,-0.3030573230196287,-0.05029043877117856,-0.7775374120880686,-0.6843456346761887,-0.37515831533156696,0.3339934610710753,-0.010248445904750483,0.6936337699139663,-0.7483670380221211,0.6572422594672439,0.7557403165796662,-0.5890754804949528,-8.162527202723895,-7.33208882953982,2
2025-08-18,-0.0967266065117391,-0.2656489927542076,0.5531035058698469,0.2726401394268673,-0.4040459441669526,-0.3904959250388679,1.1470684772235489,-0.31809916176615033,0.39459352913893664,0.1605033131760322,0.06367713982022301,-0.20818884049879957,-8.096677641859303,-7.32926374746317,2
2025-08-19,-0.6016177118146866,-0.6593751111919198,0.5521981805877897,-0.6374540670080585,-0.24016258415358682,-0.26527249144559567,0.08910803656507278,-0.5726794089592377,0.392008192411095,-0.6695126107259941,-0.703174904573459,-1.0057694516060873,-8.1373367916266,-7.372955278182667,2
2025-08-20,-0.33391223965765415,0.900143650808315,-0.1939903695771513,0.8938300802168127,-0.20650731924372276,-0.3424559370092741,-0.2903126064837096,-0.06329742045239166,0.7745208686334505,-0.16905182019289283,-0.31559081239152126,-0.5182646379024755,-8.143852443410601,-7.349893556472131,2
2025-08-21,-0.46689738439757994,-0.4600215765247762,1.1290106247226115,0.4380246820771987,0.03761017696325375,-0.4823290166176929,-0.034657758828257626,-0.3155428683917383,-0.37324280024413253,0.6648872376445475,-0.18597623423507761,-0.6959820450059772,-8.156539626694608,-7.337137242821876,2
2025-08-22,1.402102645777595,0.9548553618640528,-2.261228559743535,0.3629561139201303,-0.630298965178238,-0.6531514942975323,-0.5148397693170207,0.9549494947653033,0.3933945121906804,-1.164736335873718,-0.029135800279573538,2.292408519520995,-9.311603800914236,-7.726634201807556,0
2025-08-25,-0.5076206888632498,-0.35537796265340665,1.7865501542568207,0.7856894862669628,-0.4586700527064135,-0.5267872843804826,-0.10029630893610292,-0.8226488583565491,-1.1344503839246882,0.33219786128668066,1.7547670493927465,-0.7069760494425579,-8.977358218753391,-7.703459277374922,0
2025-08-26,0.3267682890128535,0.6113626445728979,-0.6013844138786772,-1.2159793956595706,-0.5072484231360642,-0.1716826531465012,0.4213694867950462,2.4745312493610534,1.9224281751030803,-0.33076585207689074,-0.09571095411203967,0.5088094304505679,-8.888322250669592,-7.719775240507536,0
2025-08-27,0.14109901778061704,0.08813353027897566,0.056153010466367524,0.44896409567235657,-0.4384681518015996,-0.4294195109231746,-0.3553980507011893,-0.06657930479760642,0.7699868307409317,-0.33006981984708433,-0.7990156746596248,0.2229408889474567,-8.50686002397531,-7.683928631259404,0
2025-08-28,0.26506679966333513,0.6277187779993773,-0.8489173117936324,0.39346398431507695,-0.5615937296464858,-0.1385926953666666,-0.006474074798247654,-1.337885422553198,-0.7597909388215485,-0.3364114714697746,0.057180989749120455,0.3616193377927826,-8.527281912448078,-7.641094279809376,0
2025-08-29,-0.6626995980235586,0.8472588540423248,-0.18740170228256636,-0.28966211388645696,-0.2904388369857795,-0.3335876123183377,0.42604480455635796,0.9440778167290869,1.9160281382672264,0.167763442650998,-0.18251387941491587,-0.9475066705531737,-8.690158009166213,-7.700944181936612,2
2025-09-02,-0.8016744948075631,2.220564616531283,1.4595724535719043,1.3474915003601395,0.19039732073783316,-0.09830803732078813,1.3241004743575153,-0.5770716819926078,0.37891502899923307,0.8378907867165758,1.0750380120397631,-1.1157868565022582,-9.042761056677982,-7.796397593884569,1
2025-09-03,0.4489163039384536,0.6571207395832406,-0.4347331041307923,-1.3617723173823968,-0.021860246315041847,0.03490473425944397,0.986098363257188,-0.323055013061072,-1.1509326290272488,-1.0073327892711723,-1.5667903817195121,0.5984892592046891,-9.237057954993366,-7.840245199618408,0
2025-09-04,0.7352151545221113,-0.5594547573457778,0.30141942528747623,-0.4659359033465207,-0.3094314702847329,0.005484030343465599,-0.30360611511039803,-0.8270051176202122,0.7718091444669309,-0.8412098364498538,1.1868194014767806,1.2307152300108783,-9.245052346629715,-8.02974494980114,0
2025-09-05,-0.3574074567386854,1.2017013789020445,-1.1792720038943652,-1.123124919619067,-0.3444035815971751,-0.24148061220140385,-0.6494562825097073,0.18467104568218337,-0.765712808470219,-1.1738775310272995,0.6936827703329104,-0.7413837049144978,-9.334902643590752,-8.05591679631051,0
2025-09-08,0.16354888425467434,1.004987762933678,-0.7666423428173316,0.30259831757624855,-0.36553040160964156,0.0011632678380557701,-0.27617817961641883,-0.8266327294804893,-0.7630992040848474,-0.8366960457726297,-1.0206391161903003,0.2315894820001579,-9.110840578352946,-8.034721687866806,0
2025-09-09,0.14940214160930618,-0.34766872460367365,0.8892636877078886,0.25989844215572716,-0.38714689261372054,-0.2303395062979751,-0.39138479339421794,-0.5699194769659984,-0.3787219274138817,0.5069279566980175,-0.4417411987187405,0.181278186249599,-9.142426153749177,-8.00893481196158,1
2025-09-10,0.20431937935913008,0.23281541285330432,0.1458855923449926,0.955148675321983,-0.2996271760538088,-0.24488608073472265,-0.5709202332085358,-1.0748155617202535,0.006847461986737138,-0.6651709749975018,0.22680611336027687,0.3325566151414261,-9.207943530232896,-7.9308162639877855,1
2025-09-11,0.727018146124444,-0.27329672883418715,-0.7623671550387116,-1.226673949236894,-0.48448246950695656,-0.15840578463804703,-0.9894414350891332,-0.31434708754101937,-0.3818050334668875,-0.49487610980369867,0.16141654266464955,1.2344769455842102,-9.83621749008715,-8.113666761497008,0
2025-09-12,-0.11307617171050637,0.0711977275323308,0.3137908451356999,0.23207002184300676,-0.47002890928422314,-0.4771886011063608,-0.3652401904299727,0.1953045273472844,-1.534785491754684,0.8478832944550483,-0.2453801018236828,-0.2570761466416014,-9.461661839510269,-6.8589119265745735,1
2025-09-15,0.43635509920772564,0.9035937070034653,-0.7610875101158111,0.6695899742344975,-0.2062462924742751,-0.5934207682716783,0.7952022323598681,0.1926153046677613,-0.7618520415377082,-0.1610737239037511,0.025661580193476446,0.7931113871750104,-9.540777847490398,-6.6816236609580555,0
2025-09-16,-0.21397319179062874,0.07259643494193323,-1.4309224195539023,1.0261347703015302,-0.026355450402585138,-0.2787735750125033,0.06015345706478829,0.448650063474464,0.3933431308415405,-0.15977984734220851,-0.19099240194584782,-0.45243309340545274,-9.212780519983943,-6.681945873356316,1
2025-09-17,-0.20174713547507445,-0.8970332090776912,0.7339882763358324,-0.4880006499773451,-0.20046429333463456,-0.590371522545973,-0.24145042901883274,0.19186539125293375,0.3918135261969449,0.3432217112354491,0.7981233834648926,-0.4387274528134235,-9.129997926518396,-6.667625426328588,1
2025-09-18,0.3733652634880636,-0.5251019656663132,1.060326677872049,-0.19221365853744596,-0.20744860083648217,-0.4722195935875524,-0.888482988524211,-0.06311156012327292,-0.760335673796702,0.8452296764508503,-0.5558446006760459,0.6240258484681335,-9.133207029149318,-6.648178314592425,2
2025-09-19,0.4014551323478934,0.9211273103606675,0.6452461614805626,-0.83016918965718,-0.2791045957740351,-0.6713522336667663,0.14483543734806786,0.7002858711278342,0.0091475146707335,0.5092056675109089,-0.5385441487463939,0.6056959759231505,-9.059813788127494,-6.6423111650878734,2
2025-09-22,0.37719941556137826,1.5749959250745593,-0.8408306954041578,-0.03999334963042487,-0.1012545393617974,-0.6218209883461953,0.7437389714750188,-0.8267743378487935,-0.3767890618431696,0.17409625175600185,1.5945674570799735,0.5031064043256667,-9.192071877938483,-6.579323516613397,2
2025-09-23,-0.6158712078342473,0.2750704730464793,-0.18044914411762525,1.1550979794716385,0.040835010054458956,-0.3746991710628388,-0.020792947345277642,1.208441079441804,0.7764600505189204,-0.49765364445779575,-1.2857011584512101,-1.5021880816957882,-9.359001260135598,-6.601009698438239,1
2025-09-24,-0.3936507163988769,-1.0301569162821163,1.6320585966242789,0.947086065950632,-0.08243135441320623,-0.15620430745805175,-0.10676021840101535,-0.06556655000286035,-0.3798329003575475,0.6797224522205264,0.5803176603859576,-0.999605953197054,-9.342693874120794,-6.588568035988875,0
2025-09-25,-0.5353425060483737,0.2834745189179797,1.5323235912198045,0.419857401771847,0.06491240034473937,0.24777910947008394,0.07883339475330411,-1.3429577823584906,-0.38076222224304046,0.341906050545052,-1.0127424213527976,-1.343537351253727,-9.602715504983511,-6.578752154071355,0
2025-09-26,0.47177949049506474,0.43956040619363623,-0.8320806762171186,0.02522375481008922,-0.32860833413890367,0.09995176743767768,-0.2237809547187368,0.7128252961663546,-0.7754038876465165,0.34778649926923727,1.231132726354738,0.9877596938424946,-10.262758521796654,-6.554850729260755,0
2025-09-29,0.18599203412536103,1.4877446226923974,-0.5056871274486368,-1.6947372668360088,-0.09774843989306371,0.05310349237486369,0.2652044116698528,-1.3507901416046806,-0.3837608946522624,-0.8359696945827128,-0.6062973598684368,0.326911218152103,-10.130430728187907,-6.467643508423934,0
2025-09-30,0.279500226779035,0.7052410749340249,-0.2592873161543977,-0.590859058396904,-0.05440165489383241,0.057649602642783265,0.5686416693460299,0.9834109931825625,1.17891746596223,0.18270654227320146,0.5798254135843095,0.5344456346259038,-10.13898415602747,-6.472226386208935,0
2025-10-01,0.2414397947138045,0.018023276182792605,-0.09436314995022595,-0.4292902628669687,-0.05044460252402851,0.17505470848898308,-0.9881938768416296,0.20621468130404588,0.7874087819061812,-0.6636546461982603,-0.4641156282909285,0.3840584360313561,-9.667878902607283,-6.479590512334909,0
2025-10-02,0.020263327612894594,-0.4855552737102929,0.31648571310494045,-1.157663334914653,0.04036847771615527,0.3541065525058315,-0.49822600621399765,-0.5743400079275746,-0.38341332422023633,-0.3221846397984496,0.5836150219797074,-0.2568659670472971,-9.561657312547386,-6.403702316008688,1
2025-10-03,-0.09311138837668131,0.650878461609436,-0.42277988441565845,0.13932793101633514,0.04595994085878796,0.18833774036670597,-0.3624927638968384,-0.05158962316444051,-0.7708682120032742,0.5244319319346941,-0.5921006410069241,-0.5046835305618191,-7.1048355219240635,-6.397244583604994,2
2025-10-06,0.2588050972496691,1.7045227161940555,1.0500504817530827,0.8616481227331018,-0.02738012317579135,-0.40774738948479405,0.8073939973916865,0.728991022816275,-0.3807903215919788,0.8618357705318929,0.09914899990126856,0.5404026271735316,-6.868354006709545,-6.402841802450252,2
2025-10-07,-0.45703416722657314,0.35890854269519334,1.2921134416142617,0.24810530991753982,0.19854188214459473,-0.4987463400485283,0.5856891918871144,-0.31197885110621737,0.7901037439850283,-0.6614121065485593,-0.6098509447753162,-1.5704582297277543,-6.880251567297172,-6.32820481299934,2
2025-10-08,0.48888560116043883,1.4659925360251715,0.47278691422340463,0.24729076920819437,-0.044236801853676205,-0.5407352610997357,-0.0995236182806468,-0.569640196137986,0.4023671593822052,-0.14765020511512775,0.7364257973953579,1.1532679581112877,-6.89566727843973,-6.3413874506172245,2
2025-10-09,-0.3796935629539322,-1.992565749026029,1.5169330423798781,-0.7427876656864992,-0.00852526136499142,-0.4003290255560858,-0.15102312938034085,-0.306301271540022,0.4023671593822052,0.19089724589952545,0.1640611398872251,-1.202561350547129,-6.858544432051471,-6.281921120609995,2
2025-10-10,-2.7850879666656843,0.8371201969556933,-1.146250867889958,-2.347509859213746,1.1962304148543326,0.3697517780168031,1.791950438302371,-0.30525058843022557,1.1851693299592214,-1.5156494475473095,-0.36859786988343657,-7.2133870932673245,-8.011185081377183,-6.794404781468609,0
2025-10-13,1.3997131980793378,2.207670905895261,0.7855351190090201,0.6841810651153626,0.6296601241534483,0.10407579920405098,0.02088092114180526,0.4793616795114998,-0.38113636735019146,-0.3160898610474197,0.39675808042437327,2.130347644275549,-8.483232783483441,-6.787398999426229,0
2025-10-14,-0.20667244871935994,0.5453599670908797,-0.6630894755147065,-0.9706344952138795,1.0176811738389986,0.3953198516865248,-0.37678127620813034,-0.0440394980743425,0.009296008959760769,0.021382925391582333,0.16914204937597535,-0.22039524547765435,-8.490479751973876,-6.784093912538209,0
2025-10-15,0.34518212795190184,1.5304550806449961,-0.6646185876629953,0.003475007112833269,0.9792964322768798,0.2083374805459099,-1.111536641378498,-0.0440394980743425,-1.162001119970096,0.36350973165689243,-1.6969854884782278,0.5307531728775148,-8.454403749812785,-6.801308283885616,0
2025-10-16,-0.7521540158510917,2.105967363963563,-0.9076473647270002,-0.9101668208126672,1.8614723865675478,0.4494332863940449,1.4675033443208558,0.7399397645765802,1.1807304640320186,-1.0100883057728178,1.3555605201691037,-0.9215804927413431,-8.511115433463786,-6.610898212926993,0
2025-10-17,0.46507116468007814,-2.010609559691875,0.22999641772753687,0.14466001259863723,0.9985617059906154,0.30002293404939484,-0.5930886220027696,-0.576463374905633,-0.38021566733523243,0.5399671968482294,0.6859368228236714,0.668309833485903,-8.354097195713667,-6.63497523574392,0
2025-10-20,0.9196253421126185,3.348191076728953,0.5532966202108734,-0.10245527543883175,0.4314372792212851,0.2335582297433312,-0.3061923002717536,-0.5789188509796791,-0.7697048875322998,-0.32338056347686883,-0.8130950303761858,1.2354087771602709,-8.23225508990475,-6.649886476961731,2
2025-10-21,-0.0897978832056843,-6.589253726257301,0.8718929088442512,0.3620660875681931,0.34466861622730155,0.10263088365283025,0.015304337504269155,-0.3123170934389771,-0.377735583983408,-0.3205573411670854,-0.3218113714164841,-0.06647963519101183,-8.206143680844658,-6.596393623425238,2
2025-10-22,-0.5961448668084819,-0.12830929684582945,-0.2600676767512514,1.837317637916177,0.5177321306738254,0.43071017335502654,-0.37293599039790026,-0.31078646053074216,0.7896262914984938,-0.1439595748019618,0.9275838066776039,-0.6640186683232451,-8.310044633457485,-6.605445059758552,1
2025-10-23,0.48684056633328565,0.23591983810311326,0.06453838529595111,1.9894759022096455,0.20487278468986472,0.7822882033834057,-0.3137547358084876,0.22314517659963912,-1.1623673079866295,0.7263862128150207,-1.2853115616000748,0.6712811316694636,-8.006227856407614,-6.46695848618843,2
2025-10-24,0.7017577864726544,-0.44710930958197975,-0.017655874085620894,-0.06863864837968418,-0.032216114320885045,0.5255740701668717,-1.1759405623507984,0.23120516587882062,-0.37782147938685,0.20711126170075367,0.611700829994108,0.8821808202613424,-8.188408164947289,-6.446576556829942,1
2025-10-27,1.0495121036037658,-2.7621633982595064,-0.25974946055227865,-0.03340619458985771,-0.18619183768676417,0.5661846346472099,-0.4561305161841132,-0.30408068656036646,-0.7667467761535087,-0.14241734362440406,0.2746134306711189,1.2309476481677257,-8.847019752148698,-6.399812326563677,0
2025-10-28,0.15945536606685762,-0.7924239093273424,-0.18111353189951068,-1.2713089929406396,-0.014436398078120059,0.3042317434296129,0.1315995662195407,-0.30675729780070954,0.8023789064599117,-0.31872339940025485,-0.6030742088347952,0.1149450050730539,-8.18442692547741,-6.352446233846784,1
2025-10-29,-0.05176850741799227,-0.47680616132482906,1.2770101131585512,0.31396067635876224,0.11697085033468455,0.2996663066371059,-0.3367856195976453,-0.8429725089412701,-1.5549075314623775,1.5955676662877072,-0.05921630238335831,-0.13479477224172126,-8.143214925245255,-6.325773637089402,1
2025-10-30,-1.1847010468644072,1.6718005215411087,0.8660607703371335,-0.05768445983912521,0.11601529598825987,-0.05317688561516534,0.2969981795780324,0.23578809428172726,1.191716834100689,0.5532999876237554,0.11877982166313932,-1.4496975066686963,-8.163849612597838,-6.378946008703582,1
2025-10-31,0.21872884484861374,-0.6292812343597707,0.621831774845412,0.6384895971272645,0.2520181957549809,0.16621148080959455,-0.03368216926844174,0.23380578402030655,1.9691987843569276,0.02600578925620231,0.7471540927100766,0.27261861142485466,-8.19871290617025,-6.372945154849043,1
2025-11-03,0.08011207799908136,0.04040060192543223,0.13938797771238257,0.1409524429063769,0.18612341464357732,-0.11165363999756749,0.17542437897031254,0.5028425765916181,0.7981796122831512,0.37486894926234776,-7.367389435323282,0.10682027798632619,-7.5786630641006045,-6.372998474328955,2
2025-11-04,-1.2712314310658248,-1.7553252388616603,0.6956067027057704,-0.5968682168157831,0.6284716865400986,-0.11494637176126106,0.21658305466244124,-0.30525924323735465,0.4033477807122156,-0.49851312694519323,6.326247154102651,-1.4228603267584872,-7.890500228515418,-6.452362737004586,2
2025-11-05,0.240764643456412,0.9336729780917945,0.05850511708610001,-0.6720905949242878,0.39495780948683873,-0.19939114289477827,1.0666548896542691,0.5006189232975685,-0.7732644342390094,1.250658738719414,0.07342160226483337,0.33781608061572777,-7.922143327963498,-6.459640195088056,2
2025-11-06,-1.1541918702587721,-0.2364850004117132,-1.2204647790155054,-0.10810930697470449,0.7403607032982539,-0.18703282247998224,0.027303573196406253,-0.03846052048624366,0.803685644794388,-1.0300963231630211,0.07706464558286842,-1.2036012846777495,-7.549715665342918,-6.53440419938653,2
2025-11-07,0.0055028716627799025,0.4352202250242396,-0.1814773091922601,0.29518417269375746,0.6433608468866491,-0.2496143050749231,0.48745477231931855,0.4993072006501678,1.1985251070616305,0.01949955732049213,0.09433454294261655,0.12205221496286546,-7.551506378560538,-6.528854020734403,2
2025-11-10,1.431907088579987,2.352309163767614,0.13596202243274194,0.3214685087677901,0.2898562350625746,-0.4290515026438603,1.0726897776011353,-0.3174729304749041,-0.7834574071223964,0.3681153692603334,0.5172341477768335,1.6023756658490533,-7.8934520467739295,-6.707534751597005,0
2025-11-11,0.13223808531851233,0.2279010472884354,-0.34729225004051034,0.7797489120346585,0.2086158572439032,-0.44269721667135775,0.020098880440046714,-0.8629433166554343,0.8007453338592999,-0.8638646486899895,-0.5487901617624272,0.03232603184240448,-7.730863126028842,-6.676531728356575,1
2025-11-12,-0.03733816997521658,1.32867518988599,0.05778827473600858,-2.224307236570366,0.26485365342918243,-0.2942307815015873,0.5532964028032998,-0.04618692884390742,0.006283469583884838,0.017545526245516724,-0.6165363706441613,-0.11590106613571928,-7.69824533969378,-6.67249849343527,2
2025-11-13,-1.7328531996574263,-0.8792859604484736,-0.6691632797355471,0.04690098722797193,0.8419552414423087,-0.34754859748665506,-0.4604746622016412,0.22379176753892352,0.7989147252785016,0.5463139988291551,1.1678930172383895,-2.4752468548017497,-7.800473049354671,-6.81054301794366,0
2025-11-14,-0.10592721119503411,-1.7985719689428576,0.3034713287218805,1.1678119007718646,0.8020052326879463,-0.27189459562222756,0.16190784911488038,-0.3281892290886344,0.0047110939716267,0.5526332975217314,-0.7090042923596642,-0.07839208723843738,-7.585499829974011,-6.808495202012307,1
2025-11-17,-1.00478579538361,-1.184681827324279,0.5439319828518756,-0.05979119434134496,1.3250377958111421,-0.3809894520777266,0.6954290273605429,0.22452150713091082,0.0023588343968690617,-0.16153772793142435,0.9980107480667169,-1.2458448406504024,-7.364035803748557,-6.883817933902961,2
2025-11-18,-0.9113513367265039,0.5285409581543857,0.21899163915517542,0.9021126028357189,1.7460166002553632,-0.23668926391248146,0.16185093228704112,0.22640772808424833,0.7942636812125357,-0.16049541990265878,0.10342331046621492,-1.0184995786695246,-7.338279965080706,-6.8349346646994835,2
2025-11-19,0.2984264492781614,0.018075110498644704,1.4327807811437572,-1.2169675216041673,1.5521952042201381,-0.11688053904329983,0.2893364479877015,0.22763315367716636,0.0031515214463829957,0.1916553826246158,-1.5603280939671613,0.5666314310143781,-7.28955258046283,-6.79687090867278,2
2025-11-20,-1.5885004821881805,-0.1576751986556618,0.13003337883117366,-0.5566827617872583,2.021755429885023,0.22348770547408897,-1.524749395770641,-0.050587934355944456,0.3984401868509266,-0.5277213754162298,0.49643401159503836,-1.7797431202728577,-7.649367015644719,-6.945713536787998,1
2025-11-21,0.8936568433408587,-0.27010334224954824,-0.19361463672041024,-0.66367569684904,1.4918619461324647,0.16405624635302915,0.25487270976917403,-0.051143141226202914,0.7960913832328415,-0.7114549352782888,-0.2569637814014836,1.2456613662438265,-7.8264548249846,-7.009701883198338,0
2025-11-24,1.3511309349919456,1.3038636165842805,-0.034012662987006066,0.8742220745351365,0.9146939713875197,0.2150631005387885,-0.45546427784461896,0.7793275248000181,-0.7990903613699178,-0.3481999770774494,-0.4486517977420379,1.716894635471957,-8.573903216967656,-7.2497057506560205,0
2025-11-25,0.8349594138675984,-0.160364259469875,-0.6852161064464953,-0.9089725522482888,0.47935534170243116,0.40676966939459225,-0.9299580054792175,-0.057922617657677214,-0.40112441064814064,-0.529120377538326,0.7546673812040485,1.0527838048870581,-9.085673873153617,-7.3617788856813196,0
2025-11-26,0.5898042677292036,0.5955965850377485,-0.6850055398658095,0.6218522931631187,0.14688720152487653,0.1260857695708493,-0.1991182070956828,-0.8911224245299408,-0.39954368304294163,-0.16651997630537044,-0.5280478994891484,0.8146042384125227,-9.618628715558478,-7.439216305624705,0
2025-11-28,0.44882559467297417,0.9922037080454665,-0.19394783251905895,0.7963544258278641,-0.07126825351231862,0.16599114267642007,-0.6800891504078038,-0.0562580374383628,-0.0055580730352824265,0.3768272098986639,0.5242726594198653,0.6307741717310839,-10.115499937240987,-7.468369890828393,0
2025-12-01,-0.5303004628541972,0.3043662480602958,-0.11424353550956898,-0.008032663406366462,0.1550036203634025,0.14888653556309595,0.5868137247234763,-0.055168494019947306,-0.004764801602572618,1.283187439580075,-0.3617851432198664,-0.4508468867096489,-10.46343229892844,-7.503027511373387,0
2025-12-02,0.09756058005725203,-0.7205488570059159,-0.1150945523433051,-0.6640118180957839,-0.013467758760237453,0.16215250620127372,-0.3233420845648522,0.7789791355616537,-0.806177301556822,0.010778516668302584,0.19492668520089734,0.19634533344555527,-10.561910325615322,,0
2025-12-03,0.25416499758974026,-0.21397078149875637,-1.183091323161936,0.35709412094957027,-0.15087865223305955,-0.16361913563796207,-0.7985053189736262,-0.3322227140308876,0.4002742369567792,-0.5346814899494545,0.31584688843922526,0.3777889346221568,-9.761450009630915,,0
2025-12-04,-0.012694234414953487,-0.07006474204094343,0.46019883709607423,0.5626358502677483,-0.2344649521725707,-0.22471722708831562,-0.15989285426787692,0.5053165057400292,-0.4055711035580436,0.9148534273355925,0.5891312544740643,0.07469460200781865,-9.680359071878417,,1
2025-12-05,0.10182215357875947,-0.29219807170314205,-0.2763029623513216,0.40216375977732166,-0.33934568513380126,-0.41088172106786847,0.4002628506846104,-0.33109768427774455,-0.8134958812603669,0.5551094071524705,-1.2553267679507594,0.1419092412871822,-8.646392303740154,,2
2025-12-08,-0.3763850128935452,-0.36771199045086317,0.2981715522556205,-1.1016643179586074,-0.0028428181943479874,-0.2627622905444522,1.211572964672342,0.5063933851270004,-0.40632721435289815,0.5525301992174927,1.1325397046817012,-0.40454344169228684,-8.685653955171757,,2
2025-12-09,-0.16742195286950123,0.33885126740125254,0.2993240442909047,-0.49335966269817233,0.06495270453749241,-0.5961911127609377,0.7530730072004586,-0.8890549538715679,-0.004820388974846767,0.18737553639133034,0.29354275962649284,-0.211954177684051,-8.646544079719087,,2
2025-12-10,0.5624991399075662,0.2571839331650348,-1.2638994923621356,0.5254768638677884,-0.2462821931325252,-0.6004108279571767,-1.5873122205803702,0.504240123091337,1.2091102740592286,-0.9199084160629589,-0.8841080074384715,0.6775067141052674,-8.276360399873425,,2
2025-12-11,0.14190447039506765,0.8492302966088118,-0.8510417701849046,-1.0226233818632737,-0.5101826652199838,-0.43117148878273714,0.1741014285790886,0.7817464544780368,-1.2250352406417295,0.18368465061444994,0.708434683915124,0.23895299102947262,-8.093055087810036,,2
2025-12-12,-1.1399528329160171,0.3769285844554591,0.30562679213354094,-0.3563243965111275,-0.25788798855608686,-0.7248859313544112,0.03097770542639842,1.3438483794777951,1.204767044184389,0.9203420575505733,-0.6319934907258357,-1.4149711922223533,-8.216347958648434,,2
2025-12-15,-0.2285258721834945,-0.0541598184148201,-0.19015972235668674,-0.7428901696542262,-0.05441559185025744,-0.28038779670514813,0.9954920378433972,-0.06399398781362635,0.391928638425169,-0.18295312815938036,-0.5380645975659691,-0.1682989166916487,-8.090341017360503,,2
2025-12-16,-0.3469199930883857,-0.11910776146397153,-0.27228443368463395,-1.4103524061360078,-0.062123312698102985,0.23226772009371133,-1.4505003806889623,-0.06399398781362634,0.39106762208132234,-0.5514024203574945,0.022281259016514898,-0.4521387281619877,-8.047835688296244,,2
2025-12-17,-1.1581068684370937,0.6453246028089332,0.4729508661506097,1.4819163748878552,0.2282738816119548,0.30955581360089,-1.0295506059193762,-0.0669194959650252,-0.014424940995444382,0.18624010083740203,-0.19124526231134306,-1.5531283755096408,-8.469842019919856,,1
2025-12-18,0.6603863847483118,-0.30438705113357717,0.13680805423046458,-0.6467504723581579,0.034440554681790775,-0.16604158288954612,-0.6298638335458946,-0.34500418471637817,-0.01362561164093705,-0.748519670604384,0.6715253087910548,0.9410800531664658,-8.784332206739835,,0
2025-12-19,0.8056005338958072,-0.03270631081591286,0.7156796276513634,0.6840514173888264,-0.5114883194461759,-0.16289578111167258,-0.1162566338690448,0.5052016497945367,-0.8269398152838854,0.7399870249408973,-0.1836531369407246,1.0574490306242739,-9.379344694812305,,0
2025-12-22,0.5288950937655273,1.9661920995585287,-1.0083571617868825,1.3569705282547206,-0.766392093315781,-0.25179024182425114,0.5760337327947718,1.3581930241648752,-0.01525870937891561,0.17749243141222865,-0.4470743529706016,0.6307227738885416,-9.957472971110798,,0
2025-12-23,0.3678353772182004,1.0683321699605166,-0.8100103757420549,0.44490107287354824,-0.7933082446632537,-0.25210179604561755,-0.10011596006489816,-0.9245223878537918,-0.8240946684655284,0.1786952951358451,0.1669826473671749,0.3201310132662308,,,
2025-12-24,0.26593079768334843,-0.5229176422940779,0.05550302009721793,-0.07978391979061192,-0.965485379867138,-0.44987275435533564,-0.3799751023227825,-0.6369474521446887,-0.41826393799800615,-0.5698878351113728,-0.41882796095812497,0.20651481728157436,,,
2025-12-26,-0.08989735196912435,0.9232146253681371,0.14415575873685804,-1.367158101169469,-0.9228352700006619,-0.37157910987620935,-0.21034718460496,-0.06559191806577247,0.8057573857125963,-0.19790331794328145,1.5194971052980524,-0.3050747189170482,,,
2025-12-29,-0.4272221524721085,-4.227847837684268,0.054052772708325744,0.899781659787472,-0.7321799442992345,-0.3796499891501219,0.19592275658016933,-0.34871543113097375,0.3978407905364402,-0.38365484247285536,-0.23949136302026094,-0.8689355658004215,,,
2025-12-30,-0.1965359559408965,-0.06674251649457534,0.5745457130096351,0.10095168310658158,-0.6931825931709669,-0.5911959485664292,1.1700902480444961,0.5097448565949488,-0.41559433494171744,0.3661572799071797,-0.6276335829800413,-0.3556110012109399,,,
