Date,SPY_lr,GLD_lr,UUP_lr,USO_lr,VIX_ld,OVX,MOVE_d,T10Y2Y_d,BAA10Y_d,DGS10_d,USEPUINDXD_ld,SPY_lr_local_std
2017-01-03,,,,,2.5533438410275884,32.880001068115234,,,,,,
2017-01-04,0.005931459977502624,0.0035241475629946054,-0.007518824024228759,0.012163516284555777,2.472327899772678,32.36000061035156,-0.31999969482421875,-0.010000000000000009,-0.020000000000000018,0.009999999999999787,0.12673315603285867,
2017-01-05,-0.0007946705680172059,0.015395946803090798,-0.010622225280513837,0.010309359945159592,2.4570214528360776,31.559999465942383,0.089996337890625,-0.020000000000000018,0.0,-0.08999999999999986,0.27646635657335195,
2017-01-06,0.0035713661329210456,-0.007399862806677905,0.0072204039600293,-0.0017108219734412677,2.426571045816045,30.46999931335449,-1.2600021362304688,0.0,-0.009999999999999787,0.04999999999999982,-0.3269394735193238,
2017-01-09,-0.003306301715096463,0.008198942430912352,-0.0026540005206987616,-0.03219067629872744,2.4475508995432533,33.72999954223633,-0.40999603271484375,-0.030000000000000027,0.0,-0.040000000000000036,0.22765024179692087,
2017-01-10,0.0,0.004251209640407789,0.00037941353592180975,-0.021448608076692625,2.441477071940574,33.61000061035156,-1.5699996948242188,0.020000000000000018,0.0,0.0,0.0011491423738500682,
2017-01-11,0.002821745570861008,0.003088451356458922,-0.0022796856829517442,0.026739578544556518,2.421256643038528,32.95000076293945,-0.43000030517578125,-0.010000000000000009,-0.020000000000000018,0.0,0.021586491038517015,
2017-01-12,-0.0025129045936515167,0.0036058581395100996,-0.003810975944581204,0.014840960077042963,2.4458192577743234,32.369998931884766,0.9099960327148438,0.0,0.029999999999999805,-0.020000000000000018,-0.09457185256342722,
2017-01-13,0.002293034115545366,0.002630155985373185,-0.0011460695473853187,-0.011329107273510889,2.41858872798778,30.729999542236328,0.7600021362304688,0.010000000000000009,-0.020000000000000018,0.040000000000000036,0.1791986717765348,
2017-01-17,-0.0035300643300931853,0.014257386660884261,-0.00921667934840923,0.0017513540054498627,2.474014198980387,31.25,-0.55999755859375,-0.030000000000000027,0.029999999999999805,-0.06999999999999984,0.17174154017252377,
2017-01-18,0.002207798804681271,-0.00849515963956113,0.009216679348409359,-0.023905561225847412,2.5241273262614996,31.239999771118164,0.0,0.030000000000000027,-0.03999999999999959,0.08999999999999986,-0.17152026043715654,
2017-01-19,-0.0037116094458447533,-0.0008709816243126054,-0.0015302553271437493,0.0008956766309493498,2.5478814280551156,30.8799991607666,4.379997253417969,0.030000000000000027,-0.010000000000000231,0.050000000000000266,-0.3498813040166091,
2017-01-20,0.003667493410376038,0.0024367465635147297,-0.0034515726411428822,0.019504187690198196,2.4458192577743234,29.190000534057617,-1.6100006103515625,0.06000000000000005,0.0,0.009999999999999787,0.39289868910029996,
2017-01-23,-0.0026056717612174102,0.006411370524106662,-0.005392954209473051,-0.006164761785516871,2.4655539601645953,30.790000915527344,-1.19000244140625,-0.030000000000000027,0.0,-0.06999999999999984,0.08928713236675952,
2017-01-24,0.0063913904376405,-0.00450104004040464,0.00038618331808326856,0.004407251881234954,2.404238719152724,29.59000015258789,0.01000213623046875,0.010000000000000009,0.010000000000000231,0.06000000000000005,-0.12818292480489962,
2017-01-25,0.008618172235089835,-0.00827564253844338,-0.003480942132889403,-0.005290970467863883,2.380471670468572,30.40999984741211,1.529998779296875,0.040000000000000036,-0.010000000000000231,0.05999999999999961,0.2518284349743097,
2017-01-26,-0.0010458407758489106,-0.009315451405169057,0.006564963564781491,0.019264983892070424,2.3636802031197,29.59000015258789,-2.3699951171875,0.0,-0.009999999999999787,-0.020000000000000018,-0.6741442334343298,
2017-01-27,-0.0015710464292904148,0.0020286289430193087,0.00038484576287539765,-0.011338989183294188,2.3589654192190057,29.780000686645508,-2.5,-0.030000000000000027,-0.010000000000000231,-0.019999999999999574,0.4142036595788762,
2017-01-30,-0.006220983059815103,0.00422055808840963,-0.0019256235723929902,-0.010582099541046996,2.4748563235675727,30.940000534057617,0.1699981689453125,0.0,0.020000000000000018,0.0,-0.1601913488034773,
2017-01-31,-8.800147301335819e-05,0.013768096552717091,-0.008128640577189787,0.0035398234188997323,2.4840729499500287,31.32999992370605,0.15999603271484375,-0.010000000000000009,0.020000000000000018,-0.040000000000000036,0.19110435926479252,
2017-02-01,0.00039536332761827954,-0.0030336413602642647,0.0007771063678049699,0.014035305200489755,2.468946665739897,30.64999961853028,-1.6800003051757812,0.0,0.0,0.029999999999999805,0.12780752581728358,
2017-02-02,0.0006590572739334524,0.005540175253055062,0.0015521378097809676,0.00260989160273226,2.479056261690359,29.38999938964844,-0.9199981689453125,0.010000000000000009,0.0,0.0,-0.3322984973407812,
2017-02-03,0.00686907404643335,0.0025003325828475273,-0.0003878307955268496,0.0026030151550556764,2.3951642986288713,28.11000061035156,-2.529998779296875,0.010000000000000009,0.010000000000000231,0.010000000000000231,0.14526532760539312,1.6863824020550575
2017-02-06,-0.001789274750711558,0.013428758731217075,0.0007753342478997059,-0.013961819019818756,2.4309782976972802,29.3700008392334,0.160003662109375,-0.020000000000000018,0.009999999999999787,-0.07000000000000028,0.1388209279983255,-0.6176921628404549
2017-02-07,4.384841480207574e-05,-0.0020411460379591725,0.00502630525928611,-0.01683695392992958,2.423917374782742,29.61000061035156,0.5199966430664062,-0.020000000000000018,-0.009999999999999787,-0.020000000000000018,-0.21360882937182246,-0.12593048075992969
2017-02-08,0.0013093938270443033,0.006195677380773737,-0.0011576559344293547,0.0035682431632051304,2.4379897133421817,29.09000015258789,0.6699981689453125,-0.050000000000000044,0.009999999999999787,-0.06000000000000005,-0.02350508944127642,0.25010898068115517
2017-02-09,0.00591517823620158,-0.007644011341685387,0.003853477094715493,0.010629049549298547,2.3869262519462633,28.25,0.20999908447265625,0.010000000000000009,-0.009999999999999787,0.06000000000000005,-0.47039029109795594,1.4414493010261826
2017-02-10,0.0039384545228350045,0.0026395141502793757,0.001153293796674484,0.013129257832125775,2.384165115144968,26.43000030517578,0.6800003051757812,0.010000000000000009,-0.010000000000000231,0.010000000000000231,1.1348069673451693,0.7937218806148211
2017-02-13,0.005428078521448292,-0.006825925967175972,0.0023024299657793987,-0.015775989553158974,2.404238719152724,26.989999771118164,-0.7999954223632812,0.020000000000000018,0.0,0.020000000000000018,-1.088672233934268,1.153768330247376
2017-02-14,0.003986813517731632,0.0011123712399388251,0.0022970536473542794,0.005286392938459205,2.3739750677695604,27.489999771118164,-1.5699996948242188,-0.010000000000000009,-0.020000000000000018,0.040000000000000036,0.43437312382109994,0.6823308561758297
2017-02-15,0.005207041232117529,0.004437217359329355,-0.0019139176628613186,-0.0017590556835732076,2.482403541878053,27.75,-1.75,0.020000000000000018,-0.020000000000000018,0.03999999999999959,0.07960744080967516,0.9616896157592906
2017-02-16,-0.0008518290038333162,0.005349691237603728,-0.005763654151903958,0.004391767429881134,2.4647039619332216,27.3700008392334,2.720001220703125,-0.010000000000000009,0.010000000000000231,-0.05999999999999961,-0.3793418854670042,-0.6771154660885698
2017-02-17,0.0015752158513808812,-0.003393297472611437,0.004997060244942651,-0.0017543428992501018,2.441477071940574,25.290000915527344,1.5499954223632812,-0.020000000000000018,0.009999999999999787,-0.03000000000000025,0.4754479712847333,-0.017698661518402648
2017-02-21,0.005937689650785128,0.0005946540100771037,0.004590686004893656,0.013083450172760957,2.448415514829113,25.790000915527344,-1.05999755859375,0.0,-0.009999999999999787,0.010000000000000231,-0.4927747169657621,1.0781490426484552
2017-02-22,-0.0008886558137576515,0.0013579197505681978,-0.0022926650333477292,-0.015720874703392004,2.4630017949040526,27.09000015258789,0.5400009155273438,-0.010000000000000009,0.009999999999999787,-0.010000000000000231,0.9515758359379889,-0.7548138366300635
2017-02-23,0.0006769184714569303,0.00869753215772013,-0.0022980209715459214,0.014853928050555546,2.4604431808672667,25.790000915527344,-0.6200027465820312,0.0,0.020000000000000018,-0.040000000000000036,-0.9840839225023251,-0.3761712602254108
2017-02-24,0.001268109724563408,0.006369402264058893,0.0019152966414759589,-0.006089596506187238,2.4397349544219074,25.71999931335449,1.2099990844726562,-0.010000000000000009,0.0,-0.06999999999999984,0.15553210493617678,-0.15074029104139816
2017-02-27,0.0015617110142332664,-0.004857175635850916,0.0,0.0008722398066080757,2.4923786772477015,25.01000022888184,1.0400009155273438,-0.030000000000000027,-0.020000000000000018,0.04999999999999982,0.17021148797744273,0.029701844165305084
2017-02-28,-0.002702758005960633,0.0009230175401251751,-0.0007656260433000764,-0.0017452410797258746,2.55877650425956,25.459999084472656,0.0,-0.020000000000000018,-0.020000000000000018,0.0,-0.026942308337718456,-1.3320026475589348
2017-03-01,0.013900402694668551,-0.0014268817535847192,0.006870230818766106,-0.0043763914039891775,2.5289235321627515,24.670000076293945,0.0,0.030000000000000027,-0.009999999999999787,0.10000000000000009,-0.020783414456434533,3.7629984994009114
2017-03-02,-0.006317530232176545,-0.012508578672614061,0.004175461874000152,-0.020381702026828603,2.468946665739897,25.940000534057617,-1.3499984741210938,0.0,-0.020000000000000018,0.03000000000000025,0.112865792538221,-2.3159522683199194
2017-03-03,0.0006295343922554839,-0.0005955140219627113,-0.00875030914214835,0.010685754871378227,2.394252285000433,25.59000015258789,-3.75,0.0,0.0,0.0,-0.34284678572305305,-0.3700297612589994
2017-03-06,-0.0029821887844559366,-0.006745539852068463,0.0034331395417995006,-0.0008861523855966135,2.4194788241023923,26.959999084472656,-0.37999725341796875,0.010000000000000009,0.009999999999999787,0.0,0.15955085800007393,-1.2270140037380288
2017-03-07,-0.002991630838599428,-0.008086086565359002,0.0011417077263487843,-0.0008868537275669728,2.4379897133421817,26.459999084472656,0.6199951171875,0.020000000000000018,-0.020000000000000018,0.029999999999999805,-0.3821040988219418,-1.1504399336085527
2017-03-08,-0.0018579441315575366,-0.00623811789096147,0.003417409521707926,-0.054708296205593816,2.4731713646216233,31.739999771118164,0.5800018310546875,0.010000000000000009,0.0,0.04999999999999982,0.5593146526531415,-0.786276036975274
2017-03-09,0.0012670933941343562,-0.005140919622256687,-0.0018969550589549907,-0.013207771676962275,2.509599277885271,31.979999542236328,2.5699996948242188,0.020000000000000018,0.020000000000000018,0.03000000000000025,-0.2666219703735002,-0.06753406378089576
2017-03-10,0.0034980184994228324,0.0021815968976861885,-0.006859844309872449,-0.023055754648253126,2.4561641678359063,33.45000076293945,-1.4800033569335938,-0.010000000000000009,0.010000000000000231,-0.020000000000000018,-0.15532224417434687,0.43261853787578086
2017-03-13,0.0005048135614297643,0.00017429306368691534,0.0015284139025384038,-0.0009723120873157174,2.4292177775370787,32.38999938964844,-2.05999755859375,0.0,-0.010000000000000231,0.040000000000000036,-0.368201181264079,-0.279518991337741
2017-03-14,-0.0038338433912339397,-0.005418130142924943,0.003430522557692198,-0.008793427996085,2.509599277885271,33.189998626708984,-0.45999908447265625,-0.020000000000000018,0.010000000000000231,-0.020000000000000018,0.7722364045407315,-1.244318052706661
2017-03-15,0.008616128251670116,0.018492494054675904,-0.011866075543945385,0.01847408270751045,2.453587976370721,30.07999992370605,-3.5600013732910156,-0.020000000000000018,0.020000000000000018,-0.0900000000000003,0.2654414798200275,1.7208807826682697
2017-03-16,-0.001969040162304915,0.004120559955210867,-0.0034716312521484226,-0.001928685070804626,2.41680624048701,28.6299991607666,-1.1800003051757884,0.0,0.009999999999999787,0.020000000000000018,-0.5562355030265991,-0.7026075785806444
2017-03-17,-0.0017576100914895388,0.0022248383768926597,0.0003863325132566523,-0.0028999279461947992,2.423031222397146,27.450000762939453,0.28000259399414773,-0.010000000000000009,0.010000000000000231,-0.029999999999999805,0.5082632886693729,-0.5936634671122355
2017-03-20,-0.0010974015846644954,0.004435011725418118,0.00038618331808326856,-0.005825207232514864,2.428336311755328,28.11000061035156,-0.9000015258789062,0.0,0.009999999999999787,-0.029999999999999805,0.06173461359579521,-0.3832499837476586
2017-03-21,-0.01292259020180817,0.008727009558066982,-0.006196812634448666,-0.015702069439714722,2.523325781105642,30.56999969482422,2.3100013732910156,-0.010000000000000009,0.0,-0.040000000000000036,0.1318059268817648,-2.9975645352355937
2017-03-22,0.0023503203189012686,0.0024434516279076965,-0.0007773196972079591,0.0009886534772782986,2.5502261486656055,30.049999237060547,0.0,-0.030000000000000027,0.0,-0.03000000000000025,-1.0308670103022166,0.44906075974145426
2017-03-23,-0.0010675811533130111,-0.0013473994637167544,0.0011658417446460873,-0.010929036358481095,2.574137774793312,29.790000915527344,3.0900001525878906,0.020000000000000018,0.010000000000000231,0.010000000000000231,-0.3015570144859085,-0.15774951817293398
2017-03-24,-0.0007269017046405986,0.0015998188263154015,-0.00038852204743822417,0.00796023329575511,2.5618676938675677,30.989999771118164,-0.7700042724609375,-0.010000000000000009,-0.020000000000000018,-0.010000000000000231,0.7818607584182107,-0.09113381122574618
2017-03-27,-0.0010268664216713244,0.005621040603803889,-0.005453880341742525,-0.004967739024118465,2.5257286443082556,30.780000686645508,-1.7699966430664062,-0.029999999999999805,0.009999999999999787,-0.020000000000000018,-0.24663823547260152,-0.13566861664568033
2017-03-28,0.007250671689755436,-0.0041077969016607725,0.005453880341742499,0.010896557440487523,2.444952311121487,29.920000076293945,-0.7299995422363281,0.010000000000000009,-0.009999999999999787,0.040000000000000036,0.07651981451899446,1.467418323677555
2017-03-29,0.0009345121337583275,0.0024332009503226972,0.001940659857219168,0.021443343301096245,2.4353662109085947,28.540000915527344,-0.9300003051757812,0.009999999999999787,0.009999999999999787,-0.029999999999999805,-0.2975001634513792,0.19865268269686726
2017-03-30,0.003179001652103961,-0.00723300545545795,0.0065699501304446245,0.019102759804597327,2.4458192577743234,27.81999969482422,-0.0800018310546946,0.010000000000000009,0.0,0.029999999999999805,0.31758027326193244,0.5794855401776011
2017-03-31,-0.00233022947928732,0.002108015430704589,-0.00038511466345702574,0.006600745170409062,2.5152741771529077,27.59000015258789,-0.23999786376952414,-0.010000000000000009,0.010000000000000231,-0.020000000000000018,0.8829502386178653,-0.40784441997543713
2017-04-03,-0.0017407365482987108,0.005292550298656713,0.0,-0.008494638179464664,2.516082276500466,26.88999938964844,0.529998779296875,-0.019999999999999796,0.019999999999999574,-0.04999999999999982,-0.6483164274151565,-0.33226167652372496
2017-04-04,0.0006370277794923836,0.002259734577374107,0.0011553387421338619,0.015052010020256905,2.467251711313743,27.96999931335449,3.539997100830078,0.0,0.0,0.009999999999999787,-0.10760906801920651,0.24246544368550807
2017-04-05,-0.0029768489582052402,0.0,-0.00038490601108343,-0.002805025914906487,2.5564518435859096,27.729999542236328,-1.0499954223632812,-0.010000000000000009,0.03000000000000025,-0.020000000000000018,-0.32269551902689775,-0.6357817972684522
2017-04-06,0.0028070544196512003,-0.0036851166978419136,0.002307655470581312,0.016713420785715808,2.516889723350716,26.790000915527344,4.529998779296875,0.0,-0.020000000000000018,0.0,0.09012819373081045,0.7088057550966701
2017-04-07,-0.001019971639894822,0.002346621760815808,0.004599483613133573,0.009166002108157056,2.554899012715967,27.459999084472656,0.410003662109375,-0.010000000000000009,-0.029999999999999805,0.040000000000000036,-0.19286492580472397,-0.2309156305981003
2017-04-10,0.0005952095753905803,0.0,-0.0019139176628613186,0.01628998031762346,2.64262240935519,26.709999084472656,-0.160003662109375,-0.010000000000000009,0.0,-0.009999999999999787,0.5527152066093326,0.16713165699055912
2017-04-11,-0.0011903244721281473,0.014378002485395934,-0.003069732452528832,0.002689354593307891,2.7127059923878547,27.270000457763672,2.05999755859375,0.0,0.0,-0.050000000000000266,-1.0368622527946896,-0.2172641008705296
2017-04-12,-0.004391598026025326,0.006825356086693186,-0.005008787707216568,-0.005386047161963924,2.7581094300024462,26.920000076293945,2.8600006103515625,-0.040000000000000036,0.03999999999999959,-0.040000000000000036,0.6413005105671675,-0.9509309939670678
2017-04-13,-0.006516260015516158,0.0047420728437496,0.003470204749975185,0.001798602820256118,2.770085594411824,26.020000457763672,1.0600051879882812,-0.010000000000000009,0.0,-0.03999999999999959,-0.2857968208408066,-1.43595341373568
2017-04-17,0.008821112207208928,-0.002940703113613842,-0.002697987193793662,-0.006309141535441238,2.6851226860500543,25.799999237060547,-3.5200042724609375,0.020000000000000018,0.010000000000000231,0.019999999999999574,0.697573999232083,2.5105049827804913
2017-04-18,-0.0029889405090094694,0.004733558474010278,-0.008527191341401976,-0.0018099966406075092,2.6686161371476453,26.8799991607666,1.910003662109375,-0.050000000000000044,0.0,-0.07999999999999963,-0.5192506024619282,-0.5358845271586008
2017-04-19,-0.0018399945424536538,-0.008914361418128501,0.003497173530547387,-0.038786032355795794,2.7033726319915394,29.809999465942383,0.2599945068359375,0.020000000000000018,0.0,0.029999999999999805,0.2677694797315615,-0.2657724394670734
2017-04-20,0.008106005357923676,0.001887609614885789,0.00038783079552683373,-0.007561465543852872,2.649714597130255,27.959999084472656,0.7300033569335938,0.010000000000000009,-0.010000000000000231,0.03000000000000025,-0.5130787227288999,1.940381350862125
2017-04-21,-0.003192004596899433,0.002865670925194773,0.0007752106443401462,-0.02109380901183929,2.6830742228543785,30.059999465942383,3.2900009155273438,0.010000000000000009,0.010000000000000231,0.0,0.8015374734472904,-0.8858916600716572
2017-04-24,0.010937876092963374,-0.00680911772728566,-0.009342249266822419,-0.0068060248977024635,2.383243010087874,29.8799991607666,-13.880001068115234,-0.010000000000000009,-0.010000000000000231,0.03999999999999959,0.14570500481635323,2.708652202410443
2017-04-25,0.00580192788944826,-0.010176758825308857,-0.002741307165166249,0.010674498107657285,2.3758355760051844,29.38999938964844,-0.9099998474121094,0.030000000000000027,-0.020000000000000018,0.07000000000000028,-0.8956091056548254,1.111167889062475
2017-04-26,-0.0006289006499644587,0.004894417227160271,0.0023501388825325565,-0.009699341641280154,2.384165115144968,29.31999969482422,-1.4099998474121094,-0.020000000000000018,0.010000000000000231,-0.03000000000000025,0.17971133003814774,-0.3299778065177099
2017-04-27,0.0008381513381778623,-0.003730858335881937,0.0015636667061542078,-0.0019512647911746782,2.3379522036920743,29.8799991607666,-1.1300010681152344,0.010000000000000009,0.009999999999999787,-0.020000000000000018,-0.11010660904708194,-0.02652270465490797
2017-04-28,-0.002181617234876793,0.003151414614046289,-0.0011724984235205608,0.0,2.3813962452135495,28.549999237060547,0.3699989318847585,-0.040000000000000036,0.0,-0.009999999999999787,-0.004290828990896752,-0.6255557710079624
2017-05-01,0.0025169023455741974,-0.009149943206636651,0.0007817886058641561,-0.00882792935504834,2.31352499907365,29.420000076293945,-0.789997100830071,0.040000000000000036,0.010000000000000231,0.040000000000000036,0.4399539835151621,0.4377875047776452
2017-05-02,0.00037710748688292716,-0.0001671121773228451,-0.0015641888833816523,-0.022920738916868046,2.359910174021992,32.22999954223633,0.9199981689453125,-0.030000000000000027,0.009999999999999787,-0.040000000000000036,-0.0846177278620261,-0.022368764345351375
2017-05-03,-0.0012154942445336894,-0.014055680078894415,0.00390616125202236,0.0010075798020844659,2.3683728621065594,32.79999923706055,-0.9399986267089844,0.010000000000000009,-0.06999999999999984,0.040000000000000036,-0.03164067312300048,-0.4034499657100813
2017-05-04,0.0011735594899207555,-0.010137688898777003,-0.006257310416452356,-0.04848812169355141,2.347558462283715,34.66999816894531,0.7000007629394531,0.010000000000000009,0.020000000000000018,0.029999999999999805,0.7539954409773345,0.11987722207146177
2017-05-05,0.003929135074034509,0.001881961358121959,-0.0015705094599951228,0.020921245332342103,2.358019771010265,33.83000183105469,-1.3600006103515625,0.0,-0.009999999999999787,0.0,-0.9379083081703979,0.7252359435613174
2017-05-08,-0.00016643789142754747,-0.002224522938679479,0.005485847507806822,0.0010346849263807847,2.2793165129086996,33.849998474121094,-3.3100013732910156,0.020000000000000018,-0.010000000000000231,0.03000000000000025,0.4491358316164562,-0.25742910740072183
2017-05-09,-0.0009183658523861512,-0.0060137375316390304,0.005067270462191111,-0.010395143778893461,2.298577075426524,34.209999084472656,-0.18999862670898438,-0.010000000000000009,-0.009999999999999787,0.029999999999999805,-0.28665152396160537,-0.3947590441012716
2017-05-10,0.001793854949006094,-8.619187440794861e-05,0.00038873537684118616,0.02985296021872553,2.3233676359128106,34.02000045776367,-0.1900024414062429,0.010000000000000009,0.0,-0.009999999999999787,-0.2326054787953359,0.21109714560483514
2017-05-11,-0.002044785576604295,0.003956305862795571,0.00038858432036693706,0.008080844658730553,2.360854037105731,33.720001220703125,-0.5599975585937571,-0.020000000000000018,0.020000000000000018,-0.020000000000000018,-0.30184407238315913,-0.6603222129638562
2017-05-12,-0.0016724201992607854,0.0028286293961139724,-0.005063233967728723,0.0010055535476462105,2.3418057694675447,33.720001220703125,1.2399978637695312,0.0,0.009999999999999787,-0.06000000000000005,0.9552950851273543,-0.5649329707567996
2017-05-15,0.00550821471199555,0.00264989304932151,-0.0027370195875532645,0.021869685561163157,2.3437270436470965,33.099998474121094,1.0200004577636719,-0.010000000000000009,0.0,0.009999999999999787,0.2695904997862962,1.0314630906887914
2017-05-16,-0.0009157725825900064,0.004344332691827055,-0.007467192647625473,-0.005917218488681364,2.3655598563366795,33.439998626708984,-1.2299995422363281,0.010000000000000009,-0.009999999999999787,-0.009999999999999787,-0.36181425738743156,-0.6030274526526154
2017-05-17,-0.01790346238895468,0.018026089242991115,-0.006728757291505231,0.007881806981718666,2.7466296928572342,33.900001525878906,7.0800018310546875,-0.08000000000000007,0.019999999999999574,-0.10999999999999988,-0.6308887993396467,-5.003097918435754
2017-05-18,0.004020460377560983,-0.008214659464641018,0.003567879938212712,0.0068460559954256995,2.6851226860500543,32.79999923706055,-3.6000022888183594,0.0,0.0,0.009999999999999787,0.3542193114959109,0.6496634601140244
2017-05-19,0.006483055905553083,0.0049536558166890015,-0.007148444239649121,0.021215773162361187,2.4882344367123217,29.76000022888184,-1.1599998474121094,-0.010000000000000009,0.0,0.0,-0.025466828176801723,1.0355855426307052
2017-05-22,0.005064522922270344,0.004178861021674379,-0.0015955674305521037,0.005708904280803393,2.391511330109378,30.59000015258789,-2.3499984741210938,0.010000000000000009,-0.019999999999999574,0.020000000000000018,-0.04226558251670822,0.8105022935422106
2017-05-23,0.0022102268678139245,-0.006358807682167539,0.004381789885676835,0.009442976686715083,2.3721111805520594,31.770000457763672,0.0,0.020000000000000018,-0.020000000000000018,0.040000000000000036,-0.25220319568746474,0.2208919543197937
2017-05-24,0.0023302730716020653,0.003937188086656905,-0.0031848757041675153,-0.003766479074943084,2.304583141341715,30.940000534057617,-1.0600013732910156,-0.010000000000000009,0.029999999999999805,-0.03000000000000025,0.15796873462668584,0.34803309747619166
2017-05-25,0.004768208121446334,-0.0010874337201151904,0.0011954832904345328,-0.05427692664164695,2.3015845697493673,33.029998779296875,-0.09000015258789062,-0.020000000000000018,-0.009999999999999787,-0.009999999999999787,-0.38755806930199255,0.8860040325361317
2017-05-26,-0.00020702490006949557,0.008832634206008617,0.002386506145218921,0.02362312358736986,2.283402316351654,30.040000915527344,-0.2700004577636719,0.0,0.0,0.0,0.19721493801629078,-0.17459257793741445
2017-05-30,-0.0008688216499057672,-0.0033239313084347183,-0.001192450328730193,-0.0038986367918339817,2.3398808887628793,30.299999237060547,0.0,-0.019999999999999907,0.009999999999999787,-0.040000000000000036,-0.3270744741624416,-0.2967251073523358
2017-05-31,-0.00024849840775526065,0.003987406451696997,-0.002389539106923186,-0.027724521833095508,2.342766867969059,32.290000915527344,-0.09999847412109375,0.0,-0.020000000000000018,0.0,1.3102852477091442,-0.18636740922430753
2017-06-01,0.007920466922647012,0.0008286937780719529,0.0011954832904345328,-0.00503274248199306,2.291524180348751,31.190000534057617,0.049999237060546875,0.0,0.010000000000000231,0.0,-0.5193458011192227,1.4855156470997006
2017-06-02,0.0033230040930880464,0.007345383440385594,-0.0047904408754558215,-0.005058199149739681,2.277267285009756,32.470001220703125,-0.2599983215332031,-0.06000000000000005,0.0,-0.06000000000000005,-0.4888119489504176,0.4631772820256977
2017-06-05,-0.0007373073549092222,0.0009862969865506888,0.0007999260684476863,-0.006103728655524326,2.3095606764250305,33.709999084472656,-0.7400016784667969,-0.010000000000000009,0.0,0.03000000000000025,1.4984845004104579,-0.35645178742757205
2017-06-06,-0.0032022359346722557,0.011191515796581182,-0.0024018834319546375,0.01719820561771002,2.34660196015868,32.119998931884766,0.220001220703125,-0.020000000000000018,0.009999999999999787,-0.040000000000000036,-1.1690682029718253,-0.8089264694087053
2017-06-07,0.0018486950536208675,-0.005294262319270385,0.0012017085459569252,-0.05250822366074076,2.3408438381547114,34.22999954223633,1.5799980163574219,0.020000000000000018,-0.020000000000000018,0.040000000000000036,-0.6160124755498076,0.21952176192882103
2017-06-08,0.000492336502551911,-0.006554676702975165,0.0035963941657324804,-0.0031762580886458814,2.3184584271318425,33.84000015258789,-1.0699996948242188,0.0,0.0,0.009999999999999787,-0.32881764868073154,-0.05614219514617368
2017-06-09,-0.0015187986634733529,-0.009166426122606205,0.003185962540188992,0.006342459496033213,2.3702437236421723,32.59000015258789,-1.1699981689453125,0.0,-0.020000000000000018,0.020000000000000018,0.6852755080641774,-0.45169962199541097
2017-06-12,-0.00020569369620612602,-0.0014943988172197275,-0.0015916670129155254,0.003156308384068406,2.4388627146152997,33.95000076293945,-0.24000167846679688,0.0,0.010000000000000231,0.0,0.4047556366346306,-0.1712082438526477
2017-06-13,0.004878022739506461,0.0009965350816834196,-0.001195483290434594,0.008368241322527527,2.3437270436470965,32.34000015258789,-0.6500015258789062,-0.030000000000000027,-0.010000000000000231,0.0,0.3823883443544489,0.7805398299326624
2017-06-14,-0.0012684467636438976,-0.005493177805750778,-0.0007977835883373238,-0.03930413929065743,2.3646205161806737,32.02000045776367,0.5500030517578125,-0.029999999999999916,-0.020000000000000018,-0.06000000000000005,-1.0876741959187095,-0.44762614251019883
2017-06-15,-0.0019257956112345349,-0.00418165701990386,0.005967830184267815,-0.00543176104361449,2.3887627542378747,31.89999961853028,-0.6300010681152344,0.010000000000000009,-0.009999999999999787,0.010000000000000231,0.31934898632604597,-0.5184524383345246
2017-06-16,0.00021804970183191477,0.00016757431865917162,-0.0035762953702768107,0.006514623006883321,2.3398808887628793,27.93000030517578,-0.1100006103515625,0.029999999999999916,0.009999999999999787,0.0,0.17746264235685485,-0.09720146487824385
2017-06-19,0.008290864070048951,-0.00765446009733337,0.0043694244752993175,-0.01307206934493735,2.3389170112056674,30.34000015258789,0.11999893188475852,-0.010000000000000009,-0.020000000000000018,0.029999999999999805,-0.061421117278694475,2.2067162758411625
2017-06-20,-0.006767071009575654,-0.0021131828104241023,0.0015839217877389985,-0.018816280562287832,2.3850862828922756,32.4900016784668,0.0,-0.029999999999999916,-0.009999999999999787,-0.029999999999999805,0.21369667936170839,-2.5657955098112293
2017-06-21,-0.00024662051821788713,0.002872805881766109,-0.001980452973287628,-0.027181715731519014,2.3749057545736716,33.31999969482422,0.040000915527350855,0.0,-0.010000000000000231,0.0,-0.024756964725275773,-0.3865241329987892
2017-06-22,-0.00045311289872018815,0.0033692883509406405,0.00039653118554875533,0.008004581989634052,2.3494686352131553,32.650001525878906,-0.5099983215332031,0.010000000000000009,0.010000000000000231,-0.010000000000000231,0.030638391078566668,-0.3844995218184089
2017-06-23,0.0011935123101358264,0.004279445503072874,-0.003176025397602679,0.0090703486335215,2.304583141341715,31.920000076293945,0.029998779296875,0.0,-0.010000000000000231,0.0,0.3645127903267997,0.11624463200289326
2017-06-26,0.0006578008750872612,-0.00899959554685728,0.0015892282717705007,0.007869703195384464,2.292534718608248,31.770000457763672,-1.1399993896484375,-0.030000000000000027,0.0,-0.009999999999999787,-1.1006879009774044,-0.019859983011941012
2017-06-27,-0.008088611616093219,0.003794725232620678,-0.01117772961660646,0.01885802637992699,2.4033350340342152,32.279998779296875,2.0799980163574148,0.04999999999999993,-0.029999999999999805,0.06999999999999984,0.7287910544127789,-2.5348729147413374
2017-06-28,0.008910398525709752,0.000757258608664271,-0.0032167994466418253,0.010929007880390319,2.305580575350832,30.799999237060547,0.4099998474121165,0.050000000000000044,0.020000000000000018,0.010000000000000231,0.02346055266651322,2.252220830590065
2017-06-29,-0.008827681434657153,-0.004890000706728738,-0.004844592506629453,0.0010863910861795,2.43711594927187,30.459999084472656,2.1500015258789062,0.010000000000000009,-0.03000000000000025,0.04999999999999982,-0.3758482445936255,-2.1878257898682842
2017-06-30,0.001862731739503979,-0.002538742638049931,0.0016174118580822077,0.03100194419737179,2.414126495023534,28.700000762939453,0.5600013732910156,0.040000000000000036,-0.020000000000000018,0.040000000000000036,0.5362297534637208,0.34448612974639486
2017-07-03,0.001694080581920141,-0.01648835238074312,0.006042445604674078,0.012552454174974593,2.417697923893909,30.26000022888184,0.029998779296875,0.009999999999999898,-0.020000000000000018,0.040000000000000036,-0.09588233380087344,0.39559766808439095
2017-07-05,0.0023095011195278545,0.0036971824767883434,0.0004015344905150461,-0.039220701257135886,2.404238719152724,32.61000061035156,1.1899986267089773,-0.019999999999999907,0.010000000000000231,-0.020000000000000018,-0.577881135912716,0.556578072009583
2017-07-06,-0.009186533326645008,-0.0004291636859008885,-0.004425679983755246,0.006465584836251871,2.5289235321627515,32.81999969482422,0.520000457763679,0.04999999999999993,-0.010000000000000231,0.040000000000000036,0.2928841562690309,-2.0616341943586067
2017-07-07,0.006464340995773051,-0.010269798493159019,0.0016116387328744884,-0.022814680918032095,2.415020484824575,33.16999816894531,-1.2000007629394531,0.020000000000000018,0.010000000000000231,0.020000000000000018,0.7410961052536786,1.395441125360419
2017-07-10,0.0010732066549314038,0.0016468254331296226,0.0004023204145768649,0.0032912516989255843,2.4078455727494,33.22999954223633,-2.579998016357422,-0.010000000000000009,0.0,-0.010000000000000231,-0.5457789139719176,0.22707439462664128
2017-07-11,-0.0007428665317726049,0.0012982088742116993,-0.0036282916645043743,0.015217721817477655,2.3878449684712924,33.61000061035156,0.04000091552734375,0.020000000000000018,0.0,-0.009999999999999787,-0.0866006391226259,-0.1383011003731985
2017-07-12,0.00748655307942752,0.0035397924292919544,0.0,0.006451577723023638,2.332143913753538,32.47999954223633,-0.7900009155273438,-0.020000000000000018,0.009999999999999787,-0.040000000000000036,-0.19628697711655504,1.486747448252785
2017-07-13,0.0016788217789459187,-0.0018115086761426493,0.00040398881882121584,0.014893928713345692,2.292534718608248,31.76000022888184,-0.220001220703125,0.0,0.0,0.020000000000000018,0.048762968455474814,0.2491565924496867
2017-07-14,0.004653287097397885,0.008168900176639902,-0.006074254154939886,0.01259196941116647,2.252343900624789,30.280000686645508,-1.1800003051757741,0.0,0.0,-0.020000000000000018,0.20873510636084316,0.8539995559125968
2017-07-17,-0.00012237874339309738,0.004443348999716993,0.0,-0.014706183484425045,2.2844210912894107,30.61000061035156,-1.029998779296882,-0.030000000000000027,0.0,-0.020000000000000018,0.02172455941816444,-0.11559531297686519
2017-07-18,0.00052955821203024,0.006966890452323187,-0.005294271754968899,0.00947876013949287,2.291524180348751,29.959999084472656,-0.4500007629394531,-0.039999999999999925,-0.009999999999999787,-0.040000000000000036,-0.04167729178817745,-0.008493310441844424
2017-07-19,0.0053994745937931635,-0.0002540224323478422,0.0024468503647832474,0.015600901137016265,2.2813614526458945,29.549999237060547,-1.2900009155273438,-0.010000000000000009,-0.010000000000000231,0.0,-0.5465846480262128,0.9152448732823836
2017-07-20,0.000445359460037521,0.00135406277392805,-0.006128575580412978,-0.008290195341949283,2.259677584018892,29.25,-1.2599983215332031,0.0,-0.020000000000000018,0.0,0.6691350054198855,-0.0011798734284480797
2017-07-21,-0.0008909173535011417,0.008589562474350484,-0.0032840527316198354,-0.028497918678843336,2.236445253809719,29.25,0.4500007629394531,-0.020000000000000018,0.0,-0.029999999999999805,-0.31378337930941946,-0.3509889713702587
2017-07-24,-0.00024296693318313827,0.0004191258176561492,0.0004110147697010112,0.016985530028710668,2.2438961290075903,29.239999771118164,-0.4500007629394531,0.010000000000000009,0.010000000000000231,0.019999999999999574,1.4281409123910234,-0.20929521270882132
2017-07-25,0.002427583137594443,-0.003274144692464548,0.0016428402631126476,0.03211051774515876,2.2438961290075903,29.18000030517578,2.5699996948242188,0.040000000000000036,-0.010000000000000231,0.07000000000000028,-0.6317346593002091,0.3437994257802854
2017-07-26,4.09076024003638e-05,0.008040236804835914,-0.005761552082125294,0.015174759074870108,2.26176313821022,29.440000534057617,-2.2900009155273366,0.0,0.020000000000000018,-0.040000000000000036,-0.7063891288955384,-0.164235036427181
2017-07-27,-0.0009301767379719384,-0.0007510021513584453,0.0037076970493116214,0.009990130956469634,2.31352499907365,29.809999465942383,1.1399993896484304,0.029999999999999916,0.0,0.029999999999999805,-0.6845879271642754,-0.3592950984694838
2017-07-28,-0.0011737084309818792,0.00748507747253413,-0.0061868080434310125,0.010875011179337606,2.3311725461387693,29.86000061035156,0.1100006103515696,0.0,-0.020000000000000018,-0.020000000000000018,0.11294041118059554,-0.5268695592133752
2017-07-31,-0.0005674661039144843,0.0004969976741389874,-0.004146127645881655,0.010758016489122316,2.3282528620507943,30.84000015258789,-0.3899993896484446,0.0,0.010000000000000231,0.0,0.5802067693793498,-0.3044261750017176
2017-08-01,0.0022265151236587418,-0.0008284878144892227,0.001660665988025936,-0.018655384563251352,2.3115448494882025,30.540000915527344,1.8300018310546875,-0.039999999999999925,0.0,-0.040000000000000036,-0.13452002345146205,0.3406249904746651
2017-08-02,0.00048503437743613526,-0.0020742591700593687,-0.0012451934669406534,0.004943182533093868,2.330200234051454,30.43000030517578,-1.220001220703125,-0.010000000000000009,-0.010000000000000231,0.010000000000000231,-0.20973937153447456,-0.1716107844996558
2017-08-03,-0.0019417633823210787,0.0015767861990997622,-0.0024947629731660132,-0.01190489067958134,2.3456445422613212,29.64999961853028,-0.8199996948242188,-0.010000000000000009,0.0,-0.029999999999999805,0.06117805362009256,-0.8611258449800154
2017-08-04,0.0018205268416491163,-0.007825504639997654,0.00870452909208195,0.010918188216104852,2.305580575350832,28.530000686645508,-0.6500015258788991,0.010000000000000009,0.0,0.029999999999999805,0.04644549721017794,0.28888263968497424
2017-08-07,0.0018575589864251217,-0.0011707593535362649,-0.0004126171948378125,-0.0029658679413268265,2.2955605087897877,28.729999542236328,-0.36999893188477273,-0.010000000000000009,0.010000000000000231,-0.010000000000000231,0.41377684427085093,0.19770149360140382
2017-08-08,-0.002464033083946604,0.002924332368543731,0.0016502952513731582,-0.00396825523349915,2.394252285000433,29.440000534057617,0.43000030517578125,0.030000000000000027,0.009999999999999787,0.03000000000000025,-0.5303282443356317,-1.5240146040774278
2017-08-09,-4.022749213932573e-05,0.012024832535234552,-0.0008248542861926804,0.008906461521577484,2.4078455727494,29.059999465942383,2.329998016357422,-0.020000000000000018,0.020000000000000018,-0.04999999999999982,0.0876559145562551,-0.4000499104296131
2017-08-10,-0.014215958112069832,0.00739163630100404,-0.0016514695008423472,-0.02392933496004022,2.7750856595161313,29.270000457763672,2.3300018310546875,-0.040000000000000036,0.020000000000000018,-0.040000000000000036,0.0701305402475678,-6.181930151322224
2017-08-11,0.0014756229890183405,0.004734717669981235,-0.0037259269214755856,0.008040236804836134,2.7414849919454967,28.40999984741211,0.060001373291015625,0.020000000000000018,0.010000000000000231,-0.010000000000000231,-0.46255285493985987,0.40222841940962717
2017-08-14,0.009864270788366675,-0.007110509708619871,0.004138885020304318,-0.027398923804920247,2.512035310988585,29.15999984741211,-2.7600021362304688,0.0,-0.010000000000000231,0.03000000000000025,0.7519604238998792,2.6211917883312927
2017-08-15,-0.000121608122663627,-0.007739806493235919,0.004533384680982455,0.003081639065308729,2.4882344367123217,29.309999465942383,-0.6699981689453125,0.030000000000000027,-0.020000000000000018,0.04999999999999982,-0.024009801009996546,-0.07320554188485852
2017-08-16,0.0017425837269947526,0.007329654945785988,-0.003294873278969002,-0.018634111433689815,2.4630017949040526,29.18000030517578,-0.15999984741210938,-0.020000000000000018,0.0,-0.040000000000000036,-0.5988111645445381,0.36521869044864275
2017-08-17,-0.015713482806103712,0.005074451187161032,0.002060626406615178,0.0052110792054037,2.7440606508911505,29.309999465942383,0.3699989318847656,-0.030000000000000027,0.020000000000000018,-0.040000000000000036,0.17474735689802615,-3.742297942295996
2017-08-18,-0.001564271212512352,-0.0015523089133794997,-0.003299137808628554,0.035736357975507435,2.6574584310367695,27.530000686645508,1.3199996948242188,-0.010000000000000009,0.010000000000000231,0.0,0.0601068573048733,-0.15093887817208299
2017-08-21,0.0007827298456798936,0.003754179507042763,-0.0028955238712037733,-0.02642432452511619,2.5794589349159778,28.770000457763672,1.9000015258789062,0.0,0.0,-0.009999999999999787,0.004794586352724387,0.30657030912690314
2017-08-22,0.010402626826349215,-0.004490378194735575,0.004134035273217294,0.00616022667683875,2.4292177775370787,27.96999931335449,-0.7600021362304688,0.030000000000000027,-0.020000000000000018,0.040000000000000036,0.20305191640086573,2.08927318283296
2017-08-23,-0.0035920470748730202,0.0037569391595083405,-0.004134035273217289,0.011196010434165569,2.505525936990736,27.799999237060547,0.7800025939941406,-0.040000000000000036,0.020000000000000018,-0.050000000000000266,-0.07272125338362366,-0.5654496716881997
2017-08-24,-0.0023332711400170267,-0.0031025274301848694,0.0020693426844894483,-0.017356237111004192,2.503891912269508,28.3700008392334,0.4099998474121094,0.010000000000000009,0.0,0.020000000000000018,-0.4762486571669103,-0.30218747152521747
2017-08-25,0.002333271140016977,0.0036729988686282277,-0.008302522346207881,0.004110998777894755,2.423031222397146,28.8799991607666,-1.9300003051757812,-0.040000000000000036,0.0,-0.020000000000000018,0.5198754592859087,0.5084711005627252
2017-08-28,4.109957252712575e-05,0.015762397031869272,-0.002922020648914117,-0.022822595363457477,2.426571045816045,30.38999938964844,-1.7000007629394531,0.010000000000000009,0.009999999999999787,-0.009999999999999787,0.10938566788576248,0.09306459452302089
2017-08-29,0.001143952170647148,-0.0021677522181517517,0.0012533265848167932,-0.00737230255006186,2.4595888255015854,30.489999771118164,2.5400009155273438,-0.029999999999999916,0.020000000000000018,-0.03000000000000025,0.011979149114623965,0.2691620431963022
2017-08-30,0.0047264267695373355,-0.00048233427165646377,0.006243651921320348,-0.008492611877578856,2.417697923893909,29.780000686645508,0.15999984741210938,0.019999999999999907,-0.009999999999999787,0.020000000000000018,-0.6619664068034119,0.8576200093905442
2017-08-31,0.005998091769194363,0.011671721617894353,-0.002908853669483845,0.026303462475168744,2.359910174021992,29.100000381469727,-0.43000030517578125,-0.029999999999999916,0.0,-0.029999999999999805,0.030930300691358558,1.0376935407451249
2017-09-01,0.0014131265852427104,0.0019056530015576626,0.002078520857937916,0.004145079661133198,2.31550132955782,28.96999931335449,-1.690002441406257,0.020000000000000018,0.009999999999999787,0.040000000000000036,0.28323055476698905,0.22725430840204972
2017-09-05,-0.007208158209608942,0.011044617985341777,-0.005413319109774575,0.025524611632743943,2.503891912269508,29.57999992370605,3.8800010681152415,-0.040000000000000036,0.010000000000000231,-0.0900000000000003,0.9058417542073319,-1.1964296676559796
2017-09-06,0.0034080682424807067,-0.0051126987089539664,-0.0008354401023347658,0.01202418147638046,2.453587976370721,30.06999969482422,-0.40000152587890625,0.030000000000000027,0.009999999999999787,0.03000000000000025,0.3310274035482193,0.5770804446395578
2017-09-07,-0.00012128893123546746,0.010355527635418995,-0.00712927479187459,-0.0009965351132518578,2.4466854534816433,29.729999542236328,1.0900001525878906,-0.020000000000000018,0.0,-0.050000000000000266,-0.8068513526415079,0.010236969174457902
2017-09-08,-0.0011755622828759573,-0.0012495406412696415,-0.002528501089512698,-0.030366726199545443,2.4948569711988484,29.489999771118164,0.0,0.010000000000000009,0.0,0.010000000000000231,-0.24850774848055063,-0.17272989421532706
2017-09-11,0.010609693423505642,-0.01400714397659853,0.006728418190388723,0.009207242138124029,2.373043513980568,27.729999542236328,-2.1299972534179688,0.029999999999999916,-0.020000000000000018,0.08000000000000007,0.31086019805043397,1.6845009125429502
2017-09-12,0.003364921432903465,0.002927757716954255,-0.00041930413261358007,0.005078750561154965,2.3589654192190057,27.59000015258789,-0.22999954223632812,0.020000000000000018,0.010000000000000231,0.029999999999999805,-0.4668004360443354,0.3906870826371101
2017-09-13,0.0004797400925772082,-0.007534611170577382,0.0058527959900443885,0.020060834574464767,2.3513752571634776,26.6200008392334,-0.2800025939941406,0.010000000000000009,-0.03000000000000025,0.03000000000000025,0.18916020052541893,-0.11166807503978031
2017-09-14,-0.0003198011547378107,0.004369098124020519,-0.002922020648914117,0.005940653132789356,2.3456445422613212,26.09000015258789,-0.6399993896484375,-0.020000000000000018,-0.020000000000000018,0.0,0.5232013984098589,-0.18163502995996797
2017-09-15,0.0013453031357164432,-0.005006207576558888,-0.0033501595935388597,0.006886372032909022,2.3194422175623313,26.64999961853028,-0.09999847412109375,-0.019999999999999907,-0.009999999999999787,0.0,-0.5085843079229767,0.11774619132027364
2017-09-18,0.0021245429773998916,-0.009364174007229185,0.0025136713171420274,-0.0029454840283973755,2.3174736679045713,27.530000686645508,-0.470001220703125,0.019999999999999907,0.0,0.029999999999999805,-0.054090254518770996,0.26056240284868687
2017-09-19,0.0010005297099809568,0.002088539057238403,-0.002933231526497788,-0.005917218488681364,2.320425041100351,25.76000022888184,-0.2999992370605469,0.010000000000000009,-0.010000000000000231,0.010000000000000231,-0.16281931356251345,-0.12458105625895521
2017-09-20,0.00036011580269170086,-0.008056762706663206,0.007941602524319868,0.012776598185969565,2.2803394567431665,26.989999771118164,-0.7099990844726562,-0.010000000000000009,-0.029999999999999805,0.03999999999999959,-0.10641018415441374,-0.31285358271042124
2017-09-21,-0.0026831784593539455,-0.007633024715443067,-0.0029185561366085397,0.0009761083247974436,2.2690283173549592,26.299999237060547,-0.8400001525878906,-0.010000000000000009,-0.010000000000000231,-0.009999999999999787,0.05534275086324975,-1.0508702644906012
2017-09-22,0.00020078625281053176,0.0045543146609353605,-0.0008354401023347658,-0.0009761083247975212,2.260720904806493,26.38999938964844,2.2099990844726562,-0.019999999999999907,0.0,-0.010000000000000231,0.13088561922807226,-0.21705761888528038
2017-09-25,-0.002046847857808257,0.01041298453601296,0.005833286691024105,0.029824280741589573,2.3233676359128106,26.93000030517578,0.5900001525878906,-0.020000000000000018,0.010000000000000231,-0.03999999999999959,0.5133900930443426,-0.9166453373319596
2017-09-26,0.0006023009589541206,-0.011224726404076811,0.0033181060333454917,-0.0057034774120539155,2.3194422175623313,27.799999237060547,-0.470001220703125,0.010000000000000009,-0.020000000000000018,0.020000000000000018,-0.595098476296331,-0.16784571419103733
2017-09-27,0.003886940384793681,-0.009464790137827282,0.004956841692632312,0.0028558502340644922,2.2894998418505654,27.290000915527344,1.44000244140625,0.04999999999999993,0.020000000000000018,0.06999999999999984,0.0888157337106402,0.7951957231712672
2017-09-28,0.0011989878013616078,0.0018837445698112896,-0.0028883548164762895,-0.008591952551116243,2.256541174464876,27.18000030517578,-0.220001220703125,0.020000000000000018,-0.010000000000000231,0.0,0.48354467849509797,-0.025998704221199924
2017-09-29,0.0035088806032071863,-0.0051683715774129575,-0.0008267114229268458,0.0,2.252343900624789,26.82999992370605,1.0200004577636719,0.0,-0.04999999999999982,0.020000000000000018,0.043299272875832934,0.6263921068518871
2017-10-02,0.004329183811153333,-0.006684614889873692,0.005773054202738297,-0.021318662359293104,2.2460147213220676,27.71999931335449,1.5799980163574219,-0.010000000000000009,-0.010000000000000009,0.009999999999999787,-0.3569006520990406,0.8871360076919719
2017-10-03,0.002137978906040361,0.0004967317019956395,-0.00041127769063070447,-0.0029425948124596523,2.252343900624789,27.950000762939453,0.1399993896484304,0.010000000000000009,0.010000000000000009,-0.009999999999999787,-0.36137135041464,0.2895598832496905
2017-10-04,0.0011856027292296394,0.002809888938788158,-0.0012347549085434577,-0.00987178602597209,2.264883237693826,27.040000915527344,-0.10999679565428977,0.0,0.009999999999999787,0.0,-0.08779134739029744,-0.0014784601534582728
2017-10-05,0.00590770429520734,-0.005378816723625682,0.005339752796283504,0.016724450510038385,2.218115890707453,26.450000762939453,1.0900001525878906,0.0,-0.009999999999999787,0.020000000000000018,-0.15912209579207662,1.5412163052987904
2017-10-06,-0.0011394996020560712,0.0047183541150492775,-0.0016398651642957431,-0.02769709482744003,2.266957875820352,27.59000015258789,-0.6000022888183594,-0.030000000000000027,-0.020000000000000018,0.020000000000000018,0.7372912916232472,-0.9715056450528535
2017-10-09,-0.0016525394924174438,0.008142542011553811,-0.0016428402631126241,0.003004482237068438,2.33505227574588,27.31999969482422,0.0,0.010000000000000009,-0.010000000000000009,-0.020000000000000018,-0.6908156336888586,-1.1147471342455504
2017-10-10,0.0026349934679481385,0.002617800009600174,-0.005357357549512349,0.027615141057408078,2.310553255074379,26.540000915527344,-1.0900001525878906,0.0,0.0,0.0,0.5504582759939358,0.3326301889972503
2017-10-11,0.00156968915567812,0.003181204083906338,-0.0028969108198792877,0.007751969640620806,2.287471493911888,26.43000030517578,-1.2000007629394602,0.0,0.0,0.0,-0.20861093104003203,0.1412739418758577
2017-10-12,-0.001491129044766681,0.0008140547013934963,0.0020701993969524566,-0.012627668475722357,2.2935443329445313,25.850000381469727,-0.8699989318847585,-0.020000000000000018,0.0,-0.020000000000000018,-0.4743811649222937,-1.2380772320805926
2017-10-13,0.0012168248286022953,0.007539254296557061,0.0,0.01359247598931543,2.2628041872566276,25.729999542236328,-0.9700012207031321,-0.04999999999999993,0.0,-0.050000000000000266,0.5297363508645667,0.061904058446042395
2017-10-16,0.001332342304869205,-0.006888462515220647,0.002478180923769121,0.00864145107804745,2.2935443329445313,26.31999969482422,0.0,-0.010000000000000009,0.0,0.020000000000000018,0.43223771209102047,0.08178442223293127
2017-10-17,0.0007049646806633905,-0.00685440441719968,0.0024720547217876028,0.0028639383054405946,2.3331143387288384,25.8700008392334,-1.8199996948242045,0.0,-0.020000000000000018,0.0,-0.6896985515207986,-0.20284225117645313
2017-10-18,0.000978021324048651,-0.0037735819439875884,-0.0012351694061537087,-0.000953765375999943,2.3095606764250305,26.40999984741211,1.2600021362304616,-0.010000000000000009,0.0,0.040000000000000036,0.7067240975143589,-0.04835202369186145
2017-10-19,0.0002738190667190197,0.005900215657301748,-0.002475396717647398,-0.012482078644799628,2.307572653483678,26.299999237060547,1.2000007629394531,0.0,-0.010000000000000009,-0.009999999999999787,-0.19371374172268785,-0.36905122090387343
2017-10-20,0.0051472303615942286,-0.006393454395473306,0.005766203829741438,0.007699741703747836,2.299580610756977,24.51000022888184,2.4899978637695312,0.040000000000000036,0.0,0.06000000000000005,-0.2802734381462117,1.854332000825996
2017-10-23,-0.003896955116082274,0.0015611723194451613,0.0012313011768982328,-0.0009592546250069779,2.404238719152724,25.07999992370605,0.11999893188475852,0.010000000000000009,0.0,-0.010000000000000231,0.781841992152919,-2.444503124973398
2017-10-24,0.0017554380315390715,-0.0038662591759729935,0.0016392865687939943,0.011450495846862216,2.412335943280415,25.600000381469727,1.8400001525878906,0.019999999999999907,-0.020000000000000018,0.040000000000000036,-1.2964724488898434,0.2019800724778335
2017-10-25,-0.00496251834848222,0.0001647984431065092,-0.0024599855411769024,-0.005708904280803422,2.41858872798778,25.440000534057617,1.4200019836425852,0.010000000000000009,0.010000000000000009,0.020000000000000018,0.47852427222550215,-2.721110221374522
2017-10-26,0.0012919876846630353,-0.008440935931399107,0.010616628348944362,0.00855113579710948,2.4248027425974863,25.21999931335449,-0.010002136230475855,0.0,-0.020000000000000018,0.020000000000000018,0.6432625897420547,0.043653278250032373
2017-10-27,0.00814299275143891,0.004725786574733635,0.002434131036557426,0.025223239077608813,2.282382405139267,25.18000030517578,-2.680000305175774,0.0,0.020000000000000018,-0.040000000000000036,-0.2690579471536725,2.6645597115921302
2017-10-30,-0.003732368778730643,0.0019005561122996506,-0.00487420152736776,0.0027636805171009212,2.3513752571634776,25.32999992370605,-2.9799995422363352,-0.039999999999999925,-0.010000000000000009,-0.04999999999999982,-0.3018568992431007,-1.6596290448696582
2017-10-31,0.0015568808407453452,-0.0038047944426043163,0.0008141114455302251,0.005504639504403549,2.320425041100351,25.309999465942383,-0.539997100830071,-0.010000000000000009,-0.010000000000000009,0.009999999999999787,-0.24873121770384551,0.161510392998832
2017-11-01,0.0013213576332579346,0.0036396966611631793,0.002031966533763434,-0.0027485758715035573,2.3223877015907286,25.64999961853028,-1.210002899169929,-0.020000000000000018,0.010000000000000009,-0.009999999999999787,0.2804122102290713,0.13301250015822327
2017-11-02,0.0003882269451061324,0.0006603535530684753,0.0,0.008222993351282392,2.2955605087897877,25.64999961853028,-1.2099990844726491,-0.020000000000000018,-0.010000000000000009,-0.020000000000000018,0.2460867279990254,-0.15178418881545674
2017-11-03,0.0033334345680675124,-0.004714451332297365,0.0024332366356594405,0.017140747434377136,2.2126604230287223,24.81999969482422,-2.8999977111816406,-0.030000000000000027,0.0,-0.010000000000000231,0.19704096616183694,0.7996599756911191
2017-11-06,0.0015462434331104953,0.008502950979343818,-0.0024332366356593213,0.029089747595733306,2.240709648694071,26.850000381469727,-0.7800025939941406,0.0,0.010000000000000009,-0.020000000000000018,-0.11774694043719143,0.2834659332048117
2017-11-07,-0.000695486744830019,-0.0036235108435323914,0.0016227537295457955,-0.0017391706786934317,2.291524180348751,28.75,-0.8499984741210938,-0.020000000000000018,-0.020000000000000018,0.0,0.08884150060551929,-0.5180270786252775
2017-11-08,0.001699345089728085,0.003459056119704665,-0.00040534903916202415,-0.0069869214397618035,2.2803394567431665,27.989999771118164,-0.22999954223632812,-0.019999999999999907,0.020000000000000018,0.0,-0.40259594957300054,0.2821878017807308
2017-11-09,-0.003634341969235523,0.004102401645100611,-0.004063482669677474,0.004372564114487326,2.3513752571634776,28.3700008392334,1.0200004577636719,0.029999999999999916,0.010000000000000009,0.010000000000000231,-0.03575311042899695,-1.5438740745948965
2017-11-10,-0.0003099796668170187,-0.008221702339946372,-0.0008145886868468603,-0.003496503706704725,2.423917374782742,29.39999961853028,2.299999237060547,0.030000000000000027,0.0,0.06999999999999984,-0.1370701300661358,-0.2937103275489179
2017-11-13,0.0009294485310582508,0.001484906303430995,0.0008145886868470079,-0.003508772154090454,2.4423470353692043,30.21999931335449,-0.9000015258789062,-0.030000000000000027,0.0,0.0,0.8660445143385557,0.09568719894082521
2017-11-14,-0.0023252769070544643,0.002058715307154061,-0.0069458554517647045,-0.022213263184848175,2.4501426705171383,30.07999992370605,1.3800010681152344,0.0,0.0,-0.020000000000000018,-0.22403303324966137,-0.979516622587117
2017-11-15,-0.005017801413866713,-0.0012346702455872252,-0.00041000343398642426,-0.0036003604483283115,2.5748996970306925,29.84000015258789,0.22999954223632812,-0.04999999999999993,0.020000000000000018,-0.04999999999999982,-0.6188538344136637,-1.77829790552877
2017-11-16,0.008465052708849194,-8.238652462762423e-05,0.0012295998714523114,-0.0018050959686040718,2.4647039619332216,28.420000076293945,-0.2599983215332031,0.0,-0.030000000000000027,0.040000000000000036,0.36614800476732956,2.511678839762302
2017-11-17,-0.002942812196657636,0.011954609509226865,-0.002871671916292495,0.02497905838435463,2.436241504506262,26.959999084472656,1.3499984741210938,-0.030000000000000027,0.010000000000000009,-0.020000000000000018,0.16296041217078494,-0.9252012128635898
2017-11-20,0.0017047461369222594,-0.012696268046166,0.00491796231935555,-0.006186555139932828,2.3655598563366795,27.18000030517578,-0.990001678466804,-0.020000000000000018,-0.020000000000000018,0.020000000000000018,-0.2155170591356939,0.34425160519730785
2017-11-21,0.006521552265689161,0.001647348843739489,-0.0012271782398328758,0.010582099541047003,2.2752138491512865,26.63999938964844,-0.00999832153319602,-0.010000000000000009,-0.030000000000000027,-0.010000000000000231,0.9200070881000333,1.7057747389851696
2017-11-22,-0.0008850062169013434,0.009175087875407823,-0.007807705639308594,0.017391809059446962,2.290512523342865,26.82999992370605,-1.2099990844726562,-0.010000000000000009,0.030000000000000027,-0.040000000000000036,-1.3267938238904233,-0.42004620487689126
2017-11-24,0.0023071926618749962,-0.002531110250715074,-0.0045483803207216475,0.016246580316103782,2.2690283173549592,26.8799991607666,-0.720001220703125,0.010000000000000009,-0.010000000000000009,0.020000000000000018,-0.4170566868291172,0.4495673541675916
2017-11-27,-0.0004994603007292881,0.004160741332319787,0.001242520452463296,-0.017109040796605,2.2894998418505654,28.36000061035156,-0.8699989318847656,-0.010000000000000009,0.030000000000000027,-0.020000000000000018,-0.11438428813123336,-0.397256107419476
2017-11-28,0.010093657730872218,-0.00016287471547656875,0.00413071415445105,-0.000863204960712723,2.305580575350832,28.1299991607666,-0.3600006103515625,0.010000000000000009,-0.020000000000000018,0.020000000000000018,1.8934004433659677,2.548344391974094
2017-11-29,-0.0006089657663523806,-0.006289558392421398,-0.0004124833210771907,-0.00954451113451791,2.3702437236421723,28.020000457763672,0.6100006103515625,0.0,0.010000000000000009,0.03000000000000025,-0.6867311813199435,-0.4042586223951087
2017-11-30,0.00871665731855382,-0.007732229391441411,-0.002477063553843413,0.0,2.423031222397146,25.950000762939453,1.2900009155273438,0.050000000000000044,-0.040000000000000036,0.04999999999999982,-0.024336838224488636,2.0551362622652767
2017-12-01,-0.0020773487711606598,0.0040380612309282235,-0.0008272421757342128,0.017286498414170112,2.436241504506262,23.729999542236328,3.339996337890625,-0.050000000000000044,-0.009999999999999787,-0.04999999999999982,-0.15452849393078913,-0.8634440420212122
2017-12-04,-0.001210775581178283,-0.003377653154607993,0.0033043057295775984,-0.015544380895503567,2.457878003528144,23.68000030517578,-1.4099998474121094,-0.020000000000000018,0.0,0.0,0.15048010528627911,-0.5999556090921944
2017-12-05,-0.0036030118830446857,-0.007122188370048705,0.0016482554414995927,0.00434218583374921,2.427454068306116,23.1299991607666,0.48000335693359375,-0.039999999999999925,-0.030000000000000027,-0.010000000000000231,-0.05731556829691053,-1.150858328989278
2017-12-06,0.00018992832464022642,-0.002079954164184071,0.002467066021112958,-0.029905496503173076,2.399711845264121,23.1299991607666,0.07999801635742188,0.020000000000000018,0.020000000000000018,-0.029999999999999805,-0.501682027459974,-0.15835857636423775
2017-12-07,0.0031481855249491297,-0.013246352701112138,0.0020512335828608997,0.011540307034965516,2.3184584271318425,23.1299991607666,-0.07999801635742188,0.019999999999999907,0.019999999999999796,0.040000000000000036,-0.35083338831608807,0.550381670685833
2017-12-08,0.005438386395683752,-8.435250698713456e-05,0.0016381309527531318,0.0140230036344584,2.259677584018892,23.850000381469727,-1.75,0.010000000000000009,-0.009999999999999787,0.009999999999999787,0.44537245492528177,1.0407795125572836
2017-12-11,0.003008383883914762,-0.003974813553107255,0.0,0.009528059057065486,2.2343062685777846,22.959999084472656,-0.9200019836425781,-0.010000000000000009,-0.020000000000000018,0.010000000000000231,0.2487572852813862,0.4208337985388846
2017-12-12,0.001763375111746863,0.0011856318079055527,0.0016351720695051693,-0.013889181725769742,2.294552928987703,22.84000015258789,0.18000030517578125,0.0,-0.010000000000000009,0.009999999999999787,-0.20396334054311652,0.06690091894677032
2017-12-13,-0.0001124796793124113,0.008596013189973923,-0.006968633444508872,-0.009661880965754027,2.320425041100351,23.489999771118164,-1.720001220703118,0.0,-0.010000000000000009,-0.040000000000000036,-0.24471275389216887,-0.39819569533331445
2017-12-14,-0.004094710195355476,-0.00201594243248492,0.0008222924603317451,0.008787436200146409,2.3504224005891556,23.0,-0.18999862670899148,-0.039999999999999925,-0.010000000000000009,-0.009999999999999787,-0.46743051493551074,-1.3207378951799238
2017-12-15,0.008293265517156407,0.00209987057429634,0.0041018175906386446,0.0026212101090374827,2.242835096687416,21.25,1.5900001525878906,-0.020000000000000018,-0.020000000000000018,0.0,1.1684298856057354,1.5735819343247033
2017-12-18,0.006321170084374389,0.004604277886820867,-0.001517116246168789,-0.001746765343429887,2.254444689646298,18.43000030517578,0.2999992370605469,0.040000000000000036,0.010000000000000009,0.040000000000000036,-0.1009824749731022,0.9791719059569266
2017-12-19,-0.0038480680020339443,0.0007513783425439744,-0.002876589858645442,0.006100293347397709,2.305580575350832,18.8799991607666,2.229999542236328,0.039999999999999925,0.0,0.06999999999999984,-0.13986746656667734,-1.386517025520782
2017-12-20,-0.0005241770618227188,0.0026671102328525206,-0.0012352275730762086,0.008650523519235261,2.274185645944447,19.459999084472656,0.9900016784667969,0.030000000000000027,0.010000000000000009,0.03000000000000025,-0.36503153852967374,-0.576923293172423
2017-12-21,0.0020578086622938105,0.0014140004111242409,-0.00041201913882047303,0.002580705659870472,2.2638442527814697,17.860000610351562,1.6499977111816335,-0.030000000000000027,-0.030000000000000027,-0.010000000000000231,0.48540022527108,0.054119529048331616
2017-12-22,-0.0002615877405755249,0.005222850279184027,0.0004120191388204448,0.0017166960375328724,2.292534718608248,19.26000022888184,-1.2199974060058523,-0.020000000000000018,0.0,0.0,-0.24575030016028823,-0.451211390959926
2017-12-26,-0.0011971004251211325,0.006839416919106776,-0.0008244902935528416,0.024567094580536828,2.327277705584417,20.989999771118164,-1.5600013732910156,-0.019999999999999907,-0.010000000000000009,-0.009999999999999787,0.3801555308039698,-0.686261250045186
2017-12-27,0.0004865090806224963,0.0037705513021491182,-0.0020638748056826784,-0.0025135943787406964,2.3485140503866293,20.63999938964844,-1.0900001525878906,-0.020000000000000018,-0.020000000000000018,-0.050000000000000266,-0.5983587674180151,-0.23666327473129645
2017-12-28,0.0020549956793158245,0.0050595432932777126,-0.0028969209841447612,0.0041858738403504495,2.320425041100351,20.709999084472656,-1.5400009155273509,-0.010000000000000009,0.0,0.010000000000000231,0.07893642545877264,0.12784720535452268
2017-12-29,-0.003777458459781233,0.006490919761210391,-0.00415270467487347,0.003336113271444082,2.4015250373936077,21.31999969482422,0.4099998474121094,-0.010000000000000009,0.010000000000000009,-0.03000000000000025,0.8396104862258945,-1.3376320310785157
2018-01-02,0.0071319698182075,0.012058023762451863,-0.004170212207699895,0.004983354676116995,2.2793165129086996,22.729999542236328,2.569999694824226,0.030000000000000027,0.010000000000000009,0.06000000000000005,-0.27521711675068383,1.6105725655937806
2018-01-03,0.0063049128483856605,-0.0026403330092135157,0.0037539821935957964,0.022123021016935106,2.2137538375967485,22.75,-1.5699996948242259,-0.040000000000000036,-0.010000000000000009,-0.020000000000000018,-0.7514700469741759,1.470464200856343
2018-01-04,0.00420608533769414,0.005114278310262769,-0.003336091769817937,0.0024281463103586875,2.221375066530412,22.1200008392334,-0.21999740600585227,0.0,-0.020000000000000018,0.020000000000000018,1.5351744687834175,0.7656146012998032
2018-01-05,0.006642342559380211,-0.0010367021379345971,0.0008350669138774791,-0.004862202869080574,2.221375066530412,22.299999237060547,-1.3100013732910156,0.010000000000000009,0.010000000000000009,0.010000000000000231,-0.8066270190675766,1.3406220755221903
2018-01-08,0.0018268738665079478,-0.0001596255390368383,0.00458034984703415,0.005670302216639084,2.2533948968876922,21.89999961853028,-0.1699981689453125,0.020000000000000018,-0.020000000000000018,0.020000000000000018,-0.34097259465388446,-0.06192656863430133
2018-01-09,0.002260549292584109,-0.004639219643041699,0.002075294075737844,0.015230721823584821,2.310553255074379,22.959999084472656,1.3899993896484375,0.039999999999999925,0.0,0.05999999999999961,0.7124980759132795,0.03332823409178799
2018-01-10,-0.0015309608899050787,0.002402270692406848,-0.002490737486506485,0.008712974752519325,2.2844210912894107,23.520000457763672,1.8799972534179688,0.0,-0.010000000000000009,0.0,-0.5692764666182114,-0.9766700343982224
2018-01-11,0.007269518789544664,0.003273877321212141,-0.004164906436265498,0.0015760053694822962,2.290512523342865,23.520000457763672,-0.9799995422363352,-0.009999999999999898,-0.040000000000000036,-0.009999999999999787,0.22533894187764542,1.4845749486094855
2018-01-12,0.006498024847602148,0.012044492942167013,-0.010489083486461506,0.013297034269914658,2.3184584271318425,23.520000457763672,-0.5799980163574148,0.0,-0.010000000000000009,0.009999999999999787,-0.03673901173618646,1.1642848366998122
2018-01-16,-0.00342414120240006,0.001652690627169873,-0.005497868454189089,-0.008583716861875547,2.4561641678359063,26.40999984741211,-1.7000007629394531,-0.050000000000000044,-0.020000000000000018,-0.009999999999999787,-0.5590819904176708,-1.3981667082709537
2018-01-17,0.009486519574958299,-0.008132363237354166,0.002541182279954327,0.001566132201023957,2.477378370555463,24.700000762939453,-0.029998779296875,0.010000000000000009,0.0,0.029999999999999805,0.004213944647358655,1.786149736224442
2018-01-18,-0.0016820910888348415,-0.002222213448585594,-0.00126973563335917,-0.001566132201023956,2.5030739755952336,24.3799991607666,2.6699981689453125,0.04999999999999993,-0.020000000000000018,0.050000000000000266,0.6279938820980008,-1.0317428450970434
2018-01-19,0.004539193169543596,0.0044394996120163946,0.0016927514219182,-0.00313971694928459,2.4221443686695787,21.200000762939453,0.0,0.010000000000000009,0.0,0.020000000000000018,-0.27118955950009765,0.5659507967979448
2018-01-22,0.008097936672585185,0.0018177059354296304,-0.0033883731105472065,0.004705849150308553,2.40061880905609,22.030000686645508,4.04999923706054,0.0,0.0,0.020000000000000018,0.22581148570097895,1.4747809813778339
2018-01-23,0.002120184759950779,0.004961985943158682,-0.002548835625429953,0.014757590861425775,2.40694514268493,22.34000015258789,-0.04999923706053977,-0.010000000000000009,0.0,-0.03000000000000025,-0.39593694613597175,-0.1417376465559273
2018-01-24,-0.0003883651958406154,0.012104345577545294,-0.00983116683832111,0.019091835705849852,2.4397349544219074,23.93000030517578,1.5600013732910156,0.0,0.010000000000000009,0.020000000000000018,0.22443096700538442,-0.811506487324048
2018-01-25,0.0004234299948890236,-0.006697849027902464,0.0012877227454568833,-0.012176698644190817,2.4492794655564256,22.350000381469727,-0.7299995422363281,-0.019999999999999907,-0.039999999999999813,-0.020000000000000018,-0.17917437541726355,-0.5678257294695471
2018-01-26,0.011512066444640173,0.0007811756386790387,-0.0021471921152691896,0.013688377243514108,2.405141674433403,22.290000915527344,2.25,-0.020000000000000018,-0.010000000000000009,0.03000000000000025,0.34415622847090765,2.2042905165989675
2018-01-29,-0.0066521762346133835,-0.005637857183470335,0.0025760974027504435,-0.009867261633959491,2.62756296121466,22.729999542236328,0.34999847412109375,0.05999999999999994,-0.010000000000000009,0.040000000000000036,-0.2551268812582099,-2.3179067008851493
2018-01-30,-0.010310277124656946,-0.00432812337307631,-0.001716628032937996,-0.016147989791425465,2.6939512741434677,22.89999961853028,1.299999237060554,0.010000000000000009,0.0,0.029999999999999805,-0.21924993279974836,-2.7727786731407904
2018-01-31,0.0004965346022757583,0.00668108957049156,-0.001289481221382036,0.0061823942127670105,2.605648264666775,22.229999542236328,-0.07999801635742898,-0.020000000000000018,-0.030000000000000027,-0.009999999999999787,0.04833787225948636,-0.3405929540974519
2018-02-01,-0.0011358968079612744,0.0032848909860550284,-0.00517461710681184,0.019832857212617874,2.6004650102462374,22.239999771118164,0.6300010681152344,0.040000000000000036,0.0,0.05999999999999961,-0.3668281270544982,-0.6874942553988822
2018-02-02,-0.02201022744960968,-0.013204686797240324,0.006034554002646231,-0.015220979648588807,2.8512843383355686,23.799999237060547,2.5,0.06999999999999995,0.020000000000000018,0.06000000000000005,0.20653389257883442,-4.482073307229064
2018-02-05,-0.042722078744686066,0.0025286437555192493,0.004288041335619801,-0.02092284768187551,3.619529367801871,25.90999984741211,0.07999801635742188,0.0,0.04999999999999982,-0.06999999999999984,0.8680200405984502,-5.834347417197734
2018-02-06,0.019510470183635074,-0.010551899645680993,0.0021371937821217865,-0.00549672744519776,3.400530477405483,26.59000015258789,0.0,0.0,-0.019999999999999796,0.020000000000000018,-0.4539860856567747,1.733504384327104
2018-02-07,-0.00543955733690519,-0.004716772083453232,0.007656394058312627,-0.026327801293144725,3.3225148431198006,26.790000915527344,5.659999847412109,0.0,0.010000000000000009,0.04999999999999982,-0.4627505924024974,-0.3668244366302065
2018-02-08,-0.038230442624321515,0.001521419504394612,0.0,-0.022895499905206302,3.5103506681968324,29.5,1.779998779296875,0.030000000000000027,0.009999999999999787,0.010000000000000231,0.4264589474716667,-2.900707901077775
2018-02-09,0.014909539546169933,-0.0016817358427458674,0.0008470924359906864,-0.01920731262607807,3.36936263976438,29.850000381469727,0.0,0.06000000000000005,0.040000000000000036,-0.020000000000000018,-0.07691176471555754,1.1870374794566898
2018-02-12,0.014577873848402709,0.0047973715177869495,-0.0033927805653001376,0.002526374955983139,3.242982924043982,29.420000076293945,2.0100021362304688,-0.010000000000000009,-0.030000000000000027,0.029999999999999805,-0.02188752778370633,1.0776856228595844
2018-02-13,0.0024843854563451956,0.005647253596785232,-0.00553768199662884,-0.0016835405972191399,3.2176750767928626,30.38999938964844,-0.8899993896484375,-0.040000000000000036,0.050000000000000044,-0.029999999999999805,0.25657521884478124,0.2753298384380495
2018-02-14,0.013405955044272371,0.016908852519764518,-0.007718872969758594,0.025781088356846095,2.9580304182537716,27.729999542236328,0.5499954223632812,0.010000000000000009,-0.030000000000000027,0.08000000000000007,0.023256862164267398,0.9788066826202668
2018-02-15,0.012679585690914347,0.0011691607653979673,-0.004313940083003785,0.012240023651351533,2.951257739582145,27.56999969482422,-2.839996337890625,-0.030000000000000027,-0.030000000000000027,-0.010000000000000231,-0.18845188728860335,0.8631411701058663
2018-02-16,0.0002928633142528593,-0.0032769459911664296,0.00689355616387725,0.004046965511881032,2.968361029711232,26.96999931335449,-3.650001525878899,-0.04999999999999993,0.030000000000000027,-0.029999999999999805,-0.09596479997871583,0.08753288174054732
2018-02-20,-0.006280758718083494,-0.01353286775093791,0.006419833179995184,0.0008074468502502648,3.025291094313483,27.57999992370605,-2.770000457763679,-0.030000000000000027,0.010000000000000009,0.009999999999999787,-0.004605721716028603,-0.32145801559556
2018-02-21,-0.004986847805281888,-0.004604964057785635,0.003832209742421935,-0.008103802876676119,2.9967317967523925,26.93000030517578,0.9000015258789062,0.050000000000000044,0.0,0.06000000000000005,0.17846718460721994,-0.21067254282933862
2018-02-22,0.0012953523010540756,0.005080177401414198,-0.0034056827127834457,0.024116939701984655,2.9295924343696638,24.979999542236328,-0.020000457763671875,-0.010000000000000009,0.010000000000000009,-0.020000000000000018,-0.6453565167235968,0.21507145532499838
2018-02-23,0.015813284706121675,-0.0012676571223932977,0.0021299105288969957,0.014195845715225475,2.8027541226914687,24.3700008392334,3.4599990844726562,-0.040000000000000036,0.0,-0.040000000000000036,0.10332860197241979,1.1170791970823855
2018-02-26,0.011545510365471709,0.0024545525850457493,-0.001277401857866475,0.007022986221274541,2.7600099521047476,24.36000061035156,-0.8799972534179688,0.010000000000000009,0.020000000000000018,-0.020000000000000018,0.2079533858202345,0.782004065129884
2018-02-27,-0.012565027219754684,-0.01049377405473232,0.006370850570150006,-0.016464507094705302,2.9226238099414155,25.290000915527344,0.20999908447265625,-0.010000000000000009,-0.010000000000000009,0.040000000000000036,-0.26481624771477763,-0.6912581970994107
2018-02-28,-0.010181715244076016,-0.0010394376248336417,0.002959185429455041,-0.02238300786491175,2.9882040263508176,26.920000076293945,-0.9599990844726562,-0.010000000000000009,-0.010000000000000009,-0.029999999999999805,-0.12016047959870654,-0.48376789816710897
2018-03-01,-0.0146476470207918,-0.0022425027652310265,-0.003382738563572373,-0.0016180831906849947,3.1121810556389145,26.979999542236328,0.6899986267089844,-0.030000000000000027,0.040000000000000036,-0.06000000000000005,0.3951290987775022,-0.7369720772106285
2018-03-02,0.005141917248639146,0.005357640797750739,-0.004244457314059074,0.001618083190685105,2.97501923974552,26.14999961853028,1.6400032043457031,0.020000000000000018,0.0,0.04999999999999982,-0.5588584989935137,0.4464232406155995
2018-03-05,0.011491762912401327,-0.0016761714003699012,0.0,0.017628683023116994,2.930126492015865,26.299999237060547,-0.5900039672851562,0.030000000000000027,0.0,0.020000000000000018,1.3201227467603587,0.8040660719587157
2018-03-06,0.0025315978042325707,0.010726720619181963,-0.002555348793004096,-0.001589861851973794,2.9101744184358926,25.549999237060547,-1.2099990844726562,-0.010000000000000009,0.030000000000000027,0.0,-0.10283997416489586,0.23956236414837345
2018-03-07,-0.0003665759650904222,-0.006422202914569186,-0.0008532360622160138,-0.017656904361828183,2.8769487504515148,26.940000534057617,-0.15000152587891336,0.010000000000000009,0.020000000000000018,0.010000000000000231,-0.42717513337216495,0.004784284086119303
2018-03-08,0.0048274595110965185,-0.002389131123572725,0.006381595522684057,-0.016326955572350796,2.805781744947862,26.15999984741211,-1.7699966430663991,-0.030000000000000027,0.010000000000000009,-0.03000000000000025,-0.42664277859109145,0.23970983146515262
2018-03-09,0.01725254825872131,0.000956349666608725,-0.0012730652813971082,0.0259966427157707,2.683757531984173,26.229999542236328,-2.6100006103515625,0.020000000000000018,-0.010000000000000009,0.040000000000000036,0.8440595399762081,1.261852862289676
2018-03-12,-0.0012558602415086901,0.0,-0.0012746880427079456,-0.00805160395273499,2.7587432984957503,24.020000457763672,-0.6800003051757812,-0.030000000000000027,0.020000000000000018,-0.029999999999999805,-0.2105506257359939,-0.2399439915665901
2018-03-13,-0.006483606977517423,0.001909899228192024,-0.002554260954470839,-0.010564918768224007,2.794227920674744,25.5,-3.220001220703125,-0.020000000000000018,0.010000000000000009,-0.03000000000000025,-0.6719579953535252,-1.0447018369609482
2018-03-14,-0.005144738962886208,-0.0006362480921954514,0.0004261634891383664,0.003262642589295396,2.8466520239720103,25.209999084472656,2.779998779296868,-0.029999999999999916,0.0,-0.029999999999999805,0.3725375263792476,-0.8124082800251909
2018-03-15,-0.0010903924073180596,-0.006384661969759812,0.0038273207045491425,0.00487412986856986,2.8088001133999354,25.06999969482422,-0.1399993896484304,-0.020000000000000018,0.010000000000000009,0.009999999999999787,-0.5934047279738717,-0.30297993768823206
2018-03-16,0.0010840951602539702,-0.002404835241203122,0.0025435298656008394,0.016874649933240952,2.7600099521047476,24.530000686645508,1.2999992370605469,0.010000000000000009,-0.020000000000000018,0.03000000000000025,0.9254347908799611,-0.05318460745009105
2018-03-19,-0.013622804060079891,0.0021646240154515875,-0.004242753104817571,0.0,2.9454910811847346,25.280000686645508,0.970001220703125,0.0,0.010000000000000009,0.0,-0.3964932194674877,-1.6225788747602883
2018-03-20,0.0016991573935008302,-0.0044947919586221805,0.005934884722124647,0.02050546788981583,2.901421636002499,25.299999237060547,-2.0900001525878906,0.010000000000000009,-0.010000000000000009,0.040000000000000036,0.060813747112506776,0.21394038555535452
2018-03-21,-0.0019208219509418035,0.017305793278473782,-0.008062982187457053,0.02847440356321501,2.882563609622572,25.950000762939453,-2.1699981689453125,0.029999999999999916,0.030000000000000027,0.0,-0.35117894432932617,-0.1895638538163569
2018-03-22,-0.0253153014438506,-0.0039610286020946425,0.001277401857866424,-0.017604778811834868,3.150168633396023,26.46999931335449,0.20999908447265625,-0.039999999999999925,0.020000000000000018,-0.06000000000000005,0.0270358369690958,-2.800702733965094
2018-03-23,-0.02154507428142088,0.012855551688487309,-0.003410037782019847,0.025163350523710593,3.2136622915601216,27.559999465942383,0.23999786376953125,0.0,0.030000000000000027,-0.010000000000000231,0.14995780156722233,-1.9489554454188953
2018-03-26,0.026991552367846932,0.005236622780197456,-0.004707968046737373,-0.005285002518728045,3.045950022365369,27.709999084472656,-1.6199989318847656,-0.020000000000000018,-0.030000000000000027,0.03000000000000025,0.29794584591000983,2.5322312687528616
2018-03-27,-0.01715795917082541,-0.006177451915059426,0.004707968046737373,-0.009889781225786246,3.1135153092103742,27.3799991607666,1.720001220703125,0.0,0.020000000000000018,-0.07000000000000028,-1.3846248187431067,-1.2481426442711572
2018-03-28,-0.0029591964331083112,-0.013901136089334711,0.00892657071696628,-0.003062786623056672,3.129826044730509,26.670000076293945,2.0799980163574148,-0.030000000000000027,0.0,-0.009999999999999787,0.16376370604331722,-0.007043801924561474
2018-03-29,0.012696571643777516,0.0004770798243684067,-0.0008466373567801993,0.003827038005511924,2.994231113043872,25.06999969482422,0.1900024414062571,-0.020000000000000018,-0.010000000000000009,-0.029999999999999805,-0.45799147279773206,1.2169054687644247
2018-04-02,-0.021820798308398507,0.011618397461991309,-0.0004235393018733119,-0.027101959400227405,3.1620938462998422,27.530000686645508,0.11999893188476562,0.010000000000000009,0.010000000000000009,-0.010000000000000231,2.303838039072461,-1.61382967240318
2018-04-03,0.012735332127249546,-0.007572201071777906,0.0016932749352325733,0.005479516487195603,3.0492730585611545,26.88999938964844,-2.6399993896484375,0.030000000000000027,-0.020000000000000018,0.06000000000000005,-0.63663824649629,1.093818180079971
2018-04-04,0.010642263592733306,0.0011868954626523271,-0.0004230982765789356,0.0007802790222550478,2.9987277559107772,26.170000076293945,-0.6700019836425852,0.0,0.010000000000000009,0.0,-0.5171947119829927,0.8873352667347575
2018-04-05,0.007861208744344728,-0.005153580456721192,0.0038015516249494544,0.0007797449931570477,2.941276115955272,24.3799991607666,-1.6299972534179616,0.020000000000000018,-0.010000000000000009,0.040000000000000036,0.723678219113134,0.6857562987895537
2018-04-06,-0.022538054894585276,0.004678991304776214,-0.0038015516249495077,-0.02525782990628811,3.0675877000037985,24.989999771118164,2.3499984741210938,-0.030000000000000027,0.0,-0.06000000000000005,-0.43476816747714736,-1.5828647686637993
2018-04-09,0.004916321518652695,0.0033963960355940744,-0.002542259045409255,0.020570363116520444,3.080532896273726,25.63999938964844,-3.5600013732910156,-0.010000000000000009,-0.010000000000000009,0.009999999999999787,1.359966668532609,0.4927582969002845
2018-04-10,0.015775340598326835,0.002362787969159305,-0.002548835625429953,0.03689884654098108,3.018960366129206,28.049999237060547,-1.0799980163574219,-0.010000000000000009,-0.030000000000000027,0.020000000000000018,-1.588897252488508,1.2499461534958838
2018-04-11,-0.005255982589925275,0.007757730797944395,-0.0008509604976085193,0.014981539434586074,3.0076608331108736,29.420000076293945,-0.9300003051757812,-0.010000000000000009,0.0,-0.009999999999999787,0.3521427020032731,-0.21379613957290866
2018-04-12,0.008193551921356934,-0.011698777825105302,0.002126190380484788,0.005191012606259984,2.917230033020351,28.729999542236328,0.9900016784667969,0.020000000000000018,-0.010000000000000009,0.040000000000000036,0.867077343455921,0.7435353453067884
2018-04-13,-0.002937569331431716,0.00653361006986455,0.0,0.0022164569290063604,2.8570447450157155,28.520000457763672,-0.3500022888183594,-0.03999999999999998,0.0,-0.010000000000000231,-0.296434516740827,-0.08569246841243436
2018-04-16,0.008188108593241133,0.0014113245973423145,-0.0034042334939882114,-0.01262549814886826,2.806990116707257,28.84000015258789,-1.3999977111816406,-0.010000000000000009,-0.020000000000000018,0.010000000000000231,-0.7727890440975337,0.6804965823026218
2018-04-17,0.01064164073595124,0.000939797609092718,0.0,0.002239622661707458,2.7245795030534206,27.8799991607666,-1.4000015258789062,-0.030000000000000027,-0.010000000000000009,-0.010000000000000231,0.004433919044534094,0.8114591291523596
2018-04-18,0.0007398364897066325,0.0007824607184664891,0.002129003611111915,0.03444827740875869,2.7472709387086787,29.420000076293945,1.6599998474121094,0.040000000000000036,0.0,0.050000000000000266,0.08604472635853476,0.09764705814700463
2018-04-19,-0.005563092903308986,-0.001957330849889553,0.0029730106674640423,-0.007956617339569183,2.770085594411824,29.36000061035156,1.0999984741210866,0.02999999999999997,0.010000000000000009,0.04999999999999982,-0.427042826183594,-0.38344496931762584
2018-04-20,-0.008515462539700633,-0.007630932179695003,0.005919635628324859,-0.0014535218715317525,2.8261294394501912,28.989999771118164,1.6100006103515696,0.020000000000000018,0.010000000000000009,0.040000000000000036,0.01975635154739834,-0.5619795798389053
2018-04-23,-0.0001497488956066527,-0.008007927882251395,0.006304011413628479,0.012287836274580221,2.793616098770161,28.96999931335449,0.0800018310546875,-0.010000000000000009,-0.020000000000000018,0.020000000000000018,0.3417769708626777,0.03611448987284904
2018-04-24,-0.013559299867096329,0.004844167468111396,-0.0012576844537487164,-0.017391725884585242,2.891482277583281,29.14999961853028,0.20999908447265625,0.030000000000000027,0.010000000000000009,0.020000000000000018,-0.6454322431996016,-1.0446281901902785
2018-04-25,0.0024688301334918512,-0.006517267321502421,0.004185922438568397,0.002919707257905131,2.881443135704996,28.15999984741211,2.200000762939453,0.020000000000000018,0.030000000000000027,0.029999999999999805,1.1305836039799717,0.12127658884218126
2018-04-26,0.01011460977766398,-0.0035146807713917604,0.004584262430132766,0.0036377042236317267,2.7874773206398227,26.86000061035156,-2.0600013732910156,-0.030000000000000027,0.0,-0.029999999999999805,-0.4628346140256368,0.9044388141933738
2018-04-27,0.0009380305624841918,0.0042320403061771,-0.000831940646210706,-0.0029091595446315436,2.7350166394301496,25.59000015258789,-1.8699989318847656,-0.040000000000000036,0.0,-0.040000000000000036,-0.9745157941309622,-0.008549680351935242
2018-04-30,-0.007720248894185805,-0.00727744165435215,0.0041527046748735304,0.005085419545045134,2.7682041430792563,28.280000686645508,-0.9200019836425852,-0.009999999999999953,-0.010000000000000009,-0.009999999999999787,1.2109584177277573,-0.815020237755335
2018-05-01,0.0017754647011814589,-0.007088207443339079,0.006609003245505871,-0.013863814546923373,2.740194639652674,28.06999969482422,1.4300003051757955,0.009999999999999953,0.030000000000000027,0.020000000000000018,0.16158968745572144,0.141643062435617
2018-05-02,-0.00674027251713008,-0.00048510316641562344,0.004518355840269685,0.004398864879378146,2.7707119789475727,27.31999969482422,-2.7299995422363352,0.010000000000000009,0.010000000000000009,0.0,-0.0601829798827162,-0.8495153531898051
2018-05-03,-0.002206219117524685,0.005082068394914099,-0.004106845429318992,0.010913139940359216,2.766319085234379,26.690000534057617,0.3800010681152344,-0.02999999999999997,0.030000000000000027,-0.03000000000000025,-0.5176601576575922,-0.2838052395637613
2018-05-04,0.012863561577860286,0.0020898820929316714,0.0012337974208826432,0.0193485404827656,2.692598127536089,26.170000076293945,0.0,-0.010000000000000009,0.0,0.010000000000000231,-0.3949364052348492,1.4410534899678762
2018-05-07,0.003377480307473219,0.00024084765259023235,0.0020531393813291656,0.000709487698607074,2.691243082785829,28.86000061035156,-1.4099998474121094,0.020000000000000018,0.010000000000000009,0.0,0.9211090195680195,0.3547794374410527
2018-05-08,0.0,0.0001605124693187213,0.0036846326560299133,-0.0028409082114788237,2.688527537206614,26.76000022888184,0.7999992370605469,0.0,0.0,0.020000000000000018,0.03334319859592042,-0.16753367918719306
2018-05-09,0.009619529840962156,-0.0020889812252642393,0.0,0.021808775899822393,2.5967461372286285,26.709999084472656,0.5499992370605469,0.0,-0.010000000000000009,0.029999999999999805,-0.47501516624562384,1.1059853598754044
2018-05-10,0.009306808205588683,0.006813368242228986,-0.004505401359582553,0.002779707295346711,2.582486943526435,26.61000061035156,-1.55999755859375,-0.030000000000000027,-0.020000000000000018,-0.029999999999999805,0.17398032721287604,1.1771227944282618
2018-05-11,0.003046774662870244,-0.0014389666321499815,-0.001643373577039307,-0.01116549270774328,2.537657185017819,25.739999771118164,-0.75,0.0,-0.020000000000000018,0.0,0.05582906085873683,0.21509159212662748
2018-05-14,0.0004766067813870431,-0.004088363068462751,0.0012327833018672758,0.009081453536580257,2.5595502163859143,25.93000030517578,1.279998779296875,0.020000000000000018,-0.010000000000000009,0.029999999999999805,0.4856748763513728,-0.1038930371049712
2018-05-15,-0.00691074217079343,-0.01627759547639607,0.006141222713596081,0.0013898198397616184,2.6830742228543785,26.61000061035156,4.319999694824219,0.04999999999999999,0.0,0.08000000000000007,-1.090938014512186,-1.1642027606565524
2018-05-16,0.004195989339971229,-0.0015524980696371136,0.002445967759829502,0.0041580392777204826,2.5967461372286285,25.729999542236328,2.470001220703125,0.010000000000000009,-0.010000000000000009,0.009999999999999787,0.15832103634769465,0.4923881748672875
2018-05-17,-0.0008450652893525315,0.0005722435830601718,0.0012208367593175276,0.0020725211680213654,2.5974910332585845,25.11000061035156,-0.9400024414062571,0.030000000000000027,0.020000000000000018,0.020000000000000018,0.39744260218455674,-0.17591538739137144
2018-05-18,-0.0025028325477559387,0.00040857173330558584,0.0020312673785350013,-0.004149346602261197,2.5967461372286285,25.229999542236328,-0.9300003051757741,-0.030000000000000027,0.010000000000000009,-0.04999999999999982,0.5516250646690474,-0.40665580459517986
2018-05-21,0.007490225307877626,0.0005716827532715196,-0.0008120118928779901,0.016495203421086246,2.5710843401961823,25.790000915527344,-0.17999649047851562,-0.030000000000000027,0.0,0.0,-0.3867729750960117,1.0450892797559788
2018-05-22,-0.0027841565002245257,-0.0005716827532715781,-0.0004062533416093273,-0.007526525767200488,2.581730854622391,25.88999938964844,-0.5100021362304688,-0.010000000000000009,0.0,0.0,0.04811772024435233,-0.6027989528979243
2018-05-23,0.0027475839472395156,0.0010614187645907496,0.00405512558991221,-0.0034399889181960163,2.532108245207593,26.040000915527344,0.7000007629394531,0.010000000000000009,0.010000000000000009,-0.050000000000000266,0.6193729839953068,0.25279426630803503
2018-05-24,-0.0020508968991663017,0.00853209120176816,-0.0012148119865720815,-0.015278093397882915,2.528125747596819,25.3700008392334,-1.1100006103515625,0.0,0.0,-0.029999999999999805,-1.2532302855200532,-0.6777818702622749
2018-05-25,-0.002385552764470041,-0.003079396764578089,0.004850510333027024,-0.043625054769713574,2.581730854622391,27.76000022888184,1.9399986267089773,-0.02999999999999997,0.010000000000000009,-0.04999999999999982,0.7361753286897934,-0.6913791983325858
2018-05-29,-0.011567372960767788,-0.00016231041385140818,0.006831309049671143,-0.012504765588807289,2.8343891500408605,29.040000915527344,8.900001525878913,0.0,0.10999999999999988,-0.16000000000000014,-0.7051682140739011,-2.2802317727973422
2018-05-30,0.013256238677164604,0.001460093554238186,-0.007637987956418223,0.023409971246344773,2.704042151617877,27.89999961853028,-1.1399993896484375,-0.030000000000000027,-0.050000000000000044,0.06999999999999984,0.9860446142739479,2.076717834594995
2018-05-31,-0.00614483028446361,-0.0021909715513726826,-0.0008076986613607518,-0.02045357875802911,2.7363136861531494,27.61000061035156,-1.3199996948242188,0.010000000000000009,-0.020000000000000018,-0.009999999999999787,-0.5588764710305365,-1.1706063634816417
2018-06-01,0.009769912772054802,-0.004967644235411668,0.0016143775681079823,-0.02238900896985221,2.5997223270506806,28.64999961853028,-3.6000022888183665,-0.010000000000000009,0.010000000000000009,0.06000000000000005,0.34906718527784036,1.3034412313552748
2018-06-04,0.004740231898416003,-0.0009801121170805289,-0.0008066789067472408,-0.009859777638919251,2.54474663217841,29.489999771118164,-2.6399993896484304,0.0,-0.020000000000000018,0.04999999999999982,-0.305166644126353,0.4326746137340395
2018-06-05,0.0007274162161966614,0.003914822104047846,-0.0012116545225135762,0.007593079829079083,2.517696441847303,29.299999237060547,0.15999984741210938,0.010000000000000009,0.020000000000000018,-0.020000000000000018,-0.7997600100653728,-0.21779597307319612
2018-06-06,0.008325389586897347,0.0005696358194504353,-0.0028321769037663682,-0.0045489403200444905,2.4544474717983733,29.13999938964844,1.979999542236321,0.020000000000000018,0.010000000000000009,0.050000000000000266,0.04496651995789533,1.0871364929430656
2018-06-07,-0.00010806536122295961,-0.00048822166232812176,-0.0020280645057242025,0.014334499118422729,2.4956817323904943,28.049999237060547,0.14000320434571023,-0.020000000000000018,-0.020000000000000018,-0.040000000000000036,0.3881133979766622,-0.30576251231354035
2018-06-08,0.002952033223846868,0.0012201695433653895,0.0004060161368714956,-0.006010530580521792,2.4997952873372333,27.59000015258789,2.9899978637695312,0.0,0.010000000000000009,0.0,0.6978690032221785,0.17682329662041907
2018-06-11,0.001329451347350848,0.0017868849442264543,0.0008113530645042294,0.006759259570440785,2.513656093962223,26.86000061035156,-1.7399978637695312,0.010000000000000009,-0.010000000000000009,0.029999999999999805,0.20681687748598754,-0.029770931569283135
2018-06-12,0.0012912855764501882,-0.003332688774722517,0.002025507290920566,0.0029895360782869885,2.5128460308425487,26.57999992370605,-1.8700027465820312,-0.020000000000000018,-0.010000000000000009,0.0,0.532234021985925,0.027392141471017102
2018-06-13,-0.0031958519913783635,0.003008032375587246,-0.0016201699460751595,0.0052103317572621734,2.560323256644879,27.07999992370605,-2.1699981689453125,-0.02999999999999997,-0.009999999999999787,0.020000000000000018,-0.5416012618116033,-0.7288279681207899
2018-06-14,0.0025148903898509173,0.0015411027282310494,0.012887903325367982,0.003705094226839636,2.4948569711988484,26.690000534057617,-1.2900009155273438,-0.040000000000000036,0.009999999999999787,-0.040000000000000036,-0.34867153793675265,0.27853334499621335
2018-06-15,-0.0012769686948861589,-0.016672509186741884,-0.0008007259831667939,-0.03538195608867654,2.4832385544766455,27.63999938964844,0.5800018310546875,0.030000000000000027,-0.009999999999999787,-0.009999999999999787,-0.3419254572635528,-0.4619371284201337
2018-06-18,-0.002059103215413792,-0.0018972637609840908,0.0,0.018223721470401768,2.510411974283827,27.57999992370605,-0.75,-0.020000000000000018,0.029999999999999805,-0.010000000000000231,0.14359555460861065,-0.5559313432959923
2018-06-19,-0.0038399780745281176,-0.0025629178089954913,0.002799603699444632,-0.01135083067027462,2.5915164134207695,28.01000022888184,0.06999969482421875,-0.010000000000000009,0.010000000000000009,-0.029999999999999805,0.7376537553714627,-0.8588307699248204
2018-06-20,0.0017046226084076997,-0.004480227388754277,0.0007983062527899059,0.01059808475616872,2.548663612608189,28.059999465942383,-0.48000335693359375,0.020000000000000018,0.010000000000000009,0.040000000000000036,0.29175852271505354,0.13448880200119392
2018-06-21,-0.006288630562625362,-0.0017477352868707529,-0.002797183969067629,0.0022565399927470383,2.683757531984173,27.780000686645508,1.1700019836425781,-0.02999999999999997,0.030000000000000027,-0.03000000000000025,-1.1308303317322834,-1.2660086180774262
2018-06-22,0.001821697459999126,0.0024126912728642744,-0.003607914653017362,0.05196925032376133,2.6224923459841123,25.520000457763672,-0.06000137329100852,0.0,0.020000000000000018,0.0,0.11431984217769356,0.23430452776794064
2018-06-25,-0.013706414677590992,-0.003746388732216758,-0.0016076136950035045,-0.01799256827309263,2.8524390993250943,26.100000381469727,0.010002136230461645,-0.010000000000000009,0.020000000000000018,-0.029999999999999805,-0.23487985690507956,-2.5114820451670568
2018-06-26,0.00221131047600253,-0.0052686490212924385,0.005215528348020792,0.03566711758337602,2.7675761852085703,25.670000076293945,-1.7400016784667969,0.019999999999999962,0.0,0.009999999999999787,1.2371484511671964,0.36049679186236344
2018-06-27,-0.008318706552992638,-0.005718147886605,0.005984504933894198,0.026280845856698796,2.885359207552917,27.690000534057617,1.75,-0.03999999999999998,-0.010000000000000009,-0.04999999999999982,-1.710336746271219,-1.3153481780372887
2018-06-28,0.00570160627066537,-0.0030405479988212347,0.0,0.014232706761606595,2.8243506794375235,27.350000381469727,-0.9199981689453125,0.010000000000000009,0.020000000000000018,0.009999999999999787,0.8134535584585811,0.8827396664262167
2018-06-29,0.001438174269099425,0.0036306900201949913,-0.007987203246764617,0.013369234048948237,2.7781979704876907,27.18000030517578,-0.9600028991699219,0.010000000000000009,-0.010000000000000009,0.010000000000000231,-0.5024231502685313,0.2752472353711696
2018-07-02,0.002135749440282275,-0.010080153442110952,0.004799882281938205,-0.006662275138479282,2.7472709387086787,28.64999961853028,-0.9199981689453125,-0.030000000000000027,-0.020000000000000018,0.020000000000000018,0.39591701647430116,0.3465454372584192
2018-07-03,-0.003537246129544409,0.010080153442110855,-0.0031974211587636634,-0.0026773752071124826,2.78130062502572,28.57999992370605,0.970001220703125,0.0,0.020000000000000018,-0.040000000000000036,0.3999678428899815,-0.697550721964729
2018-07-05,0.008124850581544643,0.0033656028250155126,-0.003207677463321342,-0.009427702435996383,2.7060482162691324,28.770000457763672,0.23999786376953125,-0.010000000000000009,-0.040000000000000036,0.009999999999999787,-0.4023379556442099,1.7692345301775663
2018-07-06,0.008422868712187361,-0.0015972634935637394,-0.0032180916794587147,0.01210507764310889,2.5930133825543216,28.1299991607666,-1.3299980163574219,0.0,0.010000000000000009,-0.020000000000000018,0.8346940093851317,1.640920642661742
2018-07-09,0.0089639070439666,0.002436881277559937,0.00040281678261835864,0.0046682109022325455,2.540814248659574,28.1200008392334,-0.4400024414062571,0.0,-0.030000000000000027,0.040000000000000036,-0.5127607523686374,1.7411500739883121
2018-07-10,0.0035917343232991722,-0.0018481290459546572,0.0004027464144910724,0.0026578063893595454,2.536866415880321,26.89999961853028,0.12000274658203836,-0.009999999999999953,-0.020000000000000018,0.010000000000000231,-0.2983591940248452,0.5885294580067931
2018-07-11,-0.00734113436805634,-0.010905978807671088,0.0068204372656671605,-0.051747369496176095,2.6122732541046934,28.559999465942383,0.6699981689453125,-0.010000000000000009,0.0,-0.020000000000000018,-0.6987741067216675,-1.3700078361668346
2018-07-12,0.009025301730713387,0.004156581212429495,0.000799445782078892,0.005574921866024205,2.532108245207593,27.809999465942383,-1.9099998474121094,-0.020000000000000018,-0.010000000000000009,0.0,0.7340084284805314,1.558741392363843
2018-07-13,0.0007869794705615145,-0.004411618657356081,-0.0011992716082078149,0.005544014339650492,2.4997952873372333,27.540000915527344,-0.29000091552733664,-0.010000000000000009,0.0,-0.020000000000000018,-0.1275604245642595,0.0805829059230883
2018-07-16,-0.0008946029910380228,-0.0005102701051306204,-0.0016013607634916566,-0.03731518386660395,2.551786172681018,29.01000022888184,-0.48999786376953836,0.020000000000000018,0.010000000000000009,0.020000000000000018,0.17796425142499886,-0.22478741513581443
2018-07-17,0.00403689369753021,-0.01086273575472535,0.00439733618979695,0.0007171193638754296,2.4898942260931265,28.0,-1.1500015258789062,-0.020000000000000018,-0.010000000000000009,0.009999999999999787,-0.4222323736520685,0.6094796681698841
2018-07-18,0.0021018652187961722,0.00025795416772476286,0.0011960160356785034,0.010695329844088138,2.4932054841291187,27.239999771118164,-1.3800010681152344,0.040000000000000036,-0.010000000000000009,0.020000000000000018,0.24920574485628125,0.2492786819333277
2018-07-19,-0.0037786243704139586,-0.004308123245285948,0.0019899448970967615,0.00212538035686825,2.554899012715967,26.84000015258789,1.8500022888183594,-0.040000000000000036,0.010000000000000009,-0.040000000000000036,-0.30577157798998916,-0.7428529163486233
2018-07-20,-0.0011437219234234602,0.0064552448263087885,-0.00798401545941753,0.0014143923346741092,2.554121692112525,26.01000022888184,1.9399986267089844,0.04999999999999999,0.010000000000000009,0.050000000000000266,0.8703196519802444,-0.3130003943086624
2018-07-23,0.0018576466990332244,-0.004815949835095169,0.001601910796165191,-0.004249260390149581,2.5352828480448486,26.14999961853028,2.4599990844726562,0.030000000000000027,0.0,0.06999999999999984,-0.5193904440121792,0.19934348019801215
2018-07-24,0.005019329119306936,0.00034477603659500224,0.0004001683041717355,0.009887043192739068,2.5185025869209565,25.64999961853028,-1.1999969482421875,0.0,-0.030000000000000027,-0.009999999999999787,-0.015645356316720458,0.6745740153973644
2018-07-25,0.008486151164760763,0.00550018047205447,-0.004811704272400158,0.01326375721480062,2.50878592047404,25.34000015258789,-2.020000457763672,-0.03999999999999998,-0.009999999999999787,-0.010000000000000231,-0.2895363604839022,1.2213309554675253
2018-07-26,-0.002361414836930477,-0.00782971239395345,0.0068096009434658,0.0034614219497075935,2.4965058139116447,24.8799991607666,0.9799995422363281,0.009999999999999953,-0.020000000000000018,0.040000000000000036,0.5915587008145479,-0.8967314179586033
2018-07-27,-0.006799717818028785,0.0005181795313148685,-0.0011983136483375977,-0.010420418876011401,2.5672543706433686,24.96999931335449,-0.4399986267089844,0.0,-0.010000000000000009,-0.020000000000000018,-0.5320721979730908,-1.6884781646257085
2018-07-30,-0.005236756511495276,-0.00155521288098982,-0.0036035808442784426,0.015246329260443565,2.6574584310367695,25.82999992370605,0.589996337890625,0.030000000000000027,0.0,0.020000000000000018,0.9143692514177951,-1.442102028675777
2018-07-31,0.004916997985715474,0.0029355602050311473,0.002003592327682714,-0.018043531269843465,2.551786172681018,26.520000457763672,-2.9199981689453125,-0.030000000000000027,-0.010000000000000009,-0.020000000000000018,-0.5182202195126975,0.6384477963304102
2018-08-01,-0.0016721797321009185,-0.007355188129704966,0.001200231319996626,-0.013394601471836088,2.5764217296146685,26.450000762939453,1.8800010681152344,0.040000000000000036,0.0,0.040000000000000036,-0.45926781410114054,-0.6425663069892428
2018-08-02,0.005432853194126156,-0.0053993230298752665,0.005582110532951634,0.018981202971702433,2.5006159090701527,25.729999542236328,-0.3800010681152344,-0.010000000000000009,0.010000000000000009,-0.020000000000000018,0.7146607593790035,0.7257886756026597
2018-08-03,0.004275938165905531,0.0034867672609534624,0.0007949067640680002,-0.006287076144319735,2.4544474717983733,25.61000061035156,-0.3300018310546875,0.0,0.0,-0.029999999999999805,-0.2958273119615861,0.4352326826532578
2018-08-06,0.00366057557973122,-0.0051471986083892985,0.001588010885743013,0.0027991593241903,2.4221443686695787,25.420000076293945,-0.80999755859375,-0.020000000000000018,-0.020000000000000018,-0.010000000000000231,0.25232712505213817,0.3644139662847277
2018-08-07,0.003296481179810251,0.0022714889105877236,-0.0011907943319930264,0.003487916820129422,2.391511330109378,25.21999931335449,0.29000091552734375,0.0,0.0,0.040000000000000036,-0.4465971320837009,0.3518155478618837
2018-08-08,-0.00042005496010503963,0.002788736658924094,-0.0011921233178179087,-0.03255772701902733,2.384165115144968,26.40999984741211,-0.3100013732910156,-0.019999999999999962,0.020000000000000018,-0.020000000000000018,-0.2372935800389678,-0.37076067549290465
2018-08-09,-0.0013670467151352431,-0.001480564583197746,0.0059466359487258666,-0.001439849369099329,2.4221443686695787,25.39999961853028,0.509998321533196,0.009999999999999953,0.010000000000000009,-0.029999999999999805,0.20522332108063907,-0.5358071689910903
2018-08-10,-0.006722798795514595,-0.00043582289228197795,0.007089292585480419,0.014306381987610884,2.5771819143023467,25.450000762939453,3.2800025939941477,-0.02999999999999997,0.020000000000000018,-0.06000000000000005,0.09549208539582478,-1.913929385744685
2018-08-13,-0.003750671264383964,-0.015199092023381669,0.0003924742904762002,-0.0049839686253435895,2.6932748974531537,25.309999465942383,0.1399993896484375,0.010000000000000009,0.039999999999999813,0.009999999999999787,0.1398127796366229,-1.0421803709717845
2018-08-14,0.006360717824391755,0.000973327608104041,0.003915313622627795,-0.0014286043689473718,2.5885156639334435,26.18000030517578,-0.9300003051757812,-0.010000000000000009,-0.010000000000000009,0.010000000000000231,-0.47262794639370875,1.3733365932707589
2018-08-15,-0.007495616289760754,-0.01676662157593087,0.0,-0.034912603403233364,2.683757531984173,27.26000022888184,1.6800003051757812,-0.010000000000000009,0.0,-0.03000000000000025,-1.0108762739656116,-1.8381376748222467
2018-08-16,0.008058928517514717,-0.0008097887609235239,-0.0007817659452892947,0.008843085190925554,2.598979091866817,26.32999992370605,-0.9099998474121094,-0.010000000000000009,-0.010000000000000009,0.010000000000000231,0.4307082121069619,1.6415432705312942
2018-08-17,0.0035144649934774367,0.009228205066865695,-0.0050971026577894644,0.004392354544334278,2.536866415880321,25.709999084472656,0.07999801635741477,0.020000000000000018,0.0,0.0,0.7024915372590854,0.5946549713100032
2018-08-20,0.002137378245203358,0.0049818196508907165,-0.0023613486784853427,0.005100240490023977,2.524928305812279,25.26000022888184,0.28000259399414773,-0.04000000000000001,0.0,-0.050000000000000266,-0.3222695331497185,0.2568473840874922
2018-08-21,0.0023426578203605813,0.0029240568705197916,-0.005927475535749485,0.005074291021060895,2.554121692112525,25.07999992370605,-0.6500015258789062,0.01999999999999999,-0.010000000000000009,0.03000000000000025,0.5950886502513405,0.2674152210377714
2018-08-22,-0.0005938450886230275,0.0022095550764809732,-0.0027783099434218798,0.03131932340737553,2.505525936990736,24.71999931335449,-0.6800003051757812,-0.01999999999999999,0.030000000000000027,-0.03000000000000025,-0.7545655743612727,-0.32572569475113144
2018-08-23,-0.0013285251444052437,-0.00949135368672971,0.006338937719625338,0.0,2.5185025869209565,24.350000381469727,-0.4399986267089844,-0.010000000000000009,-0.010000000000000009,0.0,0.8458504404384634,-0.42569923302110485
2018-08-24,0.006000088043722558,0.017318039357995908,-0.0047504774946442235,0.011149930366993726,2.4840729499500287,23.309999465942383,-0.04000091552734375,-0.01999999999999999,0.0,0.0,-0.11088487718266717,1.2387480838967937
2018-08-27,0.00786442379872675,0.0037595032326643405,-0.003976118808652798,0.0048392554920467425,2.4981518639896745,23.68000030517578,0.220001220703125,-0.010000000000000009,-0.010000000000000009,0.03000000000000025,0.3000538744447437,1.5181288945835172
2018-08-28,0.0004833459542177586,-0.007973022006627225,0.0,-0.0048392554920467365,2.5257286443082556,24.5,0.5699996948242188,0.03,0.010000000000000009,0.029999999999999805,0.4236801041154401,-0.19618506652264397
2018-08-29,0.005365727670997758,0.00456378402562542,-0.0015949757970878612,0.015813292115572503,2.505525936990736,24.31999969482422,-0.8500022888183665,0.010000000000000009,-0.020000000000000018,0.010000000000000231,-0.5777078356423039,0.8418112282130716
2018-08-30,-0.004056233963970968,-0.004915718883921236,0.000797760417401843,0.00612039673577441,2.6049094224466427,24.88999938964844,1.3100013732910227,0.0,0.020000000000000018,-0.03000000000000025,-0.02726152905390405,-1.3018558249192573
2018-08-31,3.458057083882386e-05,-0.0011445940280616581,0.0043764329820134016,-0.002715545579214714,2.554121692112525,25.020000457763672,0.2999992370605469,0.01999999999999999,0.020000000000000018,0.0,0.29467722641973215,-0.3397300341629905
2018-09-04,-0.001724207737158197,-0.005122797149080111,0.00435736324349525,-0.008876815858883008,2.5771819143023467,26.700000762939453,-1.1399993896484375,0.0,0.020000000000000018,0.040000000000000036,-0.49066682761618596,-0.6827490983393516
2018-09-05,-0.002694843727329747,0.003447511831347845,-0.003563718298914919,-0.00619198081098808,2.632607994965697,26.6200008392334,-1.1699981689453125,0.0,0.010000000000000009,0.0,-0.680319639624237,-0.8377908951243593
2018-09-06,-0.0030144851608041104,0.0019395335367870974,0.0,-0.013199189932779291,2.6844403094241867,26.15999984741211,0.25,0.0,-0.020000000000000018,-0.020000000000000018,0.5982352220391733,-0.8362938836895631
2018-09-07,-0.0019451819216591004,-0.0027340278330774672,0.002772807534676469,-0.0013996123920222256,2.7000180370958677,26.06999969482422,0.779998779296875,-0.009999999999999981,0.0,0.06000000000000005,-0.008797710703529084,-0.526642534059438
2018-09-10,0.0017368481774075347,-0.000706792407982718,-0.0019797015544905823,-0.004913993418416377,2.6504210774895927,26.1299991607666,-1.740001678466804,-0.020000000000000018,-0.010000000000000009,0.0,-0.3625833806248987,0.30467252971449976
2018-09-11,0.003291806972645168,0.0006184538252070439,0.000792206451055509,0.027075610048828493,2.581730854622391,27.13999938964844,0.28000259399414773,0.010000000000000009,-0.020000000000000018,0.040000000000000036,0.04389029833101962,0.6162123805222522
2018-09-12,0.00024237206013605288,0.008355710260063364,-0.003570516394477452,0.012253342610799795,2.5756610391845274,26.940000534057617,-1.1800003051757812,0.010000000000000009,-0.010000000000000009,-0.009999999999999787,-0.202743375141697,-0.17387381223893275
2018-09-13,0.005897024219730586,-0.003597564816940891,-0.002786141373015901,-0.019816156916410543,2.5152741771529077,26.700000762939453,-0.7299995422363281,-0.020000000000000018,-0.019999999999999796,0.0,-0.3044429401190682,1.1502657924782096
2018-09-14,0.00017222129639866613,-0.006526220333751069,0.003580551004258876,0.0006899088897855585,2.4907230098256137,26.39999961853028,1.3899993896484375,0.0,0.009999999999999787,0.020000000000000018,0.19413622832882896,-0.2392079625858495
2018-09-17,-0.005308379228262778,0.005206771454576303,-0.004777044012002649,-0.0020710903291757342,2.615934934502575,26.489999771118164,-0.6399993896484375,0.0,0.0,0.0,1.0259522343212177,-1.9048708309482596
2018-09-18,0.005411201413693555,-0.001497451648772046,0.0015949757970878046,0.015089402523647018,2.548663612608189,26.799999237060547,1.1599998474121094,0.03,0.0,0.05999999999999961,-0.339475450923121,1.2781160921019061
2018-09-19,0.001065182834832171,0.0038711539862427546,-0.00039848278934414124,0.01687518999687701,2.463853240590168,26.350000381469727,0.8199996948242188,0.030000000000000027,0.0,0.03000000000000025,0.03210592674853453,0.0268748345834272
2018-09-20,0.00807142736267029,0.003418801489789763,-0.007200068805180079,-0.009414957960316982,2.4680995476355903,26.06999969482422,0.5499992370605469,-0.010000000000000009,-0.029999999999999805,-0.010000000000000231,-0.3114569318533265,1.9704342159112478
2018-09-21,-0.0009144263420684701,-0.006849331291438649,0.003206391828368672,0.010752781438702515,2.457878003528144,26.14999961853028,-0.5099983215332031,0.0,-0.020000000000000018,0.0,0.4858481254667955,-0.533156236117137
2018-09-24,-0.003327805721025167,-0.00017621292913996446,0.0,0.01919952795715822,2.5014359361052056,26.96999931335449,-0.5200004577636719,-0.010000000000000009,0.010000000000000009,0.010000000000000231,0.010829209043690202,-1.1387182609931779
2018-09-25,-0.0009279679563374109,0.0015850681638403528,0.0007999941303006084,0.0013106461550945368,2.519308082648162,26.82999992370605,1.0699996948242188,0.020000000000000018,-0.010000000000000009,0.020000000000000018,-0.47101390042107216,-0.4967212591049025
2018-09-26,-0.0029970922144569928,-0.005293338005935253,0.0003997571965992416,-0.010533395645426175,2.5564518435859096,26.530000686645508,-1.940002441406257,-0.04000000000000001,0.010000000000000009,-0.040000000000000036,-0.4038491637759162,-0.9609443991543365
2018-09-27,0.0027907208723349317,-0.008884998236125718,0.007168527247908559,0.009878287292031359,2.5185025869209565,26.450000762939453,-1.729999542236321,0.0,-0.010000000000000009,0.0,-0.4819149774390835,0.7075336490113885
2018-09-28,0.00010313213236717591,0.006316457708228832,0.0023780144736858014,0.01689450339503385,2.4948569711988484,26.729999542236328,0.4500007629394531,0.009999999999999981,0.010000000000000009,-0.010000000000000231,0.8252069025730118,-0.06508952206230559
2018-10-01,0.0034685038086698238,-0.0016864375351173554,0.0015824475634841197,0.027329273022400714,2.4849066497880004,27.950000762939453,-1.8800010681152273,0.030000000000000027,-0.010000000000000009,0.040000000000000036,1.1576109608754308,0.9722428476961464
2018-10-02,-0.0005831184161382045,0.011482223287118152,0.001579587315175414,-0.005028289945385187,2.4890646757652832,27.68000030517578,1.0699996948242045,-0.04000000000000001,0.010000000000000009,-0.040000000000000036,-0.24147297071533458,-0.30246802525720695
2018-10-03,0.0005488612499345224,-0.003959744500981412,0.003152247387063371,0.013145731679002301,2.451866766138503,28.040000915527344,4.86000061035157,0.06999999999999998,-0.010000000000000009,0.10000000000000009,-0.19726500925468993,0.03778832698382977
2018-10-04,-0.007846634281575105,0.0005289130805077395,0.0003933107439699601,-0.021371030558327512,2.6546494431534917,28.89999961853028,4.8600006103515625,0.020000000000000018,0.010000000000000009,0.040000000000000036,0.10474631647047856,-2.47509821978029
2018-10-05,-0.005612743560413462,0.002815908986712411,-0.0011804864197136875,-0.003181688447116443,2.695977599275783,28.84000015258789,0.11999893188475852,0.02999999999999997,0.010000000000000009,0.040000000000000036,-0.5828391385968635,-1.5550487430365456
2018-10-08,0.0,-0.01113382636882134,0.0011804864197137767,-0.0006375056157254043,2.753023540000728,28.86000061035156,0.0,-0.019999999999999962,-0.010000000000000009,-0.020000000000000018,0.5235593309461473,-0.040283642756753425
2018-10-09,-0.0014601011289260247,0.0005329800140063239,-0.0003933107439699193,0.008888908664000524,2.7694588172725547,27.89999961853028,-1.7399978637695241,0.0,0.0,0.0,-1.2763749579508723,-0.43726950002708603
2018-10-10,-0.03217521187367876,0.0024835810584159217,-0.0011809510833424943,-0.02820697153061344,3.1337535315764806,28.809999465942383,2.25,0.010000000000000009,0.020000000000000018,0.010000000000000231,0.6308785671611218,-8.242186973147422
2018-10-11,-0.02227312946186222,0.02536654489487655,-0.005529289486569636,-0.02835668443987925,3.2180754863722245,29.290000915527344,0.3699989318847656,-0.050000000000000044,0.019999999999999796,-0.08000000000000007,0.1477124461961713,-2.587241547505308
2018-10-12,0.013792959529327726,-0.0047616679491750925,0.0031633752334873735,0.01130707610403272,3.059176421049164,27.729999542236328,-1.7000007629394531,0.010000000000000009,0.0,0.009999999999999787,0.41071599531869707,1.7961549278348146
2018-10-15,-0.005633024163955589,0.006660030947980057,-0.0023716153460347595,0.0006611721815625741,3.058707036896625,28.59000015258789,-3.1199989318847656,0.010000000000000009,0.010000000000000009,0.010000000000000231,-0.1837773730359356,-0.345876003151623
2018-10-16,0.021630212692002132,-0.0017255996137758734,0.0003957352159825346,0.003957753619039446,2.8690346681376235,28.59000015258789,-1.0699996948242188,-0.020000000000000018,-0.010000000000000009,0.0,0.24582151433548297,2.4975131796531906
2018-10-17,0.00017831007497946374,-8.637796161603928e-05,0.005129190200292683,-0.024659689707362514,2.8564701842969358,28.1299991607666,-1.1899986267089844,0.010000000000000009,0.0,0.029999999999999805,-0.3419012209188363,0.13253190138431886
2018-10-18,-0.0145464456755297,0.001122068685606197,0.004319629416167953,-0.017699527687415072,2.9987277559107772,28.530000686645508,3.6499977111816406,0.0,0.040000000000000036,-0.020000000000000018,0.2505300418091482,-1.194379917333571
2018-10-19,-0.000542929312912527,0.0007761304849288288,-0.0019611550972207592,0.010929059852906467,2.9902170621795277,27.420000076293945,-0.5999984741210938,-0.019999999999999962,0.0,0.03000000000000025,-0.35369754290309213,0.15383168099177713
2018-10-22,-0.004498368063304902,-0.0025893597255195024,0.0035274039012942824,0.0013577397919764238,2.977568271849356,27.76000022888184,-0.1900024414062571,0.0,0.0,0.0,0.24135508837814754,-0.1651175748899851
2018-10-23,-0.0051040534251176545,0.005859562733875961,-0.0015662488040734596,-0.04865447535260629,3.030616631200474,29.3799991607666,3.1599998474121165,0.0,0.040000000000000036,-0.03000000000000025,-0.5421142335504622,-0.20468806488047794
2018-10-24,-0.030766938616800604,0.0023171370069294235,0.00508116492197596,0.00071201347454566,3.2280337445093408,29.799999237060547,2.680000305175774,-0.020000000000000018,0.030000000000000027,-0.06999999999999984,0.346632372090526,-2.5280146056287958
2018-10-25,0.01778144361096638,-0.002231204310531111,0.0027253076643001034,0.011323535438335522,3.1871787097745945,28.5,-0.9899978637695241,0.020000000000000018,-0.010000000000000009,0.040000000000000036,0.1959287389112342,1.763660801177888
2018-10-26,-0.01774384231925808,0.0031736109331066205,-0.0027253076643000717,0.008409291722483735,3.18469836675089,29.09000015258789,6.0,-0.010000000000000009,0.040000000000000036,-0.06000000000000005,-0.3120657115946591,-1.0685489086787223
2018-10-29,-0.005555523853739534,-0.003947139978932246,0.0027253076643001034,-0.015471494983161485,3.206803274522168,29.459999084472656,-2.9300003051757812,0.0,0.0,0.0,-0.020037661781704366,-0.08805915957346644
2018-10-30,0.014709709162587712,-0.004394427867848238,0.004267764699285247,-0.005685866451180081,3.1505970004519392,29.89999961853028,2.020000457763672,0.010000000000000009,0.009999999999999787,0.040000000000000036,-0.22516957865728657,1.4116997426270648
2018-10-31,0.01062412581222451,-0.005628951974666692,-0.0003872188163236912,-0.017254186042734772,3.055415254153051,30.1200008392334,-1.6599998474121094,0.0,0.0,0.029999999999999805,0.433032723470421,1.0333231887704746
2018-11-01,0.010585706888045767,0.01277086763550299,-0.006605853547261586,-0.024221361988251786,2.9621754979149046,31.540000915527344,-1.5900001525878906,0.019999999999999962,0.010000000000000231,-0.009999999999999787,0.06250502714064911,0.9697004114152631
2018-11-02,-0.005940744490869308,0.0001715043948444399,0.002336521156281827,-0.011206663117237324,2.970927166366534,32.209999084472656,2.8799972534179688,0.010000000000000009,-0.020000000000000018,0.08000000000000007,-0.014118444613128214,-0.19300746274188488
2018-11-05,0.005501872106103986,-0.0024032178261357497,-0.0003891152318668107,-0.0007516143647683416,2.9937302250152134,32.68000030517578,-1.5199966430664062,-0.020000000000000018,0.0,-0.020000000000000018,0.0862981854272936,0.5709879775056173
2018-11-06,0.0063079598375291816,-0.0028398265791741537,-0.0023373426100073143,-0.009063497339854447,2.991222110412223,34.150001525878906,-0.8900032043457031,0.0,-0.040000000000000036,0.020000000000000018,0.49859237512164095,0.585716367837377
2018-11-07,0.021182724949911413,-8.61993040877103e-05,-0.0019520565900212278,-0.009146396250620461,2.794839368482153,33.04999923706055,0.0,-0.02999999999999997,-0.020000000000000018,0.0,-0.8899538059048177,1.5486297361179011
2018-11-08,-0.0018162963097189916,-0.002156939731312277,0.0058445980190179265,-0.016988845832593042,2.8166055665892396,32.22999954223633,-7.429996490478516,0.0,0.0,0.020000000000000018,-0.16955397436291578,-0.04687760647859518
2018-11-09,-0.009816214187854553,-0.011291663536045476,0.0019406034654390323,-0.010963331699554855,2.854168744390704,35.099998474121094,1.9599990844726562,-0.010000000000000009,0.020000000000000018,-0.050000000000000266,-0.23028695948758998,-0.7163070111423149
2018-11-12,-0.018861851701261336,-0.007188596482678694,0.008878763628796877,-0.017474652184552738,3.0179829197963626,40.13999938964844,0.0,0.0,0.06000000000000005,-0.04999999999999982,0.03168011512886447,-1.4715364550301135
2018-11-13,-0.0018730292361063556,0.00035180582721631255,-0.003464935638645037,-0.06539358667287812,2.9967317967523925,55.709999084472656,-1.3100013732910156,0.0,0.0,0.0,0.4268892126921318,-0.09318731845472882
2018-11-14,-0.006860093406088853,0.008233404279792808,-0.0034768948994629762,0.02199752282782176,3.056356895370426,47.06999969482422,1.6700019836425781,0.010000000000000009,0.04999999999999982,-0.020000000000000018,-0.1845129495133803,-0.46900044567084503
2018-11-15,0.010382485222048777,0.0011333182475063862,0.002319272613411058,0.002507292060202268,2.9947317503093127,43.869998931884766,2.3199996948242188,-0.010000000000000009,0.040000000000000036,-0.010000000000000231,0.020187875913504356,0.9452572022242874
2018-11-16,0.002596963682901287,0.0073788789662288,-0.007362892756661567,0.007484455348968449,2.8981194110402666,40.560001373291016,4.209999084472656,0.020000000000000018,0.0,-0.029999999999999805,-0.5913176006274705,0.2954434872284762
2018-11-19,-0.01705877409993295,0.0004323180677422659,-0.0007782931437243454,0.005782804086030959,3.000719834043623,43.45000076293945,-0.9599990844726562,0.0,0.03000000000000025,-0.020000000000000018,-1.0261466226808587,-1.298649701890589
2018-11-20,-0.018679827546701437,0.0,0.0050476255347042,-0.07436144524206605,3.1126260046623373,56.560001373291016,0.020000457763671875,0.0,0.009999999999999787,0.0,0.9856254252752193,-1.312255569448371
2018-11-21,0.0034017972265310606,0.001641277459165005,0.0,0.021940326334595563,3.03495295002749,51.790000915527344,-1.8400001525878906,-0.020000000000000018,0.0,0.0,0.4709430374876713,0.38573337413812886
2018-11-23,-0.0067009866237521505,-0.0007771357154266267,0.0019345082651831117,-0.061764641035960646,3.0689827565651293,65.16999816894531,-0.3400001525878906,-0.010000000000000009,0.010000000000000231,-0.010000000000000231,-0.6620522383642579,-0.374592484423301
2018-11-26,0.016015407849487698,-0.0011235233509469095,0.0019309491708599921,0.010105704669432584,2.9391619018820134,57.869998931884766,-5.7800025939941335,-0.009999999999999981,-0.020000000000000018,0.020000000000000018,1.9414674085783352,1.3445566887288378
2018-11-27,0.0033586939430395083,-0.005984687209490756,0.0026969572597354465,0.0009136802061545243,2.9454910811847346,54.63999938964844,-0.28999710083008523,0.0,0.040000000000000036,-0.009999999999999787,-0.593120264859636,0.31632984782018586
2018-11-28,0.02276428905942667,0.0037337803634568288,-0.005014526454867879,-0.026841034420163338,2.917230033020351,53.9900016784668,-0.48000335693359375,0.01999999999999999,0.020000000000000018,0.0,0.08086878533876604,1.9467733201786817
2018-11-29,-0.002187223088205561,0.003115272664463216,-0.0015478882409106322,0.019508286181337414,2.933324862149553,53.959999084472656,0.15999984741210938,-0.03,0.03999999999999959,-0.03000000000000025,0.5963049121302961,-0.3321657744459872
2018-11-30,0.006076849039711996,-0.0017294794115241437,0.003865457436043101,-0.012963176624406903,2.8942530877156045,56.040000915527344,1.5100021362304688,-0.010000000000000009,0.010000000000000231,-0.020000000000000018,-0.2948213733283703,0.4167516325721087
2018-12-03,0.013154283872690218,0.007501675441848405,0.0003857252156905151,0.0491008546890108,2.79971742211329,49.61000061035156,-2.1199989318847656,-0.06,-0.010000000000000231,-0.029999999999999805,0.1498798372695515,1.0387572324111987
2018-12-04,-0.032938981280022414,0.006080599945141917,-0.0019301156418005706,-0.008017873646044447,3.032064191765613,49.84000015258789,3.549999237060547,-0.039999999999999994,-0.009999999999999787,-0.06999999999999984,-0.371686600155752,-2.842466006809989
2018-12-06,-0.0015182557787655165,0.00017072178718187972,-0.00038655874475005016,-0.021700736385888035,3.053529397483493,50.130001068115234,0.0,0.009999999999999995,0.040000000000000036,-0.040000000000000036,0.008201248811103495,-0.08787230300559452
2018-12-07,-0.02351021624181085,0.008077219150826301,-0.002709572825674197,0.015419814111754002,3.1454445270766063,41.83000183105469,6.880001068115234,0.010000000000000009,0.020000000000000018,-0.020000000000000018,-0.08264008222786179,-1.6421233802689872
2018-12-10,0.0018950711522986413,-0.003477935715567025,0.0065677497873354454,-0.03293981817572827,3.1197182263759906,45.060001373291016,-0.48000335693359375,0.0,0.0,0.0,-0.3557600629853732,0.2679408631943287
2018-12-11,0.0002272373632321879,-0.0011903699128753065,0.0026917715965025855,0.018433684270128904,3.0800734325062087,41.459999084472656,-1.529998779296875,-0.020000000000000004,-0.050000000000000266,0.040000000000000036,0.21851835270279496,0.2319784871755595
2018-12-12,0.005022624730517111,0.00212467676965701,-0.00384769768249874,-0.01194319363025131,3.0661906945405133,39.900001525878906,-0.5,0.030000000000000013,-0.019999999999999574,0.020000000000000018,-0.4223987206376041,0.5731836653764975
2018-12-13,-0.0003387481707980419,-0.0022097759847801487,0.0,0.035409995273460525,3.0277153009339317,39.25,-2.479999542236328,0.01999999999999999,0.009999999999999787,0.0,0.7413868264477164,0.1320854221439618
2018-12-14,-0.018637441274250103,-0.004007006751401737,0.0038476976824986186,-0.035409995273460525,3.074081201165457,42.380001068115234,0.3800010681152344,0.0,0.0,-0.020000000000000018,-0.3404746467011864,-1.3130327405472368
2018-12-17,-0.01981344919008827,0.0068957425332182515,-0.002691771596502568,-0.03479428505486952,3.199489129737002,46.59000015258789,-0.720001220703125,0.0,0.0,-0.03000000000000025,0.16168100922453293,-1.2895947934499323
2018-12-18,-0.0010972034484567847,0.002372671007408459,-0.0003853066951880198,-0.06524050751278508,3.241810793168134,53.34999847412109,3.990001678466797,0.010000000000000009,0.009999999999999787,-0.040000000000000036,0.014537550527708798,0.11166732281532006
2018-12-19,-0.015088880766629769,-0.0061126025718981495,0.00038530669518811885,0.023221688695820135,3.241810793168134,50.86000061035156,-0.3900032043457031,-0.03,0.010000000000000231,-0.04999999999999982,0.10063219083782274,-0.8494115839807572
2018-12-20,-0.016412095148829367,0.015295836918707156,-0.007731031582977688,-0.030397495397267903,3.3456846421605997,52.88999938964844,-0.25,-0.020000000000000018,0.009999999999999787,0.020000000000000018,-0.3634421183333166,-0.8736745197383083
2018-12-21,-0.020702003093436765,-0.0043704611932126065,0.0065751054969816316,-0.015552472368380914,3.404857362764368,51.7599983215332,2.8500022888183594,0.04000000000000001,0.03000000000000025,0.0,0.6018664127029135,-1.182179341261375
2018-12-24,-0.026778617985640154,0.01089057789030817,-0.004451963575274454,-0.029694624856559212,3.585461486454794,56.72999954223633,4.430000305175781,0.03,0.040000000000000036,-0.04999999999999982,-0.021765770308366204,-1.5940743766183252
2018-12-26,0.04928999466207861,-0.003003949025405859,0.005075220574675305,0.063596169888741,3.414771496671585,54.06999969482422,-2.1500015258789062,0.010000000000000009,-0.020000000000000018,0.06999999999999984,0.33487907678678985,3.6809589979875024
2018-12-27,0.007648206884940654,0.0075760760319352385,-0.004292691374539565,-0.02869046582677818,3.3998631280906957,57.15999984741211,4.4499969482421875,0.009999999999999981,0.029999999999999805,-0.040000000000000036,-0.2072008763533277,0.5527385149715603
2018-12-28,-0.0012910637008871912,0.00405577569851946,-0.0027413141918567183,-0.00939956313517144,3.3442742396467224,53.11000061035156,-1.67999267578125,-0.009999999999999981,0.08000000000000007,-0.04999999999999982,-0.028011272784727842,0.10769148985385144
2018-12-31,0.008720849257664719,0.0015682595209626012,-0.0019626293618913797,0.013548942782280192,3.2355362687626434,51.869998931884766,-0.0800018310546875,0.009999999999999981,0.010000000000000231,-0.03000000000000025,-0.04457944387846396,0.6544956005967467
2019-01-02,0.0010397012535668891,0.000659591337713554,0.007437763481557822,0.019477861483309145,3.145013946698448,54.720001220703125,-3.7800025939941406,-0.04999999999999999,0.0,-0.029999999999999805,-0.0192060892011437,0.29170488267265565
2019-01-03,-0.024152083551873975,0.00902531942317321,-0.005475134119666545,0.010101038089280463,3.236715772974506,53.56999969482422,2.990001678466797,0.010000000000000009,0.029999999999999805,-0.10000000000000009,0.36908990378684253,-1.1163359342046089
2019-01-04,0.032947080069620334,-0.008119106827353381,-0.0015699724923569985,0.0228525090991826,3.0624558663436994,51.52000045776367,0.029998779296875,0.0,-0.029999999999999805,0.10999999999999988,-0.3279005548266514,2.09329052085405
2019-01-07,0.00785359088914671,0.0034525160778516237,-0.00432968731867318,0.010747505038418521,3.0633909042021177,50.41999816894531,-4.939998626708984,0.0,-0.03000000000000025,0.03000000000000025,-0.030092408508306134,0.6257583546601871
2019-01-08,0.009351667644056705,-0.0027117139907279018,0.0031508101538651836,0.020202711024708143,3.018960366129206,46.08000183105469,-1.8300018310546875,-0.020000000000000018,-0.029999999999999805,0.029999999999999805,0.5564674223391586,0.6335584088298699
2019-01-09,0.004662499409663102,0.006397649700215412,-0.009482549769882621,0.05105518806135765,2.9947317503093127,44.36000061035156,-2.029998779296875,0.03,0.0,0.010000000000000231,-0.7668072150733349,0.3542819101709817
2019-01-10,0.0035213887507547603,-0.005904086348646563,0.005937111468674047,0.004514697460094532,2.970414465569701,42.9900016784668,-0.3699989318847656,0.0,0.029999999999999805,0.0,0.2118862714421199,0.23126817660022972
2019-01-11,0.00038608506808737963,0.0017256811414605045,0.0007890116367676926,-0.018182388447055147,2.9008720218899873,40.9900016784668,-0.710002899169929,-0.01999999999999999,0.0,-0.03000000000000025,0.1369185548413774,0.05708386948683097
2019-01-14,-0.00611970349946008,0.002378067354322114,0.0,-0.01945406845412085,2.9481164036094025,40.810001373291016,-0.5999984741210866,0.01999999999999999,0.040000000000000036,0.0,0.2699788335223804,-0.2956593910616588
2019-01-15,0.0113959304511622,-0.001721516103226458,0.0035426469597142703,0.028586587014616627,2.9231616012282804,39.75,-2.3300018310546875,0.010000000000000009,0.0,0.010000000000000231,-0.7616354064219727,0.6820856101341779
2019-01-16,0.002416747660374816,0.0031947551186356582,0.0011779512173844017,0.005439761235844491,2.9465420774476376,38.77000045776367,-1.05999755859375,-0.010000000000000009,-0.009999999999999787,0.009999999999999787,0.5078131398361027,0.16341785320294389
2019-01-17,0.007558032393409693,-0.0013094038577051105,0.0,-0.0027162249781250676,2.8936995184175425,37.02999877929688,1.4899978637695241,0.010000000000000009,-0.020000000000000018,0.020000000000000018,-0.02652179519056697,0.39489423904215937
2019-01-18,0.013222162333695801,-0.008966489387798324,0.0031348484261264197,0.025068518173326417,2.8791984144362717,35.630001068115234,0.34000015258790484,-0.01999999999999999,-0.050000000000000266,0.040000000000000036,-0.09136934039349497,0.6540897756209219
2019-01-22,-0.013602532223728885,0.0035468368649853345,0.0,-0.01694204869842973,3.03495295002749,38.2599983215332,0.8600006103515554,-0.010000000000000009,0.0,-0.04999999999999982,-0.3563877327114315,-0.895574075581508
2019-01-23,0.0020903108194648334,-0.001400718491595256,-0.002350170281619541,-0.006314833306151579,2.971439604435954,37.68999862670898,-0.45000076293946023,0.01999999999999999,-0.009999999999999787,0.019999999999999574,-0.20138115311941512,-0.018939477125253665
2019-01-24,0.000531481955732982,-0.0015678713054947328,0.005865057865080147,0.010801174686528798,2.9386326492025887,36.75,-0.00999832153319602,-0.01999999999999999,0.0,-0.03999999999999959,0.18371796786758277,-0.16122563195637082
2019-01-25,0.008425767432503404,0.014511460180241248,-0.008220853169036547,0.007136508739065114,2.8576189758040322,35.209999084472656,-1.6800003051757812,0.0,-0.03000000000000025,0.03999999999999959,-0.008426883177046873,0.2513684420234849
2019-01-28,-0.007629235016387555,0.0034938106026215594,0.0007858228115993593,-0.027028689806628467,2.9375734038549357,37.61000061035156,-1.5499992370605469,-0.010000000000000009,0.020000000000000018,-0.009999999999999787,-0.35543961333073976,-0.925935525735122
2019-01-29,-0.0013280143718487382,0.005580978043920208,0.0003927685616575516,0.018996504436613958,2.951257739582145,37.130001068115234,-1.1500015258789062,0.010000000000000009,0.0,-0.029999999999999805,-0.16449203362199075,-0.4136449112479459
2019-01-30,0.01570701378588922,0.005710387238117131,-0.005117084027674075,0.02127737865777787,2.871302186535503,35.59000015258789,-1.4799995422363281,0.01999999999999999,0.010000000000000231,-0.020000000000000018,0.6822936752955336,1.1527014276540741
2019-01-31,0.00874377442752818,0.0004810580433256342,0.0019712297329232444,-0.004395544401114137,2.8075938130211036,34.970001220703125,1.4900016784667969,0.0,0.009999999999999787,-0.07000000000000028,0.020244740222823795,0.44363437228138003
2019-02-01,0.00048147987462458813,-0.002006018726865743,0.0,0.024370198833642196,2.78130062502572,33.400001525878906,-1.0200004577636719,0.0,-0.06999999999999984,0.07000000000000028,-0.275817793434782,-0.2783940690462742
2019-02-04,0.00701074026888214,-0.0043467903708823,0.0027530857330931658,-0.011240941001516383,2.755569687968872,33.70000076293945,0.07999801635742188,0.020000000000000018,-0.010000000000000231,0.029999999999999805,0.8143455003126282,0.2942376359675927
2019-02-05,0.004183147003968757,0.0025781491687657575,0.0027457922432641913,-0.01842966058646215,2.745345966245664,34.56999969482422,-0.25,-0.020000000000000018,-0.029999999999999805,-0.020000000000000018,-0.902220701629435,-0.09885791325474716
2019-02-06,-0.0013190583562960245,-0.006781846869660204,0.003909238523509559,0.002653671033303085,2.73306797151839,33.02000045776367,-1.1800003051757884,0.0,0.009999999999999787,-0.009999999999999787,0.5039645333860454,-0.7165337006990875
2019-02-07,-0.009578343588249466,0.0024273450059934865,0.0023383516330298614,-0.022332326663321495,2.7954504426495905,34.34000015258789,1.5300025939941477,-0.009999999999999981,0.03000000000000025,-0.050000000000000266,-0.43739815521117337,-1.8166371139607582
2019-02-08,0.0012205404243784686,0.0037911013463212333,0.0011669530648580695,0.0009029552806786066,2.7549338039876257,32.560001373291016,0.6599998474121094,0.009999999999999981,-0.010000000000000231,-0.020000000000000018,-0.19972340051025667,-0.15983813943599748
2019-02-11,0.0005545161925547599,-0.004923141507008373,0.0038805038558303606,-0.006337702910273306,2.7707119789475727,33.34000015258789,-1.3100013732910156,-0.009999999999999981,0.0,0.020000000000000018,-0.25485445284529185,-0.2273343826855298
2019-02-12,0.012777493363452184,0.0021013677593768472,-0.0034916172697052484,0.01353197175728539,2.7363136861531494,32.689998626708984,0.7000007629394531,0.009999999999999981,0.0,0.03000000000000025,-0.2597974289041681,1.4267986025337513
2019-02-13,0.003241691982417384,-0.003963908091330056,0.005426324134577316,0.01600036847491353,2.7504708926110992,32.2599983215332,-0.8500022888183594,0.0,-0.029999999999999805,0.029999999999999805,0.706024055993245,0.0690699634159169
2019-02-14,-0.002220744290954945,0.005577307519395154,-0.0011602700882293619,0.012270039261207146,2.786245006354004,32.099998474121094,-0.9799995422363352,-0.01999999999999999,0.029999999999999805,-0.04999999999999982,-0.9494658921634362,-0.7112924236326406
2019-02-15,0.0108382948833666,0.005947180522780987,-0.0019369551268450737,0.01983682985073146,2.7020321185427174,29.459999084472656,-1.4599990844726491,-0.01999999999999999,-0.020000000000000018,0.0,0.4338623597877141,1.1289027305227173
2019-02-19,0.001729011565126377,0.015109582852092532,-0.0038849385704860886,0.005959974688193254,2.7000180370958677,31.0,-0.6699981689453125,0.009999999999999981,0.0,-0.010000000000000231,0.36229470144153614,-0.15398204611774277
2019-02-20,0.002013459954461454,-0.0017378437981699678,0.0007781785168127416,0.012653106134899167,2.640484914257205,30.76000022888184,-0.5200004577636719,0.0,-0.04999999999999982,0.0,-0.19948773276844226,-0.08087346278211512
2019-02-21,-0.003562095005666423,-0.011370537714508504,0.0007776611341704508,-0.004199938122786487,2.671386219368722,30.15999984741211,2.009998321533203,0.010000000000000009,0.0,0.040000000000000036,0.29104239331653575,-0.792280795150439
2019-02-22,0.006180933748915954,0.0035920768439101198,-0.000388886586125233,0.005874938848870427,2.603430168913768,29.850000381469727,0.6700019836425781,0.010000000000000009,0.020000000000000018,-0.040000000000000036,0.27693144431898353,0.5719372660592693
2019-02-25,0.001360414990144849,-0.0010363715360958284,-0.0007777003005256498,-0.03231574758733015,2.6979998909369054,32.689998626708984,-1.0600013732910156,-0.010000000000000009,-0.020000000000000018,0.020000000000000018,-0.31671041024713975,-0.22017152899909634
2019-02-26,-0.0007160945517892609,0.0016736332310031306,-0.003898833873620921,0.005172461541607656,2.7193197983897055,31.56999969482422,0.11999893188477273,0.0,0.010000000000000231,-0.029999999999999805,-0.20375636149366405,-0.5536080465164558
2019-02-27,-0.0004292570872313939,-0.00711234367844341,0.0007810014124650744,0.022109763206885617,2.6878474808095296,31.01000022888184,0.0,0.03,0.009999999999999787,0.04999999999999982,0.6309209339615336,-0.4464221468125442
2019-02-28,-0.0018645864450586368,-0.005629776625606553,0.0007803039090433894,0.005033522838836801,2.6932748974531537,30.270000457763672,0.9400024414062429,0.01999999999999999,-0.029999999999999805,0.040000000000000036,-0.0281065539497916,-0.7788640417378282
2019-03-01,0.00622460713463832,-0.017163968380321165,0.0038925878281727815,-0.024567094580536915,2.607861451357774,30.309999465942383,0.6800003051757812,0.0,0.0,0.029999999999999805,-0.12286619815544379,0.6010428516546342
2019-03-04,-0.0036442277087830924,-0.0026289836177431354,0.00116495038434061,0.011935379799684176,2.6830742228543785,30.200000762939453,-1.1599998474121094,-0.03999999999999998,0.0,-0.03999999999999959,-0.4445449861087588,-1.1383841804827497
2019-03-05,-0.0013610608661517867,0.0013153870929188036,0.0027126312725978333,0.0016934385237675398,2.6905648712332506,29.790000915527344,-0.8800010681152344,0.0,0.0,0.0,0.6671828118766627,-0.5902528541022414
2019-03-06,-0.0060753199461639545,-0.0009041270457165541,0.0,-0.0059397455691899345,2.756205228447844,29.690000534057617,-0.22999954223632812,0.0,0.029999999999999805,-0.03000000000000025,-0.5651230482317539,-1.4888383895148605
2019-03-07,-0.008400520287502421,-0.0008226265106167708,0.008861449669494915,0.0050934251497289345,2.8088001133999354,30.43000030517578,0.20000076293945312,0.0,0.0,-0.04999999999999982,0.5685857554862163,-1.7868033805318213
2019-03-08,-0.002002300334967788,0.010886084259377201,-0.0030733411556913685,-0.006797042099549453,2.7757088020408553,29.770000457763672,0.0,0.0,0.020000000000000018,-0.020000000000000018,-0.5290667457995205,-0.4211186196842635
2019-03-11,0.014397539649127614,-0.004896357818091657,-0.0023113291359410514,0.011021740981275814,2.6623552365160092,29.18000030517578,-0.9900016784667969,0.0,0.0,0.020000000000000018,0.6791764329723639,2.5379288883513405
2019-03-12,0.003763543717068387,0.006035459879402026,-0.0019301387622984345,0.002526374955983139,2.6224923459841123,28.559999465942383,0.020000457763671875,-0.010000000000000009,-0.020000000000000018,-0.03000000000000025,-0.5485063601893684,0.3951261546395398
2019-03-13,0.006597347280406505,0.006968612448215202,-0.004647554720774309,0.024918169492546195,2.5960006859149227,28.1299991607666,-0.29000091552734375,0.0,0.009999999999999787,0.0,-0.13594001573505843,0.8535363145594148
2019-03-14,-0.0006398138448959715,-0.011614284265949192,0.0031009141052103276,0.002458066525081204,2.6026896854443837,27.21999931335449,0.6700019836425781,0.010000000000000009,0.010000000000000231,0.020000000000000018,-0.3679022896669212,-0.4153545328218136
2019-03-15,0.004928088118822382,0.00456433710702197,-0.00154929882973004,-0.001638039490028258,2.555675729561372,26.270000457763672,0.80999755859375,-0.010000000000000009,0.009999999999999787,-0.040000000000000036,0.16567389764057025,0.6804476577512967
2019-03-18,0.003619285053772112,0.0005690800870331783,-0.0011633324428676581,0.008976038178621457,2.572612259326932,26.479999542236328,-1.0999984741210938,-0.010000000000000009,-0.009999999999999787,0.010000000000000231,0.14988683203397976,0.4227872843557172
2019-03-19,0.0002479902544262448,0.002759488322105534,-0.0011649503843406612,-0.002440073309847909,2.6071243134574336,28.440000534057617,-1.2700004577636719,0.0,0.0,0.009999999999999787,0.07000233202900025,-0.2416883648059688
2019-03-20,-0.0030141810928365578,0.006463126873943105,-0.005844490429019144,0.017756743334276473,2.632607994965697,27.209999084472656,-1.1500015258788991,-0.009999999999999981,0.020000000000000018,-0.06999999999999984,-0.08750539119435123,-0.8091359245702415
2019-03-21,0.011230952460256885,-0.004034541087699915,0.006232987246645046,-0.004811590728468497,2.6122732541046934,27.13999938964844,1.979999542236321,-0.010000000000000009,-0.010000000000000231,0.0,0.18344097218099004,2.031225921222085
2019-03-22,-0.019433665281620625,0.0023420233902432335,0.0019397860095824234,-0.0170251413102791,2.8021474967044036,27.780000686645508,7.75,0.0,0.020000000000000018,-0.10000000000000009,-0.08202815145927567,-3.70199418026834
2019-03-25,-0.0007520669755945988,0.007633907060241627,0.0,0.0016340247212281787,2.7930039023103626,29.31999969482422,4.850002288818359,0.04000000000000001,-0.020000000000000018,-0.009999999999999787,-0.19268583210302204,-0.17849248518724914
2019-03-26,0.007426410370456172,-0.0049754946888430985,0.00309593944529422,0.017799844114906625,2.6864860439749103,27.920000076293945,-0.6000022888183594,0.0,0.020000000000000018,-0.020000000000000018,0.12228023049336194,1.0298354413635427
2019-03-27,-0.005242950630419786,-0.005243016760484459,0.0011586521906781393,-0.010479750263093664,2.7180005067758577,28.11000061035156,4.460002899169922,0.0,-0.020000000000000018,-0.020000000000000018,0.16864473746062672,-0.7952656868069685
2019-03-28,0.0037832059925973307,-0.014253957303041619,0.003467402648569107,0.000810063119673768,2.669309393934482,28.520000457763672,-1.0400009155273438,-0.010000000000000009,-0.009999999999999787,0.0,-0.5447792768011571,0.48172325457358783
2019-03-29,0.006286022785940182,0.0009019770912032663,0.0011533076633413917,0.012072550346032983,2.6181254963566425,26.75,-1.3800010681152344,-0.01999999999999999,-0.010000000000000231,0.020000000000000018,0.5294453892752556,0.7929008558997124
2019-04-01,0.011789454370289446,-0.0039418902576438125,-0.0007686950442955128,0.02527778337960537,2.595254678488975,26.229999542236328,-5.86000061035157,0.01999999999999999,-0.019999999999999574,0.08000000000000007,0.25147271103511304,1.4726346000690578
2019-04-02,0.0004892553800303063,0.003695988550420936,0.001152691099141925,0.014711882429315055,2.5922651424106884,26.280000686645508,1.520000457763679,0.01999999999999999,0.0,-0.010000000000000231,0.10675718771808297,-0.08159920022171546
2019-04-03,0.0015725502430554894,-0.001476744057391478,-0.001537303718187839,-0.0015384970545164194,2.6203112701361366,25.56999969482422,-0.3699989318847656,0.010000000000000009,-0.010000000000000231,0.040000000000000036,-0.4657235860259582,0.03354988145576604
2019-04-04,0.0026500376219508797,0.0025419025120264,0.0011533076633413917,-0.0054033088030994774,2.6085981165124394,25.21999931335449,-2.1399993896484375,-0.010000000000000009,-0.009999999999999787,-0.010000000000000231,0.010077181130747693,0.1567198330889965
2019-04-05,0.004828517668003369,-0.001065158454634802,0.0011518058815746391,0.017645225355108783,2.551006427687861,24.0,-2.479999542236328,-0.03,0.0,-0.009999999999999787,-0.5011679719126418,0.39830139294061573
2019-04-08,0.0007620797752546381,0.004335552354601278,-0.003459579067205949,0.01883294887430688,2.5787005522288204,24.32999992370605,-1.3300018310546875,0.010000000000000009,-0.010000000000000231,0.020000000000000018,0.14663066497601393,-0.24626582498482477
2019-04-09,-0.005137952867305812,0.005210460213684454,0.0003849699476027784,-0.005237550021834839,2.6588599382119416,24.65999984741211,0.94000244140625,0.0,-0.020000000000000018,-0.010000000000000231,0.035857046175720955,-1.1102224056112113
2019-04-10,0.003404888333113985,0.0030808947099307334,-0.0015407698011229807,0.0059835574477820124,2.5877640495686753,24.68000030517578,-0.23000335693360086,0.010000000000000009,0.020000000000000018,-0.029999999999999805,0.17609966015978176,0.2561082502317958
2019-04-11,-0.0002777150171705627,-0.01287293202962213,0.003079256013113981,-0.010494803074675015,2.5664866719389225,25.700000762939453,-1.6999969482421804,-0.010000000000000009,-0.009999999999999787,0.029999999999999805,-0.2741216045213207,-0.29558701153068245
2019-04-12,0.006743560989710535,-0.000984454241361077,-0.0023086612973891494,0.0022581667284274818,2.485739655149497,25.700000762939453,1.9399986267089844,0.0,-0.050000000000000266,0.050000000000000266,0.32848207662579726,0.8214009351561993
2019-04-15,-0.000655197732559266,-0.0018896884121834196,-0.0003850926837159351,-0.00452151634696077,2.511223933334612,25.51000022888184,-1.2000007629394531,-0.010000000000000009,0.0,-0.010000000000000231,0.006051057663583075,-0.3560880121757744
2019-04-16,0.0006551977325593272,-0.009004202217837156,0.0023093759628471044,0.009770849332607183,2.4997952873372333,25.56999969482422,0.6700019836425781,0.04000000000000001,-0.029999999999999805,0.050000000000000266,-0.2718517516296554,-0.11916924186625293
2019-04-17,-0.0024500205221163938,-0.0019104067944001747,-0.0007691995600536921,-0.006754258613625205,2.533696844232807,25.190000534057617,0.3400001525878906,0.0,0.009999999999999787,-0.010000000000000231,0.08477134848340581,-0.5685367418523459
2019-04-18,0.0019673647921930717,0.0007480072379889946,0.005372272250906699,0.00300751826045182,2.4923786772477015,24.450000762939453,0.5799980163574219,0.0,-0.009999999999999787,-0.020000000000000018,-0.104587745237551,0.11930244107945974
2019-04-22,0.0008612133575270612,0.0,-0.002298931095215412,0.025937014115832577,2.519308082648162,26.06999969482422,-0.450000762939446,0.01999999999999999,0.020000000000000018,0.020000000000000018,0.3230397264171381,-0.08362030267220234
2019-04-23,0.008951628298143919,-0.0020790892290242957,0.0034463315023412072,0.008740032721951818,2.5079719009739794,26.559999465942383,1.0100021362304616,0.0,0.0,-0.020000000000000018,-0.323039726417138,1.2993126396503611
2019-04-24,-0.0022217984184410644,0.0029095034311526907,0.004957168756041285,-0.008008754536357387,2.5756610391845274,25.280000686645508,0.7299995422363281,0.0,0.0,-0.040000000000000036,0.05432591045666262,-1.0348906847014743
2019-04-25,-0.0006159875633559534,0.0008297251865102907,0.0018999803368452961,-0.011025512055932695,2.583997552432231,25.56999969482422,-0.7299995422363281,0.0,0.0,0.010000000000000231,0.23812881374115888,-0.6395151619428193
2019-04-26,0.004646131069627479,0.006613259149985799,-0.001139640731069822,-0.03306083086800506,2.5439613766098743,31.239999771118164,-0.3600006103515625,0.020000000000000018,-0.010000000000000231,-0.03000000000000025,-0.11691524298798608,0.6622922231466876
2019-04-29,0.0015663668983763664,-0.004459139554905714,-0.0022830132797464603,0.010638351947797579,2.573375271587755,29.040000915527344,-1.3800010681152344,0.009999999999999981,0.0,0.03000000000000025,0.36227127467036796,-0.1806078610690447
2019-04-30,0.00051009401772088,0.00305743426250323,-0.0030522344213607068,0.004524926328367429,2.574137774793312,29.309999465942383,1.4200019836425781,0.0,0.010000000000000231,-0.03000000000000025,-0.25814882072002865,-0.4200815311297681
2019-05-01,-0.007544654212830643,-0.0066225029075605455,0.0011456476193197856,-0.005281015232411294,2.69462719365756,29.40999984741211,-2.720001220703125,-0.03,-0.03000000000000025,0.010000000000000231,0.40316177611889265,-2.436075078729457
2019-05-02,-0.0021615413311510145,-0.0038279074525403786,0.002287451153827109,-0.0307244269345303,2.6686161371476453,30.489999771118164,-0.029998779296875,-0.009999999999999981,0.010000000000000231,0.029999999999999805,-1.3173310540019638,-0.8489735545337544
2019-05-03,0.009740415313367775,0.005902166622599836,-0.003815359433856196,0.003892585028106303,2.554899012715967,29.8799991607666,-0.9400024414062429,0.009999999999999981,-0.010000000000000231,-0.009999999999999787,0.6465483223342441,2.3557378927644
2019-05-06,-0.004123548644611562,0.0013252386046359393,0.0007642028525829831,0.01542049157083058,2.7369615174193824,30.90999984741211,2.0400009155273366,-0.009999999999999981,0.03000000000000025,-0.03000000000000025,0.48656136694637225,-1.2672903713146333
2019-05-07,-0.01684083433343995,0.003305527606359191,0.0007637054274460689,-0.026358127676923103,2.961140812988524,34.06999969482422,4.540000915527344,-0.03,0.029999999999999805,-0.05999999999999961,0.16938906993219088,-4.054096851451718
2019-05-08,-0.001390260279558859,-0.002478073455137969,0.00038150495467505647,0.012490466976035362,2.9652730464058945,32.22999954223633,-1.0499992370605469,0.01999999999999999,0.0,0.040000000000000036,-0.08723235247452671,-0.22323663865681373
2019-05-09,-0.003030340927821165,0.0023955509816441485,-0.0019094132347043196,-0.006225694920304339,2.949688355024821,32.47999954223633,3.4099998474121094,0.0,0.040000000000000036,-0.040000000000000036,-0.41157350148560035,-0.4902013898168442
2019-05-10,0.005010830009330549,0.0018959191232163482,-0.0003823205401748681,0.0023391614800014593,2.7750856595161313,32.79999923706055,-1.2299995422363281,0.01999999999999999,-0.009999999999999787,0.020000000000000018,0.47170689177474273,0.9004260004286613
2019-05-13,-0.02545139342180214,0.010159840539079742,0.0,-0.012539337069037046,3.0228609038162353,34.599998474121094,4.399997711181641,0.010000000000000009,0.04999999999999982,-0.07000000000000028,-0.133055843752915,-4.424839280162925
2019-05-14,0.009002866979960509,-0.001713369544315355,0.0022917337748791984,0.014873039639396938,2.8936995184175425,32.130001068115234,-2.540000915527351,0.0,-0.009999999999999787,0.020000000000000018,0.2912414987923524,1.2811263464613976
2019-05-15,0.005840618806397822,-0.0005717761663673002,0.0003815316026243724,0.007740006200574215,2.79971742211329,29.26000022888184,2.0500030517578196,-0.010000000000000009,0.019999999999999574,-0.04999999999999982,0.0436446946732259,0.8581161623412632
2019-05-16,0.009218350504476364,-0.0072160809060901054,0.002666223918712672,0.013022020267986503,2.727199017446074,29.420000076293945,-0.4200019836425781,-0.009999999999999981,-0.019999999999999574,0.029999999999999805,-0.3341468999852145,1.2150990436411715
2019-05-17,-0.006485759300826188,-0.0071027767830243865,0.0022795435969551695,-0.0045766989883455735,2.770085594411824,29.440000534057617,-0.009998321533203125,-0.010000000000000009,0.0,-0.009999999999999787,0.21882681516834052,-0.7121004576987291
2019-05-20,-0.006634276011818778,-8.290551782707826e-05,-0.0007591849335422548,0.005337389418486381,2.7917783838887393,27.6299991607666,-0.4200019836425781,0.010000000000000009,0.0,0.020000000000000018,-0.21503334381204292,-0.6993513653759086
2019-05-21,0.00897556841394748,-0.0023236423674714048,0.0015179651018254552,-0.0015220325839761498,2.7047112870785104,26.93000030517578,-1.2000007629394602,-0.03,-0.010000000000000231,0.020000000000000018,-0.2533599108855663,1.1464300644963221
2019-05-22,-0.0030763698305784006,-0.0009975291545634036,0.0007581193426628955,-0.030153064852282408,2.691243082785829,28.190000534057617,-0.3899993896484304,-0.010000000000000009,0.029999999999999805,-0.040000000000000036,-0.05572472183809998,-0.27372405409905426
2019-05-23,-0.01229347258665411,0.007704775453647809,-0.0018964627710561133,-0.05236795493070875,2.8284963586871754,33.790000915527344,6.1100006103515625,0.03,0.020000000000000018,-0.08000000000000007,0.01760908891558789,-1.2744894308736172
2019-05-24,0.0022652831756310543,0.0010723379767870567,-0.0034226540108163142,0.011513235021806536,2.76316952439078,33.189998626708984,-0.529998779296875,-0.03,0.03000000000000025,0.009999999999999787,0.7082354802111471,0.435684049490363
2019-05-28,-0.009343999898145085,-0.0038822269155751525,0.004181722129538202,0.0,2.8622008809294686,34.36000061035156,1.2299995422363281,-0.01999999999999999,0.009999999999999787,-0.06000000000000005,-0.7304396375221576,-0.8600638156441923
2019-05-29,-0.006733139955103636,0.0003309964016133878,0.0022734116899797087,0.0008173461151758786,2.8848006915355513,36.43000030517578,1.3899993896484375,0.01999999999999999,0.010000000000000231,-0.009999999999999787,-0.22249609256708544,-0.4970706364210271
2019-05-30,0.002727424618915001,0.006761236816409464,0.0003785849738102899,-0.040005296451461905,2.8507064574031857,39.619998931884766,-1.4199981689453125,0.0,0.0,-0.029999999999999805,-0.0898594024845654,0.5836295227943236
2019-05-31,-0.013567017859401103,0.013386857013473643,-0.0041707095233653865,-0.057758819248291814,2.9290580913534825,46.90999984741211,10.939998626708984,0.03,0.040000000000000036,-0.08000000000000007,0.6183278254933058,-1.2072239239311675
2019-06-03,-0.002545951172765905,0.014329650783140812,-0.005333301499449961,-0.009959395095772788,2.9370433095675357,46.77999877929688,0.8799972534179688,0.06,0.04999999999999982,-0.07000000000000028,-0.25847148023414146,0.024669821298384312
2019-06-04,0.02147459793624415,0.00031967486235552026,-0.0011465233927579117,0.015350195691257638,2.8314470387838178,43.459999084472656,1.7000045776367188,-0.010000000000000009,0.0,0.050000000000000266,0.4994518262432793,2.5739662735585402
2019-06-05,0.00862444023023638,0.002553665830468566,0.0034357201539072387,-0.035571409608527685,2.7781979704876907,45.18999862670898,2.3799972534179688,0.04999999999999999,0.03000000000000025,0.0,0.5942532086596255,1.0348321829628988
2019-06-06,0.0064817961329523424,0.0032623544765034472,-0.0034357201539071775,0.026570500362328102,2.7682041430792563,40.65999984741211,-4.220001220703125,-0.04999999999999999,-0.010000000000000231,0.0,-0.45913012991656205,0.7548226344419802
2019-06-07,0.009957178116156677,0.005624438342681366,-0.004215461458662051,0.015253693953564946,2.7911650610066143,38.75,-4.7299957275390625,0.0,-0.020000000000000018,-0.03000000000000025,0.566855554204115,1.0179210893034984
2019-06-10,0.0045784723188754825,-0.010003215486538998,0.001151450496495853,-0.010743155238379957,2.768831647037307,39.119998931884766,-3.0699996948242188,0.010000000000000009,-0.029999999999999805,0.06000000000000005,-0.4017568220292453,0.43249927786605213
2019-06-11,-0.00024211668489233993,-0.0011975692988470156,0.0003835800773027436,0.0,2.771963512531802,38.68999862670898,-0.69000244140625,-0.03,-0.010000000000000231,0.0,-0.2188345264874002,-0.05911569897097522
2019-06-12,-0.0017669392912917224,0.005179100221238763,0.0026804308848636157,-0.04322505656872614,2.7669478327590045,43.060001373291016,3.5,0.03,0.03000000000000025,-0.020000000000000018,-0.1155301238947762,-0.18072264896581736
2019-06-13,0.004117505307347428,0.0061006935016299476,0.0007645812008843666,0.022305735765589245,2.761274943049003,41.560001373291016,7.30999755859375,0.020000000000000018,0.009999999999999787,-0.029999999999999805,0.21506133568948763,0.32664985418126224
2019-06-14,-0.001105432933294526,-0.0003160129284806553,0.00533524770110725,0.005499506691382986,2.7265447662626667,42.88999938964844,5.0800018310546875,-0.020000000000000018,0.0,-0.010000000000000231,0.008306270501869058,-0.24811014654039168
2019-06-17,0.0003805548019659748,-0.0006322652864022912,0.0003799959902163316,-0.011954088169074001,2.731115498884654,46.150001525878906,-3.94000244140625,-0.01999999999999999,-0.009999999999999787,0.0,-0.568547818930508,-0.03701713712247045
2019-06-18,0.010415856434955201,0.005047324392238259,0.001518712859575311,0.039896458181857004,2.7180005067758577,43.43000030517578,-0.1399993896484375,-0.03,-0.010000000000000231,-0.029999999999999805,0.577332447517592,1.2204909052853845
2019-06-19,0.0022547261077111996,0.006038970838080437,-0.004562817597876241,0.0070859396556866554,2.6623552365160092,40.790000915527344,-5.3699951171875,0.08999999999999997,0.010000000000000231,-0.03000000000000025,-0.6307034382060377,0.13915895655827895
2019-06-20,0.009509239419104866,0.024866155493817887,-0.0061161510387706935,0.044873831466561875,2.691243082785829,41.65999984741211,1.0,0.0,-0.03000000000000025,-0.020000000000000018,0.4040518619039085,0.9700352030077893
2019-06-21,-0.0014546790483740367,0.00661369341666817,-0.00499709763578761,0.010075642105375138,2.7343674846488217,42.130001068115234,2.2599945068359375,0.010000000000000009,-0.029999999999999805,0.06000000000000005,0.42758934172888163,-0.36046811837637116
2019-06-24,-0.0012255425872971803,0.014741593126273352,-0.001542639304767956,0.003336113271444082,2.7252350408551207,41.0,-0.8699951171875,0.0,-0.020000000000000018,-0.04999999999999982,-0.6570310770771028,-0.34367860355098073
2019-06-25,-0.009856122718287473,0.0019392450876947497,0.0023129371262791605,-0.0008330053614964786,2.7899374027516357,40.2599983215332,0.45999908447265625,-0.010000000000000009,0.009999999999999787,-0.020000000000000018,-0.22327833128610997,-1.5696060818933533
2019-06-26,-0.0009975338576586586,-0.009207653748305768,0.0007698785812820062,0.023879270686039678,2.7856282792684133,38.45000076293945,-0.48999786376953125,-0.009999999999999953,-0.020000000000000018,0.04999999999999982,0.6527828024836863,-0.31630644474369624
2019-06-27,0.00353935834911574,-0.0009781791081800058,0.0,0.0,2.761274943049003,37.84000015258789,-3.8100051879882812,-0.010000000000000009,-0.009999999999999787,-0.040000000000000036,-0.799279869925017,0.20573404116163785
2019-06-28,0.005132696973044706,0.0027063662544696662,-0.0007698785812821212,-0.020551483761718278,2.7133693575205298,39.459999084472656,0.5100021362304688,-0.020000000000000018,0.0,-0.009999999999999787,0.7033941262979396,0.361043433717386
2019-07-01,0.009037849354974736,-0.019559428102497136,0.007289551239314812,0.019737464261657223,2.643333916227234,35.91999816894531,-3.9000015258789062,0.0,-0.020000000000000018,0.029999999999999805,0.29908575532461806,0.8671541751069263
2019-07-02,0.0026012025606564357,0.02113481354805423,-0.00076487363789261,-0.04838307547239385,2.5595502163859143,37.77000045776367,2.0699996948242188,-0.04000000000000001,0.0,-0.04999999999999982,-0.19196589850276904,-0.15614563675026494
2019-07-03,0.00796286764735624,0.0016477026920105947,0.0,0.005965134663009992,2.5313129983240508,36.720001220703125,-0.26999664306640625,-0.01999999999999999,-0.03000000000000025,-0.020000000000000018,-0.13222381442930356,0.6315707490759606
2019-07-05,-0.0011386317397903947,-0.011212861349998495,0.005341526878399038,0.015177302251847914,2.5862591239406965,34.70000076293945,-3.0500030517578125,-0.01999999999999999,0.0,0.08000000000000007,-0.5502945132207653,-0.8460017373361894
2019-07-08,-0.005510152570487253,-0.006453396174434407,0.001900874178947837,-0.0016750007260840092,2.6361961000668175,34.0,-2.05999755859375,0.0,-0.029999999999999805,0.009999999999999787,-0.01062885290987653,-1.6236681640086703
2019-07-09,0.0012456586880878113,0.0034976216131429347,0.0007591849335422149,0.009178175021962496,2.6454653367401053,30.299999237060547,-0.31999969482421875,-0.020000000000000018,-0.009999999999999787,0.020000000000000018,-0.5851257619517553,-0.17896860271610865
2019-07-10,0.004767250244523254,0.015664164068756106,-0.0041833127392641445,0.03989131088449698,2.5672543706433686,30.76000022888184,-0.5100021362304688,0.1,0.029999999999999805,0.0,0.12797287348804973,0.59339060335759
2019-07-11,0.0023410578601156403,-0.008479433149487648,0.0,0.0015949331789711565,2.5595502163859143,29.86000061035156,0.5699996948242188,0.030000000000000027,0.0,0.06000000000000005,0.8225050360995381,0.1087830002877354
2019-07-12,0.004466832323274279,0.006235244213343071,-0.0019071418899585032,-0.0023932785412444702,2.516889723350716,30.38999938964844,-0.18000030517577414,0.0,0.0,-0.009999999999999787,-0.3594026316429935,0.5089099540339582
2019-07-15,0.0003328699083995442,0.0,0.001525987168915736,-0.017728124349274198,2.54002597307657,30.82999992370605,-0.8799972534179759,-0.020000000000000018,0.0,-0.03000000000000025,-0.0041470891617166935,-0.37869024508696364
2019-07-16,-0.0032304528436624446,-0.008498565150237166,0.004564467460307001,-0.01887626805965726,2.554121692112525,32.060001373291016,-0.6100006103515625,0.0,-0.020000000000000018,0.040000000000000036,-0.3013035377993908,-1.060733575806427
2019-07-17,-0.006828278959828705,0.01633123396202252,-0.0018993444332417386,-0.026869769235445855,2.636912192383316,34.939998626708984,1.0,-0.03,0.010000000000000231,-0.06999999999999984,0.3665863448463327,-1.734568615023389
2019-07-18,0.0036539205650447694,0.01401922107283276,-0.005337367919754688,-0.016302341046914748,2.6049094224466427,33.06999969482422,0.8299980163574219,0.04000000000000001,0.029999999999999805,-0.020000000000000018,-0.22343557422385968,0.38280882484160983
2019-07-19,-0.005570243987735152,-0.01483691752503857,0.004957168756041285,0.009470553292824507,2.6706944013587965,34.84000015258789,0.7400016784667969,-0.020000000000000018,-0.010000000000000231,0.009999999999999787,0.0034016393050146786,-1.3590448162127258
2019-07-22,0.002453793766089076,-0.0001487748968767623,0.0018999803368452961,0.0008565506920661633,2.6049094224466427,33.630001068115234,-2.8899993896484375,0.0,-0.019999999999999574,0.0,0.19719529950978498,0.2976547615411552
2019-07-23,0.007124346166936937,-0.005668654760058427,0.004545448772132415,0.01106866221175278,2.5344901227505985,32.25,0.2599983215332031,0.0,-0.010000000000000231,0.03000000000000025,0.4165557948023226,1.3474990787734273
2019-07-24,0.004688454712502685,0.005073447292028362,0.0,-0.01880399522275856,2.4907230098256137,32.86000061035156,-0.5200004577636719,-0.03,-0.08000000000000007,-0.03000000000000025,-0.35978100324668016,0.7366821688180349
2019-07-25,-0.00478857739377282,-0.007095118991376651,0.0018879552996292845,0.0008624604805012371,2.54474663217841,31.950000762939453,0.2800025939941406,0.0,-0.009999999999999787,0.03000000000000025,-0.6727839241642348,-1.186445762070164
2019-07-26,0.006677669499411186,0.00164757936404381,0.0015077510816886464,0.004301016269887226,2.4981518639896745,32.290000915527344,-2.0900001525878906,0.0,-0.010000000000000231,0.0,1.0488014464585556,1.1192144335534782
2019-07-29,-0.0018229968959680872,0.006637600502192369,0.0007529814366309054,0.01448683889183121,2.551786172681018,31.6299991607666,-0.3500022888183594,-0.010000000000000009,0.0,-0.020000000000000018,-0.288974786037241,-0.777466783674805
2019-07-30,-0.002457405492420804,0.0033393742390960437,0.0,0.02175820003158693,2.634762375230749,30.06999969482422,-0.7099990844726562,0.0,0.010000000000000231,0.0,0.4706358313415644,-0.8487949545773117
2019-07-31,-0.011000764119483926,-0.013199706898717264,0.006003695707077605,-0.00331674947862314,2.780060789140106,30.770000457763672,-2.5900001525878906,-0.07999999999999999,-0.010000000000000231,-0.040000000000000036,-0.3013729920476361,-2.557023375522753
2019-08-01,-0.008746306392895793,0.0237382025873749,-0.002997342315037497,-0.06254710948290525,2.8831233761345922,36.43000030517578,9.430000305175781,0.04000000000000001,0.040000000000000036,-0.1200000000000001,0.3771416684344322,-1.757466294736729
2019-08-02,-0.007557893343590544,-0.003819352910475418,-0.0022539385098750554,0.014919023787118794,2.8684669571674872,35.560001373291016,1.4300003051757812,-0.03,0.010000000000000231,-0.039999999999999813,-0.2462956566879139,-1.3352177283350344
2019-08-05,-0.03053452503012552,0.013885007839557597,-0.004901102700113756,-0.009628053319254941,3.2023398624333836,37.040000915527344,11.129997253417969,0.01999999999999999,0.06000000000000005,-0.1100000000000001,-0.34647009436818127,-5.521605943758236
2019-08-06,0.01392564754521574,0.008095529492025941,0.0011331838125192351,-0.02043603237922422,3.004196355748666,36.43000030517578,-3.3199996948242188,-0.03,0.009999999999999787,-0.020000000000000018,0.012209871580685275,1.9480523524028903
2019-08-07,0.0005906819972283221,0.01507548681526026,-0.0007552563411021551,-0.027299255230182378,2.969901501775917,38.09999847412109,5.160003662109375,-0.010000000000000009,-0.020000000000000018,-0.020000000000000018,0.09276516692393481,0.2273400198891664
2019-08-08,0.01942975689590526,0.005022054446004404,0.0007552563411020989,0.011009274912558844,2.827905153886959,35.97999954223633,-0.529998779296875,-0.01999999999999999,0.020000000000000018,0.010000000000000009,0.01357048289209783,2.311859288375219
2019-08-09,-0.006834685815312329,-0.003321683939870917,-0.0011331838125192657,0.028778937396713056,2.8887036625848097,35.13999938964844,0.4199981689453125,0.009999999999999995,-0.020000000000000018,0.020000000000000018,-0.012161803025408383,-0.5990573430923265
2019-08-12,-0.012248131971948975,0.009651773675578623,-0.0007561129942822104,0.007067160673785595,3.0487990017257656,34.43000030517578,2.6100006103515625,-0.039999999999999994,0.0,-0.09000000000000008,0.1711604228300519,-1.087260538635509
2019-08-13,0.01543181934758568,-0.005977346952418699,0.004528211031661815,0.04391581590945587,2.8633431116363086,33.189998626708984,-3.8800048828125,-0.05,-0.009999999999999787,0.030000000000000027,-0.44682333543475655,1.6942863663228216
2019-08-14,-0.030013255353022614,0.00681829671908825,0.002256566559423965,-0.036898249708517496,3.0955776257847805,35.83000183105469,9.520004272460938,-0.01,0.009999999999999787,-0.08999999999999986,0.6457504815860299,-2.6118595803714966
2019-08-15,0.00263834012305731,0.006632923311853109,0.0007510022189831709,-0.007898171734791301,3.0530573545819375,36.20000076293945,3.4000015258789205,0.03,0.040000000000000036,-0.07000000000000006,0.07587462976163482,0.41347362406290294
2019-08-16,0.014647292093919774,-0.00642279632319684,0.0007505232866102902,0.004395544401114126,2.9161477570348886,35.02000045776367,-1.1000061035156392,0.030000000000000006,-0.010000000000000231,0.030000000000000027,-0.3108484096076373,1.326157400172842
2019-08-19,0.01197563943097895,-0.011765243129746363,0.0022480271383808186,0.022550845897713643,2.8261294394501912,32.9900016784668,-3.029998779296875,0.0,0.03000000000000025,0.050000000000000044,0.31493018911686893,1.0353099881490244
2019-08-20,-0.0076921790917474225,0.007765153200510364,-0.0022480271383806846,-0.0025761914651854663,2.8622008809294686,32.34000015258789,0.37000274658203125,-0.020000000000000004,0.009999999999999787,-0.050000000000000044,0.45935789302546187,-0.5149023593813346
2019-08-21,0.008102883232580047,-0.0031694374885161206,0.0011246875491014536,-0.001721210232217833,2.7600099521047476,32.38999938964844,-2.3499984741210938,-0.020000000000000004,-0.04999999999999982,0.040000000000000036,0.19367615751635722,0.694921520363585
2019-08-22,-0.0003080699476883321,-0.002542737809443374,-0.0007496793406082104,-0.0069144550170160204,2.8142104152265106,32.38999938964844,-1.3600006103515625,-0.019999999999999997,0.0,0.030000000000000027,-0.40259453309884713,0.06737583362663085
2019-08-23,-0.02602312714528078,0.0194004358255685,-0.005640113338061212,-0.02993182629691192,2.9892110987999296,35.20000076293945,8.669998168945312,0.0,0.020000000000000018,-0.10000000000000009,0.3680100072238251,-1.826879186120237
2019-08-26,0.010997672101726507,0.00013874512727632068,0.0052651051295680915,-0.000893989801040758,2.961140812988524,35.41999816894531,-3.839996337890625,-0.01,0.0,0.020000000000000018,-0.0031668587037757432,0.9305695122273557
2019-08-27,-0.003931540056449234,0.009525229640210546,-0.0007505232866102379,0.02123971588506069,3.0111133492969895,33.72999954223633,0.6899948120117188,-0.04,-0.010000000000000231,-0.050000000000000044,-0.4347347514735482,-0.11407704622591822
2019-08-28,0.007017485545732011,-0.002820513317677276,0.002249713071251191,0.01908126088977862,2.9626924391899885,32.720001220703125,1.2000045776367188,0.010000000000000002,0.0,-0.020000000000000018,-0.2677099392648657,0.6406836004638836
2019-08-29,0.012691761793189586,-0.007190355573252848,0.0026183546413364087,0.011955683757086461,2.883682722808376,31.81999969482422,-2.9300003051757812,0.0,0.010000000000000231,0.030000000000000027,-0.28080059393536966,0.9878486534095826
2019-08-30,-0.0004441822912298153,-0.0025705723222454796,0.003728581848649146,-0.027540440940160192,2.943385769063569,32.15999984741211,-0.0500030517578125,0.03,-0.010000000000000231,0.0,0.14962316786224616,0.0226453209365392
2019-09-03,-0.005864402017370251,0.013817145553141903,0.0022304774284822083,-0.021164790721390606,2.978586106957683,35.72999954223633,-1.6200027465820312,0.0,0.020000000000000018,-0.030000000000000027,-0.1970128169515699,-0.36892423237606176
2019-09-04,0.011286297106801842,0.006224182405113975,-0.006332750697530087,0.04274525697335767,2.8524390993250943,34.560001373291016,-3.6699981689453125,0.04,0.010000000000000231,0.0,-0.0382714723700322,0.7828426789104185
2019-09-05,0.012773482503814427,-0.02429383958928248,0.00037369142039880073,-0.0008543553656814744,2.78932294936639,33.5,-1.6800003051757812,-0.02,-0.010000000000000231,0.10000000000000009,0.14679610150554226,0.8354312684829867
2019-09-06,0.0007718346493566819,-0.008559662387184017,0.000373467557861723,0.005965134663009992,2.70805020110221,33.209999084472656,-1.0999984741210938,0.0,-0.020000000000000018,-0.020000000000000018,0.20264780594657145,-0.06487887363370881
2019-09-09,0.000503447813884653,-0.0037414803722944866,-0.0018688185612097436,0.02599722602634983,2.725890149208515,33.279998779296875,-2.3799972534179688,0.030000000000000002,-0.029999999999999805,0.07999999999999985,-0.6842222958106218,-0.08583332412002802
2019-09-10,-0.00023484292288028315,-0.008594766463448816,0.0011216595829493627,-0.008312631714299452,2.721295415303884,33.54999923706055,0.339996337890625,0.0,-0.009999999999999787,0.09000000000000008,-0.018548857094010423,-0.07727184877940749
2019-09-11,0.007085859756793567,0.0060453662250154515,0.00298504001871807,-0.02536055094850146,2.681706202263446,34.939998626708984,-0.0800018310546875,0.020000000000000004,0.0,0.030000000000000027,-0.09931012312288044,0.48427044659451374
2019-09-12,0.00345772609390761,0.0020542492696135994,-0.0029850400187180293,-0.018143049106236278,2.6546494431534917,35.58000183105469,0.8700027465820312,0.0,0.0,0.040000000000000036,0.5390961767855978,0.12238809020218422
2019-09-13,-0.0006640969765175502,-0.008313640257218174,-0.001495825867197964,-0.0026190051500379523,2.6203112701361366,35.47999954223633,7.959999084472656,0.039999999999999994,-0.010000000000000231,0.10999999999999988,0.027428605693410577,-0.17581420501718237
2019-09-16,-0.0030935824196840983,0.008313640257218249,0.004480865885915967,0.11467022340914805,2.685804597355568,48.58000183105469,0.4199981689453125,-0.009999999999999995,-0.009999999999999787,-0.05999999999999983,-0.42762505009051716,-0.6321843452804342
2019-09-17,0.002528646594986403,0.001979350045407386,-0.0044808658859160225,-0.04300025220697764,2.6700021044053517,44.88999938964844,-1.1899948120117188,-0.010000000000000009,0.009999999999999787,-0.030000000000000027,0.1634554331375698,0.00023388965293944604
2019-09-18,0.0005980783719159998,-0.006305141849164153,0.0037355460012396223,-0.015580436344921596,2.6354794945946245,40.43999862670898,-5.099998474121094,-0.06,-0.029999999999999805,-0.010000000000000009,-0.0862080073849468,-0.1502788455107001
2019-09-19,-6.628619290141002e-05,0.004042645700960864,-0.002239720134041648,0.007410424941034147,2.64262240935519,41.150001525878906,-1.5200042724609375,0.020000000000000004,-0.010000000000000231,-0.010000000000000009,0.9338666441668565,-0.16949864033451706
2019-09-20,-0.004736374210500259,0.011751169204553406,0.0026124074579007444,0.0008200270350531057,2.729159144392355,38.9900016784668,1.9300003051757812,0.0,0.020000000000000018,-0.050000000000000044,-0.630951516476101,-0.7698650094025072
2019-09-23,-0.00023426334412404934,0.005580782257567522,0.001489865811147004,0.0008193551416479644,2.7020321185427174,39.060001373291016,0.94000244140625,-0.010000000000000002,-0.020000000000000018,-0.020000000000000018,0.31328202488827556,-0.16520189708317895
2019-09-24,-0.007877663230785353,0.00527299162043293,-0.0037285818486490945,-0.02571692318564969,2.836150158982343,38.7400016784668,2.05999755859375,0.0,0.03000000000000025,-0.08000000000000007,-0.10749382334059641,-1.0717804570237104
2019-09-25,0.005897060052340593,-0.01871950108116947,0.007813927912583837,-0.008438820425613404,2.770085594411824,38.369998931884766,-2.8499984741210938,0.010000000000000002,0.0,0.09000000000000008,0.18134157728129263,0.632005944839162
2019-09-26,-0.0020852028301877076,-0.0002821278180384957,0.0025910495317565813,0.0,2.7769541607590176,37.52000045776367,-0.34999847412109375,-0.010000000000000002,-0.020000000000000018,-0.030000000000000027,-0.880050091950695,-0.6619939097772332
2019-09-27,-0.005402043874887651,-0.005161727926224835,-0.001479694013535559,-0.011935379799684245,2.8460714591247,38.900001525878906,0.09999847412109375,0.019999999999999997,0.009999999999999787,-0.010000000000000009,0.5221809176796931,-1.2611132406509271
2019-09-30,0.004627309971462054,-0.015647105922203676,0.0033266750496929796,-0.02782785608057803,2.7874773206398227,38.75,-2.7700042724609375,-0.009999999999999995,0.010000000000000231,-0.010000000000000009,0.10969635217057751,0.5720919964051051
2019-10-01,-0.01196628658513841,0.005457893373498284,-0.0033266750496929497,-0.013315826930753194,2.921008698583398,38.880001068115234,8.410003662109375,0.039999999999999994,0.020000000000000018,-0.030000000000000027,-0.5517705363615035,-2.425750931720454
2019-10-02,-0.01782232033007272,0.011606023170116823,-0.0007407106848037367,-0.018945090433871735,3.0233474146113988,39.619998931884766,3.779998779296875,0.03,0.03999999999999959,-0.04999999999999982,0.35504485146219267,-3.0290234027595533
2019-10-03,0.008159370579426055,0.004520416059329575,-0.0003706448334173231,-0.004564064281324912,2.9507349515162145,40.400001525878906,-1.4499969482421875,0.03,0.03000000000000025,-0.06000000000000005,-0.6892762079843242,1.1826239715617564
2019-10-04,0.013441326374852583,0.0,-0.0007414509339738115,0.010013707284229146,2.835563575129299,39.310001373291016,-4.790000915527344,-0.03,0.0,-0.020000000000000018,0.8196918920976819,2.012752457869079
2019-10-07,-0.004324170118796577,-0.00856363541098911,0.001852806452194861,0.0,2.882563609622572,39.41999816894531,-1.2900009155273438,-0.01999999999999999,-0.010000000000000231,0.040000000000000036,0.2629823676376781,-0.5753267841373617
2019-10-08,-0.015646319655854325,0.00870459991703739,0.0014796940135356391,-0.013680068922315247,3.009635212581242,39.4900016784668,-1.3899993896484375,0.01999999999999999,0.020000000000000018,-0.020000000000000018,0.18400425386373637,-2.1596696363111363
2019-10-09,0.009451656133272836,0.0009156241246349503,-0.000739448084963781,0.0091407791178648,2.925309776513262,38.0,-1.160003662109375,0.0,-0.009999999999999787,0.050000000000000044,-0.9716187011870657,1.4024283414069325
2019-10-10,0.00674045701717218,-0.008767683192965708,-0.004077857031521164,0.01803473723541785,2.866192884829866,39.52000045776367,0.8300018310546875,0.020000000000000018,-0.020000000000000018,0.07999999999999985,0.6504625010028936,0.9472420193151683
2019-10-11,0.01031330928287855,-0.005554769940672898,-0.0037216436142125373,0.02034572608402001,2.7459880355456865,39.650001525878906,-0.279998779296875,-0.010000000000000009,-0.04999999999999982,0.09000000000000008,-0.23218959675163653,1.3957726988915786
2019-10-14,-0.0011140122918273229,0.003991150393420187,0.002978371781062007,-0.021239715885060614,2.678964599261624,40.209999084472656,0.0,0.03,-0.010000000000000231,0.010000000000000009,0.13249225383230756,-0.06400811462485861
2019-10-15,0.009851702807864246,-0.006995001671276604,-0.00297837178106192,-0.010791460989319174,2.605648264666775,39.470001220703125,0.1999969482421875,0.0,0.0,0.0,-0.4669681672268258,1.250637516176033
2019-10-16,-0.0016073347531859977,0.005713914835703777,-0.002613382524049128,0.007207231283841115,2.615934934502575,39.470001220703125,-2.1199951171875,0.010000000000000009,0.010000000000000231,-0.020000000000000018,0.5216412802064385,-0.18793596243649344
2019-10-17,0.0029444732822735053,0.0014233647353723328,-0.0037453395079795355,0.012488957079089499,2.6239436890389327,37.709999084472656,-0.3300018310546875,-0.010000000000000009,-0.010000000000000231,0.010000000000000009,0.313087098612394,0.36241406084568767
2019-10-18,-0.004386574484439997,-0.001067306413452129,-0.0037593348286708967,-0.0053332985032366565,2.6567569067146595,36.43000030517578,0.7399978637695312,0.01999999999999999,0.0,0.0,-0.8953070795735644,-0.49910906900953306
2019-10-21,0.0067559728716198595,-0.004781550075213642,0.0007529814366309054,-0.0008916834068991662,2.6390573296152584,36.65999984741211,1.9000015258789062,0.0,-0.020000000000000018,0.040000000000000036,-0.10371385410795417,0.8080622541469504
2019-10-22,-0.0032717735548848962,0.0029287043785159624,0.002255548388886394,0.0115300712683183,2.671386219368722,35.52000045776367,-1.5199966430664062,0.0,-0.020000000000000018,-0.020000000000000018,-0.31234582043160625,-0.40421348455680917
2019-10-23,0.002905463922260937,0.002351027592914482,-0.00037557161003156714,0.026969835512198552,2.6397713766859487,35.65999984741211,-5.700004577636719,0.010000000000000009,0.010000000000000231,-0.010000000000000009,0.6386722496259061,0.3156207445423332
2019-10-24,0.001632366998345091,0.007090719694468963,0.0030007152902344777,0.006843476372820655,2.6181254963566425,35.95000076293945,-4.05999755859375,0.0,-0.010000000000000231,0.0,-0.35211506998390124,0.11495197863404895
2019-10-25,0.00408682236239566,0.0023289599557340403,0.0011230036379881287,0.008489047900755609,2.537657185017819,34.63999938964844,-1.9000015258789062,-0.01999999999999999,-0.009999999999999787,0.030000000000000027,0.18757990692083779,0.42708488815665735
2019-10-28,0.005620503750537301,-0.008637230479381003,-0.0007484726213098472,-0.01533252427357637,2.573375271587755,35.63999938964844,0.34000396728515625,0.03999999999999998,0.0,0.050000000000000044,-0.8525167191626877,0.5711926542614103
2019-10-29,-0.0002965675536776827,-0.002776885194246242,-0.0003745310166784479,-0.006026681711101041,2.5802168151427143,35.70000076293945,0.1999969482421875,-0.009999999999999981,-0.010000000000000231,-0.010000000000000009,1.5335847577106612,-0.1827132354661028
2019-10-30,0.0030626890083514783,0.005475210184932403,-0.0022497130712513095,-0.00954451113451791,2.512035310988585,34.36000061035156,-4.290000915527344,-0.03,0.020000000000000018,-0.06000000000000005,-0.1881987804679106,0.2408493394551734
2019-10-31,-0.002667100758216204,0.009948844935468628,-0.0018785641156730062,-0.014932211824421547,2.581730854622391,35.84000015258789,2.55999755859375,0.0,0.010000000000000231,-0.09000000000000008,0.18191650716983832,-0.554964092723036
2019-11-01,0.009221139250251285,0.0009123470738276627,-0.0003761366750648695,0.03393099699113524,2.509599277885271,34.369998931884766,-8.599998474121087,0.0,-0.020000000000000018,0.040000000000000036,-1.3331871228569756,1.0159030056079215
2019-11-04,0.004009949772781142,-0.0028801514371747305,0.0037551845011700915,0.010212926151275472,2.551786172681018,35.630001068115234,2.900001525878899,0.01999999999999999,0.0,0.06000000000000005,0.766909536445932,0.2236783183510492
2019-11-05,-0.0011068040734494714,-0.016312331868591004,0.0037410515600170644,0.010109595950462324,2.572612259326932,33.77000045776367,1.2999992370605469,0.04000000000000001,-0.010000000000000231,0.07000000000000006,0.536658762861917,-0.5080304881415968
2019-11-06,0.00022829941244578396,0.004281068530555171,0.0,-0.01010959595046233,2.5352828480448486,33.220001220703125,0.25,-0.03,-0.009999999999999787,-0.050000000000000044,-0.975793012344839,-0.32508516054610753
2019-11-07,0.003510268620734421,-0.015643205521891117,0.00223788104045778,0.005909657827675809,2.5439613766098743,31.450000762939453,5.350002288818359,0.03999999999999998,-0.010000000000000231,0.10999999999999988,0.3300366217616864,0.11793629878812242
2019-11-08,0.002463129097944588,-0.0063847338065501705,0.0022330518963856855,0.009216626382455856,2.4907230098256137,31.450000762939453,-2.6399993896484375,0.020000000000000018,-0.020000000000000018,0.020000000000000018,0.6304152027405402,-0.0517024400292346
2019-11-11,-0.0019117478358473886,-0.0024048241483873045,-0.0014881190628518854,-0.00837521037242228,2.540814248659574,34.220001220703125,0.0,0.0,-0.009999999999999787,-0.020000000000000018,-0.22534325367026892,-1.0378372044471358
2019-11-12,0.00210573004353013,0.002695874927586959,0.0014881190628520335,-0.0016835405972191399,2.54002597307657,33.7400016784668,5.379997253417969,0.0,0.0,0.0,-0.12720349806681502,0.0519137406137147
2019-11-13,0.0003234734057112851,0.003994072881030811,-0.0003718012268131012,0.0075535527316445954,2.5649493574615367,35.150001525878906,-3.720001220703125,-0.010000000000000009,0.009999999999999787,-0.040000000000000036,0.17668626730123163,-0.4469662899405236
2019-11-14,0.0014548247028978911,0.004194711040663475,-0.0007440174192427366,-0.004189381156568845,2.568788148384401,33.939998626708984,-1.9300003051757812,-0.010000000000000009,0.020000000000000018,-0.05999999999999983,-0.6873630427805634,-0.04239667688459463
2019-11-15,0.007210470822492314,-0.0025291110010524226,-0.002235547756745364,0.014172815635481811,2.4890646757652832,32.41999816894531,-2.4699974060058594,-0.009999999999999981,0.0,0.020000000000000018,0.05466435017486272,1.6208743194424313
2019-11-18,0.0007369959026316691,0.002962025072169786,-0.0018667255123024848,-0.015012818129741139,2.5225235164208617,33.68000030517578,2.4299964904785156,-0.020000000000000018,0.010000000000000231,-0.030000000000000027,-1.0508040100494354,-0.33985538789660685
2019-11-19,-0.0002880630789853761,0.0005049030061831341,0.0011205713481430434,-0.028122853232090742,2.554121692112525,32.939998626708984,-1.4899978637695312,-0.01999999999999999,-0.010000000000000231,-0.020000000000000018,0.5125370048652174,-0.757270050587391
2019-11-20,-0.003725934544091628,0.0005045382424530197,0.0,0.028122853232090718,2.5478814280551156,32.20000076293945,2.94000244140625,-0.01999999999999999,0.03000000000000025,-0.06000000000000005,0.3337527909204914,-1.7755621492987774
2019-11-21,-0.0016101429820361743,-0.005492097356825017,0.001491836109757751,0.024897568044001724,2.5748996970306925,31.59000015258789,-3.75,0.0,-0.010000000000000231,0.040000000000000036,0.34250543742538075,-1.0827738638718105
2019-11-22,0.002221467113665683,-0.0018857951599790925,0.0029773474992394397,-0.007404406890556553,2.5128460308425487,32.380001068115234,0.339996337890625,-0.010000000000000009,-0.009999999999999787,0.0,0.25214950139832754,0.18394476261830753
2019-11-25,0.007720223945253073,-0.004803179633254922,0.00074299574038988,0.0,2.474014198980387,31.89999961853028,-0.6199989318847656,-0.010000000000000009,-0.010000000000000231,-0.010000000000000009,-0.7114389059608032,1.86088770710601
2019-11-26,0.002263197526320207,0.004803179633255016,-0.0011146587824264218,0.006584379855503493,2.4458192577743234,31.25,-1.1599998474121094,0.010000000000000009,-0.020000000000000018,-0.020000000000000018,-0.09363560503399268,0.12626483769281477
2019-11-27,0.004447584865433744,-0.005314014225370608,0.0014859078546404112,-0.0041100951585078226,2.463853240590168,30.81999969482422,-2.770000457763672,-0.01999999999999999,-0.020000000000000018,0.030000000000000027,-0.008303248454522762,0.824087016170634
2019-11-29,-0.0037156401578616652,0.006184806112979683,-0.001114244812603732,-0.04377807233649562,2.5352828480448486,36.72999954223633,-1.0499992370605469,0.03,-0.009999999999999787,0.010000000000000009,1.189806228035133,-1.6485268622342766
2019-12-02,-0.008530696433744172,-0.0005079436043828876,-0.004096079036934046,0.004293711260928543,2.7020321185427174,34.970001220703125,2.8499984741210938,0.04999999999999999,0.029999999999999805,0.050000000000000044,-0.35030011391495663,-2.8056796330997864
2019-12-03,-0.0067294629790775745,0.009534253178573626,-0.00111998449980754,0.007682509097143933,2.770085594411824,35.04999923706055,5.200004577636719,-0.03,0.0,-0.1100000000000001,-0.2171208321592946,-1.9402659523647445
2019-12-04,0.0061509351970826425,-0.0013667767637935283,-0.0011213246671458984,0.03591194713693089,2.69462719365756,32.209999084472656,-1.6100044250488281,0.0,0.0,0.050000000000000044,-0.07646462857246876,1.3831221083903553
2019-12-05,0.0017965315280413685,0.0005757184354598549,-0.002246259335009441,0.0,2.675527040923073,30.40999984741211,0.720001220703125,0.03,-0.020000000000000018,0.030000000000000027,-0.5545646834400336,0.27903490009599113
2019-12-06,0.009092628277358576,-0.009977704836757457,0.0037410515600170644,0.010608024264459481,2.6115392923189495,30.020000457763672,0.3400001525878906,0.010000000000000009,-0.020000000000000018,0.040000000000000036,1.2970360973440618,1.99623104929345
2019-12-09,-0.003148989610388622,-0.0002906488870483782,-0.0011208213682677112,0.0008113776539729193,2.7638001945596176,30.020000457763672,3.220001220703125,-0.03,-0.020000000000000018,-0.010000000000000009,-0.035475418145164486,-0.9546700710139917
2019-12-10,-0.0011153035094767735,0.002830699660654389,-0.0011221634771905501,0.004854412362131144,2.752386034385003,27.940000534057617,-0.20000457763671875,0.0,-0.040000000000000036,0.020000000000000018,0.3737469778597885,-0.4315442221787595
2019-12-11,0.0028344932540724493,0.006861935627691577,-0.003749552643974286,-0.007290445465445066,2.707383296845538,27.809999465942383,-5.789997100830078,-0.020000000000000018,0.03000000000000025,-0.06000000000000005,-0.5254547482602662,0.4624058171765806
2019-12-12,0.008582156423313255,-0.0035334849047766476,0.001501525505593553,0.005674899267636442,2.634762375230749,27.440000534057617,0.3300018310546875,0.06,-0.020000000000000018,0.10999999999999988,-0.1139118831438757,1.666468909722155
2019-12-13,0.0005988560980557001,0.004468872836715887,0.0,0.009654128659371774,2.5360749454234384,26.76000022888184,-5.190002441406257,-0.03,0.0,-0.07999999999999985,0.4992345047258583,-0.13059701528033704
2019-12-16,0.006846434492050774,-7.198939739749056e-05,-0.0018770686070961188,0.007974554363745381,2.4965058139116447,26.51000022888184,-0.3099975585937429,0.03,-0.020000000000000018,0.06999999999999984,-0.7245349048685815,1.146407705248811
2019-12-17,0.000219074914519837,-0.00021577975709612248,0.0018770686070962057,0.010272718728782295,2.50878592047404,26.32999992370605,-0.75,0.020000000000000018,-0.010000000000000009,0.0,0.5695018407209378,-0.25582667378364454
2019-12-18,6.26890219913888e-05,7.200493236905694e-05,0.0018737208013194324,0.0015710532736032035,2.532108245207593,26.770000457763672,-1.970001220703125,0.02999999999999997,-0.010000000000000009,0.030000000000000027,-0.4489052368041539,-0.22835952737547113
2019-12-19,0.004090536840901867,0.0025862126377012157,0.0,0.0031347958767053703,2.5257286443082556,24.799999237060547,0.29000091552734375,0.010000000000000009,-0.020000000000000018,0.0,-0.24246782414061274,0.6055278342032727
2019-12-20,0.004374819676308162,0.0010039397404910592,0.0033638081244653996,-0.01180648263167709,2.52652834277473,25.540000915527344,0.48999786376952414,-0.010000000000000009,0.0,0.0,0.6962620068076103,0.6173636255951717
2019-12-23,0.0015264581536440112,0.003077203372165587,-0.000532916760647603,0.005527033022613976,2.5344901227505985,25.11000061035156,1.1200027465820384,0.0,0.0,0.010000000000000009,-0.24343930272062952,-0.04362939355756829
2019-12-24,3.118736213495146e-05,0.009387789011397068,0.0,0.005496727445197771,2.539237000354669,25.459999084472656,3.009998321533203,-0.009999999999999953,0.010000000000000009,-0.030000000000000027,-0.13318368075824963,-0.39139366719951174
2019-12-26,0.00530906581304652,0.00782659080315549,-0.0015245115501178825,0.009353137694659841,2.537657185017819,24.07999992370605,-1.9000015258789062,-0.020000000000000018,0.0,0.0,0.09654551041231757,0.7422969525056169
2019-12-27,-0.0002478944369184445,-0.0003512560225688557,-0.0049703298332067535,0.0015503494532848057,2.5974910332585845,25.15999984741211,-1.1199989318847656,0.02999999999999997,-0.010000000000000009,-0.020000000000000018,0.17932417725498062,-0.4133742510715099
2019-12-30,-0.00552845993812026,0.0021055808220621446,-0.0019182430879601101,-0.0015503494532847462,2.695977599275783,25.86000061035156,4.3300018310546875,0.030000000000000027,0.010000000000000009,0.020000000000000018,-0.2332199454601127,-1.5227307107230803
2019-12-31,0.0024265027552846114,0.001891143454574884,-0.002691856475941994,-0.006225694920304339,2.6232182462075144,28.299999237060547,-1.3500022888183523,0.020000000000000018,0.010000000000000009,0.020000000000000018,0.04289269486080129,0.2799408591141863
2020-01-02,0.00930850541155837,0.007320953634035891,0.003459544387501409,0.0,2.523325781105642,28.75,-1.079998016357429,-0.040000000000000036,0.0,-0.040000000000000036,0.27433092992739794,1.6828084235998397
2020-01-03,-0.00760115548432594,0.013181265882528811,0.0011505551764007416,0.02847440356321501,2.640484914257205,31.920000076293945,2.9199981689453125,-0.02999999999999997,0.010000000000000009,-0.07999999999999985,-0.2523520232086229,-2.20613452253565
2020-01-06,0.003807748329291031,0.010434868967011986,-0.002302350659117405,-0.00151863792647413,2.6282852601762876,32.31999969482422,2.670001983642578,0.0,0.030000000000000027,0.010000000000000009,0.31388524231909065,0.36036759396988827
2020-01-07,-0.002815673818012676,0.003927428056507489,0.0034516682824919584,-0.002282217271654169,2.6239436890389327,31.799999237060547,-0.15999984741210938,0.019999999999999962,0.009999999999999787,0.020000000000000018,-0.3527433940086835,-1.0920419052085508
2020-01-08,0.005315436165157327,-0.007529802584635164,0.0026763337037556474,-0.03645229236741834,2.598979091866817,32.599998474121094,-2.1399993896484375,0.0,0.020000000000000018,0.040000000000000036,-0.1316920718308976,0.7569863206178641
2020-01-09,0.006757476596819614,-0.0056676844863565315,0.0019072669558640308,-0.013519098850994785,2.5289235321627515,33.220001220703125,-2.8300018310546875,-0.019999999999999962,-0.020000000000000018,-0.020000000000000018,-0.23695211096130725,1.1689254528965403
2020-01-10,-0.0028818595041706693,0.006008107616788398,-0.0007625884497877421,-0.006425718891322702,2.530517194449025,30.3799991607666,-4.340000152587891,0.0,-0.039999999999999813,-0.020000000000000018,0.036317984587309844,-1.1528266123829491
2020-01-13,0.006854337283948098,-0.007447144703816296,0.0,-0.017066650815750945,2.511223933334612,34.25,-0.049999237060546875,0.0,0.0,0.020000000000000018,0.5150003247552222,1.0843970153171523
2020-01-14,-0.001525805153493076,-0.0008919411826434922,0.0003813247436366779,0.006535964868773553,2.516889723350716,33.619998931884766,-0.9200019836425852,-0.030000000000000027,0.0,-0.030000000000000027,-0.1330508159232429,-0.8271168166739137
2020-01-15,0.0022570561912429827,0.005817289492435278,-0.0015260032497131312,-0.008176613636745635,2.519308082648162,33.380001068115234,-1.809997558593743,-0.009999999999999981,0.019999999999999796,-0.030000000000000027,-0.10102796866261811,0.11383608276529311
2020-01-16,0.00828389146406194,-0.0015707412123407796,0.0015260032497130549,0.008990633136806635,2.511223933334612,29.790000915527344,-0.17000198364257812,0.0,-0.009999999999999787,0.020000000000000018,-0.11488907997782082,1.4742541776151636
2020-01-17,0.0031078030808295138,0.0018437252860089575,0.0034253950674011666,0.003249390514545054,2.4932054841291187,28.600000381469727,-0.7000007629394531,0.03,-0.020000000000000018,0.030000000000000027,-0.12427767479003146,0.269165881437087
2020-01-21,-0.0019603833354574192,0.0010909837309721073,-0.0007601855555114478,-0.007326052603901374,2.5533438410275884,27.65999984741211,3.75,-0.010000000000000009,-0.010000000000000009,-0.06000000000000005,0.11869711250247843,-0.8986895813943634
2020-01-22,0.00012084769380304911,0.0003405975107135845,-0.0007607638772498227,-0.02817089032347976,2.5580021930391945,30.700000762939453,-2.109996795654297,-0.010000000000000009,0.0,-0.010000000000000009,-0.12605435769289974,-0.4039045059823016
2020-01-23,0.0011462682722792339,0.002245598875511729,0.0026600613704834204,-0.020374200225297522,2.5634096760090963,31.950000762939453,4.029998779296875,-0.009999999999999981,0.010000000000000009,-0.030000000000000027,-0.0882487602589995,-0.13564613880202017
2020-01-24,-0.008932764495874303,0.0058285535187767275,0.0015168282167665485,-0.019922663329644007,2.678278071588368,34.54999923706055,4.599998474121087,-0.020000000000000018,0.0,-0.040000000000000036,-0.37686981294170413,-2.356434790988773
2020-01-27,-0.016159366803545464,0.006802125843070944,0.0015146983521197677,-0.029296361821332245,2.903068563580112,37.720001220703125,6.7900047302246165,-0.03999999999999998,0.06000000000000005,-0.08999999999999986,-0.7788093331488097,-3.4335284142070264
2020-01-28,0.010424748869764904,-0.00896686803661793,0.0,0.013422985965499316,2.7899374027516357,36.41999816894531,-1.1300048828125,0.03,0.0,0.039999999999999813,1.448160776033534,1.605151570350171
2020-01-29,-0.0008266837917990475,0.005403248480831511,0.001512240344485265,-0.008032185370014456,2.796671355516472,35.72999954223633,0.5699996948242188,-0.020000000000000018,0.009999999999999787,-0.04999999999999982,-0.06614521887443972,-0.21360796518340025
2020-01-30,0.003240581366978539,6.731894098032181e-05,-0.0030269386966051966,-0.007194268847012137,2.740194639652674,37.4900016784668,4.900001525878906,-0.01999999999999999,0.03000000000000025,-0.030000000000000027,0.4718215425288536,0.40837853976122157
2020-01-31,-0.01832489570853735,0.005775708477189364,-0.004176889587249961,-0.02189866434552886,2.935982277247362,40.34999847412109,1.910003662109375,0.01999999999999999,0.04999999999999982,-0.06000000000000005,-0.150520061562702,-2.9879981087463845
2020-02-03,0.007400717963632784,-0.006516877595597702,0.0049345674386256175,-0.03282060949871829,2.8887036625848097,41.810001373291016,-0.17000579833984375,0.0,-0.029999999999999805,0.030000000000000027,0.015831465216680662,0.9645633559277836
2020-02-04,0.015126764696258793,-0.013094308186782415,0.0015133847087047615,-0.004777858327833979,2.7757088020408553,39.43999862670898,-4.6399993896484375,0.020000000000000018,-0.010000000000000231,0.07000000000000006,-0.10334884730692295,2.008169433267456
2020-02-05,0.011481539184860265,0.0012285555646719122,0.003773680118524619,0.024599181380850797,2.7180005067758577,37.880001068115234,-4.099998474121094,0.01999999999999999,-0.020000000000000018,0.04999999999999982,-0.2761965397621276,1.3021068098202297
2020-02-06,0.0033591213808074807,0.005373934234125879,0.0018815132113135385,0.0037313441273882603,2.7053799750962626,36.43999862670898,-2.829998016357422,-0.010000000000000009,-0.020000000000000018,-0.010000000000000009,-0.03827931510776225,0.24140606158623582
2020-02-07,-0.005343894995585827,0.002642363450658169,0.002252986898801129,-0.015009648550555185,2.738902681846048,37.5099983215332,4.349994659423828,-0.03,0.0,-0.05999999999999983,0.46594340993211003,-0.8374998683913591
2020-02-10,0.007437642726517456,0.0025679490647931946,0.001499286710067803,-0.01523837557190871,2.710713315985326,39.0099983215332,2.5400009155273438,0.010000000000000009,0.010000000000000231,-0.030000000000000027,-0.1565716628523744,0.7500416019441639
2020-02-11,0.0017316527440462872,-0.0034478924308700464,-0.0011242542429617853,0.007648213516381114,2.71997879207129,37.52000045776367,-3.2399978637695312,-0.010000000000000009,-0.010000000000000231,0.030000000000000027,0.31550314110799177,0.06813734501463828
2020-02-12,0.006422141574736544,-0.000813078481224605,0.002621213718050375,0.029096413305094455,2.6203112701361366,35.58000183105469,-1.3699989318847656,0.0,0.010000000000000231,0.030000000000000027,-0.6558071102028012,0.6013435924446643
2020-02-13,-0.0010673482442217553,0.005677303718111386,0.0011213128406095357,0.00277133961930161,2.649714597130255,35.84000015258789,-0.01000213623046875,-0.009999999999999981,-0.010000000000000231,-0.010000000000000009,0.036786611220515235,-0.2892138140663993
2020-02-14,0.0016005460002471712,0.0041697222765956264,-0.0003736312595597848,0.010096428755927084,2.615934934502575,35.93000030517578,-1.1299972534179688,0.0,-0.009999999999999787,-0.020000000000000018,-0.1331318963319194,0.026658987296864296
2020-02-18,-0.0025801734861329224,0.012737350951843347,0.0037299630377711605,0.0,2.6966521510052726,33.470001220703125,5.280002593994141,-0.03,0.009999999999999787,-0.040000000000000036,0.07234004662148216,-0.469200598511724
2020-02-19,0.004769742117897967,0.005814285510176441,0.0018596539004353074,0.02078705617973347,2.66583836025124,32.27000045776367,0.37999725341796875,0.0,0.0,0.010000000000000009,-0.31501882558762156,0.4775296637060202
2020-02-20,-0.0041167156860833784,0.0040763395182913265,0.0029686159099153522,0.008904727373611436,2.744703545717899,33.15999984741211,1.55999755859375,-0.010000000000000009,0.0,-0.040000000000000036,0.6077925915507364,-0.6065775799762524
2020-02-21,-0.010351629379187618,0.014913455926308593,-0.005945905823066769,-0.010695279116730896,2.8379081838935654,35.869998931884766,4.94000244140625,-0.010000000000000009,0.040000000000000036,-0.06000000000000005,0.027487583465563858,-1.3386932554857816
2020-02-24,-0.03372779704731472,0.008945002656717951,0.0003727390986980976,-0.03836087551085429,3.220075132876583,39.52999877929688,12.379997253417969,0.0,0.040000000000000036,-0.08000000000000007,-0.18339164785379905,-3.9195755570275894
2020-02-25,-0.03077072327741752,-0.01803593472393269,-0.0029850661237531295,-0.03216929830201556,3.32683298007059,42.5,0.45999908447265625,0.010000000000000009,0.06000000000000005,-0.04999999999999982,0.5105325570461277,-2.5762115088680932
2020-02-26,-0.003685073785035024,0.004360980385151266,0.0007471229709398411,-0.02039896341217621,3.31636542676746,43.400001525878906,-0.37999725341796875,0.04000000000000001,0.010000000000000231,0.0,-0.4163807992521939,-0.09912483189200079
2020-02-27,-0.04595148345802251,0.00019481624361363943,-0.0059925055714794275,-0.04106734931220223,3.6676558137657853,49.41999816894531,5.589996337890625,0.01999999999999999,0.06999999999999984,-0.030000000000000027,0.08886454990344596,-3.491773327673461
2020-02-28,-0.004210613996513152,-0.03717601874476565,-0.003386642906335707,-0.03432473542109871,3.691625694998904,51.25,17.0800018310547,0.08000000000000002,0.10999999999999988,-0.17000000000000015,0.4814929808382238,0.017599291486752492
2020-03-02,0.0423949243430533,0.005511083646655957,-0.005291145048050465,0.04853820766563553,3.5091544683780573,48.33000183105469,-4.779998779296889,-0.010000000000000009,0.06000000000000005,-0.029999999999999805,-0.11621135171204211,3.0262798564099977
2020-03-03,-0.029050163524775862,0.030950390194086085,-0.004176889587249961,-0.0030287486389522795,3.606041167516616,50.79999923706055,-1.9199981689453125,0.04999999999999999,0.040000000000000036,-0.08000000000000007,-0.14693605493577305,-1.4132516717852563
2020-03-04,0.04117380069091807,0.001752990351755443,0.003418805024813232,-0.003038046553959492,3.4654233468066336,50.59000015258789,-13.3800048828125,0.03999999999999998,-0.009999999999999787,0.0,0.3972585094335003,2.319048754509234
2020-03-05,-0.033806835896877364,0.021370951204574475,-0.007613214221740376,-0.025681946538163754,3.6793340143114133,52.58000183105469,7.370002746582031,-0.019999999999999962,0.04999999999999982,-0.09999999999999998,-0.5133643405395123,-1.5008925759329532
2020-03-06,-0.0166691557980132,0.0003808885074389379,-0.005748296840151495,-0.09603886984081954,3.736239992729591,65.0199966430664,28.25,-0.08000000000000002,0.029999999999999805,-0.18000000000000005,0.1157285437972543,-0.5718013158138389
2020-03-09,-0.08131244999794478,0.0016488747161249012,-0.010819274814345926,-0.29189094440262797,3.9974664704346083,115.91999816894533,38.48999786376953,-0.09,0.38000000000000034,-0.19999999999999996,0.73468740765546,-3.452801273010995
2020-03-10,0.050450481876773125,-0.02132715182628954,0.014655198263315648,0.104746801770931,3.856510279368089,92.93000030517578,-39.97999572753906,0.1,0.0,0.21999999999999997,0.06949472449316073,2.182649215469958
2020-03-11,-0.049976713713050916,-0.0035667044227174947,0.0015301742601079263,-0.042319392020375254,3.9871305062243927,105.25,4.1199951171875,0.06,0.06000000000000005,0.05999999999999994,-0.23232886013410187,-1.423990914585976
2020-03-12,-0.10056886253816022,-0.04070560424243849,0.010646408043270803,-0.0593646231274991,4.323735242471457,123.4499969482422,24.779998779296875,0.06,0.20999999999999996,0.06000000000000005,-0.22689958458311027,-2.8838960707468275
2020-03-13,0.08202769130819276,-0.03099155256530076,0.037123859842037525,0.06224232019097832,4.057507703832839,118.4800033569336,-14.220001220703125,0.07,0.09999999999999964,0.05999999999999994,0.570128767600383,2.592285764427641
2020-03-16,-0.11588646653106902,-0.011512126298224866,-0.03259552463505188,-0.14012117625804185,4.415098705258881,128.5,-13.8699951171875,-0.08000000000000002,0.08000000000000007,-0.20999999999999996,-0.021817047201065552,-2.470942653142396
2020-03-17,0.052585248799623056,0.01346442633870517,0.01754120872056918,-0.05783927322052366,4.329548476271455,133.32000732421875,-14.680000305175781,0.18000000000000005,0.11000000000000032,0.29000000000000004,0.15747704775033075,1.4257472246478324
2020-03-18,-0.051959822591513834,-0.02012310684271081,0.01505431591448279,-0.19253111422117827,4.336636892456721,166.7899932861328,14.290000915527344,0.08999999999999997,0.31999999999999984,0.15999999999999992,0.18396084018348502,-0.757329482623459
2020-03-19,0.002122778226754582,-0.019086492837834465,0.023411764145806743,0.1311399710821438,4.276666119016055,164.05999755859375,16.990005493164062,0.040000000000000036,0.19999999999999973,-0.05999999999999983,0.12223997738875705,0.35767003482856
2020-03-20,-0.04405012051340264,0.014884383146683595,-0.0028519627054081277,-0.08346254442669526,4.190260632915152,190.0800018310547,-7.760009765625,-0.13,0.22000000000000064,-0.20000000000000007,0.20774986637668372,-0.5453857845728426
2020-03-23,-0.025901099217213452,0.043231496146295734,-0.0014291163981259003,-0.012220099466856578,4.12049952217643,185.67999267578125,2.010009765625,-0.07000000000000006,0.07999999999999918,-0.16000000000000003,-0.10049478576609339,-0.15120650922118323
2020-03-24,0.08673123261111843,0.047389520259250466,-0.011506817494149186,0.020284651550515558,4.121797559312228,170.86000061035156,-24.290008544921875,-0.019999999999999962,-0.11999999999999922,0.07999999999999996,0.040767537073499796,2.061676185571383
2020-03-25,0.014858897718787048,-0.013784208180364264,-0.009447811767750513,0.019881351705318302,4.158101539955101,144.02999877929688,-23.949996948242188,0.08000000000000002,-0.0600000000000005,0.040000000000000036,-0.28261211301551337,0.5002126344182724
2020-03-26,0.05674905089972521,0.012740714714697083,-0.016194587670518786,-0.050464794703263996,4.110873864173311,150.05999755859375,1.3400039672851562,-0.010000000000000009,-0.08999999999999986,-0.050000000000000044,0.39878895011575916,1.2057261900336023
2020-03-27,-0.03023841573078757,-0.006481449089244014,-0.00819671686649485,-0.07745809018014796,4.182660657239654,175.8800048828125,-0.15000152587890625,-0.06000000000000005,-0.06000000000000005,-0.10999999999999999,-0.1848370258569443,-0.38101473069062214
2020-03-30,0.031959336339522325,0.004390990264267052,0.004479233281196192,-0.05518636412120036,4.044453824687379,174.22000122070312,2.369995117187514,0.0,-0.08999999999999986,-0.020000000000000018,-0.43273696209947504,0.6817441372977625
2020-03-31,-0.015017594722388719,-0.032364821693651916,-0.0007452569146318715,-0.004739340811956353,3.980429055192082,170.5500030517578,-6.8299942016601705,0.0,0.040000000000000036,0.0,0.35702070388796175,-0.1608876407485132
2020-04-01,-0.04604872137497543,0.009411793149400162,0.006316353693035951,0.039586093761089285,4.044103369852844,158.97999572753906,-0.7400054931640625,-0.07999999999999996,0.040000000000000036,-0.07999999999999996,-0.08425736528215284,-0.6577850363766609
2020-04-02,0.02281291429276596,0.01626050111056189,0.005171749212590545,0.15415067982725836,3.930059364917036,162.64999389648438,-11.139999389648438,0.010000000000000009,-0.050000000000000266,0.010000000000000009,0.44105620049096805,0.5544112096026989
2020-04-03,-0.014559609951086168,0.004925309776577716,0.0055117314238473936,0.14375293673196893,3.8458831866214758,141.67999267578125,-6.9799957275390625,-0.010000000000000009,0.0,-0.010000000000000009,-0.3114762874250065,-0.07898636411356474
2020-04-06,0.0650068956834886,0.02733353381543522,0.00036629521899033134,-0.0738472626351578,3.811981688349307,144.19000244140625,1.2699966430664062,0.010000000000000009,-0.009999999999999787,0.050000000000000044,0.11336172295340434,1.3055129128812477
2020-04-07,0.0010189047599897456,-0.005368871400719198,-0.009199755769864603,-0.0738272439000818,3.8437441810118846,139.1300048828125,5.930000305175781,0.06999999999999995,-0.1200000000000001,0.07999999999999996,-0.2572171385526866,0.106214779742575
2020-04-08,0.03301711544110135,-0.008947881947437637,0.0036901299578131932,0.05355002666920971,3.769306668027498,141.4600067138672,3.5,0.030000000000000027,-0.040000000000000036,0.020000000000000018,0.11310052367448228,0.609218378386196
2020-04-09,0.015102930842869419,0.025788169295063085,-0.007393763236482363,-0.07539799234303635,3.729781401492564,129.8800048828125,-1.3199996948242188,0.0,-0.14000000000000012,-0.040000000000000036,-0.22735939706964917,0.3098954722188393
2020-04-13,-0.009172221946592233,0.01699510551392902,-0.001485450586779129,-0.010090941631732818,3.717709791306352,114.44000244140624,1.4599990844726562,0.010000000000000009,-0.19999999999999973,0.030000000000000027,0.42522672248542537,-0.18486220745999363
2020-04-14,0.029066372876225457,0.007837301543346824,-0.005589616938206475,-0.0563235378414744,3.6312502968263773,115.4800033569336,-6.3300018310546875,0.020000000000000018,-0.050000000000000266,0.0,-0.36983683467813366,0.479031134777624
2020-04-15,-0.021476933153604168,-0.005115017933585634,0.007445983072162866,-0.0506158700860746,3.709661997032701,120.37999725341795,0.9800033569335938,-0.10000000000000003,-0.029999999999999805,-0.13,0.032020572891451,-0.5181469096076289
2020-04-16,0.0048126391081332875,-0.0008653689753940822,0.004441268913345125,-0.015927457323784706,3.691625694998904,115.0999984741211,-0.5699996948242188,-0.020000000000000018,-0.050000000000000266,-0.020000000000000018,0.10379679368164356,-0.06349335224128182
2020-04-17,0.026656740270350865,-0.019608466717140425,-0.002588260578255749,-0.035009431228183584,3.641525797727291,95.91000366210938,-0.09000396728515625,0.040000000000000036,-0.009999999999999787,0.040000000000000036,0.12651900914262576,0.5818384083503697
2020-04-20,-0.017774891919946835,0.007100853720992193,0.0033265581466783833,-0.1157068167730092,3.7803185562070047,226.1300048828125,0.7600021362304688,-0.020000000000000018,0.009999999999999787,-0.020000000000000018,0.0754492371500816,-0.7549848646938643
2020-04-21,-0.030833680011822844,-0.006848673348053854,0.001474880376750588,-0.2885713769998179,3.815732341749633,325.1499938964844,3.2300033569335938,-0.04999999999999999,0.010000000000000231,-0.050000000000000044,-0.03207724580907558,-1.0858907097028667
2020-04-22,0.021951831661418723,0.019479888950845802,0.002943332214852926,-0.11290171363830842,3.7371933034881595,236.8000030517578,-1.5400009155273438,0.02999999999999997,0.009999999999999787,0.050000000000000044,-0.1582874325263818,0.389916699648794
2020-04-23,-7.184774561756424e-05,0.009905643795524405,0.0003673182977836111,0.050496207550460845,3.7227976981297513,211.0,-5.040000915527344,-0.019999999999999962,-0.040000000000000036,-0.020000000000000018,-0.011564005517824777,-0.3175858311492024
2020-04-24,0.013842474812906918,-0.004294729942651925,-0.0022058549279691027,-0.02687308396309075,3.5815726096190477,173.52999877929688,-1.160003662109375,-0.010000000000000009,-0.009999999999999787,-0.010000000000000009,0.10676396917395017,0.2499199374082574
2020-04-27,0.014315468746992141,-0.00666258998355511,-0.0025796759614182055,-0.1600043029750905,3.5052570790885054,185.47000122070312,-3.389995574951172,0.04999999999999999,-0.009999999999999787,0.07000000000000006,0.133224678926018,0.26794557112187223
2020-04-28,-0.0046089166167563355,-0.004466516323334757,-0.001107650859530907,-0.027779536507009785,3.513632801901214,198.7700042724609,-3.8100013732910156,-0.010000000000000009,0.009999999999999787,-0.050000000000000044,-0.29205890203201634,-0.33918679172601773
2020-04-29,0.025841612947304637,0.005518192454017435,-0.004071915622237058,0.05480818276686606,3.4413791566371685,195.58999633789065,-1.7399978637695312,0.010000000000000009,-0.009999999999999787,0.010000000000000009,-0.08880695980861168,0.7819886161680996
2020-04-30,-0.009354320828181828,-0.018282683683788697,-0.006325507833822292,0.060363193620049715,3.5307626306984643,104.9800033569336,-3.5600013732910156,0.010000000000000009,-0.010000000000000231,0.010000000000000009,0.0021838540038157587,-0.5804126694679782
2020-05-01,-0.02683016748217977,0.0061522933833428935,0.0011191386863263618,-0.013691641948678758,3.616039871010626,110.18000030517578,-5.479999542236328,0.0,0.020000000000000018,0.0,0.1605673365564363,-1.2874298287866568
2020-05-04,0.002754324993580933,0.003498676361159418,0.005577229200815118,0.0420513267121278,3.582685291644233,97.41999816894533,1.1399993896484375,0.010000000000000009,0.029999999999999805,0.0,-0.13963228674613276,-0.16337771037000132
2020-05-05,0.009197401088544515,0.004232069630406605,0.0007413897226398519,0.08942331764069297,3.5148236598968343,97.2699966430664,0.40000152587890625,0.019999999999999962,0.0,0.020000000000000018,0.5862723229059722,0.152127216193401
2020-05-06,-0.0068017789233710485,-0.012938939248234135,0.004805069593044202,-0.03116398737963595,3.529883691318811,115.38999938964844,1.6599998474121094,0.08000000000000007,0.03000000000000025,0.05999999999999994,-0.4821164133974688,-0.5947320146126035
2020-05-07,0.011994563657855397,0.015234124108560072,-0.0029542828573225367,-0.018393600411514634,3.448080984547571,110.62000274658205,3.6199989318847656,-0.050000000000000044,0.029999999999999805,-0.08999999999999997,0.011027580718266834,0.4617792438608701
2020-05-08,0.01641038614304813,-0.006028427741239837,-0.00036973608319490985,0.04769621377985724,3.3314899528769466,98.6999969482422,2.470001220703125,0.030000000000000027,0.03000000000000025,0.05999999999999994,-0.031651463120481185,0.6670814259827016
2020-05-11,0.00020522846836071778,-0.006253147010599243,0.0036925282803799355,-0.014071491158418459,3.3167282139665804,109.72000122070312,4.19999694824218,0.030000000000000027,0.040000000000000036,0.040000000000000036,0.0764825451966787,-0.16232851003140264
2020-05-12,-0.020132761536172696,0.0038815245238018456,-0.0018445597955204255,-0.009492276580999274,3.4977189763624423,86.86000061035156,-0.3400001525878835,-0.040000000000000036,-0.010000000000000231,-0.040000000000000036,-0.1762342362593082,-1.2792881149029036
2020-05-13,-0.017844450859545058,0.009576645345897673,0.0018445597955205563,-0.01780171785616227,3.5633161965381612,82.83000183105469,-3.6999969482421875,-0.040000000000000036,0.03000000000000025,-0.04999999999999993,0.22408848525045322,-1.0878304737546134
2020-05-14,0.011896506259335459,0.008811127536123346,0.001105284142032424,0.04043358662881521,3.4846190085179267,80.05000305175781,1.4899978637695312,-0.010000000000000009,-0.020000000000000018,-0.010000000000000009,-0.08521685938995657,0.7017956978347923
2020-05-15,0.00458639116926396,0.005627947839551041,0.0007360423153939963,0.04288972240835784,3.4622924618826887,76.38999938964844,-2.5200004577636648,0.010000000000000009,0.0,0.010000000000000009,-0.30567695711615445,0.19833323129964492
2020-05-18,0.030004750703520787,-0.007592898231851983,-0.008127155166292217,0.08227336300873658,3.377587489984132,76.13999938964844,2.170001983642571,0.07000000000000006,-0.03000000000000025,0.08999999999999997,0.31273830221592697,1.6968750340624543
2020-05-19,-0.010323760611696238,0.009603940342589153,-0.0007420508485636028,0.005333389795786328,3.4187098292376317,73.22000122070312,1.3899993896484375,-0.020000000000000018,-0.08000000000000007,-0.030000000000000027,-0.3413627967907644,-0.6784581360654405
2020-05-20,0.016844951268106763,0.0023714668825757603,-0.003346348283912289,0.036163024759435454,3.3318472953500904,73.62000274658203,-1.240001678466804,-0.010000000000000009,-0.05999999999999961,-0.019999999999999907,0.14565308446057892,0.8950750417178046
2020-05-21,-0.006927534808479095,-0.014683616168536867,0.002232032998519527,0.04852704921400598,3.3854067190083033,89.05999755859375,-3.229999542236321,-0.010000000000000009,-0.06000000000000005,0.0,-0.15268982859207458,-0.7073268368314737
2020-05-22,0.0018972588801345817,0.005899400714775776,0.0029686159099153522,-0.03949145276044047,3.3379025258712374,84.9800033569336,-3.950000762939453,-0.020000000000000018,0.0,-0.020000000000000018,0.148592828911479,-0.04797890083051572
2020-05-26,0.012244989874482385,-0.014316858429627,-0.0074377576097813,0.003513575872782988,3.3325615974434504,75.47000122070312,0.5500030517578125,0.020000000000000018,-0.040000000000000036,0.029999999999999916,-0.07365640625873085,0.6341753349816942
2020-05-27,0.014769185156663252,0.001800809585778032,-0.00037335226740081164,-0.026057528372762276,3.318540178366135,73.88999938964844,0.7599983215332031,-0.020000000000000018,-0.03000000000000025,-0.009999999999999898,-0.09171960376345915,0.8101449963875332
2020-05-28,-0.0018463166312141575,0.0033447448656947374,-0.005241537883335585,0.0011993080083826145,3.3530570116713276,72.9800033569336,-2.4099998474121094,0.040000000000000036,-0.009999999999999787,0.019999999999999907,0.17258217712373433,-0.3004318216518947
2020-05-29,0.004445737532041964,0.007331471236597383,-0.0015024997526113324,0.03339530432824129,3.314549583256434,69.2300033569336,0.9799995422363281,-0.040000000000000036,-0.020000000000000018,-0.04999999999999993,0.010114790279978804,0.1108459491526441
2020-06-01,0.004033468579848021,0.004593203918142176,-0.0056551933298381,0.013052014942875778,3.340385226049894,64.37999725341797,3.520000457763672,0.030000000000000027,0.020000000000000018,0.010000000000000009,-0.6310278354991583,0.16175251965234513
2020-06-02,0.008246286526380101,-0.006497892824854574,-0.0011348865645351737,0.031903640204930514,3.289893317788574,64.70999908447266,0.2799987792968679,-0.010000000000000009,-0.020000000000000018,0.020000000000000018,0.12691231254464125,0.4243155320355747
2020-06-03,0.013220671378664393,-0.01862251139241922,-0.006074324410954306,0.0018454016647477243,3.244933353240963,65.7300033569336,5.89000320434571,0.06999999999999995,-0.06000000000000005,0.08999999999999997,0.10909349049532431,0.7583650201762708
2020-06-04,-0.002630380272197073,0.010471254055873179,-0.003815349499842085,0.013914510655146888,3.2507619930386347,65.12999725341797,-0.060001373291015625,0.050000000000000044,-0.029999999999999805,0.04999999999999993,-0.2166182426792872,-0.5901784428078518
2020-06-05,0.02530665498093898,-0.02048368991541374,0.0019094521542160328,0.04861701807171153,3.199489129737002,64.19999694824219,0.7900009155273438,0.05999999999999994,-0.13000000000000034,0.09000000000000008,0.01642720991515142,1.736554643314445
2020-06-08,0.012015087501225692,0.010764002439043798,-0.002674373562443536,-0.017470744341757487,3.2507619930386347,67.23999786376953,0.7999992370605469,-0.029999999999999916,-0.04999999999999982,-0.030000000000000027,0.30417859674396197,0.5043013574671648
2020-06-09,-0.007484591269804753,0.009595645355064148,-0.0030651256516557174,0.0017608469509909793,3.3167282139665804,67.76000213623047,0.1699981689453054,-0.020000000000000018,-0.010000000000000231,-0.040000000000000036,-0.5101145200612925,-1.0151246241930374
2020-06-10,-0.005595615912593412,0.014223142854853236,-0.005001007703112128,0.00035181104372475716,3.3167282139665804,63.060001373291016,-2.9199981689453054,-0.06000000000000005,0.06000000000000005,-0.08999999999999997,0.21781892602629682,-0.7764087024193095
2020-06-11,-0.05937756231401354,-0.007240232329265166,0.009977214206643303,-0.07559720360842952,3.708436975774364,69.95999908447266,-3.549999237060547,-0.10999999999999999,0.050000000000000266,-0.08999999999999997,0.2898446894302806,-4.871015403107025
2020-06-12,0.011904823435580433,0.0014153150353447643,0.0026691900561942594,0.0026520073739994517,3.58601582288268,70.22000122070312,-0.6599998474121094,0.050000000000000044,0.0,0.04999999999999993,-0.08102895278290806,0.5241318246560361
2020-06-15,0.009291953448741756,-0.0017848491512042477,-0.004197779368781677,0.020596093650066358,3.5380566087362966,68.11000061035156,2.279998779296875,0.0,0.020000000000000018,0.0,0.024333084766369122,0.31342005789376176
2020-06-16,0.019064974039664673,-0.0004929560183834836,0.0030545925623004975,0.02416814300445346,3.5166071787906032,66.62999725341797,2.4000015258789062,0.020000000000000018,-0.040000000000000036,0.040000000000000036,0.062436610000086226,0.8683901194320233
2020-06-17,-0.004162514119533886,0.0019087937874243815,0.0007622978221654652,-0.013110118671734287,3.510649551694795,61.45000076293945,-2.3300018310546875,0.010000000000000009,-0.020000000000000018,-0.010000000000000009,0.08599946872612677,-0.4623391559498809
2020-06-18,0.0003848965124283111,-0.0019703951105462295,0.0038022091829578407,0.02211432160960262,3.494687683058813,61.34999847412109,-3.009998321533203,-0.030000000000000027,-0.010000000000000231,-0.030000000000000027,-0.07582276843366235,-0.12922649427805502
2020-06-19,-0.005731229144856534,0.010972576221366465,0.0011378997061636403,0.012117046294740466,3.5587707383536116,58.72999954223633,-1.7000007629394531,-0.010000000000000009,0.010000000000000231,-0.010000000000000009,0.33314031804177324,-0.520376961661944
2020-06-22,0.0063948116780914626,0.006441427074830093,-0.00532114300513613,0.026220695046794307,3.4585224626901017,56.7599983215332,0.4799995422363281,0.010000000000000009,-0.010000000000000231,0.010000000000000009,-0.5517194323132205,0.2582116089947351
2020-06-23,0.004592962747940907,0.008384398864595731,-0.0034358562684515355,-0.009012200824935009,3.4458520489553246,58.83000183105469,0.1100006103515625,0.020000000000000018,0.010000000000000231,0.010000000000000009,0.17487723373133954,0.1141034162467573
2020-06-24,-0.025839627370125625,-0.0034899960158010397,0.004578523331913433,-0.052540199162500224,3.521643539247121,64.95999908447266,0.8499984741210938,-0.040000000000000036,0.020000000000000018,-0.030000000000000027,-0.3203964223560364,-1.7134946708022034
2020-06-25,0.010663251197428864,-0.0006028992986150158,0.0015213596639687677,0.02500585183400836,3.4725874156353305,62.68999862670898,-3.3199996948242188,0.010000000000000009,0.029999999999999805,-0.009999999999999898,0.005865119452398058,0.5463805556307816
2020-06-26,-0.024037922317719514,0.004453219386376934,0.001519216571541967,-0.020977257880740917,3.547603853575341,63.68999862670898,-0.3600006103515625,-0.040000000000000036,0.0,-0.040000000000000036,0.1426547638913526,-1.4156973609228458
2020-06-29,0.014590451251238238,0.0005403343600226875,0.0003794437886549015,0.03271907283553842,3.4588371827147846,60.040000915527344,1.75,0.010000000000000009,0.020000000000000018,0.0,0.1470852639453575,0.8082080890337883
2020-06-30,0.012728797405485489,0.004431086497931087,-0.0015185557263769963,-0.0074561322564461185,3.4154289739376598,57.65999984741211,1.1700019836425781,0.020000000000000018,-0.009999999999999787,0.020000000000000018,-0.031015197504888452,0.6709844024123761
2020-07-01,0.00698003737386097,-0.004491160110102202,-0.002282208260920059,0.01028198798787054,3.3541058034516236,53.43000030517578,-0.8500022888183523,0.020000000000000018,-0.040000000000000036,0.029999999999999916,0.11992035237327281,0.33677780971447596
2020-07-02,0.005491595730270762,0.0021582779375089872,0.0007612588281588774,0.014010723613876177,3.3207101417746054,51.290000915527344,-2.319999694824226,0.0,-0.020000000000000018,-0.009999999999999898,-0.2776802785203064,0.26118262888650623
2020-07-06,0.015319447281769864,0.005970880083946397,-0.005341529736228475,0.007277768660642515,3.3300593729432615,50.72999954223633,1.0699996948242259,0.010000000000000009,-0.040000000000000036,0.009999999999999898,0.44383315302612253,0.8118936679890919
2020-07-07,-0.010367238403102596,0.0062904343270385864,0.002292842256312827,-0.005887399479732302,3.3820145726149287,51.38999938964844,-1.049999237060554,-0.040000000000000036,-0.020000000000000018,-0.039999999999999925,-0.3342803958558232,-0.6060271075010721
2020-07-08,0.007619440869212656,0.006192353605402356,-0.005357967907968501,0.013455417128758659,3.3350575764405894,48.84999847412109,-1.1800003051757812,0.020000000000000018,-0.040000000000000036,0.020000000000000018,0.1364120963788822,0.4536884645310353
2020-07-09,-0.005709157289217057,-0.002708063902871328,0.003447617190943641,-0.026742363057853515,3.376221403414324,53.77000045776367,0.2700004577636719,-0.04999999999999999,-0.040000000000000036,-0.050000000000000044,-0.1771428683751862,-0.2699607291201411
2020-07-10,0.010158884672335342,-0.0025972650920347735,-0.0015306752691153771,0.02158861119432621,3.3065203682683353,49.709999084472656,-0.8800010681152415,0.02999999999999997,0.010000000000000231,0.030000000000000027,-0.031212192713312544,0.6054735608088322
2020-07-13,-0.00869685724757865,0.0012403879870823366,-0.0015331915590770181,-0.01842571441489613,3.4716558026486775,53.40999984741211,0.3600006103515696,-0.010000000000000009,0.0,-0.010000000000000009,-0.1987397838018611,-0.479423634267144
2020-07-14,0.012875781514072062,0.004652728164010819,-0.0019198010119455908,0.013245197690692111,3.3850680152391712,53.040000915527344,1.2600021362304688,0.010000000000000009,-0.03000000000000025,-0.010000000000000009,0.3718782549652434,0.8534976247797026
2020-07-15,0.009145211544743388,0.0008809438623464781,-0.002693843124591472,0.014096907131679756,3.3235961438836266,47.04999923706055,-3.729999542236328,-0.010000000000000009,0.0,0.010000000000000009,0.13472278073242624,0.5437044044457514
2020-07-16,-0.0032988428119858065,-0.009496639325154646,0.003462205862226443,-0.004448290189300231,3.332204510175204,46.119998931884766,-0.6500015258789062,-0.019999999999999962,-0.020000000000000018,-0.020000000000000018,-0.1172622493636116,-0.46760809796305774
2020-07-17,0.002894954508521987,0.008204262794308569,-0.004233319791552732,-0.002059714621304416,3.2457124907055523,40.220001220703125,-0.75,0.03999999999999998,-0.009999999999999787,0.020000000000000018,0.5706072237326751,0.12853767800814367
2020-07-20,0.008049176095500456,0.004808590336846309,-0.0015437576380803277,0.0006870648619410016,3.197039092829453,42.59000015258789,1.1399993896484375,-0.03999999999999998,-0.020000000000000018,-0.020000000000000018,-0.25496547891844634,0.5419577043300936
2020-07-21,0.0021253255264357634,0.011978962477666387,-0.006199145350338696,0.020394944597425753,3.2124552632081076,41.09999847412109,-0.3699989318847656,0.009999999999999953,-0.03000000000000025,-0.010000000000000009,-0.01550999861404471,0.0032740412376187464
2020-07-22,0.005675955074270487,0.015087942737564555,-0.002724246564478043,0.0010089352459000656,3.19129904454962,41.29999923706055,-1.1300010681152344,-0.009999999999999953,-0.020000000000000018,-0.010000000000000009,-0.3548012618759921,0.27683249143484695
2020-07-23,-0.0120036104870691,0.008786586410813348,-0.0019504195518765136,-0.011494384614034665,3.261168734133071,43.83000183105469,-1.3899993896484375,-0.030000000000000027,-0.029999999999999805,-0.010000000000000009,-0.051537858594848406,-1.2437466111084419
2020-07-24,-0.006461270622116057,0.008542281441677423,-0.0043044648845931704,0.00101956462361535,3.2519236848195052,42.34999847412109,-1.4500007629394531,0.020000000000000018,0.0,0.0,0.028481002570050224,-0.6744916974528316
2020-07-27,0.007266193667958332,0.019561196964697856,-0.007478883194972738,0.00946588474451937,3.208421357712853,41.369998931884766,0.13000106811523438,0.019999999999999962,-0.020000000000000018,0.030000000000000027,0.5868483360160452,0.45131715452189664
2020-07-28,-0.0063627068425806165,0.008306536040414038,0.0015791934111837524,-0.01252763747436843,3.236322759464752,41.09000015258789,-1.3400001525878906,-0.019999999999999962,0.009999999999999787,-0.030000000000000027,-0.502703538620577,-0.8485839640506587
2020-07-29,0.01222363293695853,0.007482169283186,-0.004744993847173305,0.007467764272562998,3.1822118563252286,39.58000183105469,0.3600006103515625,0.010000000000000009,0.040000000000000036,-0.010000000000000009,0.15934505127124898,1.0393740445106088
2020-07-30,-0.0035741982312317584,-0.007427778888433047,-0.003971506709562984,-0.021881194007124204,3.2092294570604114,42.060001373291016,-0.970001220703125,-0.020000000000000018,-0.009999999999999787,-0.029999999999999916,-0.184879718476987,-0.7880267218859561
2020-07-31,0.007870959156513709,0.009046884353027699,0.0059513608576391465,0.004827574536012521,3.197039092829453,44.43000030517578,1.3199996948242188,0.0,0.0,0.0,0.22149811345495393,0.6631792720796734
2020-08-03,0.006928333069713014,0.0011318982444248418,0.0,0.00924507384269192,3.1896529944715897,41.560001373291016,1.1500015258789062,0.010000000000000009,0.029999999999999805,0.010000000000000009,-0.3485844527589953,0.5430913885795622
2020-08-04,0.0038549156412610993,0.021054515412853855,-0.0035665645902660703,0.014885272397619317,3.168003504127518,40.27999877929688,0.9799995422363281,-0.040000000000000036,-0.009999999999999787,-0.040000000000000036,0.367284782332401,0.16626128183234867
2020-08-05,0.006191960975418756,0.009240417270834134,-0.004376391934706163,0.014997743335538704,3.1350593288193775,37.119998931884766,-2.3600006103515625,0.030000000000000027,-0.03000000000000025,0.030000000000000027,-0.4322562976313161,0.5439905758110212
2020-08-06,0.006662245463769248,0.013186741026147282,0.0,-0.001655330197113822,3.1201598350871125,37.59000015258789,0.8499984741210866,0.0,-0.020000000000000018,0.0,0.11740237080093514,0.5360722230415588
2020-08-07,0.0007176927879400801,-0.01601282904769649,0.0059631023768960114,-0.01099461083339131,3.100542596684933,37.43000030517578,-1.1399993896484304,0.0,0.0,0.019999999999999907,-0.03176338017282951,-0.2637752462627377
2020-08-10,0.0029845263406100718,-0.0034649534714475817,0.0015841967800900073,0.010331685462308842,3.0969341161400745,35.7400016784668,0.75,0.010000000000000009,-0.009999999999999787,0.020000000000000018,0.3396681156300005,0.0028846324613947963
2020-08-11,-0.008288939042998053,-0.05518972671897942,0.0015816036558995881,-0.011337238977812377,3.1793030783228886,37.5,3.049999237060547,0.02999999999999997,0.029999999999999805,0.050000000000000044,-0.07888971780912896,-1.5751540297810418
2020-08-12,0.013846227565021844,-0.004679132411383586,-0.003165800435989593,0.02451264771994957,3.1036894458780013,34.7400016784668,-1.029998779296875,0.050000000000000044,-0.040000000000000036,0.04999999999999993,-0.5744549780273808,1.6251779037319802
2020-08-13,-0.0018095510125856733,0.023343474417206588,-0.00039644164328224484,-0.0052493509587822765,3.0969341161400745,34.869998931884766,0.8500022888183594,0.020000000000000018,0.040000000000000036,0.020000000000000018,0.33519970198501536,-0.6453482479649213
2020-08-14,2.9733010812614636e-05,-0.004318527254207777,-0.00158725223952838,-0.0023052766788017507,3.0933125672924255,35.099998474121094,-1.9900016784667969,0.019999999999999907,0.020000000000000018,0.0,0.20140356467780388,-0.3109606504467567
2020-08-17,0.003171639779642912,0.02146194877539166,-0.0043782216948295,0.014402885025869509,3.0610517575420677,32.43000030517578,2.720001220703125,-0.019999999999999907,0.03000000000000025,-0.020000000000000018,0.013642776403786479,0.12496501197405596
2020-08-18,0.0021577534327733815,0.008967673573403242,-0.005599972438698756,-0.00554018278623182,3.0685179539203564,31.700000762939453,0.25,-0.020000000000000018,0.0,-0.019999999999999907,-0.025628723119765613,-0.026595518217495746
2020-08-19,-0.004172357072625404,-0.03207438281593007,0.0079903813067759,0.0019588470422280506,3.115291549229524,32.849998474121094,-1.460002899169929,0.010000000000000009,0.009999999999999787,0.010000000000000009,-0.4577632325451541,-0.9367771407682528
2020-08-20,0.003108963164115797,0.0068901376532814074,-0.0027893811842497787,-0.004576647051828205,3.1232455636308765,32.83000183105469,-0.019996643066399145,-0.020000000000000018,0.0,-0.030000000000000027,0.1463490242072731,0.1990950964718667
2020-08-21,0.003541166326605355,-0.008043165542872153,0.00477719401100217,-0.011202757963508184,3.115291549229524,33.68000030517578,0.55999755859375,-0.040000000000000036,-0.009999999999999787,-0.010000000000000009,0.1336362822283108,0.28291191597973664
2020-08-24,0.010081794697731765,-0.005674470685927035,0.0015872522395284608,0.005617066622968404,3.107720813018059,32.25,1.19000244140625,0.030000000000000027,-0.010000000000000231,0.010000000000000009,-0.4255229859621236,1.2900241241791341
2020-08-25,0.0034933358544062742,0.0012147382641175607,-0.003575065066280654,0.018606696112157768,3.092405191982908,33.029998779296875,1.55999755859375,0.030000000000000027,0.0,0.039999999999999925,0.13390585434018829,0.05651336833339914
2020-08-26,0.009975727085087075,0.011739667325137903,-0.001194534249954074,0.00032337037695400747,3.1471649969860382,33.790000915527344,0.10000228881835938,-0.010000000000000009,0.03000000000000025,0.0,-0.32577525477785724,1.2129723760524496
2020-08-27,0.002184200224111601,-0.011629286747359606,0.0011945342499541166,-0.008441615949901997,3.1974478493938725,33.7400016784668,1.2999992370605469,0.04999999999999993,0.04999999999999982,0.050000000000000044,0.157635696411724,-0.2848491430396988
2020-08-28,0.006438423145445006,0.017230926299239783,-0.007990381306775918,0.0016289053139933705,3.1337535315764806,32.060001373291016,-1.1000022888183665,0.020000000000000018,0.0,0.0,0.4949649427095161,0.6074379881249637
2020-08-31,-0.0036290604254040565,0.00238341719432408,-0.001204123040971264,-0.00456768792171001,3.273742720531385,32.59000015258789,-1.1699981689453054,-0.020000000000000018,-0.040000000000000036,-0.020000000000000018,-0.5608146972405537,-1.48142328832763
2020-09-01,0.009374630421105635,0.001189581722410416,0.0020060669817642237,0.0009805748909147635,3.2627013365381456,31.739999771118164,-2.720001220703125,-0.029999999999999916,0.0,-0.039999999999999925,0.19100638359090727,1.198075430414043
2020-09-02,0.01436030931689286,-0.013218610873058246,0.0036007220512218026,-0.024806960345449342,3.2797827482859945,35.4900016784668,0.5600013732910156,-0.030000000000000027,-0.029999999999999805,-0.020000000000000018,0.150059493238164,2.0979913116870215
2020-09-03,-0.035020536935257356,-0.008137254873336977,0.000399202571894019,-0.007395032715756736,3.5145260215560947,41.27999877929688,0.8999977111816406,-0.020000000000000018,0.0,-0.030000000000000027,0.023642941939715084,-6.7169782177670525
2020-09-04,-0.008198100678794562,0.0027564932922231992,0.0015956594679663602,-0.03886986888302259,3.4258899942525267,44.02000045776367,1.2800025939941406,0.07999999999999996,0.040000000000000036,0.08999999999999997,-0.08350838095760105,-0.984150423719089
2020-09-08,-0.02770320856814803,-0.0019287808618004912,0.005167918341181415,-0.06372043761068988,3.448716868528817,55.900001525878906,3.6399993896484375,-0.029999999999999916,-0.010000000000000231,-0.030000000000000027,-0.07040962773556757,-2.7774820780678313
2020-09-09,0.01955505322945304,0.009661434230238847,-0.00158725223952838,0.024373431405809515,3.3607225305592063,49.41999816894531,-1.8600006103515625,0.019999999999999907,0.020000000000000018,0.020000000000000018,0.003633585944666408,1.6249747411693976
2020-09-10,-0.017516268052610483,-0.0032283485242562797,0.0019836938828105962,-0.022879187017088607,3.391483658659055,52.15999984741211,-3.6100006103515625,-0.029999999999999916,0.0,-0.029999999999999916,0.040039021282764466,-1.4055110983347774
2020-09-11,0.0005087011761527153,-5.4861557792618405e-05,-0.001983693882810664,0.00928856730228622,3.2910104538604994,50.130001068115234,-2.0900001525878906,0.0,0.0,-0.010000000000000009,0.08323304219516829,0.026435646500322502
2020-09-14,0.013085427344220565,0.00786160327773618,-0.002385744310386637,-0.003705094226839781,3.2523106157114876,49.40999984741211,1.0900001525878906,0.0,-0.029999999999999805,0.010000000000000009,0.1325289074327466,1.0449607315927114
2020-09-15,0.005039792329065249,-0.0023956152677241513,0.0007957926856737609,0.021300838892814363,3.2422016561344913,45.18999862670898,-1.1499977111816406,0.0,0.020000000000000018,0.0,-0.09835597827565282,0.36143874427365263
2020-09-16,-0.0039765730485614706,0.0028305733071044767,0.0011927226256747427,0.041984119649834124,3.259633852498868,41.130001068115234,-0.6300010681152344,0.010000000000000009,-0.010000000000000231,0.009999999999999898,-0.002571902379093189,-0.3329906877440391
2020-09-17,-0.008834168066777984,-0.005505121062685115,-0.0035821794950474505,0.018298414113574888,3.2756341240863804,38.72999954223633,-3.979999542236328,0.010000000000000009,-0.020000000000000018,0.0,0.017303643163551572,-0.6704472605731484
2020-09-18,-0.011579303692364548,0.001310849171618332,0.0011953980675200979,-0.005832923698026444,3.2515366041540537,39.06999969482422,-1.2099990844726562,0.0,0.010000000000000231,0.010000000000000009,-0.01824424235364356,-0.8285230845039584
2020-09-21,-0.011191955365172871,-0.020291789448272826,0.007143059342596915,-0.026854222088679443,3.3243163620434584,42.88999938964844,1.3899993896484375,-0.020000000000000018,0.0,-0.019999999999999907,-0.31953856302482564,-0.7624619259445404
2020-09-22,0.010132512666374341,-0.004858095828927072,0.003552225087447553,-0.004250833079078747,3.29063821381853,41.27999877929688,0.7199974060058523,0.010000000000000009,0.0,0.0,-0.3422333369949606,0.8347199535833699
2020-09-23,-0.023463546652911452,-0.021843335368817322,0.0055010419628385146,-0.004982194923117625,3.352707169832234,44.63999938964844,-0.7199974060058523,-0.010000000000000009,0.020000000000000018,0.0,0.24718219099599567,-1.5914812489391466
2020-09-24,0.0026615743712993163,0.0037119030895910897,-0.0015685787773264093,0.01662869760110103,3.3502549109527053,42.880001068115234,-1.4099998474121094,-0.010000000000000009,0.020000000000000018,-0.010000000000000009,0.4220898460853288,0.36804602443518647
2020-09-25,0.016037816509660206,-0.0028540460781505306,0.0027434652491522315,-0.005277043645121539,3.272606115475923,41.40999984741211,-0.25,0.010000000000000009,0.040000000000000036,-0.010000000000000009,0.024350843162529986,1.2882804126235643
2020-09-28,0.01647260221511435,0.010010290107421884,-0.0031360164050410564,0.011921604978555397,3.265377678911282,40.63999938964844,0.43000030517578125,-0.010000000000000009,0.019999999999999574,0.010000000000000009,-0.2847799254659,1.2703433400111779
2020-09-29,-0.005460872239226373,0.008397048385655496,-0.0047224983031185575,-0.03511620787180555,3.268427621122788,46.130001068115234,-0.7800025939941406,0.020000000000000018,-0.019999999999999574,-0.010000000000000009,-0.0223243773967281,-0.23811171366591083
2020-09-30,0.007553519527641039,-0.006022969047958764,0.0,0.021075976939467358,3.272227032190504,44.0,2.5900001525878906,0.010000000000000009,0.009999999999999787,0.029999999999999916,0.11283787830459455,0.6453052520391162
2020-10-01,0.006399396894127161,0.008880963695329078,-0.0015791934111836579,-0.027958834419266585,3.284663593980715,49.34999847412109,-0.55999755859375,-0.020000000000000018,0.0,-0.009999999999999898,0.22232500394924865,0.530334047223212
2020-10-02,-0.009539667160534036,-0.0008957769408936138,0.002367768698803173,-0.043081293792032974,3.318902108561333,55.5099983215332,1.3199996948242188,0.029999999999999916,0.009999999999999787,0.019999999999999907,0.40813334993545874,-0.4922793525200558
2020-10-05,0.017577536989743864,0.004861081696310086,-0.004345186329406409,0.05823310141913589,3.3307748846214262,49.43999862670898,-0.15999984741210938,0.07000000000000006,-0.019999999999999574,0.08000000000000007,-0.35434605831947236,1.3772839718898464
2020-10-06,-0.014317734792932966,-0.011830479550692698,0.0027672387228869916,0.016335558102521047,3.3837120517931956,46.59999847412109,17.939998626708984,-0.020000000000000018,-0.040000000000000036,-0.020000000000000018,0.19943497091130558,-0.9979430088799739
2020-10-07,0.017256824210626936,-0.00045132478533539146,-0.001185009417339366,0.0,3.3343450556416125,45.5,-0.7700004577636719,0.030000000000000027,-0.010000000000000231,0.050000000000000044,0.24452397815396879,1.2970787559497132
2020-10-08,0.008823442518895715,0.0035486272055745486,-0.00039525707771331374,0.02607483083551165,3.271847732788766,41.150001525878906,0.3300018310546875,0.0,-0.009999999999999787,-0.030000000000000027,-0.3698327182409656,0.578137237939809
2020-10-09,0.008890361827749159,0.017998399966815504,-0.005949000540744358,-0.015563131213530626,3.2188758248682006,42.380001068115234,0.20999908447265625,-0.020000000000000018,-0.010000000000000231,0.010000000000000009,0.03919984607396731,0.6497194309795489
2020-10-12,0.015959656448020904,-0.0028758136916346914,-0.0011940588018526123,-0.021847269106202636,3.221671899997255,44.040000915527344,0.0,-0.050000000000000044,-0.020000000000000018,-0.050000000000000044,-0.05702416634490109,1.1707292645888292
2020-10-13,-0.006547475502077092,-0.015853834051582923,0.005956087114762413,0.013798180990953998,3.2607852162393964,46.06999969482422,-1.9300003051757812,0.0,0.0,0.0,-0.2712716116299273,-0.7553412979539612
2020-10-14,-0.006303412183854874,0.0030899939936110464,-0.002378091749589019,0.018106360603898343,3.2733639957026597,43.52999877929688,-2.0900001525878906,0.010000000000000009,-0.009999999999999787,-0.010000000000000009,0.43668073398350477,-0.6637625296003017
2020-10-15,-0.001236512140921287,0.003639489400711449,0.004750454213875605,-0.0013811814393901274,3.2947251116920344,43.83000183105469,2.1199989318847656,0.010000000000000009,0.009999999999999787,0.010000000000000009,-0.8841485261074485,-0.20306812614629102
2020-10-16,-0.000604610524160476,-0.0034712263457632483,-0.0011853902364520428,-0.007631019385544935,3.310907904747825,44.060001373291016,1.6300010681152344,0.020000000000000018,-0.009999999999999787,0.020000000000000018,0.3506079901263245,-0.16293271989374897
2020-10-19,-0.015320007548896127,0.0005046193567768562,-0.0031683955480953743,-0.004536708600425799,3.373483553553028,43.34999847412109,3.9099998474121094,0.0,-0.03000000000000025,0.020000000000000018,0.21814304084437341,-1.4187135383180844
2020-10-20,0.003997705498560332,0.004809318137998378,-0.0031784661946885075,0.015961445363616406,3.3792925592713705,43.84999847412109,-0.7400016784667969,0.050000000000000044,0.03000000000000025,0.030000000000000027,-0.06349368250481102,0.19438933693248617
2020-10-21,-0.001894741853670263,0.00750319529892209,-0.005186475131134274,-0.03324886711980875,3.3551534298459242,47.58000183105469,-1.3499984741210938,0.019999999999999907,-0.010000000000000231,0.019999999999999907,-0.39245241082569365,-0.35393917357278903
2020-10-22,0.005470408075345911,-0.009849030639627046,0.003991940881180218,0.014485321037570425,3.3361254066314094,46.61000061035156,0.6599998474121094,0.020000000000000018,-0.020000000000000018,0.040000000000000036,0.059682555120682296,0.3135383956539111
2020-10-23,0.003389470375745353,-0.0010630400237792174,-0.002393181064807021,-0.022345355162011117,3.316002507906021,46.31999969482422,-1.2700004577636719,-0.039999999999999925,-0.009999999999999787,-0.020000000000000018,-0.1928795706098705,0.024413321118068352
2020-10-26,-0.01865278906080585,-0.0005039129828936211,0.0035877153147611104,-0.028006869766230385,3.480008533881659,53.04999923706055,0.4900016784667969,-0.020000000000000018,0.0,-0.039999999999999925,0.7559719672143537,-2.1099894432278963
2020-10-27,-0.003453397095834515,0.002628864176270774,-0.0019915956673331268,0.0211686704454275,3.5070577266081413,50.220001220703125,-1.0699996948242188,-0.020000000000000018,0.0,-0.020000000000000018,-0.45420351202597914,-0.4546250100918945
2020-10-28,-0.03477687597761229,-0.01627516884164325,0.006359299260277001,-0.051122281716345544,3.6958550375449213,59.61000061035156,-0.75,0.0,0.020000000000000018,0.0,0.22443634869071324,-3.3892746228002375
2020-10-29,0.010112252330495484,-0.004153341326592121,0.003954232348063704,-0.027356708366868182,3.6267380616353546,63.380001068115234,4.1699981689453125,0.05999999999999994,-0.010000000000000231,0.05999999999999994,0.24238158403543614,0.8454093961013459
2020-10-30,-0.010479468267821862,0.004550651041840146,0.0011831399033480946,-0.01376621066530904,3.6381123491003584,68.83999633789062,0.6100006103515625,0.050000000000000044,0.0,0.030000000000000027,-0.07273216197367628,-0.7501629188140091
2020-11-02,0.011145995097911058,0.00965812884851217,0.0011818288414218005,0.03922072186926905,3.6144252969558948,66.7300033569336,1.6500015258789062,-0.030000000000000027,-0.009999999999999787,-0.010000000000000009,0.4121351924128928,0.9664453401067236
2020-11-03,0.01750187408201793,0.0056609432999779495,-0.0055270151708283,0.017365445379995757,3.5709401347882244,63.630001068115234,0.8100013732910156,0.020000000000000018,-0.020000000000000018,0.030000000000000027,-0.22267818805399614,1.3618160074275876
2020-11-04,0.022103018464855455,-0.0005590140649358909,-0.0015848244486686804,0.02658949934979182,3.386760323543933,54.52999877929688,-16.630001068115234,-0.08999999999999997,0.0,-0.12,0.1003674566845036,1.7103994917663334
2020-11-05,0.019315277150574715,0.022723771699055755,-0.009561879640703107,-0.010256525248040929,3.3170908695988777,53.68999862670898,-3.9800033569335938,0.010000000000000009,-0.06000000000000005,0.010000000000000009,-0.2014293082267348,1.3206735884231926
2020-11-06,-0.00022862617952061628,0.0014203529597109255,-0.0036094754275529718,-0.025733306773892912,3.2132601106341157,55.75,-3.8799972534179688,0.020000000000000018,-0.010000000000000231,0.039999999999999925,0.25292625061145024,-0.11095311506084878
2020-11-09,0.012487337078162974,-0.045280856143465276,0.0064077772591081775,0.05868938920334429,3.248434627109745,52.20000076293945,5.059997558593743,0.12,-0.03999999999999959,0.13,-0.4282180979488014,0.8455882704049021
2020-11-10,-0.0014674797226575445,0.0033073065556014952,0.0,0.02948617124838723,3.2108436224072485,49.63999938964844,1.25,0.0,-0.03000000000000025,0.020000000000000018,-0.28102034477057897,-0.18142731782347427
2020-11-11,0.007401248817378349,-0.00433598220930235,0.0011969170755339984,0.004486670732795403,3.1548705274270192,49.2400016784668,0.0,-0.08000000000000007,0.010000000000000231,-0.09999999999999998,0.2720155445873239,0.5346725048597958
2020-11-12,-0.009748410735239414,0.006042387508780373,0.0,-0.013171804407064313,3.2327787450853074,50.900001525878906,-2.0200004577636648,0.0,0.0,0.0,-0.3133736233398997,-0.7914703298218224
2020-11-13,0.013749631655934642,0.006796565090032186,-0.0019956584289265744,-0.018665824408295097,3.1398326340415887,48.2400016784668,-1.2199974060058594,0.010000000000000009,-0.010000000000000231,0.010000000000000009,-0.39770694952572694,0.9622978790329467
2020-11-16,0.01240501955195557,-5.650286865533134e-05,-0.0023999705317495064,0.02388593789154698,3.111290648172203,46.88999938964844,-0.45999908447265625,0.0,-0.020000000000000018,0.020000000000000018,0.7196921212446868,0.7936898648154253
2020-11-17,-0.005392608687486206,-0.0036759204841880807,-0.0016031566787668503,0.002080492185030933,3.1228053158036246,45.08000183105469,0.5900001525878906,-0.030000000000000027,0.0,-0.040000000000000036,-0.25603990645305996,-0.5308402223424631
2020-11-18,-0.012107641347495863,-0.005738783845972931,0.00040105235965493165,0.00449280724223684,3.171364848597648,46.060001373291016,0.5399971008300781,0.030000000000000027,-0.029999999999999805,0.010000000000000009,-0.2400402377829718,-1.078474536649934
2020-11-19,0.004201328670194559,-0.0018822296869570197,-0.0016051754006262077,0.0030986477660088128,3.1402654506970014,46.34000015258789,-0.09000015258788352,-0.039999999999999925,-0.040000000000000036,-0.020000000000000018,0.3723450769637949,0.17554492362747878
2020-11-20,-0.006871739561799935,0.003021229432643738,0.0012041230409712519,0.006168638590657919,3.165475080332623,43.93999862670898,-1.2199974060058665,-0.010000000000000009,0.0,-0.030000000000000027,0.02440486077161329,-0.6410154682376256
2020-11-23,0.005976577482669988,-0.019890324232127853,0.0016031566787668098,0.008504898896030278,3.120601248866061,42.790000915527344,0.7299995422363281,0.029999999999999916,-0.020000000000000018,0.030000000000000027,0.5907507010501151,0.3222197779055173
2020-11-24,0.015985509041285564,-0.015447030279527764,-0.0048172900649507445,0.042446649969595976,3.074543425773495,42.84000015258789,-0.6599998474121094,0.020000000000000018,-0.020000000000000018,0.020000000000000018,-0.4594100207937287,1.0251550125207725
2020-11-25,-0.0015431179353650058,-0.0004718480371509017,-0.0016109935952550692,0.018337383746557693,3.056356895370426,43.560001373291016,-2.7600021362304688,-0.010000000000000009,0.009999999999999787,0.0,0.05307829892438729,-0.3515496045124302
2020-11-27,0.002781096278626812,-0.010198732236165305,-0.0020173091532998282,-0.004793155861809264,3.036874224207042,46.209999084472656,0.020000457763671875,-0.029999999999999916,0.0,-0.040000000000000036,-0.14975316706352895,-0.039971793548001025
2020-11-30,-0.004436979702549163,-0.006697358920117144,0.002420300926844573,-0.008039921279715477,3.0238336888289017,47.369998931884766,1.2000007629394531,0.0,-0.029999999999999805,0.0,-0.42279722467593917,-0.9211868253167929
2020-12-01,0.010878174221838802,0.02084085881536413,-0.008903282267372806,-0.011365554176248176,3.0335096599276774,47.810001373291016,0.6899986267089915,0.06999999999999995,-0.010000000000000231,0.08000000000000007,0.4634177890414191,0.6153124077684804
2020-12-02,0.002101766977906192,0.007493385024315116,-0.0012202857252487174,0.011365554176248335,3.0525850887506447,45.68000030517578,2.3899993896484304,0.040000000000000036,-0.03999999999999959,0.029999999999999916,-0.45990172340853175,-0.3331033555760383
2020-12-03,-0.0002732529623969596,0.007842668530553789,-0.00530499906394054,0.009000404368610592,3.057767696740619,40.95000076293945,-1.3899993896484304,-0.030000000000000027,-0.010000000000000231,-0.029999999999999916,0.1922171263641785,-0.530784651862512
2020-12-04,0.008581058728844128,-0.00283945502654119,0.0012265917328077957,0.00987110287328503,3.03447214590683,38.34000015258789,1.3600006103515554,0.050000000000000044,0.0,0.04999999999999993,0.12469222083643956,0.4619126891768663
2020-12-07,-0.002057154896330824,0.014803945459514797,0.001633359482700461,-0.005082598290205163,3.058707036896625,37.68000030517578,5.779998779296875,-0.010000000000000009,-0.009999999999999787,-0.030000000000000027,0.22677197201542873,-0.6384852282351611
2020-12-08,0.0029218970977484948,0.003481841534737405,0.0012232712064030103,0.00031842792712485603,3.0291670643972775,37.70000076293945,-0.5699996948242259,-0.020000000000000018,0.0,-0.019999999999999907,-0.03871841241275424,0.053154713000397494
2020-12-09,-0.00900929610528457,-0.017241806434506103,0.00040733464311536687,-0.0022310668959501833,3.1032405018244478,39.52000045776367,-0.6199989318847585,0.010000000000000009,0.020000000000000018,0.029999999999999916,-0.5841497799993154,-1.4600268168185455
2020-12-10,-0.00032706900154959897,-0.0019148863181888906,-0.002855375281288494,0.024272285312903,3.1144038235984732,39.70000076293945,-1.3299980163574219,-0.010000000000000009,-0.020000000000000018,-0.029999999999999916,0.5701874061078505,-0.24261678737326997
2020-12-11,-0.0011734457010221507,0.001856945469586849,0.0024480406381731778,-0.005308367602050232,3.1488824301365708,39.5099983215332,0.3699989318847656,0.010000000000000009,0.009999999999999787,-0.020000000000000018,-0.738856639580676,-0.35549520662091805
2020-12-14,-0.004487294301051254,-0.005522859199322822,-0.002856630689103369,0.007175124825333615,3.2076126048125677,39.959999084472656,1.7000007629394531,-0.020000000000000018,0.010000000000000231,0.0,0.4241501748849598,-0.7258538847208302
2020-12-15,0.013429091929524474,0.013893989774039692,-0.003274562986827243,0.011435845593483459,3.1307001072999245,39.34000015258789,-1.0800018310546875,0.040000000000000036,0.019999999999999574,0.020000000000000018,-0.29406912687814646,1.5584216128185393
2020-12-16,0.0015680131793831633,0.005503920929853094,-0.0012307081673454735,0.006127493283200724,3.1135153092103742,38.68000030517578,-1.1800003051757812,-0.020000000000000018,-0.009999999999999787,0.0,-0.023021241067234986,0.008417070531619142
2020-12-17,0.005576359451952855,0.01046541004295572,-0.0053509453469268095,0.012746702455993283,3.087855576345701,36.86000061035156,-2.80999755859375,0.020000000000000018,-0.020000000000000018,0.019999999999999907,0.3639143242339468,0.6375601787630985
2020-12-18,-0.00400067830337731,-0.0016988680965652808,0.001237398383936083,0.009603906282995112,3.0713034462529065,37.150001525878906,0.48999786376953125,0.009999999999999898,0.010000000000000231,0.010000000000000009,-0.28926600860798807,-0.7752770270925357
2020-12-21,-0.003581952753573203,-0.003178916998982143,0.002058843133799561,-0.025409720552114774,3.2252554257675383,41.560001373291016,2.020000457763672,0.0,-0.010000000000000231,0.0,0.520352607313093,-0.8391610882951428
2020-12-22,-0.0016868454214003638,-0.0079345071833982,0.005333383250556134,-0.016994051519646024,3.1875915159360004,42.060001373291016,-3.0900001525878906,-0.019999999999999907,-0.009999999999999787,-0.019999999999999907,-0.5143706711828083,-0.4859114908479839
2020-12-23,0.000898227228350662,0.006625879072275585,-0.004511085967377684,0.0203585022044973,3.1488824301365708,39.88999938964844,-0.8299980163574219,0.029999999999999916,0.020000000000000018,0.029999999999999916,0.6793966866832516,-0.13715203788321945
2020-12-24,0.003882695979661457,0.003977347328631379,0.0008218033860122581,0.005177358106261292,3.0694473432687706,39.40999984741211,-0.6300010681152344,-0.019999999999999907,-0.010000000000000231,-0.020000000000000018,-0.12776153882379557,0.3731637906370514
2020-12-28,0.008554417197332877,-0.003635744312567208,0.0,-0.010074822656005691,3.0773122957049135,39.66999816894531,3.1499977111816406,0.0,-0.009999999999999787,0.0,-0.1637413392675086,1.4062725719048796
2020-12-29,-0.0019096897401093516,0.003635744312567162,-0.0032908176978766216,0.005813038544900803,3.1389664383342684,38.63999938964844,0.8400001525878835,0.009999999999999898,0.0,0.0,0.2751888505470883,-0.5955818946824153
2020-12-30,0.0014258234807452044,0.007626026694655132,-0.0041289242161857715,0.003958022242310707,3.1254439001794543,38.0099983215332,1.0900001525878906,-0.009999999999999898,-0.020000000000000018,-0.009999999999999898,0.25208239704137847,0.037857472284918606
2020-12-31,0.00506772867793049,0.0037072651943418997,0.0028920360068049322,0.00303393669915042,3.1245651453969594,37.83000183105469,1.7900009155273509,-0.010000000000000009,-0.020000000000000018,0.0,-0.18209360687682047,0.6499666073630944
2021-01-04,-0.013707456959416914,0.02201425891234798,0.0008247621042671453,-0.019269513781507985,3.2947251116920344,42.119998931884766,0.6100006103515625,0.019999999999999907,0.009999999999999787,0.0,-0.27491337166515795,-2.902176513435028
2021-01-05,0.006863752208927238,0.0029572490918935946,-0.005787579145974333,0.04705323810739285,3.2323841809146145,40.38999938964844,-0.6399993896484375,0.010000000000000009,0.040000000000000036,0.029999999999999916,-0.11185869897118932,1.0534620266085917
2021-01-06,0.005960643541932353,-0.016374384156319522,-0.001244585160394986,0.004996394980416393,3.221671899997255,39.310001373291016,-4.310001373291016,0.07000000000000006,0.040000000000000036,0.08000000000000007,-0.4001821220564618,0.8278974872919027
2021-01-07,0.014748429427676752,-0.0023373497260989994,0.005794765922433217,0.012237861725762293,3.107720813018059,36.060001373291016,0.5600013732910156,0.039999999999999925,-0.040000000000000036,0.040000000000000036,-0.11766681324231304,2.309538824391827
2021-01-08,0.0056811500170468095,-0.03480879472366203,0.0016495244890497498,0.025730451440923834,3.0708397212700347,36.650001525878906,-0.3899993896484375,0.050000000000000044,-0.040000000000000036,0.04999999999999982,-0.17056377287047847,0.6200378244965379
2021-01-11,-0.006763245161414757,-0.001963368081678198,0.00616132441157644,-0.004809798123717891,3.181381617272267,35.310001373291016,2.9599990844726562,0.020000000000000018,-0.040000000000000036,0.020000000000000018,1.080316159621172,-1.224496507038686
2021-01-12,0.00021119870838740525,0.006453094143516468,-0.005337672479900761,0.01798820863067492,3.1497400827631306,33.849998474121094,2.3499984741210938,0.0,0.010000000000000231,0.0,-0.2979931205529805,-0.22521421364727456
2021-01-13,0.00268913985903481,-0.004316677807613859,0.0032881127749469358,-0.0027894659023265257,3.100542596684933,36.790000915527344,-4.520000457763679,-0.050000000000000044,-0.03000000000000025,-0.04999999999999982,-0.024652246832965356,0.14216248354905967
2021-01-14,-0.0035080432911687286,-0.0005192346256867747,-0.002053769028674696,0.01221565539459009,3.1463051320333655,37.95000076293945,0.6300010681152415,0.030000000000000027,-0.009999999999999787,0.04999999999999982,-0.34750935005273287,-0.8182415548884614
2021-01-15,-0.007319489581052669,-0.012485246085867416,0.0065572863850320885,-0.025148056280825566,3.1921210938283986,40.38999938964844,-1.0900001525878906,-0.010000000000000009,0.009999999999999787,-0.039999999999999813,-0.05204669556262311,-1.4086470835583016
2021-01-19,0.007821405071135691,0.008437377567923208,-0.002863461165159439,0.011534797930755755,3.1458749221350946,35.369998931884766,0.09000015258789062,-0.020000000000000018,-0.020000000000000018,-0.010000000000000009,0.12668818191459957,1.0781132460542993
2021-01-20,0.013743981383080452,0.016151154600027997,-0.00040985262333461634,0.001118281218452246,3.0717669562945877,35.66999816894531,-2.700000762939446,0.010000000000000009,0.0,0.0,0.5975519677765505,1.9126923230242066
2021-01-21,0.0009110739899177412,-0.0006273739671711188,-0.004518316342810298,-0.0008386469901476758,3.0596455849835826,35.04999923706055,0.479999542236321,0.020000000000000018,0.010000000000000231,0.020000000000000018,-0.09623195063975462,-0.10826994811974319
2021-01-22,-0.00354568294477801,-0.007904302060517928,0.0020563030445949026,-0.014931924008750838,3.0869431466430717,36.25,0.0800018310546875,-0.020000000000000018,0.020000000000000018,-0.020000000000000018,-0.38068134553042565,-0.7906746282412617
2021-01-25,0.00393592582025975,0.0008622455288576803,0.0012318097303520017,0.010166724449911757,3.1437211742970916,38.02000045776367,-0.009998321533203125,-0.04999999999999993,0.009999999999999787,-0.050000000000000044,0.23082232724121057,0.2946256537363514
2021-01-26,-0.0015621423187964236,-0.002473656951145883,-0.0028764955469249916,-0.0039414293097817625,3.136363423179213,37.130001068115234,0.05999755859375,0.019999999999999907,0.010000000000000231,0.0,0.052671298400799496,-0.5450592783327959
2021-01-27,-0.02474403841976347,-0.006355778295441206,0.006153922548584714,0.0014094219816694934,3.616577517754195,40.209999084472656,1.0200004577636719,-0.019999999999999907,0.0,-0.010000000000000009,-0.015018264329716946,-3.8856276299696275
2021-01-28,0.008563462023839502,0.000926931727635592,-0.002457062683059937,-0.007067167223092443,3.40817296509314,40.45000076293945,1.3699989318847727,0.029999999999999916,0.009999999999999787,0.030000000000000027,-0.5153354392438189,0.8725088252365636
2021-01-29,-0.020222825946637806,-0.0004054103376829626,0.0012291953863539594,-0.0019877812741702352,3.49923112654482,40.20000076293945,1.8800010681152273,0.050000000000000044,0.0,0.040000000000000036,0.506656946893771,-2.3186830105953353
2021-02-01,0.01650867220768224,0.00934152297824149,0.004901998289576779,0.026368950993380203,3.4091655437424886,39.15999984741211,-1.1300010681152273,-0.020000000000000018,0.020000000000000018,-0.020000000000000018,-0.5472012022093524,1.6513736804316963
2021-02-02,0.014041264327312317,-0.012242430084677479,0.0012217766420294467,0.019194468539128602,3.241028608615061,38.619998931884766,-0.36999893188477273,0.030000000000000027,-0.009999999999999787,0.030000000000000027,0.6744720762155554,1.257035785052086
2021-02-03,0.000785918639606156,-0.0015117720158050482,-0.00040718312657516765,0.016698447412992874,3.1315734898050858,37.11000061035156,1.0200004577636719,0.030000000000000027,-0.010000000000000231,0.029999999999999805,-0.6633566315907863,-0.016310909254576983
2021-02-04,0.01130161274892552,-0.021765636924135134,0.0044688452278374554,0.009834039294073163,3.080532896273726,35.369998931884766,0.31999969482421875,0.0,0.020000000000000018,0.0,-0.11860726813659218,0.9113265524744301
2021-02-05,0.0039282149150384965,0.009823748692690917,-0.005690939375534078,0.010000011054301745,3.0383127613015377,34.939998626708984,-0.049999237060546875,0.06000000000000005,-0.009999999999999787,0.040000000000000036,-0.15126883345236955,0.19186517851485327
2021-02-08,0.007195723927813359,0.01001975221091292,-0.0004077569868191766,0.019448299399222043,3.0558861855977573,34.47999954223633,1.25,-0.020000000000000018,-0.040000000000000036,0.0,0.7380328496053342,0.5066504680631166
2021-02-09,-0.0006658280452261198,0.0032595928083516256,-0.005315936056868857,0.005889136254178878,3.074081201165457,33.540000915527344,-1.7000007629394531,-0.010000000000000009,0.009999999999999787,-0.010000000000000009,-1.013203588168007,-0.2003852997503089
2021-02-10,-0.000435811952404966,0.003654430629279855,-0.0004100980346003336,0.0028043514779165345,3.090587794158219,33.77000045776367,-0.4799995422363281,-0.030000000000000027,0.010000000000000231,-0.030000000000000027,0.29131666711825027,-0.14960792318094407
2021-02-11,0.0016136623582028603,-0.008723013798522866,-0.00041026628399957836,-0.007923301734508309,3.056356895370426,34.33000183105469,-0.31999969482421875,0.010000000000000009,0.020000000000000018,0.010000000000000009,0.07597079920011392,0.019892524686141482
2021-02-12,0.004927870193085218,-0.003041852351548402,0.000820364318599943,0.02458614292902422,2.994231113043872,34.25,1.05999755859375,0.040000000000000036,0.009999999999999787,0.040000000000000036,0.5497844878532553,0.3389733505926407
2021-02-16,-0.0008664212223408447,-0.014457496034195686,0.0,0.0126883687619801,3.0661906945405133,35.130001068115234,9.770000457763679,0.07999999999999985,-0.040000000000000036,0.10000000000000009,-0.3406648364794257,-0.24022532330578042
2021-02-17,0.00022935351611120107,-0.011417786234196115,0.004091666551695481,0.010818857084082954,3.068052935133617,36.900001525878906,-0.8099975585937571,0.010000000000000009,-0.020000000000000018,-0.010000000000000009,-0.5713282666402754,-0.14586534488226371
2021-02-18,-0.0042650446430558585,-6.0090224343136566e-05,-0.003271974679097342,-0.01527873321915533,3.1130707557941752,37.900001525878906,0.14999771118164062,0.0,0.0,0.0,0.5561089054635927,-0.6367421460813344
2021-02-19,-0.0017675028528026412,0.004139970385631239,-0.0024610031999440325,-0.014759496123130926,3.0933125672924255,37.7599983215332,4.310001373291016,0.050000000000000044,0.010000000000000231,0.050000000000000044,-0.32910852231424603,-0.32784450244721514
2021-02-22,-0.007721489024338805,0.014858231751961605,-0.0028788613707220996,0.03953080149441655,3.1548705274270192,38.56999969482422,1.9899978637695312,0.030000000000000027,0.020000000000000018,0.030000000000000027,0.21683319366583562,-0.8865007148037144
2021-02-23,0.001213446762640452,-0.0023033964742125187,0.000823312832543051,0.008202703699968856,3.1402654506970014,39.75,-0.6899986267089844,0.0,0.040000000000000036,0.0,0.09338432461111043,0.08921868760210663
2021-02-24,0.010959112448840845,-0.0007097783269727351,-0.0016473952648113285,0.020923280628391945,3.06058325302393,39.58000183105469,0.18999862670898438,0.0,0.020000000000000018,0.009999999999999787,0.25233131402241665,1.0709746233110078
2021-02-25,-0.024390764090014738,-0.018995808065307287,0.0032920810813843776,-0.0009416412173749658,3.3634954933514023,40.58000183105469,12.240005493164062,0.1100000000000001,-0.10000000000000009,0.16000000000000014,-0.4045561386564608,-2.545038254447017
2021-02-26,-0.005165718659949701,-0.024480114534154506,0.007368110105820562,-0.02745780006077444,3.3304172268976893,42.4900016784668,1.5,-0.07000000000000006,0.0,-0.10000000000000009,0.5820606486586319,-0.4384234051854929
2021-03-01,0.023950920119811512,-0.0017319159550744983,0.0008152576190618638,-0.017336605627759967,3.1505970004519392,42.560001373291016,-6.930000305175781,0.020000000000000018,0.009999999999999787,0.010000000000000009,0.14385308023663307,2.3269248615554226
2021-03-02,-0.007834073147929835,0.005433148366520264,-0.0036741309928707286,-0.013140111992475001,3.1822118563252286,40.959999084472656,-11.03000259399414,-0.030000000000000027,0.020000000000000018,-0.030000000000000027,-0.7481242552599848,-0.8411560690892816
2021-03-03,-0.01333407329932379,-0.011082728374520621,0.0028588733738089353,0.02635295235686024,3.2835393410545883,39.83000183105469,8.130001068115234,0.040000000000000036,-0.009999999999999787,0.050000000000000044,-0.1650293102696546,-1.5172645265187967
2021-03-04,-0.012451853939290476,-0.00988559566723337,0.006503974633123153,0.045845822591595815,3.3523572055609954,37.27000045776367,2.2999954223632812,0.06999999999999984,-0.010000000000000231,0.07000000000000006,-0.3019624657204561,-1.2946558584769776
2021-03-05,0.01822938111453355,0.0006286134207733884,0.00364013208254753,0.03131324188884794,3.2051824915485305,36.61000061035156,1.2400054931640625,0.020000000000000018,0.0,0.020000000000000018,1.1055183034761225,1.8800738130893155
2021-03-08,-0.004991254803574473,-0.010422315048141234,0.005636043174869131,-0.021378995774652115,3.237501262032374,38.88999938964844,2.279998779296875,0.0,0.010000000000000231,0.030000000000000027,0.35192838105135504,-0.4812468785221267
2021-03-09,0.014176568394246553,0.02104806019448947,-0.0056360431748690995,-0.009005935177590985,3.1793030783228886,37.970001220703125,-4.209999084472656,-0.040000000000000036,0.020000000000000018,-0.040000000000000036,-0.6718223558524751,1.3924815999499436
2021-03-10,0.006205305681338438,0.005085327698430273,-0.0016162008307498363,0.014508050705300158,3.1161784029570914,37.560001373291016,-4.250003814697273,-0.009999999999999787,0.009999999999999787,-0.020000000000000018,0.15203683849873187,0.5689571935147085
2021-03-11,0.010087973743456347,-0.0008663865026826478,-0.0048642445766246475,0.019470771191138485,3.0869431466430717,37.86000061035156,0.710002899169929,0.029999999999999805,0.010000000000000231,0.010000000000000009,0.3429530084173987,0.9280374573560141
2021-03-12,0.0013459142701248525,-0.00018574519969141986,0.0032455170205122515,-0.00562115046328525,3.029650517569806,37.5099983215332,6.930000305175781,0.10000000000000009,0.009999999999999787,0.09999999999999987,-0.9475285697058056,0.08448184021168015
2021-03-15,0.005945898611475878,0.004386867610048303,0.0020231121423613615,-0.002031377650180952,2.9972311839585806,39.380001068115234,-0.04000091552734375,-0.020000000000000018,-0.009999999999999787,-0.019999999999999796,0.661879018278947,0.4871183647677129
2021-03-16,-0.001262329966696233,0.0009244132771239594,0.0,-0.009762740493015447,2.9851768058765926,39.09999847412109,0.01999664306640625,-0.010000000000000009,0.009999999999999787,0.0,-0.860812346922646,-0.1731218729515761
2021-03-17,0.0034044343387612617,0.0071195808075622735,-0.004862363023486753,-0.00022822900398765546,2.956471535796025,37.400001525878906,-4.05999755859375,0.030000000000000027,0.040000000000000036,0.009999999999999787,0.7646751392206566,0.26775153656617906
2021-03-18,-0.014656463972297955,-0.0058269675795917875,0.0060741792679876155,-0.07952933815208219,3.0717669562945877,48.43999862670898,3.7300033569335938,0.050000000000000044,-0.06000000000000005,0.08000000000000007,-0.0427887293764918,-1.3554230219339851
2021-03-19,-0.001852403622698869,0.004174394816826358,0.0004036423958254448,0.031617400417298505,3.042138682785304,44.380001068115234,-1.6800003051757812,0.030000000000000027,-0.06999999999999984,0.030000000000000027,0.16191325783663915,-0.1484013621374142
2021-03-22,0.007953313144299104,-0.0014713433816878438,-0.002019843226575278,-0.0014375032092081529,2.938103116266432,40.27999877929688,-1.1800003051757812,-0.040000000000000036,-0.020000000000000018,-0.050000000000000044,0.263098118797651,0.6790226891637037
2021-03-23,-0.007901888024610067,-0.007327408483150656,0.006047242504306646,-0.057736808433560625,3.0106208484645167,48.619998931884766,-6.850002288818359,-0.06000000000000005,0.029999999999999805,-0.06000000000000005,-0.35264679325096937,-0.7077760970178784
2021-03-24,-0.005096370422499846,0.003454859203276189,0.0024086414320343796,0.051483822162098694,3.054001217665676,64.91000366210938,-0.060001373291015625,0.0,-0.009999999999999787,-0.009999999999999787,-0.4272476821146959,-0.46953649675197906
2021-03-25,0.0056098893023322155,-0.0036402714825327686,0.0028028719243299045,-0.038362249371114564,2.986186833751468,49.880001068115234,-1.1699981689453125,0.010000000000000009,0.009999999999999787,0.009999999999999787,0.11799425120263296,0.458486354433137
2021-03-26,0.01598625517428246,0.002839374216722469,-0.0012003575516311492,0.040290377632928184,2.9370433095675357,44.93000030517578,1.9500007629394531,0.040000000000000036,-0.020000000000000018,0.040000000000000036,-0.26492297339897675,1.3741809121766644
2021-03-29,-0.0005050426164312799,-0.011967328788777756,0.0023990992596612084,0.009346968083669237,3.032064191765613,44.15999984741211,4.469997406005859,0.06000000000000005,-0.009999999999999787,0.06000000000000005,0.4886154764403346,-0.21596904421704033
2021-03-30,-0.002656515031972525,-0.01723957501602924,0.003985576516800655,-0.01805320502669375,2.97603967133276,41.459999084472656,1.4800033569335938,-0.020000000000000018,-0.040000000000000036,0.0,-0.3827596251825184,-0.4400687635148266
2021-03-31,0.004045160538915744,0.015053975494509144,-0.0007957926856738056,-0.015667380784643338,2.9652730464058945,45.650001525878906,3.8299942016601562,0.010000000000000009,-0.010000000000000231,0.010000000000000009,0.11576346348630218,0.34459299024812523
2021-04-01,0.010741241302931507,0.012549018493591777,-0.00438852553915701,0.03181041288189651,2.8524390993250943,40.150001525878906,-6.279998779296875,-0.06000000000000005,-0.04999999999999982,-0.050000000000000044,-0.5809585994569072,1.011800087047455
2021-04-05,0.014251133601119766,-0.00037046965366193687,-0.0032039242839846985,-0.03799778585868431,2.885359207552917,42.0,-3.1999969482421875,0.040000000000000036,-0.050000000000000044,0.040000000000000036,0.8698896159787615,1.3273629465217625
2021-04-06,-0.0005908528496312205,0.007996616729269289,-0.0024095198218057065,0.010373073649069047,2.8970163469301413,42.40999984741211,-1.5,-0.050000000000000044,0.020000000000000018,-0.06000000000000005,-0.3698194834985957,-0.511495669676028
2021-04-07,0.0011566053991932496,-0.00282230213657656,0.0012053967808344373,0.0039234931331157755,2.842581085167748,41.27000045776367,2.25,0.010000000000000009,0.010000000000000009,0.010000000000000009,0.49316703783299914,-0.21714465875991543
2021-04-08,0.0047355519722304725,0.010694635856861524,-0.004427296527388302,-0.0009794544215410044,2.8302678788376356,40.70000076293945,-2.4599990844726562,-0.020000000000000018,0.020000000000000018,-0.040000000000000036,-0.5796133816662292,0.20473034653706323
2021-04-09,0.007243756950268634,-0.007566026934120144,0.0008062925869206078,-0.004419361653831711,2.814809769672402,39.18999862670898,1.1299972534179688,0.010000000000000009,-0.020000000000000018,0.030000000000000027,-0.00026074486263055974,0.6226961875037302
2021-04-12,0.0003647234215889011,-0.006082067490100263,-0.00040315424138951674,0.006377312104574959,2.827905153886959,37.040000915527344,2.2900009155273438,0.0,-0.010000000000000009,0.020000000000000018,-0.5025153266323628,-0.32799595881754856
2021-04-13,0.0029591494018128555,0.007061488473290135,-0.003635541828925448,0.012150817331938266,2.812410193515358,35.20000076293945,-2.299999237060547,-0.030000000000000027,0.020000000000000018,-0.050000000000000044,0.48302906097145615,0.09276949349873516
2021-04-14,-0.0034209907516817213,-0.0043537794872208335,-0.0012149397767296738,0.038849019436828364,2.8326249222122786,35.70000076293945,-1.1199989318847656,0.0,0.010000000000000009,0.0,-0.5494083557535199,-0.8137419443791202
2021-04-15,0.010685361541903868,0.0160335365383925,0.0,0.005329627690957501,2.8075938130211036,34.20000076293945,-1.0300025939941406,-0.08000000000000007,-0.030000000000000027,-0.07999999999999985,0.5414884033428662,1.2193992212958955
2021-04-16,0.0033368474592361083,0.0060295628147861114,-0.0012162381425575353,-0.0020821326618449174,2.7880929087757464,32.790000915527344,3.520000457763672,0.030000000000000027,0.020000000000000018,0.030000000000000027,-0.2536911832140624,0.11358828053170766
2021-04-19,-0.004925210160908061,-0.0027691247303623773,-0.005695750077906806,0.003236982933916774,2.850128352646461,35.06999969482422,1.3899993896484375,0.020000000000000018,0.020000000000000018,0.020000000000000018,0.05760608436192645,-1.0046711665599513
2021-04-20,-0.007348573532341072,0.003550241996940974,0.0016306058495183541,-0.013479125925535884,2.9274534491377295,35.68000030517578,0.3899993896484375,-0.020000000000000018,0.010000000000000009,-0.030000000000000027,-0.022090024003183193,-1.5835172345982105
2021-04-21,0.009417586874080097,0.009862362310853667,-0.0012225922621771099,-0.02295689969433499,2.8622008809294686,42.43999862670898,-2.079998016357422,-0.010000000000000009,0.009999999999999787,-0.010000000000000009,0.11254654661419602,0.9862245476578488
2021-04-22,-0.009175035652573238,-0.00650425423162094,0.0028506335374667065,0.007631796939522536,2.9290580913534825,39.38999938964844,-2.6500015258789062,-0.010000000000000009,-0.019999999999999796,0.0,-0.35210365297629564,-1.7359368945292348
2021-04-23,0.010784031938757073,-0.0038387727937765547,-0.005709506911275469,0.008752248305240276,2.8524390993250943,38.70000076293945,0.3600006103515625,0.010000000000000009,0.0,0.010000000000000009,0.3730329357139312,1.1570020678643382
2021-04-26,0.0020853676481318232,0.002640755671589698,0.0,-0.0030663369234984828,2.870169015978216,41.22999954223633,1.0,-0.020000000000000018,-0.010000000000000009,0.0,-0.19064077988715394,-0.19788634538523028
2021-04-27,-0.00021558010400443337,-0.0025205449092440876,0.0004088336902245881,0.018258905127549612,2.865623557793666,38.43999862670898,-0.8299980163574219,0.06000000000000005,-0.010000000000000009,0.04999999999999982,0.6659540917532255,-0.5054537972558085
2021-04-28,-0.00028732979517640054,0.002940064461277065,-0.0036862606918844666,0.009695324604357607,2.8495498031123385,36.41999816894531,0.15999984741210938,0.0,0.010000000000000009,0.0,-0.48057802130617955,-0.4434551137988564
2021-04-29,0.0063526690823315956,-0.004142547462168167,0.00041026628399962753,0.01663096917861489,2.8684669571674872,36.369998931884766,-1.2900009155273438,0.030000000000000027,-0.010000000000000009,0.020000000000000018,0.40461756755477357,0.6033973513554284
2021-04-30,-0.006592160609848842,-0.003374702192485256,0.008169995738653532,-0.022621731883987573,2.923699103451126,38.38999938964844,-0.8899993896484375,0.0,-0.010000000000000009,0.0,-0.19759545090847777,-1.5245950091236895
2021-05-03,0.0021543774347842926,0.01289485518814097,-0.004485334717225853,0.016275409902131718,2.907447329518881,40.150001525878906,-0.7999992370605469,-0.020000000000000018,0.0,-0.020000000000000018,0.859709027135041,-0.04560165336867453
2021-05-04,-0.0061883844479397486,-0.007356686965198023,0.004485334717225832,0.020034421465064487,2.969388274715227,37.150001525878906,1.1799964904785156,-0.020000000000000018,0.010000000000000009,-0.019999999999999796,-0.9137541730090074,-1.3036324355675308
2021-05-05,0.00031260961880912974,0.00413361336698124,-0.00040692738609313177,-0.004691153187873519,2.9523026957065652,38.33000183105469,-1.5799980163574219,-0.020000000000000018,0.010000000000000009,-0.020000000000000018,0.39464142672550595,-0.12879991395305404
2021-05-06,0.007954025467049082,0.016542002735280385,-0.0048959076349000125,-0.005613577127234463,2.911807005426911,37.7400016784668,0.8199996948242188,-0.010000000000000009,-0.020000000000000018,-0.010000000000000009,-0.2169582986625129,1.160210403769314
2021-05-07,0.007251468922364392,0.00895658735382193,-0.007389191708282352,0.0004502579483839958,2.814809769672402,37.630001068115234,-3.6199989318847656,0.040000000000000036,0.010000000000000009,0.020000000000000018,0.1796375263263981,0.9559107350551148
2021-05-10,-0.009951684686824534,0.0030259218728549953,0.0,0.001124715834372839,2.978586106957683,37.9900016784668,1.3499984741210938,0.010000000000000009,0.010000000000000009,0.029999999999999805,-0.00949271595744453,-1.8650138454338996
2021-05-11,-0.00896481098391669,0.0001742848474817966,-0.0008244221281835769,0.008729756532351094,3.083743157863329,37.93000030517578,2.529998779296875,0.010000000000000009,0.029999999999999805,0.010000000000000009,0.04114421748237656,-1.4904803451443427
2021-05-12,-0.021474123836944095,-0.009983483413452903,0.007395172991565191,0.007770097661356669,3.3174533937597452,36.93999862670898,0.4600028991699219,0.050000000000000044,0.010000000000000231,0.050000000000000044,-0.8042156442208758,-3.1790487300236667
2021-05-13,0.011940780695114022,0.004098917859921596,-0.001638621838159213,-0.03167736067225913,3.141130439960018,37.93999862670898,-1.8800010681152344,-0.030000000000000027,0.020000000000000018,-0.030000000000000027,0.18454272223197435,1.5439222389588458
2021-05-14,0.015238829102954241,0.009074563611959028,-0.004108477093546694,0.020335036596548024,2.934388614920721,36.459999084472656,-1.5999984741210938,-0.030000000000000027,-0.010000000000000231,-0.030000000000000027,0.056083703776060354,1.7620321265412962
2021-05-17,-0.0025478475129434744,0.011572105937362132,-0.001235778036789343,0.015094633252671224,2.9816333143547364,36.41999816894531,3.5999984741210938,0.010000000000000009,-0.009999999999999787,0.010000000000000009,0.2530775984510817,-0.2902487415295667
2021-05-18,-0.008653038966773137,0.0019442812059788442,-0.004544632665074085,-0.012191201414644755,3.06058325302393,37.0099983215332,-1.4099998474121094,0.0,0.009999999999999787,0.0,-0.2907372492061851,-0.9348447909390157
2021-05-19,-0.0026251732054703176,0.0006853819629941132,0.004544632665074017,-0.03195014803332725,3.099190995681273,38.81999969482422,0.13000106811523438,0.040000000000000036,-0.009999999999999787,0.040000000000000036,0.42650555176192995,-0.245051230197388
2021-05-20,0.01070038816925033,0.004556871795741219,-0.004958807075254434,-0.022117087415870915,3.028683377384724,39.43000030517578,-2.270000457763672,-0.040000000000000036,0.0,-0.050000000000000044,0.24779487683807921,1.198596050805763
2021-05-21,-0.0008190903439273644,0.00045446916842239933,0.003308602072659307,0.02831475340241061,3.0032042694611922,39.34000015258789,-0.4500007629394531,-0.020000000000000018,-0.010000000000000231,0.0,-0.5521130873207698,-0.07983838983699403
2021-05-24,0.010142626857185814,0.001759487487714246,-0.002480424721724247,0.029758726086480065,2.9123506438828897,35.540000915527344,0.34999847412108664,0.0,-0.009999999999999787,-0.019999999999999796,0.521035851370731,1.106458623135628
2021-05-25,-0.002220711896776948,0.009031903514378268,-0.0012425233726371507,-0.0022237565389224214,2.935982277247362,36.22999954223633,-1.2199974060058523,-0.050000000000000044,0.009999999999999787,-0.050000000000000044,-0.23096998756367385,-0.2821420537440477
2021-05-26,0.001982387686707692,-0.0017435678186662285,0.0037229480943613297,0.006214014609706075,2.854168744390704,33.88999938964844,-0.9000015258789062,0.030000000000000027,-0.029999999999999805,0.020000000000000018,-0.7089304238857779,0.21568948320291334
2021-05-27,0.0005246747084629495,0.0003940189892895408,-0.0008262162404812541,0.007713503239096369,2.817801051388579,33.630001068115234,0.6500015258789062,0.030000000000000027,0.0,0.030000000000000027,-0.01987240366295252,0.039268061126143686
2021-05-28,0.001787174059960336,0.0037630876338542248,0.0008262162404811505,-0.0028581105929031915,2.818995108710371,33.540000915527344,-1.4300003051757812,-0.030000000000000027,0.010000000000000009,-0.030000000000000027,0.8946198836712219,0.1772890869421754
2021-06-01,-0.0008812754377715133,-0.0026945732480542135,-0.0016529326809944353,0.019837242586995457,2.8848006915355513,33.43000030517578,2.950000762939453,0.020000000000000018,-0.020000000000000018,0.040000000000000036,0.026244005254897222,-0.10029182786684947
2021-06-02,0.0015714959445811744,0.004878526963101577,0.0,0.012227969036399083,2.861057344039536,32.77000045776367,0.21999740600585938,0.0,0.010000000000000009,-0.030000000000000027,-0.7503556071531565,0.15071800672449726
2021-06-03,-0.003718241163690172,-0.019772420864664846,0.006184278100567385,0.0014914180409343815,2.892591565384329,33.88999938964844,-1.25,0.010000000000000009,-0.020000000000000018,0.039999999999999813,0.2728078638874224,-0.458775265301855
2021-06-04,0.0091040904590316,0.010725633264657355,-0.0037059025212451686,0.006155110215271782,2.7985001086706855,31.76000022888184,-4.180000305175774,-0.050000000000000044,0.020000000000000018,-0.06999999999999984,-0.4758687486981336,1.0219740274107
2021-06-07,-0.0009707369129850001,0.003999619209610979,-0.0016516591388090335,0.00021161824599503278,2.7985001086706855,31.700000762939453,-0.22999954223633523,-0.010000000000000009,0.0,0.010000000000000009,0.49388888588285584,-0.19949858929447226
2021-06-08,0.00021319574975394595,-0.003096867753862795,0.0012390228591401917,0.012822048508777403,2.8373225189284472,31.950000762939453,0.3800010681152344,-0.020000000000000018,0.0,-0.040000000000000036,-0.014644991449340668,-0.016248518596303742
2021-06-09,-0.001493015662382615,-0.0019193434836643904,0.0008251023608663121,-0.006285359639427327,2.884241863403715,31.790000915527344,2.9099998474121094,-0.04999999999999982,-0.020000000000000018,-0.030000000000000027,0.18291331318967383,-0.17839532651507062
2021-06-10,0.004637687768621637,0.004285131517665339,-0.0008251023608662907,0.005240552616245623,2.778819295684189,33.029998779296875,-4.5800018310546875,-0.030000000000000027,0.040000000000000036,-0.050000000000000044,-0.07045664339993368,0.5162512086485243
2021-06-11,0.001650997393178253,-0.011316177890912231,0.0049403421869263315,0.0050051795825373354,2.7504708926110992,32.54999923706055,2.5900001525878835,0.0,-0.030000000000000027,0.020000000000000018,-0.2288973775573533,0.07351628237946285
2021-06-14,0.002236694459773895,-0.005878166410042197,-0.0008218033860122791,0.005187271753536714,2.796671355516472,33.130001068115234,3.1800003051757955,0.040000000000000036,-0.010000000000000009,0.040000000000000036,0.18182692524172825,0.01113858522413975
2021-06-15,-0.001836032422769539,-0.0037848631237422004,0.0008218033860122581,0.013566494867255767,2.8343891500408605,31.559999465942383,-1.1100006103515696,0.0,0.0,0.0,-0.06940118773660255,-0.6354320177259819
2021-06-16,-0.005598926569416219,-0.01703600368035545,0.008179839646391771,-0.00470684473423503,2.898670539693244,33.83000183105469,1.3600006103515696,0.010000000000000009,-0.050000000000000044,0.06000000000000005,-0.04239663888265317,-1.388203076011168
2021-06-17,-0.0003315931626191077,-0.03122282591641038,0.0077096982089925326,-0.014671181174468589,2.8763855159214247,36.84000015258789,0.6300010681152273,-0.07000000000000006,-0.06999999999999984,-0.050000000000000044,-0.10437527824716909,-0.22357065774623508
2021-06-18,-0.013582228133146681,-0.005562705142465907,0.00322831178254292,0.006639022098204193,3.0301337371283013,33.95000076293945,5.540000915527344,-0.10000000000000009,0.010000000000000009,-0.07000000000000006,0.41011333114026743,-3.392449977811526
2021-06-21,0.014214351149259967,0.012173251058176099,-0.004846473925319372,0.020467353594847686,2.884241863403715,35.0099983215332,1.4099998474121094,0.040000000000000036,0.029999999999999805,0.050000000000000044,0.20160924002092745,2.537043444549152
2021-06-22,0.005331957578048244,-0.00420166857422807,-0.0016207848360128743,0.0012147715471398123,2.8130106275797595,34.279998779296875,-3.220001220703125,0.0,0.020000000000000018,-0.020000000000000018,-0.5545170973904158,0.7925659384494494
2021-06-23,-0.0012061268075389587,-0.0006618767987564016,0.0016207848360128803,0.006052127684481837,2.7923913308364643,34.68000030517578,-3.040000915527351,0.010000000000000009,-0.010000000000000009,0.020000000000000018,-0.5061698122297966,-0.39487785419381816
2021-06-24,0.005898468669633015,-0.0006021199876096117,-0.0008101536952701484,0.0024105863466912614,2.7707119789475727,32.04999923706055,-0.7699966430663991,-0.010000000000000009,-0.010000000000000009,-0.010000000000000009,0.6287413646179772,0.9860992462474077
2021-06-25,0.0035457832668055987,0.003306999189259349,0.00040520369568519785,0.008192669398432578,2.748552137084977,31.299999237060547,0.75,0.030000000000000027,0.020000000000000018,0.050000000000000044,-0.19643340098663603,0.4745090691883558
2021-06-28,0.002013848534809786,-5.999643961855651e-05,0.0004049499995849696,-0.014230104397403668,2.757475098952692,31.86000061035156,0.75,-0.020000000000000018,-0.020000000000000018,-0.050000000000000044,0.5954493550084767,0.18224071250935375
2021-06-29,0.000537971585941287,-0.010561034647227364,0.002426172998474871,0.007040127097218515,2.773837970214724,31.989999771118164,0.4699974060058594,-0.020000000000000018,-0.009999999999999787,0.0,-0.8158243478324765,-0.09703392227243846
2021-06-30,0.0008413758901831055,0.004841763592293601,0.002823130363437988,-0.000200427413466966,2.7619068690733415,32.7400016784668,0.470001220703125,-0.020000000000000018,0.0,-0.040000000000000036,0.5842910980192918,-0.03154496778861983
2021-07-01,0.005521293105569095,0.003435449615082654,0.0028151827303295076,0.014726591790788236,2.739548838590284,32.470001220703125,0.25,0.030000000000000027,-0.010000000000000009,0.030000000000000027,-0.48048863350134186,0.8009297172230472
2021-07-02,0.007614451150416774,0.0065369291506959725,-0.004024158181857271,0.006105412872255298,2.7127059923878547,32.869998931884766,-5.1100006103515625,-0.030000000000000027,0.010000000000000009,-0.040000000000000036,0.4762897820148785,1.1288150352279203
2021-07-06,-0.001823123319616894,0.004949187883217545,0.00362237252762923,-0.02043111355236838,2.79971742211329,37.59000015258789,4.1399993896484375,-0.050000000000000044,0.029999999999999805,-0.06999999999999984,0.4051895673577018,-0.646349164327583
2021-07-07,0.0035277185080944346,0.0037995736126820853,0.001605908695199511,-0.02516369911662871,2.785011289333365,42.0099983215332,4.100002288818359,-0.039999999999999813,-0.010000000000000009,-0.040000000000000036,-1.2491369220351556,0.40840888946790904
2021-07-08,-0.00818132694290125,-0.0006520293887520076,-0.004019305771300897,0.017519303400777134,2.9444389791664403,38.79999923706055,1.029998779296875,0.0,0.020000000000000018,-0.030000000000000027,0.16786022209950532,-1.784755982582052
2021-07-09,0.010618078287934464,0.0033150614410246745,-0.0024193249746353443,0.017812927447246028,2.7837759304916423,37.02000045776367,-1.7600021362304688,0.029999999999999805,0.0,0.07000000000000006,0.21944340648729355,1.628970124773095
2021-07-12,0.0035756292277023174,-0.0012418718351821449,0.0012103495231077137,-0.0019856732677942016,2.783157678307256,38.72999954223633,0.8600006103515696,0.010000000000000009,0.0,0.009999999999999787,0.5361950318424605,0.3055330634139826
2021-07-13,-0.003414641177969328,0.0013009357869861221,0.006030225163621687,0.016558630429281487,2.8402474197342373,35.400001525878906,0.02000045776366477,0.010000000000000009,0.0,0.040000000000000036,0.28873973234803385,-0.825778687010866
2021-07-14,0.0014910290191992943,0.010697757313475486,-0.004821249712093934,-0.02875757377561238,2.7930039023103626,38.20000076293945,-3.4899978637695312,-0.020000000000000018,0.0,-0.04999999999999982,-0.667434337537148,0.013825543913494574
2021-07-15,-0.003421526853694258,0.00017546425482688882,0.0028151827303295076,-0.013368638156530003,2.8338014198634927,38.040000915527344,-0.3300018310546875,-0.05999999999999983,0.010000000000000009,-0.06000000000000005,0.4439007959677517,-0.7697104956201558
2021-07-16,-0.007874388058476808,-0.009751038308664077,0.0012041230409712519,0.0020370443754190552,2.915064411838267,37.150001525878906,1.2600021362304688,-0.020000000000000018,0.010000000000000009,0.0,-0.08908205282874326,-1.4611800884097497
2021-07-19,-0.014877980761044232,0.001179853512608669,0.0016031566787668098,-0.06951627893717599,3.1135153092103742,46.36000061035156,9.34000015258789,-0.08000000000000007,0.040000000000000036,-0.1200000000000001,-0.302406294128023,-2.503047668526988
2021-07-20,0.014228431114012327,-0.0012979424872485647,0.001200749496874884,0.014510231412515527,2.982140296833121,52.2599983215332,1.7299957275390625,0.050000000000000044,0.010000000000000009,0.040000000000000036,0.22608182100254615,1.8784372269264122
2021-07-21,0.00806394539490717,-0.003726190289074976,-0.002402853815986701,0.037142952008094726,2.885359207552917,42.90999984741211,-4.029998779296875,0.050000000000000044,-0.020000000000000018,0.07000000000000006,0.35100576339922673,0.8733938172024045
2021-07-22,0.002091972501324614,0.0019535411866020086,0.0012021043191119383,0.018473385028781236,2.8729995383614964,36.43999862670898,-0.31999969482421875,-0.010000000000000009,-0.010000000000000009,-0.030000000000000027,-0.7094245208080016,0.08430969588217443
2021-07-23,0.010235493840770837,-0.003139340880551927,0.00040041005358686435,0.006082805730659389,2.844909428176351,34.04999923706055,0.31999969482421875,0.010000000000000009,-0.020000000000000018,0.030000000000000027,0.4200670892484318,1.327531886516972
2021-07-26,0.0024516300254200612,-0.0023758261058627853,-0.003207689773324895,0.004034642339618615,2.866761887917216,35.59000015258789,3.75,-0.010000000000000009,0.010000000000000009,-0.010000000000000009,-0.100117620701913,0.07756688132160565
2021-07-27,-0.004567751874398228,0.0016636888817755746,-0.001607667135691102,-0.004034642339618609,2.963209113374854,35.13999938964844,1.0400009155273438,-0.020000000000000018,0.010000000000000009,-0.040000000000000036,0.05505265992260339,-0.9208975854735668
2021-07-28,-0.0004102548939477863,0.0050335632022407,-0.002819629391697233,0.005040841278820103,2.907447329518881,34.619998931884766,-7.6699981689453125,0.010000000000000009,0.010000000000000009,0.010000000000000009,0.14125329363528963,-0.2541566888641228
2021-07-29,0.004138823799126594,0.011044023020098688,-0.003637189564853943,0.018334474589103467,2.8735646826837065,33.36000061035156,-0.31999969482421875,0.020000000000000018,-0.020000000000000018,0.020000000000000018,-0.05562599991159841,0.4133564465439049
2021-07-30,-0.004868185563473949,-0.007918108309762988,0.002829978387277243,0.00039487577836507583,2.903616972097839,32.849998474121094,-0.8900032043457102,-0.030000000000000027,0.010000000000000009,-0.040000000000000036,-0.07893528784828924,-0.896192176506424
2021-08-02,-0.0021004041580447463,-0.0012374082182159806,-0.0012118162445009454,-0.029649598568201038,2.968361029711232,36.22999954223633,3.1000022888183665,-0.020000000000000018,0.0,-0.040000000000000036,-0.06870385878443713,-0.4544013044682775
2021-08-03,0.008102527482656057,-0.0007077270423842932,0.0004040423422311806,-0.006732695740543896,2.892591565384329,37.54999923706055,1.1299972534179688,-0.010000000000000009,0.020000000000000018,-0.010000000000000009,-0.47067812219716065,1.0290731102650597
2021-08-04,-0.004930833699703457,0.00023593466942563418,0.00161498507984647,-0.034360438497303795,2.8887036625848097,42.27000045776367,-2.75,0.0,-0.010000000000000009,0.0,-0.14377331867071313,-0.8045066279775437
2021-08-05,0.006312703730142453,-0.003959922253451811,0.0,0.018888236633179716,2.8495498031123385,39.09000015258789,0.9000015258789062,0.0,-0.010000000000000009,0.040000000000000036,0.9769450312439746,0.782435360721518
2021-08-06,0.0016511493232362064,-0.025308704477345147,0.005631419568359615,-0.01107984135976976,2.781920026048249,39.310001373291016,-0.9300003051757812,0.08000000000000007,-0.010000000000000009,0.08000000000000007,-0.513491968819183,0.11742871360053739
2021-08-09,-0.0008140003794557318,-0.017894816057729707,0.0020035667323536066,-0.02060179564147391,2.8166055665892396,43.27999877929688,3.0800018310546875,0.0,0.010000000000000009,0.020000000000000018,0.23102873685479583,-0.29615068196507927
2021-08-10,0.001243375359216725,0.00030914743149373187,0.0008003394432880303,0.02291152077017612,2.8207835256175806,39.27999877929688,0.8300018310546875,0.020000000000000018,0.0,0.030000000000000027,1.0861610560463235,0.07872744654355851
2021-08-11,0.0024817554209667445,0.01369082807188368,-0.0020019622348485338,0.012919515705086015,2.783157678307256,38.290000915527344,-5.890003204345703,0.0,0.040000000000000036,-0.010000000000000009,-1.4260624018623895,0.2819629783113318
2021-08-12,0.0029924623137976246,0.00024383177142714218,0.0012016227915605411,-0.004149399474018302,2.7466296928572342,36.5,-3.270000457763672,0.009999999999999787,0.0,0.010000000000000009,-0.06094345061132745,0.31911994517504993
2021-08-13,0.0018181244353875875,0.014224167163591615,-0.004815356909015925,-0.014027199064934987,2.737608990998456,35.90999984741211,-1.9399986267089844,-0.06999999999999984,-0.010000000000000009,-0.07000000000000006,0.1149394493467632,0.12999417389874854
2021-08-16,0.0023518324781578196,0.004975891262677384,0.0008042011042828773,-0.008256623270613174,2.780060789140106,38.84000015258789,3.950000762939453,-0.010000000000000009,-0.010000000000000009,-0.030000000000000027,0.2574973347085067,0.1749598664995976
2021-08-17,-0.006576881364461597,-0.001496155150116038,0.006010716282895744,-0.00982701928702805,2.885359207552917,39.5,0.8799972534179759,-0.020000000000000018,0.010000000000000009,0.0,-0.14283113908279046,-1.3343272033128186
2021-08-18,-0.011005244233934055,0.0007783092556947036,0.0,-0.025659165109115145,3.0713034462529065,40.86000061035156,-2.2299995422363352,0.010000000000000009,-0.010000000000000009,0.010000000000000009,-0.0043181384568508705,-2.4768096706955367
2021-08-19,0.0015471190934773043,-0.0029367165231408677,0.004782906239639229,-0.013973856179309099,3.075928819068985,40.97999954223633,1.3300018310546875,-0.020000000000000018,0.010000000000000009,-0.030000000000000027,-0.36530393419563456,0.1252256722514018
2021-08-20,0.007925727991568203,0.0005400158455303154,-0.001193583627013864,-0.030387828904086894,2.921008698583398,40.66999816894531,0.5699996948242188,0.010000000000000009,-0.020000000000000018,0.020000000000000018,0.08264323511013587,1.4696727546794879
2021-08-23,0.008757851021052802,0.012104007439095057,-0.005989293144374882,0.05422471184909816,2.841998151368816,38.66999816894531,2.279998779296875,-0.010000000000000009,0.010000000000000009,-0.010000000000000009,0.7347983566973915,1.5068804128842765
2021-08-24,0.0015861511693793465,-0.0004742535717267673,-0.0008012127379738094,0.03261392896464085,2.8460714591247,36.790000915527344,0.799999237060554,0.030000000000000027,-0.020000000000000018,0.040000000000000036,-0.7182978661324428,0.15631956276554004
2021-08-25,0.0020963315424907237,-0.006961609676564189,-0.0008019439407930321,0.00924575697462749,2.8207835256175806,35.599998474121094,1.4800033569335866,0.07000000000000006,-0.020000000000000018,0.06000000000000005,-0.15676636774395347,0.2645606414928363
2021-08-26,-0.005920611823923349,0.001133835388463418,0.002803906175641713,-0.006926291261662087,2.935982277247362,36.33000183105469,-1.1000022888183594,-0.030000000000000027,-0.010000000000000009,-0.010000000000000009,-0.3009812235459599,-1.4055003035912772
2021-08-27,0.008901134376902,0.014917723322635659,-0.004409814870840987,0.014012609833968386,2.796671355516472,34.93000030517578,-5.430000305175781,0.0,0.0,-0.030000000000000027,0.23610113244165168,1.5609472975230614
2021-08-30,0.004387939979466248,-0.004947859047149437,0.0,0.0051786753147627825,2.7843938006764253,35.27000045776367,2.1599998474121094,0.0,0.0,-0.020000000000000018,0.11188407010220705,0.6177960340550848
2021-08-31,-0.0014829145066800238,0.00200564206756742,0.0,-0.007465828979621636,2.8021474967044036,34.279998779296875,-0.5999984741210938,0.010000000000000009,0.020000000000000018,0.010000000000000009,0.7631170665741444,-0.5551950626167337
2021-09-01,0.0005314815701692063,5.88968847449306e-05,-0.0020107298457239836,-0.002292396730733525,2.779440235075385,36.130001068115234,-1.4500007629394531,0.010000000000000009,-0.020000000000000018,0.010000000000000009,-0.6309048716827245,-0.18226631413425629
2021-09-02,0.00307194718081309,-0.002655242464544409,-0.002418349809187426,0.021057765023962303,2.79789089580353,31.350000381469727,-2.2900009155273438,-0.020000000000000018,0.0,-0.020000000000000018,-0.1986818398991614,0.3814614293240657
2021-09-03,-0.00024271467097900868,0.010637446088029513,-0.002019843226575278,-0.005942050343037052,2.79789089580353,36.90999984741211,-2.5400009155273438,0.030000000000000027,-0.010000000000000009,0.040000000000000036,0.19393767647718313,-0.35955839948562907
2021-09-07,-0.0035818693974323953,-0.019778020504279115,0.004840698190502317,-0.012823317950191726,2.8981194110402666,32.90999984741211,3.7900009155273438,0.039999999999999813,0.0,0.04999999999999982,0.6301774764942727,-1.0012548444284137
2021-09-08,-0.001219034966720333,-0.002507544166051433,0.0016082246909845557,0.01138373528873871,2.888147011898142,31.90999984741211,-0.029998779296875,-0.030000000000000027,0.0,-0.029999999999999805,-0.33488179819256064,-0.44459651655709637
2021-09-09,-0.004289388893283761,0.004413734414974538,-0.002413397076101507,-0.01743868463138708,2.933856829254017,33.869998931884766,-4.409999847412109,-0.05999999999999983,-0.010000000000000009,-0.050000000000000044,-0.7351426820679411,-1.0665870095488714
2021-09-10,-0.007915983696607296,-0.005071495164425335,0.0016097859494951022,0.021751230298356867,3.042138682785304,33.540000915527344,-0.8800010681152344,0.050000000000000044,-0.020000000000000018,0.050000000000000044,0.23859743708675565,-1.7077954183713844
2021-09-13,0.002556029888212991,0.0033441618437189445,0.0,0.013838241047701913,2.963725520745357,32.7400016784668,1.3699989318847585,0.0,-0.009999999999999787,-0.020000000000000018,1.062712925317046,0.4450133080996386
2021-09-14,-0.005411201227525945,0.006417907636002404,0.0,-0.003441610186611406,2.968361029711232,33.630001068115234,-1.3699989318847585,-0.050000000000000044,0.0,-0.050000000000000044,-0.43154132024038694,-1.043993908159655
2021-09-15,0.008318178219454487,-0.005881528710091136,-0.0020126153860885155,0.02760169730611926,2.9003221055356794,32.380001068115234,2.200000762939453,0.030000000000000027,-0.020000000000000018,0.030000000000000027,-0.23871420615740546,1.5597845553494265
2021-09-16,-0.0015866882519366598,-0.022902242747818987,0.004422135207894247,0.00019730025294666215,2.9279886500419825,33.15999984741211,-0.22999954223632812,0.010000000000000009,-0.010000000000000009,0.030000000000000027,-0.8708595313248408,-0.2933138857814354
2021-09-17,-0.009788764054040808,-0.0015862999324902437,0.0036036055879130465,-0.007523319317769283,3.035433614742034,32.31999969482422,2.3600006103515625,0.029999999999999805,-0.010000000000000009,0.030000000000000027,0.6229327666641197,-1.824077808212384
2021-09-20,-0.016814729944981826,0.007118755657039399,0.00039952162260327694,-0.014411803360290014,3.2468799856680213,35.22999954223633,3.520000457763672,-0.05999999999999983,0.010000000000000009,-0.06000000000000005,0.6466043394769594,-3.1685649317506677
2021-09-21,-0.0009451097749132758,0.00664689654260444,-0.0007992029265315727,-0.00040323942883302525,3.1929424678971787,34.45000076293945,-0.3800010681152344,0.030000000000000027,-0.010000000000000009,0.020000000000000018,0.2076707496350537,-0.07028256617589701
2021-09-22,0.009707607591454512,-0.0037409995549623856,0.0027948613554582163,0.017989645626378586,3.0383127613015377,32.43000030517578,-3.2800025939941406,-0.040000000000000036,0.0,-0.010000000000000009,-0.6870458803637685,1.6839127051841323
2021-09-23,0.012076689026003886,-0.011613566243419594,-0.003995218907089239,0.017671803305539066,2.924773139566078,32.29999923706055,0.8700027465820312,0.06999999999999984,-0.020000000000000018,0.08999999999999986,-0.2207639840824807,2.028279009819776
2021-09-24,0.0016458040405700597,-0.0012850982867509395,0.002798301831555233,0.008527156774534996,2.8763855159214247,34.0099983215332,1.6699981689453125,0.040000000000000036,-0.010000000000000009,0.06000000000000005,0.09358475233306769,0.2880149599189204
2021-09-27,-0.0028651049418910515,0.002079870666889819,0.0011969170755339984,0.020816184787313022,2.931726955778603,34.97999954223633,2.0400009155273438,-0.010000000000000009,-0.020000000000000018,0.010000000000000009,1.0308603823345182,-0.357129016731148
2021-09-28,-0.020357339224441495,-0.009763940911599527,0.003582179495047428,-0.009685733585303844,3.1463051320333655,36.09999847412109,2.2099990844726562,0.06000000000000005,0.020000000000000018,0.06000000000000005,-0.6564979800847486,-2.9309388226272164
2021-09-29,0.001681595944376193,-0.0045149330127863515,0.007125916729021891,-0.00152791913074966,3.1161784029570914,35.2599983215332,-1.5,0.020000000000000018,0.010000000000000009,0.010000000000000009,-0.18822971196348945,0.42328464933592314
2021-09-30,-0.012297789052383696,0.01781698430701417,-0.0015791934111836579,0.004576698988345329,3.1415626953890583,38.68000030517578,-0.1399993896484375,-0.010000000000000009,0.040000000000000036,-0.030000000000000027,0.3091221864739837,-1.3620274772695966
2021-10-01,0.01181435343923664,0.0022505110921036547,-0.001977417630603164,0.013230148566782401,3.0492730585611545,37.470001220703125,-3.6899986267089844,-0.030000000000000027,0.0,-0.040000000000000036,-0.47282807308533004,1.7451708672173192
2021-10-04,-0.012980106474407442,0.004667408258473528,-0.0031720766881970335,0.02283168052701363,3.1337535315764806,37.27000045776367,3.229999542236328,0.010000000000000009,0.0,0.010000000000000009,0.5106905251437912,-1.3037974459104442
2021-10-05,0.010351206162628761,-0.004667408258473519,0.0019836938828105962,0.020705413889333023,3.058707036896625,37.20000076293945,2.220001220703125,0.040000000000000036,-0.010000000000000009,0.050000000000000044,-0.4212617190078019,1.4464316999152813
2021-10-06,0.004147483068735131,0.002669757352534067,0.0027706121109341386,-0.026780017500881825,3.044522437723423,41.02000045776367,-2.1800003051757812,-0.030000000000000027,0.0,-0.010000000000000009,0.40422901400763617,0.6598224881642129
2021-10-07,0.008608712582168417,-0.005285683868044846,-0.00039525707771331374,0.021914696547885023,2.972463693468645,46.150001525878906,0.2599983215332031,0.030000000000000027,0.010000000000000009,0.050000000000000044,-0.3659550436744667,1.089360759991384
2021-10-08,-0.0018255045705955375,0.00042627404378714777,-0.0007911582531308221,0.0019850337391385613,2.9322598749864657,38.0,-1.2599983215332031,0.030000000000000027,-0.010000000000000009,0.030000000000000027,-0.04291722275531209,-0.06897809618483285
2021-10-11,-0.007265993969146327,-0.0018893655741350408,0.0027662324513545783,0.01271847103451547,2.995732273553991,38.5099983215332,0.0,-0.050000000000000044,-0.020000000000000018,-0.020000000000000018,-0.1221752300654928,-0.646069075827231
2021-10-12,-0.002464672590604539,0.004504271350483098,0.0011831399033480946,-0.0012467664675561883,2.9882040263508176,37.09999847412109,3.299999237060547,0.0,0.0,0.0,0.05623606633537329,-0.15124368540557276
2021-10-13,0.003591158929603528,0.01763773443447277,-0.005533569134792852,0.0008906963598861551,2.925309776513262,36.04999923706055,-2.1100006103515625,-0.050000000000000044,-0.030000000000000027,-0.030000000000000027,0.20503987768075185,0.5053051422047935
2021-10-14,0.016680521569043632,0.0024434808580754102,0.0,0.0115076337419032,2.824943988774869,36.97999954223633,-1.490001678466804,-0.030000000000000027,0.020000000000000018,-0.040000000000000036,-0.16370542058997264,1.8256446477332215
2021-10-15,0.007587261697139176,-0.0160204917648545,-0.001189708944202529,0.005967026197924586,2.7911650610066143,34.04999923706055,3.3500022888183665,0.020000000000000018,-0.050000000000000044,0.07000000000000006,-0.3695991949196678,0.7897614355463417
2021-10-18,0.0029558914819701734,-0.002482990902389477,0.00039666842932811844,-0.0033301659098051565,2.7917783838887393,35.02000045776367,8.069995880126953,-0.030000000000000027,-0.040000000000000036,0.0,0.8964291981030323,0.2860187516096118
2021-10-19,0.007685364442480169,0.003208519186409284,-0.0023828140513088673,0.008043391773563368,2.753660700205545,35.13999938964844,-2.5199966430664062,0.09000000000000008,0.0,0.05999999999999983,-0.7703460918826714,0.702766462007145
2021-10-20,0.00391985639278154,0.008725778175468667,-0.0015918497431926634,0.01211717752020398,2.740194639652674,35.15999984741211,-2.779998779296875,0.010000000000000009,0.030000000000000027,0.0,-0.21154775715282662,0.22873727394153479
2021-10-21,0.002605013559407704,-0.0008991093021597419,0.0023867814275273587,-0.01229131880264214,2.7087166608939937,36.54999923706055,3.9499969482421875,-0.020000000000000018,-0.010000000000000009,0.030000000000000027,0.15278920922893727,0.06293732466751648
2021-10-22,-0.001036605897687472,0.006098334452755203,-0.0019885153113486033,0.010741595645108999,2.7363136861531494,36.869998931884766,2.6200027465820312,-0.050000000000000044,-0.020000000000000018,-0.020000000000000018,0.37769160357273757,-0.297073011628797
2021-10-25,0.005348353734406925,0.006890365329616705,0.001591128458726925,-0.003452393333952451,2.723923535240007,36.06999969482422,-3.0800018310546875,-0.010000000000000009,0.010000000000000009,-0.020000000000000018,0.008710600708161884,0.4852976886326661
2021-10-26,0.0008996538328789839,-0.007427027125168416,0.001985269219595823,0.01066399713809446,2.771337911692091,35.5,-2.2600021362304688,-0.010000000000000009,-0.020000000000000018,-0.010000000000000009,-0.03137784021383754,-0.037432418072826525
2021-10-27,-0.004440015520190127,0.0026206236403640355,-0.0003966684293280983,-0.02687633302179633,2.83203615392421,37.630001068115234,3.3600006103515625,-0.11999999999999988,-0.020000000000000018,-0.08999999999999986,-0.44499959597377853,-0.6616386018476335
2021-10-28,0.009602582945735077,-0.00023791366260843256,-0.005970310508227444,0.00874896195963918,2.805176953372285,37.22999954223633,1.9000015258789062,0.030000000000000027,0.0,0.030000000000000027,0.35058393803683907,0.9964663001028068
2021-10-29,0.002027092481858356,-0.008544299301700552,0.00795243155237203,-0.004364912968413896,2.788708118196038,37.91999816894531,3.4899978637695312,0.0,0.0,-0.020000000000000018,-0.15689877034396682,-0.06812477529963351
2021-11-01,0.0017187487180926084,0.005207004497418708,-0.003173334981790584,0.006627112716290291,2.79789089580353,36.7400016784668,2.8899993896484375,0.010000000000000009,0.0,0.030000000000000027,0.5655635281174087,-0.2209076536149981
2021-11-02,0.0040348315186510535,-0.0021513131388870075,0.002380922881848649,0.0,2.774462009456489,35.560001373291016,-7.299995422363281,0.020000000000000018,0.020000000000000018,-0.020000000000000018,-0.2066286962112389,0.196336018792154
2021-11-03,0.006086715506235633,-0.0083501482773226,-0.0023809228818486394,-0.03881055254059279,2.714694769083774,39.43999862670898,0.18000030517578125,0.029999999999999805,-0.010000000000000009,0.040000000000000036,0.5321938818135863,0.4618993198185059
2021-11-04,0.004701577254459028,0.011277125295739413,0.0051515349927828535,-0.007618429556688859,2.7369615174193824,38.560001373291016,-6.6100006103515625,-0.009999999999999787,0.030000000000000027,-0.07000000000000006,-0.18449818282252373,0.25471306032252744
2021-11-05,0.0034635263885338446,0.012978359326946427,-0.0007907579628579625,0.02924764151134426,2.8021474967044036,37.84000015258789,2.2900009155273438,-0.06000000000000005,0.0,-0.08000000000000007,0.2993957244827513,0.015424417447267698
2021-11-08,0.000853349069212219,0.003585184846901929,-0.0019798541480762068,0.009503783578212731,2.8460714591247,37.709999084472656,4.069999694824219,0.0,-0.06000000000000005,0.06000000000000005,0.5410822862752355,-0.4431339487689817
2021-11-09,-0.0033108004580741507,0.004916006634195484,-0.001189708944202529,0.015296683760210511,2.87807426870474,36.33000183105469,2.0499954223632812,-0.010000000000000009,0.0,-0.050000000000000044,-0.8858810605384614,-1.3003635200458012
2021-11-10,-0.008077434723677673,0.010800248284572371,0.010657201094494318,-0.028875949977955874,2.930126492015865,37.09000015258789,5.290000915527344,0.0,-0.010000000000000009,0.10000000000000009,-1.3460064120061868,-2.4500275000009695
2021-11-11,0.00032338439445586404,0.005586453042738802,0.0023529121503090013,-0.0017771192398281883,2.871302186535503,36.20000076293945,0.0,0.0,0.030000000000000027,0.020000000000000018,0.5209282659438002,-0.5511351935478472
2021-11-12,0.007518415032937535,0.0018934614978916627,-0.0011757206696384923,-0.004278111281319079,2.7905514788157535,36.09999847412109,0.3000030517578125,0.0,0.0,0.0,1.127434457880807,0.8583311119230166
2021-11-15,0.0003425281675380372,-0.00154894492430588,0.005475224825895126,0.0016064287827814688,2.8027541226914687,36.41999816894531,2.9799957275390625,0.050000000000000044,0.010000000000000009,0.04999999999999982,-0.6307194976901647,-0.5186860841410569
2021-11-16,0.003949930602665185,-0.007260156004477963,0.003892491403043376,0.0023158657822633685,2.7954504426495905,34.689998626708984,-0.0099945068359375,-0.010000000000000009,0.020000000000000018,0.0,0.040147068013411946,0.404173344233537
2021-11-17,-0.0024320215276005183,0.009095692432078762,-0.0019442656457873194,-0.021583585242609525,2.8396631235763143,33.75,0.0,-0.010000000000000009,0.020000000000000018,-0.029999999999999805,0.022536165022413127,-1.1195474795973925
2021-11-18,0.003390653362992462,-0.0032143154449525086,-0.002728580067336028,0.00995031711888432,2.8673305674241623,37.68000030517578,-7.069999694824219,-0.010000000000000009,-0.010000000000000009,-0.010000000000000009,0.21052950879811316,0.3794851979075822
2021-11-19,-0.0017898116006323298,-0.007675708262916443,0.005061280001285888,-0.032381874208723904,2.885359207552917,37.130001068115234,-1.1200027465820312,-0.050000000000000044,0.0,-0.050000000000000044,-0.16384728170638377,-0.8639716813719522
2021-11-22,-0.0028193171620378116,-0.02267561664312034,0.005035792391828012,0.01238123524808177,2.9533465610374146,36.61000061035156,5.819999694824219,-0.020000000000000018,-0.020000000000000018,0.08999999999999986,-0.26747825743915904,-1.0450342679538445
2021-11-23,0.0013252640810663791,-0.008690053468478977,-0.0003863972320162183,0.031633907084367203,2.9642415631585224,35.099998474121094,1.3600006103515625,0.07000000000000006,0.020000000000000018,0.040000000000000036,0.06838478390360446,-0.03960318290960788
2021-11-24,0.0026660175070486025,-0.0009569597921073518,0.0038579516280646403,-0.005710216971873679,2.922085729279452,34.790000915527344,2.5800018310546875,-0.07000000000000006,-0.010000000000000009,-0.030000000000000027,0.28463607557948534,0.32521838789634566
2021-11-26,-0.022555296704842846,-0.0016168462526691021,-0.007730844708899356,-0.11861104238229331,3.3541058034516236,65.72000122070312,6.299995422363281,-0.020000000000000018,0.10000000000000009,-0.15999999999999992,-0.8161872990839328,-5.701402868841514
2021-11-29,0.012191740319816338,-0.0013795005365548109,0.0019382357646840394,0.010821690878243483,3.1337535315764806,63.34000015258789,-0.0399932861328125,0.030000000000000027,-0.010000000000000009,0.040000000000000036,0.5825403353801467,1.7625001467825305
2021-11-30,-0.01964929329246431,-0.006744546424564762,-0.004658247682442478,-0.046092954289012306,3.3028492782860717,75.2300033569336,-5.370002746582031,-0.09999999999999998,0.0,-0.09000000000000008,0.12175714511090337,-2.9769236861570367
2021-12-01,-0.011169394808621681,0.003980006790395922,0.00272001191775851,-0.018325924657032255,3.4378507262778446,78.18000030517578,-1.0699996948242188,-0.040000000000000036,0.0,0.0,-0.07821054201049948,-1.3288447783325208
2021-12-02,0.015200104623423414,-0.005552205835401061,0.0003879821381179435,0.02622619579128065,3.3304172268976893,57.27000045776367,-0.4199981689453125,-0.05999999999999994,-0.010000000000000009,0.010000000000000009,-0.18176830643406133,1.92135932229522
2021-12-03,-0.008739296373903083,0.008376819081740972,-0.00038798213811786744,-0.006023507936502145,3.4232849806137358,64.55000305175781,-3.410003662109375,-0.06000000000000005,0.010000000000000009,-0.08999999999999986,0.8874268208831145,-0.9101295437989112
2021-12-06,0.011773850784376245,-0.0024635953850727986,0.001550854747731681,0.05097029234168372,3.302481419950951,56.209999084472656,8.75,0.030000000000000027,-0.020000000000000018,0.07999999999999985,-0.8913060166592803,1.4177689974926144
2021-12-07,0.020473828165009308,0.0035432060613326127,0.0003873810169523319,0.021156554964686693,3.086029883652105,48.150001525878906,0.25,0.0,-0.040000000000000036,0.050000000000000044,0.301851066558463,2.247239042521627
2021-12-08,0.0026444863647437132,0.0005393685677794685,-0.004658247682442478,0.015960304750538758,2.990719712561114,45.220001220703125,-7.849998474121094,0.05999999999999994,0.040000000000000036,0.040000000000000036,-0.25647753596176315,0.25340683834542715
2021-12-09,-0.006774658360566915,-0.006130129283900702,0.0034956541485596008,-0.027070441278895175,3.0717669562945877,47.43000030517578,-0.75,-0.04999999999999993,0.020000000000000018,-0.030000000000000027,-0.46026661850016254,-0.6477798995039901
2021-12-10,0.009369551020117762,0.004211020685246302,-0.0015521443097781897,0.01960273015478236,2.9279886500419825,46.22999954223633,-5.180000305175781,0.020000000000000018,0.020000000000000018,-0.010000000000000009,0.2830894000018088,0.8910740007485684
2021-12-13,-0.008897963268149489,0.002518126917516811,0.0031020545086579455,-0.01140439860827221,3.0111133492969895,45.880001068115234,2.0500030517578125,-0.050000000000000044,-0.010000000000000009,-0.06000000000000005,0.9996084847265589,-0.9027607039659049
2021-12-14,-0.006903533508580766,-0.009385206339641532,0.0019337378831699068,-0.010160315502650221,3.086029883652105,54.7599983215332,2.5699996948242188,0.010000000000000009,0.0,0.020000000000000018,-1.0353334779637602,-0.6617335023000701
2021-12-15,0.015504079825565358,0.004282351988516796,-0.0015467424159667053,0.013653435868815043,2.959586874378878,56.52999877929688,-4.920005798339844,0.010000000000000009,0.010000000000000009,0.030000000000000027,0.3096295802486784,1.4669802231263915
2021-12-16,-0.008857609233330812,0.012024970840539904,-0.004266069492014619,0.004831394172570662,3.0238336888289017,49.970001220703125,-4.959999084472656,0.020000000000000018,0.040000000000000036,-0.030000000000000027,0.38240090561119194,-0.8063039938785593
2021-12-17,-0.01070000684195759,-0.002143116686188639,0.00697145015209334,-0.021238015533671654,3.0713034462529065,48.310001373291016,3.3600006103515625,-0.050000000000000044,0.0,-0.030000000000000027,-0.1502040471033182,-0.9036011848105189
2021-12-20,-0.010690302815853198,-0.004240244730917083,-0.001158638244111911,-0.01748151890127089,3.129826044730509,60.2400016784668,4.55999755859375,0.030000000000000027,0.019999999999999796,0.020000000000000018,-0.09789504982059168,-0.8525976414493129
2021-12-21,0.01760312681340457,-0.00041897618344674124,-0.001159811068596139,0.032919068808959624,3.0449985257508567,52.310001373291016,2.5,0.0,-0.010000000000000009,0.050000000000000044,0.3241346968873564,1.5934580014063218
2021-12-22,0.009949041511768586,0.00935611880010715,-0.0038759813232317696,0.01749203376803489,2.924773139566078,46.0,-2.6699981689453125,0.0,-0.019999999999999796,-0.020000000000000018,-0.22730949280536586,0.8241324032249888
2021-12-23,0.00620276765370801,0.002251481491211197,-0.0007770195161534422,0.012309624653455446,2.888147011898142,43.709999084472656,0.44000244140625,0.010000000000000009,0.0,0.040000000000000036,0.2712234920612145,0.4713948469666291
2021-12-27,0.01405298251576175,0.002364450476828884,0.0003885852279907625,0.025825854657926008,2.8724340744705708,43.58000183105469,2.8300018310546875,-0.07000000000000006,0.0,-0.020000000000000018,0.044857213869017726,1.062078059001382
2021-12-28,-0.0008176701833997542,-0.004319380340024978,0.001164936367139485,0.002747464189462748,2.8644840391405775,41.22999954223633,-2.600006103515625,0.030000000000000027,0.0,0.010000000000000009,-0.454879735649696,-0.13439956230384428
2021-12-29,0.0012786287250822275,-0.0002965516280151311,-0.0027200119177583507,0.007471627689956004,2.8302678788376356,40.2400016784668,0.48000335693359375,0.050000000000000044,-0.010000000000000009,0.06000000000000005,-0.30183659043917227,-0.058957806405524345
2021-12-30,-0.0027684003664708596,0.007151581744182501,0.0015550755506190171,0.00036298136196358135,2.8524390993250943,40.20000076293945,-0.37999725341796875,-0.010000000000000009,0.0,-0.030000000000000027,0.447265478697306,-0.3585907164764549
2021-12-31,-0.002523358411974789,0.006808358432551388,-0.004282678761357984,-0.01352108795506955,2.8460714591247,42.619998931884766,-0.5200042724609375,0.0,-0.030000000000000027,0.0,0.003260666396041569,-0.44235246041728943
2022-01-03,0.005773159707091675,-0.015503300973700684,0.006223257359298632,0.008608922300184754,2.8094027183426014,37.56999969482422,6.980003356933594,0.05999999999999994,0.0,0.10999999999999988,0.10422428101677896,0.2951321923866994
2022-01-04,-0.00033499855334632474,0.007339514803169255,0.0007752125169304064,0.013765808899177159,2.827905153886959,39.47999954223633,-0.970001220703125,0.040000000000000036,0.020000000000000018,0.030000000000000027,0.2702041624604468,-0.25462660078811344
2022-01-05,-0.019388925105251257,-0.003012197052209778,-0.001162872609613859,-0.0028823627729382298,2.982140296833121,44.4900016784668,-4.430000305175781,-0.010000000000000009,-0.040000000000000036,0.050000000000000044,-0.5476612894743991,-2.246987172644206
2022-01-06,-0.0009397774745955403,-0.012319703780209438,0.0007753414704523572,0.02599859909660947,2.97603967133276,36.86000061035156,-0.9499969482421875,-0.030000000000000027,-0.020000000000000018,0.020000000000000018,0.749760293107425,-0.19605439590239293
2022-01-07,-0.003961388567458088,0.004540812572282988,-0.005441091768178636,-0.0038746301632312623,2.931726955778603,37.0,-3.0400009155273438,0.040000000000000036,0.0,0.030000000000000027,-1.4097924513664786,-0.42155387335293265
2022-01-10,-0.001245194081490878,0.0030355936239956378,0.0023355102793069984,-0.009040180870163358,2.9652730464058945,37.650001525878906,3.4300003051757812,-0.030000000000000027,-0.020000000000000018,0.020000000000000018,0.7393544048063252,-0.10922303400595561
2022-01-11,0.009067224058190647,0.01199245713664559,-0.004285929831183624,0.03499307360114083,2.912893986956671,34.310001373291016,-0.2700042724609375,-0.010000000000000009,0.0,-0.030000000000000027,-0.43865001936332276,0.9341412790405562
2022-01-12,0.002699947418408367,0.0026391371424113854,-0.006660235259127847,0.012813022341733761,2.8690346681376235,34.38999938964844,-3.2999954223632812,-0.030000000000000027,0.010000000000000009,-0.010000000000000009,0.17053954729205836,0.2741415113170178
2022-01-13,-0.013874452809493778,-0.003402771341298051,-0.0003930815096284319,-0.010923463932520085,3.0111133492969895,37.11000061035156,-1.9800033569335938,-0.029999999999999916,0.030000000000000027,-0.040000000000000036,-0.473510914262216,-1.5426598931316575
2022-01-14,0.0004088498502286238,-0.002883829150556528,0.002748851884163127,0.02875706852475856,2.954389337849604,41.18000030517578,4.019996643066406,0.0,-0.010000000000000009,0.08000000000000007,0.25110102872823514,0.012438394123943965
2022-01-18,-0.017868182293669845,-0.0016516182679313014,0.006254884436469729,0.016537502405449878,3.12632188342992,42.27999877929688,8.040000915527344,0.020000000000000018,-0.010000000000000009,0.09000000000000008,0.04475287047305854,-1.9058023905406627
2022-01-19,-0.01043790974604899,0.015755750605134237,-0.002341064082725213,0.0013112281186550545,3.171784233328888,42.75,-4.489997863769531,-0.020000000000000018,-0.010000000000000009,-0.040000000000000036,-0.07761060270492394,-0.981737105431499
2022-01-20,-0.011129750547136013,-0.0025020112544038944,0.0031202024520313844,-0.006408688314779263,3.2422016561344913,41.150001525878906,0.8199996948242188,-0.040000000000000036,0.020000000000000018,0.0,0.023305257847381865,-1.05534896980793
2022-01-21,-0.01982578954644694,-0.003267771913809988,-0.002729557921182738,0.0019762676597127574,3.3621100061766294,42.56999969482422,0.06999969482421875,-0.010000000000000009,0.050000000000000044,-0.08000000000000007,0.5470992398929321,-1.9413041023213793
2022-01-24,0.004237678624687139,0.005479160681096094,0.003118985698557964,-0.011084540199705152,3.3978584676384562,47.84000015258789,2.7399978637695312,0.020000000000000018,0.04999999999999982,0.0,0.7746291761565194,0.7146796552378243
2022-01-25,-0.012284306099565021,0.003192034576976311,0.0003891900951684502,0.014205732736116533,3.439135216105632,47.630001068115234,0.8000030517578125,0.0,0.020000000000000018,0.030000000000000027,-0.35958353469598725,-1.0019705325697807
2022-01-26,-0.0025119191006483218,-0.01629856790431354,0.0054325598146426745,0.011577774261702983,3.4644850922520365,45.66999816894531,1.1800003051757812,-0.040000000000000036,-0.06999999999999984,0.07000000000000006,-0.2627100912326892,0.1387670538126061
2022-01-27,-0.004950121367643512,-0.01298211532059733,0.00847784119951648,0.002914042920782401,3.4173987534933796,46.900001525878906,-0.12999725341796875,-0.08999999999999997,0.020000000000000018,-0.040000000000000036,0.11634371779595996,-0.04266944672579611
2022-01-28,0.024532060881209364,-0.002987752337666492,-0.0003838127530011576,0.0017766395487242746,3.319987320720058,47.7400016784668,-0.3300018310546875,0.0,0.04999999999999982,-0.030000000000000027,-0.24283398889443003,3.5191447898090518
2022-01-31,0.017850715908526705,0.005907056331230696,-0.006933683262564855,0.008196081532559862,3.2120525964474234,42.34999847412109,-0.15000152587890625,-0.020000000000000018,0.020000000000000018,0.010000000000000009,0.3568836742792182,2.0598189479966287
2022-02-01,0.006734262854107919,0.0008325368758188378,-0.0027095694722644964,0.0007999238524597116,3.0892225749506483,41.310001373291016,0.0800018310546875,0.020000000000000018,-0.010000000000000009,0.020000000000000018,-0.252784197714376,0.8230131185313225
2022-02-02,0.009667114379950787,0.00361943388995412,-0.0038833355263285852,-0.00015990918217535758,3.095125024339581,41.86000061035156,-0.37000274658203125,-0.010000000000000009,-0.010000000000000009,-0.030000000000000027,-0.35132455074219615,1.0239932943410601
2022-02-03,-0.023785676293671294,-0.0014224174555621005,-0.005071324271657662,0.015710834511345476,3.1925318651947063,42.150001525878906,0.8899993896484375,0.010000000000000009,0.010000000000000009,0.040000000000000036,-0.0766165801251145,-1.8382172541986521
2022-02-04,0.004691312347931721,0.0015408910869810946,-0.0007824914822914283,0.02180440407714029,3.145013946698448,43.880001068115234,1.94000244140625,-0.010000000000000009,0.0,0.10999999999999988,0.6063884048793561,0.6200102782065168
2022-02-07,-0.0032144670700940173,0.007375317353577323,0.0003913222777586975,-0.003549712036491044,3.1293886850662074,43.34000015258789,-0.23999786376953125,0.0,0.010000000000000009,-0.010000000000000009,-0.5675007297139855,-0.0954927409428526
2022-02-08,0.008194197555967961,0.0030522079460774463,0.0015636731516151803,-0.016524169895133563,3.065258361112005,41.2599983215332,-4.720001220703125,-0.010000000000000009,-0.020000000000000018,0.040000000000000036,0.17454664491629468,0.8441853968699105
2022-02-09,0.014530042025886378,0.003393414275398407,-0.0011725039470824893,0.008607913695975846,2.9937302250152134,39.400001525878906,-0.9599990844726562,-0.030000000000000027,0.010000000000000009,-0.020000000000000018,-0.32743017958864357,1.2932470295270553
2022-02-10,-0.018129036681082632,-0.0038037857675304026,0.0015631484779311923,-0.00327790957629632,3.174296775088473,43.810001373291016,6.7599945068359375,-0.15999999999999998,-0.010000000000000009,0.08999999999999986,0.010723324487192583,-1.3375431078720383
2022-02-11,-0.01991565003967364,0.018875607865561438,0.004285929831183706,0.027449662089240996,3.3090821150625205,47.43999862670898,5.510002136230469,0.0,0.09000000000000008,-0.10999999999999988,-0.2205396913982246,-1.342558989284331
2022-02-14,-0.003274627404120654,0.005336451777182292,0.002717900111102531,0.009386938778892762,3.343921311149381,48.83000183105469,8.25,-0.019999999999999962,0.0,0.06000000000000005,1.0925359454076562,-0.005837233464588066
2022-02-15,0.015998230128007374,-0.009545260370239185,-0.0038848442437281324,-0.031845952640917725,3.2464910215875338,48.36000061035156,-8.279998779296875,0.06999999999999995,-0.010000000000000009,0.06999999999999984,-0.6117674749898521,1.3805480542582342
2022-02-16,0.0011199991371775402,0.01023173130733765,-0.0019482257572560108,-0.011578878628861228,3.1900647807056135,49.380001068115234,-1.260002136230483,0.040000000000000036,0.05999999999999983,-0.020000000000000018,-0.39271104891897674,0.21708110381409892
2022-02-17,-0.021592900569421935,0.013575508168976262,0.00038986266138824743,0.009866139977941472,3.3361254066314094,53.13999938964844,3.4300003051758097,-0.030000000000000027,0.07000000000000028,-0.05999999999999983,0.3709148406569077,-1.50445207247195
2022-02-18,-0.006495956006187712,-0.000733724019731723,0.002725307228493214,0.008843432273036696,3.3232358401924436,52.0099983215332,-1.8099975585937642,-0.02999999999999997,0.009999999999999787,-0.050000000000000044,0.5205817987113553,-0.3454518658855039
2022-02-22,-0.010789530573998575,0.002086858856896338,0.00038873628517092386,0.01228144173862909,3.3607225305592063,50.11000061035156,1.1800003051757812,-0.07,0.0,0.020000000000000018,0.00011095084888778435,-0.6679278590551931
2022-02-23,-0.017898006181325664,0.004497100140272996,0.0011653029817024207,0.010623820587493109,3.434632172505442,50.5099983215332,-0.3899993896484375,0.02999999999999997,-0.029999999999999805,0.050000000000000044,-0.69865407808122,-1.2420641566237571
2022-02-24,0.014936923324747562,-0.006471023453826176,0.008119063322327322,0.001508500489626163,3.4118075507090064,49.040000915527344,5.599998474121094,0.010000000000000009,0.14000000000000012,-0.030000000000000027,0.5584038598649044,1.199975487953164
2022-02-25,0.0218242096565683,-0.0033362372759372606,-0.00501829681201517,-0.008173093606205214,3.3174533937597452,49.5,-7.410003662109375,0.0,-0.040000000000000036,0.010000000000000009,0.03085675418652584,1.568353478283902
2022-02-28,-0.002561902289944968,0.010311993951243732,0.0015467424159666522,0.025211422714287172,3.406184910520799,52.5,7.060005187988281,-0.02999999999999997,0.13999999999999968,-0.1399999999999999,0.033290766343603825,-0.20057862188396122
2022-03-01,-0.015347440289157088,0.01800043176575384,0.007698367468286655,0.06233167712390556,3.506157808139705,61.43000030517578,17.860000610351577,0.019999999999999962,-0.08999999999999986,-0.1100000000000001,0.11835485558858524,-1.0541165401580763
2022-03-02,0.01822921171995873,-0.010460864384517259,-0.0007672686847369456,0.04890948300334435,3.425564730664717,61.52999877929688,-7.980003356933608,-0.04999999999999999,-0.009999999999999787,0.14000000000000012,-0.3323223906628002,1.3517325325640814
2022-03-03,-0.0049910008557374095,0.005935763844875877,0.0038300470598833167,-0.011870755037184696,3.417070715799952,64.37000274658203,4.900001525878906,-0.02999999999999997,0.0,0.0,0.4177460503937463,-0.25565589711601516
2022-03-04,-0.008157661137270122,0.015803608419049087,0.007616113487139186,0.06405202634966742,3.4651106930917472,77.29000091552734,16.64000701904297,-0.09000000000000002,0.06999999999999984,-0.1200000000000001,0.0673510596528365,-0.4388129888955597
2022-03-07,-0.029922601921531386,0.014753495270292835,0.00718212710671715,0.03596758743301458,3.5959414793857905,78.91000366210938,8.209991455078125,-0.009999999999999981,0.009999999999999787,0.040000000000000036,-0.2853569671165336,-1.9186166764945867
2022-03-08,-0.007610647303882214,0.026991429368426953,-0.0018851434660167934,0.03647600443815633,3.5590554966823817,75.81999969482422,-6.660003662109375,0.0,0.03000000000000025,0.08000000000000007,0.0021834069809435813,-0.31439577022038484
2022-03-09,0.026457854432983263,-0.030161495266206106,-0.009859670728327554,-0.123962088264302,3.47970046666133,73.25,-22.469993591308594,0.03,-0.03000000000000025,0.07999999999999985,-0.14633566487051045,2.0536469264244097
2022-03-10,-0.004526014323049017,0.003116366878477797,0.004941986953302225,-0.018859699951238987,3.4088347936486714,67.33999633789062,-5.590003967285142,0.0,0.06000000000000005,0.040000000000000036,0.054189020578384754,-0.14752129206767114
2022-03-11,-0.012796347419941956,-0.007052696024243029,0.005295063642219158,0.03110717362449335,3.4258899942525267,68.01000213623047,-6.279998779296889,-0.010000000000000009,-0.029999999999999805,0.020000000000000018,0.43670436513590866,-0.6325288634267733
2022-03-14,-0.007335203435420879,-0.015188475058141502,-0.00037737986719395787,-0.047717511561381695,3.4585224626901017,65.41999816894531,6.050003051757798,0.020000000000000018,-0.020000000000000018,0.14000000000000012,-0.04575990427876675,-0.2109922791564901
2022-03-15,0.021752245715656232,-0.018882610033681094,-0.001132660515983321,-0.05953548768292485,3.3955145959690323,63.619998931884766,-4.050003051757798,0.02999999999999997,0.029999999999999805,0.009999999999999787,-0.36601369381681426,1.6685073671480202
2022-03-16,0.02193179702159059,0.006241285995487705,-0.0072038282838551414,-0.005112836852067068,3.2835393410545883,59.34999847412109,-0.45999908447265625,-0.06,-0.1299999999999999,0.040000000000000036,0.3392361376046812,1.5028738766054357
2022-03-17,0.012433253238791166,0.004876733952655098,-0.002285770378276804,0.07611451604062142,3.2453229978551543,67.77999877929688,-8.809997558593736,0.020000000000000018,-0.06000000000000005,0.010000000000000231,-0.45238081858835955,0.778452710488378
2022-03-18,0.01089341287027378,-0.008828710707897394,0.0011436225658023461,0.012945152272857224,3.1726224755092383,69.08999633789062,0.00999450683592329,-0.09,-0.029999999999999805,-0.06000000000000005,0.21729277271521577,0.7019707980469873
2022-03-21,-0.00029256743953427647,0.00761175501954624,0.0038022091829578407,0.06358350292800369,3.158276231920975,70.77999877929688,10.17000579833983,0.009999999999999981,-0.07000000000000028,0.17999999999999972,0.3366890803777964,-0.013230310231760656
2022-03-22,0.011633501853592867,-0.007277189924242525,-0.00037950382535372666,-0.012397418320573856,3.1328821349818528,69.55999755859375,3.4399948120117188,0.020000000000000018,-0.020000000000000018,0.06000000000000005,-0.5560882638954575,0.6801180526974612
2022-03-23,-0.012962088490780527,0.013567209576051247,0.0011382474796834544,0.042246634981325915,3.159974704000404,72.58999633789062,0.34000396728517046,-0.010000000000000009,-0.020000000000000018,-0.06000000000000005,-0.16543591323966694,-0.9349559533242976
2022-03-24,0.014961786246569663,0.00723413751310905,0.001137037149911427,-0.027212526285618505,3.075928819068985,69.13999938964844,7.4199981689453125,0.01999999999999999,-0.020000000000000018,0.020000000000000018,0.0954193645840749,0.8348491912362569
2022-03-25,0.0048716505800265545,-0.004103860537691328,0.00037872526390104707,0.012337347301697402,3.035433614742034,68.91000366210938,12.129997253417969,-0.03,-0.04999999999999982,0.14000000000000012,0.48855657123911284,0.10388750381126167
2022-03-28,0.0070879895630816285,-0.018371517706821095,0.003024482544615483,-0.08003237645173043,2.9770589655357758,67.04000091552734,4.010002136230469,-0.06999999999999999,-0.020000000000000018,-0.020000000000000018,0.43247995862701605,0.28222816737798684
2022-03-29,0.012294949005718151,0.00044668806848975184,-0.006058224368737058,0.021503386864055396,2.9391619018820134,62.459999084472656,-11.360000610351548,-0.05,-0.030000000000000027,-0.04999999999999982,-0.5073647871290038,0.6968545762755949
2022-03-30,-0.006193892865059562,0.008006283379257595,-0.005331274498857274,0.02284926196814527,2.9616582892733203,61.040000915527344,-4.939994812011733,-0.019999999999999997,0.020000000000000018,-0.06000000000000005,-0.6117290304569667,-0.6080343009098459
2022-03-31,-0.015510931728908495,0.0003875207880489933,0.004191212761602773,-0.0498689228740805,3.0233474146113988,57.65999984741211,-6.100006103515639,0.0,0.0,-0.03000000000000025,-0.25087993493403893,-1.3063532193895004
2022-04-01,0.002829921858710491,-0.0063862158789015815,0.001519793667879964,0.0006742925881570746,2.9770589655357758,54.36000061035156,1.4599990844726705,-0.09,-0.11999999999999988,0.07000000000000028,0.33385077409236275,0.0836288687862751
2022-04-04,0.0085302135854619,0.004835061682683925,0.004545404089053293,0.03562586201658175,2.921547358930808,54.310001373291016,0.03000640869142046,0.04,0.0,0.029999999999999805,0.012002231397803629,0.45433622918688776
2022-04-05,-0.012711997954885182,-0.006284549046099261,0.005277183842985868,-0.027167667298447926,3.045950022365369,53.79999923706055,8.0,0.04,-0.040000000000000036,0.1200000000000001,0.09257926010151303,-1.0867782620750057
2022-04-06,-0.010049534869002914,0.0023404756196963713,0.0007515320644675083,-0.02367374580633665,3.0955776257847805,53.150001525878906,7.549995422363281,0.08,0.0,0.06999999999999984,0.2818926293948677,-1.0755897307632203
2022-04-07,0.005026468306295016,0.0037777415804509116,0.0018764873014397116,0.0008209846806297853,3.070375781146533,54.22999954223633,-1.25,0.08,0.010000000000000009,0.050000000000000266,0.01668424847304415,0.11986109079254063
2022-04-08,-0.00267770106097493,0.006246419748615932,0.0,0.013585319545394096,3.0521125997789507,53.13999938964844,2.190002441406236,0.0,0.0,0.06000000000000005,-0.3156658761787586,-0.44000468193724074
2022-04-11,-0.017239959287024136,0.004947206140849894,0.0022472459575909203,-0.024726312824649432,3.1933529020742664,54.810001373291016,5.0099945068359375,0.09999999999999998,0.040000000000000036,0.06999999999999984,0.6596021691211188,-1.699298716995549
2022-04-12,-0.0037122311754443442,0.007647435301758722,0.003361263266176403,0.04964602056691441,3.1888289129504397,55.25,-12.079994201660156,0.040000000000000036,0.09999999999999987,-0.06999999999999984,-0.8499403815881633,-0.5057597213340195
2022-04-13,0.011388607865543403,0.004777109287769837,-0.004109867100402435,0.031608781573568306,3.082826966418867,51.20000076293945,-1.4599990844726705,0.0,0.020000000000000018,-0.020000000000000018,-0.1313172878785431,0.7479809243214108
2022-04-14,-0.0125299275262159,-0.003309019437270788,0.004482580200790556,0.01455816003927902,3.122364958097024,53.380001068115234,3.3300018310547017,0.02999999999999997,-0.010000000000000009,0.1299999999999999,0.4532911578052112,-1.2977208472404167
2022-04-18,0.0004111194083579861,0.0030924062818564585,0.004091605198544278,0.010501458548884719,3.098740027069535,50.93999862670898,2.6599960327148438,0.030000000000000027,0.010000000000000009,0.020000000000000018,-0.42494520677713266,0.0025118304857840975
2022-04-19,0.01601360388020762,-0.015228268112134,0.0022247484944916615,-0.04515299902523628,3.061988108602623,50.34000015258789,0.4199981689452983,-0.07,-0.030000000000000027,0.08000000000000007,1.0877686570092806,1.5725521161831928
2022-04-20,-0.0007416745634227267,0.0048830061930919995,-0.007061918860663552,0.004931836825484317,3.011605607691788,52.22999954223633,2.3800048828125284,-0.07,0.0,-0.08000000000000007,-1.0660772164188088,-0.07498393107326665
2022-04-21,-0.015066580218732344,-0.0035639435023605585,0.002979507199647364,0.011328711263713346,3.1214834923152734,49.86000061035156,5.5699996948242045,-0.03,0.020000000000000018,0.04999999999999982,-0.06541545263526834,-1.419965232752388
2022-04-22,-0.027822640378193243,-0.00976966135240048,0.005932431746579866,-0.02344218185870405,3.3396764925599043,51.150001525878906,-2.57000732421875,-0.04000000000000001,0.030000000000000027,0.0,0.5117909073087797,-2.4676187771951272
2022-04-25,0.005780797468426086,-0.018134432520229594,0.004794437434800453,-0.021993414882633698,3.296577349473713,52.86000061035156,3.510009765625,0.0,0.06999999999999984,-0.08999999999999986,-0.15758954232410838,0.6437696522540312
2022-04-26,-0.02938845728301235,0.0015238553873300224,0.0062351081210577555,0.02395717186868813,3.5121422892703165,53.56999969482422,-2.3600006103515625,0.05000000000000002,0.03000000000000025,-0.040000000000000036,0.02459650772066382,-2.346124898286232
2022-04-27,0.002807973357250858,-0.007585723242633687,0.006196633109746191,-0.0011777314298873113,3.453157132664693,53.380001068115234,0.839996337890625,0.009999999999999981,-0.010000000000000231,0.04999999999999982,-0.6282531175295484,0.5333980309166901
2022-04-28,0.024945599342937174,0.0053838047894630165,0.005797016378609244,0.02214398069140387,3.400863985128979,51.93999862670898,-1.3699951171875,-0.01999999999999999,0.010000000000000231,0.03000000000000025,0.14490543046737564,2.307917994726466
2022-04-29,-0.03765586025866543,-0.00011298334784093811,-0.0039819214560928235,-0.01185273005707613,3.5085559456676507,53.09999847412109,-0.3400115966796875,-0.03,-0.010000000000000231,0.040000000000000036,0.452585639298027,-2.4815224773703752
2022-05-02,0.006001405217328449,-0.01871452290294498,0.005065175628477313,0.015687522230842913,3.476304858867201,54.150001525878906,6.7700042724609375,0.07,0.03000000000000025,0.10000000000000009,-0.23878619444959548,0.7123623536137714
2022-05-03,0.004573640999623406,0.0026457593569150124,-0.0018059960941977618,-0.021797404118103575,3.3758795736778655,54.040000915527344,-8.709999084472656,-0.07,-0.03000000000000025,-0.020000000000000018,0.04247571546664463,0.555572679021272
2022-05-04,0.02999838370495236,0.009774616775434711,-0.008350141836347184,0.045001521947341354,3.2355362687626434,53.150001525878906,-4.470001220703139,0.08000000000000002,0.03000000000000025,-0.040000000000000036,0.17758244061730624,2.174883100638943
2022-05-05,-0.03618965831105584,-0.0038184194446891804,0.008350141836347118,0.003235872503980499,3.440418119268624,54.720001220703125,0.730003356933608,0.07,0.020000000000000018,0.11999999999999966,-0.3420784862158495,-1.9389208333207215
2022-05-06,-0.005986923607460754,0.0016545049194706565,0.001805996094197739,0.020294576247385527,3.407510761408632,54.81999969482422,-1.3000030517577983,0.06,-0.010000000000000231,0.07000000000000028,0.8825146782691056,-0.10190566062527052
2022-05-09,-0.03254109430205443,-0.014585347642546313,0.0003608241166088083,-0.0700979731707621,3.548179572010801,57.900001525878906,3.8000030517577983,0.03999999999999998,0.08000000000000007,-0.07000000000000028,-0.77591516706207,-1.5511138155769693
2022-05-10,0.002307913916583776,-0.00848106565352078,0.0021621352506180046,-0.027003638624532214,3.4962045361185368,56.060001373291016,1.540000915527358,-0.07,-0.009999999999999787,-0.05999999999999961,0.32778813751164315,0.413685913462709
2022-05-11,-0.016013716712241718,0.008133958004822058,0.0010791977541641685,0.04781215175338986,3.483084583311581,53.43000030517578,-8.709999084472685,-0.12,0.009999999999999787,-0.08000000000000007,-0.2856460863192643,-0.5435095039156307
2022-05-12,-0.001044295909378891,-0.015452706170676836,0.00859309177765499,0.013341193078315,3.4585224626901017,52.709999084472656,0.6800003051757955,0.030000000000000027,0.03000000000000025,-0.07000000000000028,0.3497010651547327,0.22475960034315515
2022-05-13,0.023626408481591116,-0.008142627698810948,-0.0028561144618945663,0.025544911465052732,3.362803022744237,51.220001220703125,-4.120002746582031,0.03999999999999998,0.040000000000000036,0.0900000000000003,-0.03322751504020886,1.48940519281578
2022-05-16,-0.004065627668497057,0.009493279652076629,-0.003940554392720222,0.022265070097156798,3.313094475110986,51.88999938964844,3.339996337890639,-0.020000000000000018,0.04999999999999982,-0.050000000000000266,-0.11838142894365465,0.03111915413913054
2022-05-17,0.02036167848462822,-0.006299094085683991,-0.00828978949433746,-0.024358773301596696,3.261935328944346,50.34000015258789,1.5100021362304545,-0.02999999999999997,-0.020000000000000018,0.10000000000000009,-0.20586583805498931,1.2312393061677325
2022-05-18,-0.04114666983121826,0.000531343704844183,0.005054124148587731,-0.02269423677636368,3.4326960191502294,51.88999938964844,-4.599998474121094,-0.060000000000000026,0.040000000000000036,-0.08999999999999986,-0.034163877141322935,-1.8251184864764904
2022-05-19,-0.0061437172667687485,0.014590277160260899,-0.01049784634417874,0.01613847365576466,3.3792925592713705,51.15999984741211,0.1900024414062358,0.0,0.06000000000000005,-0.050000000000000266,0.47676544516464237,-0.003846126032510531
2022-05-20,0.00043646669976823196,0.000697767757192036,0.0021810783925306177,0.013191335617879649,3.3820145726149287,50.720001220703125,-3.9500045776367045,-0.03,-0.010000000000000231,-0.06000000000000005,0.16100753981138666,0.31065661980580117
2022-05-23,0.018537370480526123,0.004639589893868967,-0.009119135412757209,0.003911503452491727,3.3492020704706125,48.630001068115234,-0.909996032714858,0.03,-0.029999999999999805,0.08000000000000007,-0.3100419858331765,1.1118022088544104
2022-05-24,-0.00766300712271054,0.007493711725538028,-0.0029359337890016864,0.00036590570724210285,3.3826939360038586,47.040000915527344,0.9599990844726705,0.05000000000000002,0.009999999999999787,-0.10000000000000009,0.00014729709851331449,-0.19801568110202042
2022-05-25,0.0087960642114089,-0.006048248796558386,0.0036684711161045313,0.005836633144421413,3.3453322784024797,46.7599983215332,-5.4599990844726705,0.010000000000000009,-0.04999999999999982,-0.009999999999999787,-0.29707876029041536,0.5932782343586104
2022-05-26,0.019784246937573424,-0.001850609639927292,-0.003300936536097107,0.02526013261478566,3.3141860046725258,46.02999877929688,-3.2000045776367188,0.019999999999999962,-0.040000000000000036,0.0,0.2730045586980196,1.0494466293668085
2022-05-27,0.02425265627329231,0.0005208853826908474,-0.0022066662224733474,0.010232406479484663,3.24726887267247,47.91999816894531,-4.009994506835923,-0.019999999999999962,0.009999999999999787,-0.009999999999999787,0.08983629082513918,1.194342536460423
2022-05-31,-0.005626706548952305,-0.009942270255165302,0.0018391316424661045,0.00011703195722255155,3.265377678911282,49.81999969482422,8.639999389648452,0.04999999999999999,-0.07999999999999963,0.10999999999999988,-0.6877830249288341,-0.19645851995889865
2022-06-01,-0.00812134565166785,0.0063488366174163004,0.0076882256007380296,0.0008186620415099886,3.246101831910333,49.13999938964844,2.259994506835909,-0.03999999999999998,-0.10000000000000009,0.08999999999999986,0.7964067252910858,-0.4157397127077255
2022-06-02,0.018864338413520802,0.012234040087981134,-0.008791314927810052,0.01979344758085911,3.2076126048125677,47.79999923706055,-10.110000610351548,-0.010000000000000009,0.020000000000000018,-0.020000000000000018,-0.11477969421068689,0.9801687804891722
2022-06-03,-0.016547798433824406,-0.010203900438868029,0.004405318335064117,0.02512582612068235,3.2104403829784154,46.22999954223633,-1.5399932861328125,0.02999999999999997,-0.010000000000000231,0.040000000000000036,0.12823570504981222,-0.8229317372286096
2022-06-06,0.003040272131361922,-0.004413447852864014,0.0021954433472736604,-0.012144553035572943,3.221671899997255,47.900001525878906,4.529998779296889,0.010000000000000009,-0.009999999999999787,0.08000000000000007,-0.25264056114086786,0.26582696033362585
2022-06-07,0.009546506034360615,0.006497267812168451,-0.0010971191773212468,0.018495192038892445,3.1788868357094424,45.880001068115234,0.34999847412107954,-0.07999999999999999,-0.010000000000000231,-0.06000000000000005,0.27556765890828183,0.5522123744799701
2022-06-08,-0.01093180094058492,-0.0009256257836888652,0.0029228998310535104,0.021425826060106533,3.176385735036591,44.369998931884766,2.6800003051757812,0.01999999999999999,0.0,0.04999999999999982,-0.4202169867353851,-0.6432741712349128
2022-06-09,-0.024070164125992614,-0.0031883338247287547,0.007270129601488385,-0.009941590967299982,3.261552104997157,43.869998931884766,0.0,-0.04000000000000001,0.0,0.010000000000000231,0.01781904598864973,-1.5670261224036819
2022-06-10,-0.02942443811403586,0.013323135228160962,0.007936501136505177,-0.010485219204587856,3.3232358401924436,42.91999816894531,8.94000244140625,-0.12,-0.029999999999999805,0.10999999999999988,-0.17991610327540464,-1.720403540120495
2022-06-13,-0.03870785526699915,-0.02676735882447253,0.009655074783578722,0.002548656259710811,3.526948600423438,47.560001373291016,24.980003356933594,-0.06,-0.06000000000000005,0.28000000000000025,0.018199634700723416,-2.115783464628979
2022-06-14,-0.0030177562387202197,-0.008035407203286724,0.0021328489827467665,-0.021364312251306368,3.487069178726604,46.630001068115234,4.8799896240234375,0.010000000000000002,0.010000000000000009,0.06000000000000005,0.23488104443201965,-0.04333448361331773
2022-06-15,0.014155801651667155,0.012966509676610984,-0.007843129826002451,-0.01733418550159643,3.388449837172988,47.040000915527344,-8.160003662109375,0.09,0.1100000000000001,-0.16000000000000014,0.1548373710681464,0.921581488492538
2022-06-16,-0.03365604484615102,0.011180446816136464,-0.009710555050481597,0.008362536165384625,3.494991284102976,46.27000045776367,2.170013427734375,0.010000000000000009,0.029999999999999805,-0.050000000000000266,0.29711760495106165,-1.5988769159555678
2022-06-17,0.0021533852780164994,-0.008256810144045652,0.010068409435435615,-0.050537154714440646,3.438171957494525,49.18999862670898,-4.350006103515625,-0.06000000000000001,0.0,-0.029999999999999805,-0.5597872704017606,0.3669238291121172
2022-06-21,0.02486187030118873,-0.0037437854344901486,-0.003584160749987392,0.008483314110952442,3.407510761408632,46.560001373291016,5.160003662109375,0.020000000000000004,0.0,0.06000000000000005,0.25761501474285214,1.544581190562029
2022-06-22,-0.0018145392162078231,0.003977268335422712,-0.00143749174616532,-0.038445355409975686,3.365570230372698,48.9900016784668,-8.970001220703125,0.0,0.040000000000000036,-0.1499999999999999,-0.36802617606668525,-0.011913539154825362
2022-06-23,0.009754700194436427,-0.006148118298448717,0.0010782727516074912,-0.023771842391392833,3.3690184570349437,48.58000183105469,-3.9599990844726562,-0.020000000000000004,0.03000000000000025,-0.07000000000000028,-0.00010312999545060726,0.6010232537888496
2022-06-24,0.03129892626500476,-0.0009989609969459391,-0.002157470505771628,0.02858220509708128,3.304319289874663,46.9900016784668,1.0199966430664062,0.009999999999999995,0.020000000000000018,0.040000000000000036,0.1429495670724377,1.789005239174673
2022-06-27,-0.0038269817580515297,-0.0011176944418580068,-0.0018015210662576484,0.020219978683858122,3.2939833256644473,46.9900016784668,6.220001220703125,0.03,-0.03000000000000025,0.07000000000000028,0.2310861785054345,-0.17858850113721228
2022-06-28,-0.02064422983657291,-0.0016493806069405818,0.005753321586250156,0.021354833558795493,3.3449797231854905,46.59000015258789,2.0,-0.01999999999999999,0.03000000000000025,0.0,-0.08110755709797678,-0.9947331028113187
2022-06-29,-0.0008149942849997166,-0.0007666517068580592,0.0057204890118266,-0.021113735855704422,3.3379025258712374,48.56999969482422,-4.790008544921875,-0.060000000000000005,0.020000000000000018,-0.10000000000000009,0.040489529287514696,0.09969789290169923
2022-06-30,-0.008157317614322326,-0.006095587698335223,-0.0032137129105002556,-0.03184590665300542,3.3572454622441756,48.900001525878906,5.07000732421875,0.019999999999999997,0.06999999999999984,-0.1200000000000001,0.15721782741522022,-0.22273483744901298
2022-07-01,0.010520717056242817,-0.0008313996785857856,0.0032137129105001645,0.01629464175690324,3.284663593980715,49.400001525878906,8.669998168945312,-0.019999999999999997,0.10999999999999988,-0.10000000000000009,0.11533147726826581,0.778222753523144
2022-07-05,0.0018868910550952432,-0.021437799680384485,0.014159633539207584,-0.08813626172497899,3.3156395265440572,52.61000061035156,11.990005493164062,-0.04,-0.009999999999999787,-0.06000000000000005,-0.42160203782670036,0.2679352525666953
2022-07-06,0.003371672235782716,-0.01596901758740465,0.004558888641167293,-0.014954817385141733,3.285786513025363,54.66999816894531,-5.0200042724609375,-0.04,-0.020000000000000018,0.11000000000000032,-0.24210597931371236,0.40188958080929327
2022-07-07,0.01486604699061851,0.0005548992912700342,0.00034984225335126515,0.03834852612999407,3.261168734133071,52.869998931884766,-1.42999267578125,0.02,-0.06000000000000005,0.07999999999999963,0.023220439589551483,0.9842277880396175
2022-07-08,-0.0008227950777542128,0.00043143823725389326,-0.0006998069391377677,0.025663898836797847,3.2043711138945574,52.09999847412109,-4.4600067138671875,-0.009999999999999998,-0.020000000000000018,0.08000000000000007,0.10778098525883885,0.09055138943278815
2022-07-11,-0.011489489153615539,-0.0053749265251639535,0.011484424213906502,-0.0039548121986266085,3.264613719457375,53.09999847412109,2.470001220703125,-0.05,0.009999999999999787,-0.09999999999999964,0.6522572901918946,-0.4613013428153972
2022-07-12,-0.00888825942616941,-0.0037236489059839332,-0.0003460889608739018,-0.07179997373264087,3.3065203682683353,54.400001525878906,0.3899993896484375,0.009999999999999995,-0.009999999999999787,-0.03000000000000025,-0.4582309631762316,-0.3182829467729727
2022-07-13,-0.005265620886915859,0.004776265963686179,-0.0020789761318523153,0.005205558094811725,3.289147866474868,51.7599983215332,-12.009994506835938,-0.15,0.009999999999999787,-0.04999999999999982,-0.874695372626555,-0.16602548739889944
2022-07-14,-0.002431303415966721,-0.014146649261641277,0.006913279445147865,-0.004656321274512414,3.2733639957026597,53.02999877929688,1.6599884033203125,0.03,-0.009999999999999787,0.04999999999999982,1.3464638445051638,-0.0762775480310887
2022-07-15,0.01892493391514307,-0.0020104758163567997,-0.005873212780994566,0.012142852140508807,3.1875915159360004,51.77000045776367,-7.9099884033203125,-0.010000000000000009,-0.010000000000000231,-0.029999999999999805,0.03741374017480584,1.2761214774473186
2022-07-18,-0.008291079219021785,0.000942949789432323,-0.005559410172775748,0.04078944438935173,3.2308043655777645,49.65999984741211,-2.160003662109389,0.010000000000000009,-0.020000000000000018,0.029999999999999805,-0.14160926132073745,-0.6652906744268333
2022-07-19,0.026660361922406686,0.002384623832616704,-0.006291600956391283,0.01601487783589144,3.1986731175506815,48.77000045776367,-2.990005493164034,-0.03,-0.020000000000000018,0.04999999999999982,-0.03199206524433209,1.7696622704476148
2022-07-20,0.006352971510166141,-0.009446509339211243,0.0028011121895202737,-0.005266935621969812,3.1730412533806236,47.540000915527344,-1.7999954223632955,0.010000000000000009,-0.05999999999999961,0.03000000000000025,-0.4468622482390292,0.21573663221720468
2022-07-21,0.010131679048703822,0.01401179660226555,-0.0028011121895203696,-0.028082581586164848,3.1402654506970014,51.09999847412109,-1.75,0.01999999999999999,0.029999999999999805,-0.1299999999999999,0.15823907010691685,0.47871475458914453
2022-07-22,-0.009321267456029812,0.0024926409954947677,-0.001403465093928492,-0.012798456338420777,3.1367977436478562,47.84000015258789,2.5499954223632955,-0.01999999999999999,0.04999999999999982,-0.14000000000000012,0.044635143059663825,-0.9559409149292469
2022-07-25,0.0012141031573337584,-0.0027423043036363935,-0.0014055153701693693,0.022422198946315527,3.1510251840880894,47.959999084472656,4.570007324218736,0.01999999999999999,0.03000000000000025,0.040000000000000036,-0.14053302188859687,-0.10336152106860684
2022-07-26,-0.011901494497597344,-0.001186514317386386,0.007705770398114312,-0.014004688191793072,3.206398324987611,47.810001373291016,0.279998779296875,-0.01999999999999999,-0.020000000000000018,0.0,-0.24214232337705754,-1.0860064599382764
2022-07-27,0.025634849922625016,0.010133467249785824,-0.008409191732473188,0.03542158159082639,3.1458749221350946,48.9900016784668,-11.270004272460938,0.03,0.009999999999999787,-0.03000000000000025,0.6534489558665323,2.235170974210182
2022-07-28,0.012464350627089641,0.01211168004371747,-0.0007039943871522024,-0.00954853052413884,3.1059310624354097,47.16999816894531,2.6500015258789062,0.009999999999999981,0.1200000000000001,-0.09999999999999964,-0.4944215391999814,0.8658865518356633
2022-07-29,0.014473493975785423,0.0028071459585694595,-0.003880853149920158,0.01185741172534521,3.0601145289064213,46.18999862670898,-3.5699996948242188,-0.04999999999999999,-0.06000000000000005,-0.010000000000000231,0.15977191666727766,0.9659453927991883
2022-08-01,-0.0029656649072934685,0.005651232868696488,-0.0038958158453521806,-0.03812977623813476,3.12851339146854,49.970001220703125,4.1399993896484375,-0.07999999999999999,0.020000000000000018,-0.06999999999999984,0.08172470451133255,-0.5636602245843995
2022-08-02,-0.006619201617181019,-0.005955990148902209,0.00636711363708726,0.0105919574209734,3.175132914673135,52.77000045776367,8.729995727539062,-0.010000000000000009,-0.08999999999999986,0.1499999999999999,-0.37982715607400636,-0.9038973161132517
2022-08-03,0.015538211694931435,0.002435276067987767,0.002816971079696196,-0.032118397637613996,3.0887671742792415,50.119998931884766,-7.189994812011719,-0.06,0.0,-0.020000000000000018,0.17971453362385958,1.0310934381934906
2022-08-04,-0.0006758532322699453,0.016404693683584038,-0.006349224210165913,-0.027576544552019324,3.065258361112005,55.13999938964844,-1.470001220703125,0.020000000000000018,0.029999999999999805,-0.04999999999999982,-0.38870769281622225,-0.3733989145569645
2022-08-05,-0.0016914788608408404,-0.011309781450742627,0.008456679526780992,0.00013982157360873483,3.0516398874558934,48.7599983215332,2.0100021362304545,-0.06,-0.029999999999999805,0.1499999999999999,0.3146329654538759,-0.43928088381252134
2022-08-08,-0.0011616669893080764,0.008434348290836127,-0.001404528436040911,0.027572741694214514,3.058237521908081,46.400001525878906,1.5400009155273722,-0.030000000000000027,-0.03000000000000025,-0.06000000000000005,0.7519797019337436,-0.33794011656432726
2022-08-09,-0.003978792942641841,0.003054867797077557,-0.0010546146079087198,-0.0012246272513984958,3.080532896273726,46.22999954223633,1.0,-0.03999999999999998,0.0,0.029999999999999805,-0.18680764427525287,-0.570370902872317
2022-08-10,0.0207863090993676,-0.0025151110588634198,-0.010963809100061225,0.011775229328236174,2.982647022410511,46.560001373291016,-9.860000610351562,0.02999999999999997,0.03000000000000025,-0.020000000000000018,-0.8076296653291322,1.49887005577596
2022-08-11,0.0,-0.002641706914863643,0.0007109231765072883,0.026030674329950296,3.0056826421764384,45.369998931884766,-4.1500015258789205,0.09000000000000002,0.0,0.0900000000000003,0.16436775317735888,-0.3899826695753198
2022-08-12,0.016787228869896285,0.009155976822720392,0.0039013429523877944,-0.017189308650474563,2.971951780047087,44.0,-4.8300018310546875,-0.04999999999999999,-0.020000000000000018,-0.03000000000000025,-0.7161554234478348,1.0075318488617064
2022-08-15,0.004112427598065678,-0.012950528089989187,0.008810686015115714,-0.028407240813477938,2.993229181578451,46.630001068115234,7.540000915527344,0.0,0.0,-0.04999999999999982,1.0984749637571551,-0.1436583619699472
2022-08-16,0.0019567796623992917,-0.0017516299628300418,-0.00035086955485811526,-0.02275978683027081,2.980110919774326,50.25,3.0100021362304545,-0.020000000000000018,0.0,0.029999999999999805,-0.3372553489141932,-0.2739419353238796
2022-08-17,-0.007123331435166236,-0.006489345947105167,0.0014030503587090211,0.011305936366571526,2.990719712561114,51.54999923706055,0.8699951171875284,0.03999999999999998,-0.029999999999999805,0.07000000000000028,-0.3161113736370138,-1.140179416097313
2022-08-18,0.0029022694575680102,-0.0026198444873023344,0.007681554518157742,0.029538534843419915,2.973486637303112,47.40999984741211,2.5600051879882812,0.04999999999999999,0.0,-0.010000000000000231,0.20134235965531813,-0.10572103101367533
2022-08-19,-0.0135291941343732,-0.007347552958114958,0.006241271704530519,-0.0020233571248430395,3.025291094313483,50.34000015258789,3.5499954223632812,0.07,0.009999999999999787,0.10000000000000009,0.060910224583010875,-1.6733594841045814
2022-08-22,-0.021042377709380576,-0.00665930336783302,0.008261711400989752,0.008336780239749365,3.169685548621149,50.63999938964844,12.080001831054673,-0.019999999999999962,-0.009999999999999787,0.04999999999999982,0.5400620309347254,-2.1731552181097005
2022-08-23,-0.0024219205732487295,0.006966551217581505,-0.004122247580538399,0.028382889952123836,3.182626717508366,47.34999847412109,-2.0399932861328125,0.04999999999999999,0.0,0.020000000000000018,-0.5940897678704056,-0.3863808065672387
2022-08-24,0.00319584079093319,0.002944580504679446,0.000688095563253577,0.015626314774332784,3.1276373310607575,48.33000183105469,-0.720001220703125,-0.010000000000000009,-0.010000000000000231,0.06000000000000005,0.3861681936635829,0.10250630054524305
2022-08-25,0.014018807712070546,0.0030581063588208724,-0.0017213562056216836,-0.01993078665393413,3.0809921490312377,48.77999877929688,-6.800003051757827,-0.07,-0.020000000000000018,-0.08000000000000007,-0.7268503297516797,0.9892747153263615
2022-08-26,-0.03443527871848111,-0.012227153201929956,0.0037832622993877133,-0.008533055155007855,3.241028608615061,47.08000183105469,-3.3800048828124716,-0.010000000000000009,-0.020000000000000018,0.010000000000000231,0.6077918069596746,-3.475831975147069
2022-08-29,-0.006634096409588509,0.0006180465249853886,0.00034323805802094433,0.03675842789503194,3.266140982404855,47.72999954223633,7.190002441406236,0.030000000000000027,0.0,0.08000000000000007,-0.2229794689444922,-0.5063175388190239
2022-08-30,-0.011038589093502511,-0.008375556136480044,-0.0003432380580210451,-0.04178087110105697,3.266140982404855,49.7400016784668,-2.4499969482422017,-0.04999999999999999,-0.020000000000000018,-0.010000000000000231,-0.15844962541501229,-0.7922002292714541
2022-08-31,-0.0076379392455187154,-0.0077553096129762645,-0.000686753752614923,-0.03177007781783223,3.253084028638347,52.11000061035156,-2.850006103515611,0.04999999999999999,0.010000000000000231,0.040000000000000036,0.41831819287246325,-0.48363558609186447
2022-09-01,0.003132785282761832,-0.00882902347465035,0.008891974074220613,-0.02998980406036944,3.241028608615061,53.900001525878906,1.7400054931640483,0.04999999999999999,0.040000000000000036,0.10999999999999988,-0.5101141894053246,0.3652752292269994
2022-09-02,-0.010600421542084659,0.00876617372318804,0.00034043371432914186,0.006742592846000861,3.237501262032374,53.900001525878906,-5.860000610351548,0.04999999999999999,0.020000000000000018,-0.05999999999999961,-0.15189237741713782,-0.6951038335243459
2022-09-06,-0.0037803094731213276,-0.005856578259356107,0.005769486691098661,-0.00014003691079669602,3.29249795906851,50.0,12.819992065429688,0.03,0.029999999999999805,0.1299999999999999,0.33896578531251503,-0.09644265623117663
2022-09-07,0.017805535349558067,0.010117286090114818,-0.007131917471954204,-0.05467407863082617,3.2043711138945574,53.31999969482422,-0.4199981689453125,-0.009999999999999981,-0.029999999999999805,-0.06000000000000005,-0.04341957612985662,1.661350220434628
2022-09-08,0.0065151082447204925,-0.006020378897494643,0.0020428754681732896,0.006926467813874334,3.1616703769488215,51.290000915527344,-8.979995727539062,-0.010000000000000009,0.009999999999999787,0.020000000000000018,-0.6102128539319465,0.6326068400992287
2022-09-09,0.015415664768956326,0.005269846503477033,-0.007168511134195657,0.043257009636661424,3.12632188342992,48.84000015258789,-2.5999984741210938,-0.04000000000000001,-0.04999999999999982,0.040000000000000036,0.32685634314776335,1.2620078101059258
2022-09-12,0.010690389245392439,0.005055386193321507,-0.0051518908485376795,0.017704571481807953,3.1726224755092383,44.150001525878906,1.529998779296875,0.020000000000000018,0.0,0.040000000000000036,0.899768497392543,0.9532651375422616
2022-09-13,-0.044456141748063664,-0.013096728906648173,0.013680129368434116,-0.004986858903455066,3.3057872136438435,44.810001373291016,5.799995422363281,-0.12000000000000002,-0.020000000000000018,0.04999999999999982,-0.532323349552595,-3.3130526353219487
2022-09-14,0.003808466472179648,-0.003855034555311845,-0.0020401720730184167,0.009948972396031864,3.2642315207561277,45.619998931884766,-3.5199966430664062,-0.03999999999999998,-0.03000000000000025,-0.009999999999999787,0.202309243618144,0.49952668762988844
2022-09-15,-0.011418238404453452,-0.018855801737618274,0.0006804446873176481,-0.041693190099260855,3.268427621122788,46.630001068115234,-1.279998779296875,-0.04999999999999999,-0.029999999999999805,0.040000000000000036,0.015724262614649723,-0.48012406527048923
2022-09-16,-0.00765817147551499,0.005533767627080335,0.0,0.0020048608459259515,3.269568910174614,47.43999862670898,0.879997253417983,0.019999999999999962,0.06000000000000005,0.0,0.03903257189107694,-0.1966477431771568
2022-09-19,0.0077250888863268,0.0007697907679810017,-0.0006804446873176638,0.00214364527921781,3.2488229101213175,46.75,8.83999633789061,-0.06,-0.03000000000000025,0.040000000000000036,-0.6388494825860026,0.7944352357307938
2022-09-20,-0.011544765109101959,-0.005722932055293624,0.0047538679652271544,-0.011919460506117313,3.3017452970723844,48.22999954223633,0.8700103759765625,0.07,-0.020000000000000018,0.07999999999999963,0.18872799022136913,-0.4552484591306653
2022-09-21,-0.01759778383365092,0.004632228320962459,0.009775844399633254,-0.007831815369600275,3.3318472953500904,48.650001525878906,-4.1200103759765625,-0.12,-0.009999999999999787,-0.06000000000000005,-0.10351061150883964,-0.849615396638695
2022-09-22,-0.00843519896247189,-0.0005778441890031698,0.0013409643719813076,0.0042136046695252245,3.308716542815695,47.09999847412109,1.3899993896484375,0.10000000000000003,-0.040000000000000036,0.1900000000000004,0.6749234416034937,-0.277522569083151
2022-09-23,-0.01689697805462604,-0.017427816406674814,0.015622655372796551,-0.05437338171199155,3.398527155656208,50.81999969482422,5.350006103515625,-0.10000000000000003,0.009999999999999787,-0.010000000000000231,-0.03904256810251282,-0.8044588865183706
2022-09-26,-0.009941775028574129,-0.01170141432179742,0.011151291059409655,-0.03299395020561455,3.4738280206677126,56.68000030517578,16.330001831054688,0.12,-0.08000000000000007,0.18999999999999995,-0.4429871080234968,-0.29175131232886786
2022-09-27,-0.0025562536868568167,0.0020477436877313054,0.00032611254086392926,0.019119802254714994,3.4843122415665593,55.88999938964844,4.5099945068359375,0.06,0.07000000000000028,0.0900000000000003,0.8190149174268159,0.2643794918102502
2022-09-28,0.01948538567678246,0.020573557832177892,-0.013127808025922645,0.04120688155693027,3.4071794634515578,55.02000045776367,0.8700103759765625,-0.019999999999999962,0.16999999999999993,-0.25,-0.22438804267678816,1.8028559565740998
2022-09-29,-0.021110532889792855,-0.0001939471718055397,-0.003972222187511861,-0.005377169442583579,3.4607233657685157,54.40999984741211,-10.850006103515625,-0.050000000000000044,0.020000000000000018,0.03999999999999959,-0.5146199625412095,-1.1894257470894818
2022-09-30,-0.015584110731369203,6.462035224685361e-05,0.0,-0.022568135637345235,3.4537898583225464,55.68999862670898,-6.25,0.010000000000000009,-0.029999999999999805,0.07000000000000028,0.7279718455542937,-0.7563538506731421
2022-10-03,0.026058748382445127,0.024019005945363412,-0.0046542285585935384,0.03920304736689929,3.404525184428243,56.2400016784668,11.050003051757812,-0.06,0.04999999999999982,-0.16000000000000014,-0.27804874948504144,2.0200835740582934
2022-10-04,0.030516302797854628,0.014226444596111972,-0.013756257300358713,0.03459850662650263,3.3697067040728217,59.5099983215332,-1.7299957275390625,-0.02999999999999997,-0.020000000000000018,-0.04999999999999982,0.01872383578722585,2.058804301581201
2022-10-05,-0.002330938126902746,-0.005553659432976476,0.00941492759195512,0.02334522625442119,3.3516569093790958,54.20000076293945,0.79998779296875,0.08999999999999997,-0.04999999999999982,0.13999999999999968,0.02946940399284225,-0.04224647311463169
2022-10-06,-0.010369431220529904,-0.0011269264553861384,0.009990039050740706,0.014489943991922168,3.4183822214150656,53.38999938964844,1.279998779296875,-0.010000000000000009,-0.06000000000000005,0.07000000000000028,0.0977158645401101,-0.492240216635732
2022-10-07,-0.028290571101497936,-0.011023386142689101,0.003968354694077701,0.02849812225602715,3.445533214944948,53.63999938964844,-4.829986572265625,-0.009999999999999953,0.009999999999999787,0.06000000000000005,-0.18936530328871934,-1.4499698897758275
2022-10-10,-0.007664291972771801,-0.015318203217156916,0.004281281315779892,-0.01773286282877452,3.47970046666133,51.41999816894531,0.0,0.03999999999999998,0.06000000000000005,0.040000000000000036,0.2603486565971972,-0.17338531368279492
2022-10-11,-0.006353106171116328,-0.002060212330939929,0.0006569733477436856,-0.027899820983622422,3.5154185575129637,51.91999816894531,7.1100006103515625,0.0,0.0,0.0,-0.15181053146769025,-0.04267680922203516
2022-10-12,-0.003304129591480687,0.005335071671709423,0.0,-0.011494375123242773,3.513632801901214,51.52000045776367,5.149993896484375,0.0,0.040000000000000036,-0.020000000000000018,0.18141214971814681,0.17974070409031537
2022-10-13,0.026048949751698428,-0.006947611087114204,-0.00658974927065873,0.022168860080398787,3.463859159507518,50.52000045776367,-5.6399993896484375,-0.13,0.009999999999999787,0.06000000000000005,-0.10028910481515657,2.0437570835086873
2022-10-14,-0.02305247581273255,-0.012537160793022467,0.006918037842964601,-0.032941496427241077,3.4663607218647483,50.29999923706055,-2.19000244140625,0.020000000000000018,0.0,0.029999999999999805,0.06809316501466893,-1.2086148376866417
2022-10-17,0.025372381075433634,0.0028720806307473926,-0.01022937871365091,-0.000570219784979795,3.4458520489553246,50.27000045776367,-2.470001220703125,0.04999999999999999,0.0,0.019999999999999574,-0.33705827024093077,1.7507965518871058
2022-10-18,0.011681144670468048,0.002148660090392182,-0.0006635860077704116,-0.020601468577874062,3.417726683613366,49.119998931884766,-4.6300048828125,0.010000000000000009,0.0,-0.009999999999999787,-0.5658094413010838,0.7855068410259178
2022-10-19,-0.007111917220609161,-0.013488925988338462,0.007275193154589338,0.019317365682351977,3.4262151520783353,47.77999877929688,1.94000244140625,0.010000000000000009,-0.029999999999999805,0.1299999999999999,-0.037362862657991526,-0.2734042971926051
2022-10-20,-0.008420585907849668,-0.0015834633753089122,0.0006587773942395078,0.0019968540143976603,3.400530477405483,47.97999954223633,7.8800048828125,0.02999999999999997,-0.009999999999999787,0.10000000000000053,0.10330632687103074,-0.35950861522175936
2022-10-21,0.024011064833895382,0.01767059741452654,-0.008597997195406984,0.005541746184756804,3.3908103067634627,47.18999862670898,1.339996337890625,0.09999999999999998,0.11999999999999966,-0.03000000000000025,0.31481539794665303,1.4479552276652365
2022-10-24,0.012162265947195723,-0.0032488658845126403,0.0009958746937610635,-0.0026960278198958007,3.396184852618166,47.77999877929688,-2.92999267578125,0.030000000000000027,-0.020000000000000018,0.040000000000000036,0.44968731497629905,0.6600362074980232
2022-10-25,0.015842326567431304,0.002275353560635257,-0.01100925517102938,0.0032626933038349096,3.34849956049279,47.29999923706055,-6.2400054931640625,-0.07,0.03000000000000025,-0.15000000000000036,-0.47220463545833985,0.7952712613437031
2022-10-26,-0.007562543947378808,0.006343446354353355,-0.010453672043923338,0.032876628334126724,3.3061538581455507,48.58000183105469,-7.5800018310546875,-0.02999999999999997,-0.040000000000000036,-0.05999999999999961,-0.2130705858930333,-0.5583933989744739
2022-10-27,-0.005354300949933872,-0.0015497241473593686,0.0077664110749668435,0.008868350752062925,3.3101779609912496,49.02000045776367,2.5800018310546875,0.009999999999999953,0.009999999999999787,-0.08000000000000007,0.5754746800040954,-0.4218365604881281
2022-10-28,0.02351204797137673,-0.01026317410117862,0.0016804306034182799,-0.010926126701963397,3.248434627109745,47.810001373291016,1.82000732421875,-0.04999999999999999,-0.040000000000000036,0.05999999999999961,0.3036524126218579,1.2410463061921906
2022-10-31,-0.0072495004071323295,-0.008194886192774814,0.008359833488094126,-0.01787371350178193,3.2534704372048244,47.40999984741211,3.3199920654296875,-0.019999999999999962,-0.020000000000000018,0.08000000000000007,-0.2373290604140844,-0.5924641441699608
2022-11-01,-0.004385524249482015,0.010151726172797497,-0.0003330637905417633,0.021985039653876663,3.2507619930386347,47.040000915527344,0.5,-0.06,-0.05999999999999961,-0.02999999999999936,-0.23425200303634197,-0.4633751809907053
2022-11-02,-0.025416304252811717,-0.006996970202892216,0.004321053799602686,0.0130436503466261,3.2526973969458597,47.75,-7.25,-0.040000000000000036,-0.040000000000000036,0.02999999999999936,-0.2609532741887155,-1.6482174335274145
2022-11-03,-0.010350389606735783,-0.003813297433937162,0.008257664841909526,-0.010721428625580514,3.2308043655777645,46.470001220703125,-4.8899993896484375,-0.05999999999999994,0.009999999999999787,0.040000000000000036,0.3598369456480561,-0.6024980275474653
2022-11-04,0.014290595402827604,0.0302345832528433,-0.01892795101437144,0.04704083251554629,3.200711823163566,47.5,-7.839996337890625,0.07999999999999996,0.03000000000000025,0.03000000000000025,-0.1422485103267681,0.9038427289361373
2022-11-07,0.00952012731944135,-0.003970260739379374,-0.005715324957513735,-0.0033903036892483644,3.1925318651947063,45.11000061035156,-0.1100006103515625,-0.010000000000000009,0.0,0.04999999999999982,0.6987837596297726,0.5420294865407549
2022-11-08,0.005380842828967906,0.022836328940686813,-0.004392597177963661,-0.027678339141470294,3.2402458864511954,45.040000915527344,-2.000000000000014,-0.030000000000000027,0.009999999999999787,-0.08000000000000007,-0.6863278652878904,0.20413226243159965
2022-11-09,-0.020817543529404105,-0.005029894759161607,0.007422390980483302,-0.038324151657016116,3.261552104997157,45.380001068115234,-1.930000305175767,0.040000000000000036,0.10000000000000009,-0.019999999999999574,0.17065724442896077,-1.5325579023365823
2022-11-10,0.05349764416002031,0.029990153003992607,-0.023122448298721947,0.00792165508001741,3.158276231920975,43.47999954223633,-12.70999908447267,-0.030000000000000027,0.029999999999999805,-0.30000000000000027,-0.2038058155210625,3.178404549552697
2022-11-11,0.009631786677213637,0.00658459794711783,-0.014553238974726962,0.029193172033138825,3.1144038235984732,42.060001373291016,0.0,0.0,-0.08999999999999986,0.06000000000000005,0.4309250821175225,0.2446580222972105
2022-11-14,-0.00854290311732615,0.0021852662272774694,0.004527290255647259,-0.03377166352988229,3.1667400511571677,44.41999816894531,8.299995422363281,0.0,0.0,0.0,0.1582266566130428,-0.6622625714843734
2022-11-15,0.00849266573363991,0.0035106980811025834,-0.003480692482448683,0.01846285985648723,3.2003044765903175,46.720001220703125,8.629997253417983,-0.04999999999999993,-0.040000000000000036,-0.08000000000000007,-0.8182299011107009,0.2053689454283808
2022-11-16,-0.007657897045443962,-0.0022987420952167376,-0.0020941374528598788,-0.016656714880824184,3.182626717508366,45.119998931884766,2.2100067138671875,-0.1100000000000001,0.010000000000000231,-0.1299999999999999,0.125732101342628,-0.6574545972950081
2022-11-17,-0.0030644205828312325,-0.007293959961673216,0.003835959591790381,-0.02672829700622474,3.175132914673135,45.34000015258789,1.3499908447265625,0.020000000000000018,-0.06000000000000005,0.10000000000000009,-0.1672817416104266,-0.3433842873309394
2022-11-18,0.0045300109140643755,-0.006917507382313755,0.0027806662420006897,-0.015952060978404792,3.1406980801031983,45.93000030517578,-2.8499908447265625,-0.029999999999999916,-0.050000000000000266,0.04999999999999982,0.3800029968693982,0.07456787203042287
2022-11-21,-0.003642724266703293,-0.0056056352070885974,0.008640088089797677,0.0,3.1072736755834796,47.11000061035156,2.8000030517578125,0.039999999999999925,-0.04999999999999982,0.010000000000000231,-0.08737265236378121,-0.42883107325899017
2022-11-22,0.013367239253027494,0.0011730356909015207,-0.006213264715007352,0.013668359877717839,3.058237521908081,46.29999923706055,1.399993896484375,-0.05999999999999994,-0.010000000000000231,-0.07000000000000028,0.02648092088318341,0.6434755963755389
2022-11-23,0.006281978868668067,0.006212503317279542,-0.010442161787334564,-0.03741610571818786,3.013080930634045,51.560001373291016,2.6699981689453125,-0.040000000000000036,-0.04999999999999982,-0.04999999999999982,0.37917506594939976,0.21948095110968416
2022-11-25,-0.00022373211244814623,0.000858102340972588,0.0,-0.006698016682783079,3.0204248861443626,50.15999984741211,-6.5999908447265625,0.010000000000000009,0.040000000000000036,-0.029999999999999805,0.03156122845833184,-0.14056994261604464
2022-11-28,-0.016085788866274906,-0.007934893665371402,0.007320954036568904,-0.0011954847993394977,3.100542596684933,50.52999877929688,2.1299896240234375,-0.030000000000000027,-0.010000000000000231,0.009999999999999787,-0.0333623915138413,-1.1232877951569935
2022-11-29,-0.0017190252043810677,0.004928261563008794,0.0017352494939474412,0.021595265391397535,3.086029883652105,47.90999984741211,-0.5,0.040000000000000036,0.010000000000000231,0.06000000000000005,-0.7041885188009087,-0.2170358960193475
2022-11-30,0.03101463272304575,0.012700921015012892,-0.008007043725323687,0.02728042486953995,3.0243197266987147,46.150001525878906,-3.9599990844726562,0.030000000000000027,0.08999999999999986,-0.06999999999999984,-0.006872879287761952,1.8674071715646692
2022-12-01,-0.0007359216479094117,0.01821784239630758,-0.012308914509076405,0.0031275770565535343,2.9877001095476485,45.61000061035156,-7.5,-0.020000000000000018,-0.06000000000000005,-0.15000000000000036,0.6780730669909663,-0.19069418382981057
2022-12-02,-0.0011544897362915179,-0.0034616677176241193,-0.0010621605326127284,-0.008696335930977288,2.9475918702062436,45.7599983215332,-1.1499938964843608,-0.050000000000000044,-0.06000000000000005,-0.020000000000000018,-1.3049451927918079,-0.22551219020932103
2022-12-05,-0.01815310823856977,-0.01730780530272015,0.008114311623352806,-0.030825283804969506,3.0325462466767075,45.40999984741211,7.8799972534179545,-0.040000000000000036,-0.039999999999999813,0.0900000000000003,1.3600311841710337,-1.3694043297887961
2022-12-06,-0.014519633941776808,0.0027336344458788004,0.0007025884895952324,-0.037462038019639,3.098740027069535,46.36000061035156,2.589996337890625,-0.019999999999999907,-0.020000000000000018,-0.0900000000000003,-0.5714413396336969,-1.0916592374494742
2022-12-07,-0.0017027331507448286,0.008998493556537802,-0.003165192155909628,-0.02452018829466023,3.1214834923152734,47.90999984741211,2.010009765625,-0.010000000000000009,-0.020000000000000018,-0.08999999999999986,0.3593115105604039,-0.23012391428515
2022-12-08,0.0078035443505568135,0.0008413425277820795,-0.003175242416717297,-0.014878439020829535,3.104138188471233,47.16999816894531,-1.5600128173828125,0.010000000000000009,-0.040000000000000036,0.06000000000000005,-0.615327685248867,0.3692445962825311
2022-12-09,-0.007498316671559848,0.0035378943750204003,0.002117948122761387,0.0022300008026050564,3.1280754571998757,46.93000030517578,3.25,0.06999999999999995,-0.010000000000000009,0.08999999999999986,0.33451457051208017,-0.5513242389634536
2022-12-12,0.014314325371828859,-0.008294841833501867,0.0007049870559556735,0.024518046656870587,3.2188758248682006,44.9900016784668,9.139999389648438,-0.020000000000000018,-0.020000000000000018,0.040000000000000036,0.39511811620249343,0.7412361846744813
2022-12-13,0.007541324341387413,0.016936889733695327,-0.008848027364253903,0.02226232880060566,3.1157350321154516,43.369998931884766,-6.8499908447265625,0.07000000000000006,0.030000000000000027,-0.10000000000000009,-0.32714638235149995,0.6115250212792329
2022-12-14,-0.00641417648546478,-0.0024359858905979824,-0.004632066035040671,0.022520092779482675,3.0511669515702105,41.81999969482422,-14.819999694824205,-0.030000000000000027,0.040000000000000036,-0.019999999999999574,-0.011922032267933563,-0.5976093198525049
2022-12-15,-0.024765713688220385,-0.016494600382901816,0.009242853212869075,-0.01812646536719302,3.1280754571998757,43.70000076293945,-9.0,-0.050000000000000044,0.020000000000000018,-0.050000000000000266,-0.05046650641155651,-2.2276582743024487
2022-12-16,-0.011876476774611714,0.008671019495160068,0.0017676861659463655,-0.019077266406641608,3.1188345077893618,42.290000915527344,2.3899993896484233,0.10000000000000009,0.010000000000000009,0.040000000000000036,-0.14867058022425175,-0.8682122538816391
2022-12-19,-0.008515894708869163,-0.0028218082489996433,0.00024942550995867035,0.017867134201542435,3.109953421046955,42.470001220703125,4.6699981689453125,0.009999999999999898,0.0,0.08999999999999986,-0.12681990980971888,-0.5753632888099248
2022-12-20,0.0013675196345136402,0.016458298941440037,-0.006791898894530911,0.0022677691303373783,3.0671222483295058,41.790000915527344,1.599998474121108,0.12,0.010000000000000009,0.1200000000000001,-0.18074150631581265,0.2285044721759243
2022-12-21,0.014841692582201615,-0.0016573862871153066,0.002507714718962405,0.02740708264822196,2.999226147602677,41.18000030517578,-4.919998168945327,0.030000000000000027,0.019999999999999796,-0.009999999999999787,0.7064438886865891,1.3084162929234489
2022-12-22,-0.014368736482821146,-0.012158980168932585,0.0014301278390605578,-0.005303498360812256,3.0896778551427397,41.79999923706055,-2.9499969482422017,-0.039999999999999925,-0.019999999999999796,-0.010000000000000231,-0.40272551936208073,-1.0341060092721819
2022-12-23,0.0057356638994204975,0.002993835039254722,-0.0003574382398145388,0.02364732560442004,3.0383127613015377,41.209999084472656,1.1199951171875284,0.009999999999999898,0.010000000000000009,0.08000000000000007,-0.159501546021541,0.6036376284456156
2022-12-27,-0.003951151603373222,0.008394677302769623,-0.0003574876371654373,0.00302483610944606,3.07500543682865,43.5,11.72000122070311,0.08000000000000007,0.020000000000000018,0.08999999999999986,-0.18928656920791948,-0.13867157859650492
2022-12-28,-0.012505819582245163,-0.004515989032750605,0.003568982213488034,-0.013757322820113613,3.0973858997126693,43.95000076293945,-4.819999694824219,0.04999999999999999,-0.010000000000000231,0.040000000000000036,0.2099883200357545,-0.7831680473262453
2022-12-29,0.017840245733662215,0.005582639597805041,-0.006074744588576038,-0.0007293859492675817,3.065258361112005,42.59999847412109,0.18000030517578125,-0.08000000000000002,0.0,-0.04999999999999982,0.36459460639670854,1.5583349905542498
2022-12-30,-0.0026376011737972277,0.004667758029330661,-0.0032310946095420253,0.0227938581394542,3.075928819068985,41.2599983215332,1.3600006103515625,-0.020000000000000018,-0.019999999999999796,0.04999999999999982,0.4770327918318307,-0.104295485301883
2023-01-03,-0.0042187362369113185,0.008335816871946341,0.01072977954297793,-0.03586593091765443,3.1311368939021276,44.13999938964844,8.360000610351562,-0.07999999999999996,0.039999999999999813,-0.08999999999999986,-0.5282877908728993,-0.12251150968141468
2023-01-04,0.007690527707405432,0.009367889939565922,-0.0035638164535887035,-0.050639836302035814,3.0914969059373636,45.83000183105469,-4.19000244140625,-0.06000000000000005,0.040000000000000036,-0.10000000000000009,-0.02857213912393981,0.9405627892243601
2023-01-05,-0.011479038053611036,-0.01252963086748756,0.009239698288591643,0.007437216194541976,3.1117359085477254,43.93000030517578,-6.25,-0.06999999999999995,-0.040000000000000036,0.020000000000000018,0.43258951438396825,-0.7685161716526
2023-01-06,0.022673270212074,0.01853466381119925,-0.013174566768438752,0.0007715925314888759,3.0506937919103403,42.93999862670898,-5.6599960327148295,0.050000000000000044,0.040000000000000036,-0.16000000000000014,-0.10239161130901571,2.219977345607873
2023-01-09,-0.0005672306043717207,0.0022426010679794787,-0.006111793680427091,0.016066376187913362,3.0896778551427397,42.75,2.7999954223632812,0.029999999999999916,-0.04999999999999982,-0.020000000000000018,-0.041246933736734666,-0.007029055596708706
2023-01-10,0.006988427212239082,0.003669304474491391,0.0007209531187178681,0.0003036010441630007,3.0243197266987147,41.59999847412109,2.8499984741210795,0.030000000000000027,0.0,0.08000000000000007,0.9299708357782351,0.6132794760751559
2023-01-11,0.012568622627436262,-0.0006870298860052756,0.0,0.0321043092803694,3.0487990017257656,41.18999862670898,-4.3499984741210795,-0.030000000000000027,-0.030000000000000027,-0.06999999999999984,-0.06098377015341016,1.0802824983908446
2023-01-12,0.0036341927540631497,0.011501603213231942,-0.009777358084494658,0.008195531655465079,2.9354513386173378,39.27999877929688,-2.8300018310547017,-0.029999999999999916,-0.020000000000000018,-0.10999999999999988,-0.6535075979672195,0.256260122655808
2023-01-13,0.0038718223371899648,0.011930333702592914,-0.00036399330750004996,0.020771010749681358,2.90962959528912,38.18999862670898,1.2100067138671733,-0.040000000000000036,-0.020000000000000018,0.06000000000000005,-0.2872591500517364,0.32735337413138904
2023-01-17,-0.0018333530167364243,-0.006566591290624395,0.0029080842347098553,0.011496791702374045,2.963209113374854,40.09999847412109,8.719993591308608,0.07999999999999996,-0.040000000000000036,0.03999999999999959,-0.6581093238190722,-0.1388863951643369
2023-01-18,-0.01591402758513131,-0.0028758838411488395,0.0,-0.019235450205709933,3.0125893981222767,39.25,-9.659996032714844,-0.039999999999999925,0.050000000000000044,-0.1599999999999997,1.44026846284968,-1.359863998072846
2023-01-19,-0.007306595240131706,0.015743931377470842,-0.002544090927209792,0.015417781683692396,3.0214000426107397,39.02000045776367,1.9199981689453125,-0.010000000000000009,0.030000000000000027,0.020000000000000018,-1.0729939327254248,-0.7101518454457741
2023-01-20,0.01845768756883424,-0.0033409804213138158,-0.001456609002752692,0.01350810912576627,2.9882040263508176,37.810001373291016,0.23000335693360796,0.039999999999999925,-0.010000000000000009,0.08999999999999986,0.12228686524838213,1.662963587925582
2023-01-23,0.011927131053695741,0.0018946378029897782,0.0014566090027525497,-0.0006990989545978417,2.986186833751468,37.29999923706055,-0.06999969482424717,-0.029999999999999916,-0.020000000000000018,0.040000000000000036,1.0008134027914357,0.8948092630993765
2023-01-24,-0.0010737611081045148,0.0036119840879409123,-0.001092297741381815,-0.01806426157569518,2.954910318770165,38.2599983215332,-1.9300003051757528,0.029999999999999916,-0.020000000000000018,-0.06000000000000005,-0.9729298674991378,-0.3101232507190393
2023-01-25,0.00037474686932039954,0.0045933937952083075,-0.003284070207703089,0.0041213859035260465,2.9486406620215058,38.540000915527344,-5.020004272460966,0.010000000000000009,0.020000000000000018,0.0,-0.08371318211570275,-0.1195337796139462
2023-01-26,0.010930348828184406,-0.00909651500360829,0.0025552349598549494,0.005938905488694923,2.930126492015865,38.119998931884766,-3.459999084472642,-0.030000000000000027,-0.050000000000000044,0.03000000000000025,-0.44674473952083654,0.8210009227291206
2023-01-27,0.0022949967766201125,-0.0013939615756237058,0.0014571396817297142,-0.020366726945741213,2.9183111389507133,38.59999847412109,-3.5800018310546733,0.010000000000000009,-0.030000000000000027,0.029999999999999805,0.4245384495898035,-0.0328616790560385
2023-01-30,-0.012626217395111336,-0.002570014931290955,0.003633746039015315,-0.020349561821725017,2.9927277913169226,40.18000030517578,3.0699996948242045,-0.029999999999999916,-0.009999999999999787,0.029999999999999805,0.5436299915569318,-1.4917705754290018
2023-01-31,0.014596401563952525,0.0036296165072691286,-0.002178567081260577,0.017756269695963556,2.9652730464058945,38.54999923706055,-4.2299957275390625,0.010000000000000009,0.029999999999999805,-0.029999999999999805,-0.1883718683115683,1.116863078603726
2023-02-01,0.010571675899479762,0.012518134528387544,-0.00949617275128057,-0.028682081449875,2.8831233761345922,37.9900016784668,-2.2099990844726705,-0.010000000000000009,0.010000000000000009,-0.1299999999999999,-0.14228424327740424,0.7615394977166867
2023-02-02,0.01445206801788799,-0.0209702840085377,0.006583854111796018,-0.011797357966781613,2.930126492015865,38.4900016784668,0.43000030517580967,0.010000000000000009,-0.030000000000000027,0.009999999999999787,-0.15942413787357382,1.07336655743807
2023-02-03,-0.010686125923515009,-0.025274496401227434,0.013038997698718472,-0.03314036422424884,2.9085390576893686,39.47999954223633,1.229995727539034,-0.08000000000000007,-0.04999999999999982,0.1299999999999999,-0.010137543863223736,-1.4401637591845262
2023-02-06,-0.006130014433157092,0.002073259184240806,0.005740894349723116,0.0169364858371267,2.966818279095771,38.91999816894531,6.6399993896484375,-0.040000000000000036,-0.06000000000000005,0.10000000000000009,0.6372577895398178,-0.8790092393007344
2023-02-07,0.012993928269513191,0.0009200023760844002,-0.0017905604130074883,0.033921939229015846,2.926382187241926,37.310001373291016,-2.4799957275390483,0.010000000000000009,0.010000000000000009,0.040000000000000036,-0.14039676009190677,0.882511271840549
2023-02-08,-0.010995068224120049,0.002468544755507998,0.0010747680482526534,0.01348595860249737,2.9770589655357758,37.02000045776367,-2.4000015258789062,-0.019999999999999907,0.050000000000000044,-0.040000000000000036,-0.30981587969009405,-1.4388258869650068
2023-02-09,-0.008707126655889035,-0.007943887464013586,-0.0014332809124436518,-0.011127525428619237,3.030616631200474,35.75,1.6999969482422017,0.009999999999999898,0.010000000000000009,0.040000000000000036,-0.07871865444640957,-1.1063162954608594
2023-02-10,0.0023310501783901693,0.0019053779351280687,0.003221762876444504,0.028305896830148548,3.021887264476799,35.88999938964844,7.180000305175753,0.050000000000000044,0.010000000000000009,0.07000000000000028,-0.2569088484662305,0.034021080347547646
2023-02-13,0.011670751092322589,-0.005089097798950408,-0.0028632500122534803,-0.005309659303502353,3.0125893981222767,37.77000045776367,1.0400009155273722,-0.040000000000000036,-0.010000000000000009,-0.020000000000000018,-0.3541592912584472,0.9901776494072407
2023-02-14,-0.0004603853674146389,0.000753454984742333,-0.0007171543059548512,-0.0014398630712601167,2.9396908746012023,36.66999816894531,-0.08000183105470171,-0.029999999999999916,-0.030000000000000027,0.04999999999999982,0.4116794019614192,-0.22123183917393063
2023-02-15,0.003242170771624588,-0.010014646847400324,0.006791898894530852,-0.005490620466743966,2.903068563580112,35.70000076293945,-1.9499969482421875,0.019999999999999907,0.010000000000000009,0.040000000000000036,0.6404242007833999,0.15036157720661336
2023-02-16,-0.013864462265866821,-0.0008195726363130796,0.001423940344859818,-0.008292761882037352,3.004196355748666,35.029998779296875,2.3700027465820455,0.050000000000000044,0.020000000000000018,0.04999999999999982,0.10662093734352444,-1.5024534032462022
2023-02-17,-0.002501472896030744,0.002982339072148569,-0.0007117167216882288,-0.02111247493007664,2.9967317967523925,36.040000915527344,-0.9000015258789205,-0.020000000000000018,0.04999999999999982,-0.040000000000000036,-0.8248047577601486,-0.4358157584953264
2023-02-21,-0.020264940785585203,-0.0037440046605545256,0.00319886053354125,-0.004935978968133384,3.129826044730509,37.04999923706055,9.510002136230483,0.06000000000000005,-0.019999999999999796,0.13000000000000034,-0.350472877091598,-2.2131512097897135
2023-02-22,-0.0013789961217707187,-0.0056423768979153,0.0031887380231499,-0.02689933881089072,3.104138188471233,38.36000061035156,-1.4100036621093892,-0.010000000000000009,-0.020000000000000018,-0.020000000000000018,0.7113406137434315,-0.16674757671582371
2023-02-23,0.005305440201459045,-0.0005305918526508474,0.0003536170644861285,0.022240050473573206,3.0511669515702105,36.68999862670898,-0.7600021362304545,-0.050000000000000044,0.010000000000000009,-0.050000000000000266,0.2941989514436114,0.5422503088895129
2023-02-24,-0.010739884251809544,-0.0072206822499255125,0.007398296239422689,0.010788256322086997,3.075928819068985,37.25,5.389999389648423,-0.04999999999999993,0.0,0.07000000000000028,-0.8272172865830066,-1.0467865858107785
2023-02-27,0.0033999968853499424,0.003912670406128105,-0.005278906234267367,-0.01274855637093305,3.042138682785304,37.54999923706055,-2.80999755859375,-0.030000000000000027,0.010000000000000009,-0.03000000000000025,0.4613138878508619,0.3663297465215677
2023-02-28,-0.0037028986358089164,0.004545621851780495,0.0028188583993271205,0.014386567493651187,3.0301337371283013,35.41999816894531,3.5699996948242188,-0.030000000000000027,0.029999999999999805,0.0,-0.3906466447719173,-0.27876235217893786
2023-03-01,-0.0038431858446860813,0.005755555600934512,-0.005291865468968646,0.012714550616613331,3.0243197266987147,36.630001068115234,-2.5199966430664205,0.010000000000000009,-0.05999999999999983,0.08999999999999986,-0.10802933238868233,-0.26484947974526274
2023-03-02,0.007747202828836286,-0.000585735153896139,0.005291865468968514,0.003373228281813805,2.97501923974552,35.61000061035156,3.040000915527372,0.06999999999999995,-0.020000000000000018,0.07000000000000028,0.6942180805331523,0.8473958780436386
2023-03-03,0.015910588203060717,0.010666001055863707,-0.0038779919252606254,0.022583436857057777,2.917230033020351,35.20000076293945,-1.6000061035156392,-0.07999999999999996,-0.030000000000000027,-0.10999999999999988,-0.5674693762250986,1.774157224382693
2023-03-06,0.0006925330166873695,-0.0050565936951402655,-0.0014138735437080644,0.008977577364876187,2.923699103451126,33.029998779296875,5.670005798339844,-0.020000000000000018,0.0,0.009999999999999787,-0.014654325671201663,0.1474683144370722
2023-03-07,-0.015447534963096516,-0.017635068390636166,0.012304634218534796,-0.03817146168846966,2.97501923974552,33.7599983215332,5.1399993896484375,-0.12,0.0,-0.009999999999999787,0.09188267226709357,-1.505204980740278
2023-03-08,0.001631014125833993,-0.0004745630282821619,-0.0003494920559471578,-0.011115342554609482,2.9502117901910383,33.38999938964844,-3.57000732421875,-0.040000000000000036,0.0,0.009999999999999787,-0.30538164955118174,0.342075485775252
2023-03-09,-0.018622347697092978,0.00980112770009771,-0.0028001886418795247,-0.012899543410116997,3.1183923132846396,34.86000061035156,-0.4799957275390625,0.10000000000000009,0.06000000000000005,-0.04999999999999982,0.3230090864677482,-1.811127631305813
2023-03-10,-0.014534398392656304,0.021333667247723984,-0.006329125290207266,0.013495504634011979,3.2108436224072485,36.7599983215332,10.779998779296875,0.06999999999999995,0.10999999999999988,-0.22999999999999998,0.524747055372059,-1.2107032448246027
2023-03-13,-0.0014264566328019345,0.022688861946558777,-0.009213426787191885,-0.02855393625835679,3.2778991825787354,38.130001068115234,33.529998779296875,0.42000000000000004,0.18000000000000016,-0.15000000000000036,0.30246793587794785,0.15512181846430342
2023-03-14,0.01639498644209046,-0.005807897981361377,0.0,-0.03620304381451234,3.1667400511571677,47.40999984741211,-3.94000244140625,-0.08000000000000007,-0.03000000000000025,0.0900000000000003,0.08443921314939788,1.9405900633572377
2023-03-15,-0.00627388736546609,0.007773838437142398,0.010623313418124272,-0.04734515474921716,3.2634666848467426,49.77999877929688,0.0,0.14000000000000007,0.11000000000000032,-0.13000000000000034,-0.3977226122617538,-0.4087243955328479
2023-03-16,0.017393031397563454,0.0020180543660701534,-0.001057267241078383,0.0004996881818491839,3.1350593288193775,48.650001525878906,-1.6899871826171875,-0.15999999999999998,-0.06000000000000005,0.050000000000000266,0.14662269601028735,1.9873644175463807
2023-03-17,-0.011761670196456445,0.028704276731304438,-0.0056576633898223865,-0.02341947487284306,3.23907054112596,51.47999954223633,12.149993896484375,0.15999999999999998,0.04999999999999982,-0.16999999999999993,0.21029990649915037,-0.8865638789734929
2023-03-20,0.009569682577064613,0.00038079522406509364,-0.005689932973811772,0.019080377257115984,3.184284364302734,51.13999938964844,2.529998779296875,-0.030000000000000027,-0.020000000000000018,0.08000000000000007,-0.3991854541353824,1.0918192862059788
2023-03-21,0.013045210206303774,-0.019055524569337897,-0.00035672252177450535,0.02379881980853396,3.0624558663436994,48.119998931884766,-20.330001831054688,-0.12999999999999995,-0.08000000000000007,0.11999999999999966,-0.4351748544359258,1.3029902839368768
2023-03-22,-0.01719370928845674,0.016877382247649345,-0.007520167262821084,0.006186946919446414,3.1027913561296017,46.970001220703125,-19.470001220703125,0.09999999999999998,0.050000000000000266,-0.10999999999999988,0.7403176631601137,-1.4083545326529894
2023-03-23,0.002699691128952828,0.012460224063676011,0.0014368846281294675,-0.010114261104450387,3.1183923132846396,46.900001525878906,8.55999755859375,0.09999999999999998,0.09999999999999964,-0.10000000000000009,-0.12500833220983124,0.2946904125940835
2023-03-24,0.006540632678801433,-0.011316136891165252,0.006083282634691574,-0.000492047468827646,3.07915387116492,48.36000061035156,22.260009765625,0.0,-0.019999999999999574,0.0,-0.14886642053628385,0.6134930776747854
2023-03-27,0.001868257224394242,-0.009299831745516749,-0.0032160849698371786,0.0510062184878568,3.025291094313483,45.40999984741211,-11.990005493164062,-0.02999999999999997,-0.050000000000000266,0.1499999999999999,-0.14366951815094758,0.1985550091040873
2023-03-28,-0.0022472018537220955,0.008155744573006158,-0.003585460675821182,0.006216049722321394,2.994231113043872,44.310001373291016,-5.709991455078125,-0.06,0.0,0.020000000000000018,-0.1857545636197977,-0.21778418276298658
2023-03-29,0.014430197527832367,-0.0049731154716589265,0.0025112345210540083,-0.00621604972232142,2.9507349515162145,43.33000183105469,-5.3800048828125,-0.040000000000000036,-0.040000000000000036,0.020000000000000018,0.07553225366277104,1.2951552789547167
2023-03-30,0.005838306417816469,0.008998964139577773,-0.004668650481641148,0.018074148582498593,2.9454910811847346,42.02000045776367,-9.339996337890625,-0.040000000000000036,-0.040000000000000036,-0.020000000000000018,-0.4280793371956419,0.43537288479183606
2023-03-31,0.013996072307934865,-0.0052258772770236855,0.0035931117969059912,0.01700105806087059,2.928523564659441,40.34000015258789,-5.3100128173828125,-0.029999999999999916,0.0,-0.06999999999999984,0.5604782882045161,1.0991293531586717
2023-04-03,0.00380336485887776,0.00717858251921089,-0.004673686255754525,0.05604559594105038,2.9204697479246318,39.4900016784668,2.2400054931640625,0.039999999999999925,0.0,-0.04999999999999982,0.036500649424778264,0.1903653003958402
2023-04-04,-0.005563577273796678,0.018469345695108275,-0.003971808868102116,0.0,2.9444389791664403,39.41999816894531,9.580001831054688,0.050000000000000044,-0.009999999999999787,-0.08000000000000007,0.027222828295722815,-0.573172820285641
2023-04-05,-0.0026215941895364023,-0.0007982432900846041,0.002890144622478964,-0.0004269985186173289,2.9486406620215058,39.13999938964844,6.149993896484375,0.0,0.040000000000000036,-0.050000000000000266,-0.3535459176134872,-0.28675987191586316
2023-04-06,0.0038931220591936367,-0.007159660374899593,0.0007212131276658667,0.00028475832877019545,2.9123506438828897,34.7599983215332,-6.1699981689453125,-0.030000000000000027,-0.03000000000000025,0.0,-0.9880125496650121,0.23898974315889449
2023-04-10,0.0010257528198569983,-0.007427401530065852,0.005751291679666679,-0.007141867019033599,2.9428587477505324,34.310001373291016,-4.7299957275390625,-0.06999999999999995,-0.020000000000000018,0.11000000000000032,1.0603482135003346,-0.033484475141055715
2023-04-11,0.0002686195140745862,0.00630066529229023,-0.0035906890549341043,0.0186044923214934,2.949688355024821,34.22999954223633,-3.220001220703125,-0.010000000000000009,-0.040000000000000036,0.020000000000000018,0.28669573105483565,-0.20737666389257603
2023-04-12,-0.0040842182169397315,0.0048732452945133,-0.005410205421513614,0.018955279875836988,2.9491646457307357,33.7400016784668,-10.100006103515625,0.05999999999999994,0.03000000000000025,-0.020000000000000018,-0.3470310676715482,-0.7763124645901104
2023-04-13,0.013195167728638511,0.013425150587981827,-0.004712734098589043,-0.00873606386285562,2.8791984144362717,32.779998779296875,-9.729995727539048,0.030000000000000027,-0.010000000000000231,0.040000000000000036,0.8543107027440097,1.112401316859195
2023-04-14,-0.0024457161840988847,-0.017869017219899003,0.005797055957134952,0.004030769059586438,2.8373225189284472,32.5099983215332,-1.1100006103515767,-0.050000000000000044,-0.020000000000000018,0.06999999999999984,-1.9103178489822068,-0.575098023002454
2023-04-17,0.003581911473720227,-0.004463702764476622,0.00504510085846567,-0.01749152639822538,2.8302678788376356,32.93000030517578,3.850006103515611,-0.019999999999999907,-0.029999999999999805,0.08000000000000007,0.2956346598304649,0.07271946813172742
2023-04-18,0.000651989385246012,0.0038732698004284223,-0.0036010330478961922,-0.0015539027099905924,2.8231630036695035,33.689998626708984,0.08999633789063921,-0.030000000000000027,-0.010000000000000231,-0.020000000000000018,1.2900682964971257,-0.19705898798342625
2023-04-19,-0.00016898779909258735,-0.004789973842757965,0.0021622387044715665,-0.020424908276372868,2.8009331396275767,34.439998626708984,1.2399978637695312,-0.030000000000000027,0.0,0.020000000000000018,-0.36880358996307533,-0.39893857466081817
2023-04-20,-0.005472019037560175,0.003930524556986942,0.0,-0.024836989756020837,2.8431636793528288,36.40999984741211,-3.4099960327148438,0.040000000000000036,0.040000000000000036,-0.06000000000000005,-0.2648170724533048,-1.0527846248781323
2023-04-21,0.0007765844713816969,-0.009936876904451981,-0.0010805744588485641,0.00898320776769644,2.8195916031316988,35.16999816894531,0.2299957275390625,0.0,-0.009999999999999787,0.029999999999999805,0.17754489423854555,-0.10299005904039218
2023-04-24,0.0010427066962894183,0.0030347260178606155,-0.003248509069901861,0.015131976823006441,2.826721694682848,34.279998779296875,5.44000244140625,0.0,0.0,-0.04999999999999982,0.23530180690894964,-0.22804427548719525
2023-04-25,-0.016001269813289865,0.0050734265105619545,0.004689015694895667,-0.02381930716981419,2.931726955778603,36.63999938964844,10.850006103515625,0.13999999999999996,0.04999999999999982,-0.1200000000000001,-0.2959845896248855,-3.1189259058338688
2023-04-26,-0.004244419585000852,-0.005452222698836941,-0.003243904522089227,-0.033993378007582085,2.935982277247362,39.25,-6.7400054931640625,-0.009999999999999953,0.020000000000000018,0.03000000000000025,0.19401324152632302,-0.7810631257508374
2023-04-27,0.01971224545308519,5.4098929279614626e-05,0.00036089236509860096,0.006861305480174958,2.8349765349943556,37.7599983215332,-7.959999084472656,-0.07000000000000006,-0.040000000000000036,0.09999999999999964,0.15051633501475747,2.643264471436051
2023-04-28,0.008499236554607997,0.0002706158931134578,0.0014425055319968534,0.025355832508257625,2.7587432984957503,35.630001068115234,0.029998779296875,-0.05999999999999994,0.010000000000000231,-0.08999999999999986,-0.5124829418403909,0.7996505674415991
2023-05-01,-0.001010387393844908,-0.004501468248394752,0.005032327697518266,-0.014174007180748318,2.777576259006172,35.939998626708984,5.719993591308594,0.04999999999999993,-0.020000000000000018,0.1499999999999999,1.531588438480874,-0.34771620245086265
2023-05-02,-0.01130288484993034,0.01911282169964554,-0.0025129588952452,-0.054025540387353785,2.87807426870474,39.47999954223633,9.370010375976562,0.020000000000000018,0.10000000000000009,-0.1499999999999999,-0.5557156269853278,-1.634792411019631
2023-05-03,-0.006887759075546622,0.00844333039400111,-0.005406463694772569,-0.044430100076951085,2.909084475148269,43.22999954223633,-3.0500030517578125,0.020000000000000018,0.040000000000000036,-0.06000000000000005,-0.5786285365322391,-0.9212438721921472
2023-05-04,-0.007108118718585318,0.0070083375794598906,0.0010836969954040228,0.006445760401040478,3.000222186422059,43.75,6.2100067138671875,0.13,0.040000000000000036,-0.009999999999999787,-0.28711048055282323,-0.872052101960443
2023-05-05,0.018343357428504653,-0.015771672012865216,-0.0014451111728064122,0.037667073523529444,2.8443278504626814,37.34999847412109,-10.5,-0.09999999999999998,-0.040000000000000036,0.06999999999999984,-0.03953314290675514,2.3988709249606504
2023-05-08,0.0002665000468008727,0.0012261535425393925,0.001445111172806473,0.01932660277326006,2.83203615392421,35.540000915527344,4.8600006103515625,0.0,0.0,0.08000000000000007,1.126458355356935,-0.03608336007916797
2023-05-09,-0.004394859706708458,0.007061173494320532,0.0032439045220893355,0.009447922633489923,2.8741294000992386,35.130001068115234,-1.1400146484375,0.0,0.009999999999999787,0.009999999999999787,-0.6467673313729385,-0.5481773666558885
2023-05-10,0.004661365564903784,-0.0014294640409970906,-0.0018009577429510947,-0.007426977493639411,2.8296777207503316,34.130001068115234,-8.329994201660156,0.010000000000000009,0.04999999999999982,-0.09999999999999964,-0.8526476041223702,0.5106523282301909
2023-05-11,-0.001745447552027435,-0.008619799546280105,0.006467932043876961,-0.017863204463481844,2.829087214170784,35.7400016784668,2.6100082397460938,-0.030000000000000027,-0.009999999999999787,-0.040000000000000036,0.8033728383135982,-0.2372916130877749
2023-05-12,-0.0013112997866706806,-0.0017115440993110906,0.006426288549799934,-0.01883235209870723,2.8349765349943556,37.31999969482422,-7.690010070800781,-0.020000000000000018,-0.040000000000000036,0.06999999999999984,0.203653206138088,-0.2019548243467602
2023-05-15,0.003444202654184749,0.002138972799392871,-0.002851083228768315,0.014713234771474664,2.8402474197342373,35.15999984741211,7.370002746582031,0.030000000000000027,0.06000000000000005,0.040000000000000036,-0.6523672302281386,0.43855910986718116
2023-05-16,-0.00670518063831965,-0.01257816833072297,0.0024951225265055325,-0.007169643611633441,2.8898160352397158,35.97999954223633,2.410003662109375,-0.030000000000000027,0.009999999999999787,0.040000000000000036,-0.38934944978405334,-0.8088159963179923
2023-05-17,0.012065965434376059,-0.003467895133703437,0.0017784598458548569,0.03240802049937566,2.825536946304965,36.43999862670898,-9.520004272460938,-0.030000000000000027,-0.020000000000000018,0.029999999999999805,0.5253752061906913,1.4778653215312307
2023-05-18,0.009587008259665889,-0.0130577944134065,0.007434966941337034,-0.008706484743445873,2.7757088020408553,36.02000045776367,1.720001220703125,-0.039999999999999925,-0.05999999999999961,0.08000000000000007,0.618707179469223,1.0662049320750897
2023-05-19,-0.0014561057545595002,0.009850156652287684,-0.002825828230500749,-0.0021885171620354663,2.8219739156502905,35.849998474121094,5.010002136230483,0.010000000000000009,-0.020000000000000018,0.050000000000000266,-0.6368377863116298,-0.22348792599711176
2023-05-22,0.0004059696682806962,-0.002344243508491738,0.0007071091281455284,0.00015645601198915416,2.8454905570260416,35.52000045776367,4.7799911499023295,0.010000000000000009,0.009999999999999787,0.020000000000000018,1.2742097446875233,-0.04065321509454839
2023-05-23,-0.011286310309173741,0.0012000108481294142,0.0028239108903399227,0.014909468290103724,2.9193910773531506,35.11000061035156,-0.589996337890625,0.009999999999999898,0.0,-0.020000000000000018,-0.9320522265354706,-1.3339745698413792
2023-05-24,-0.00727097943428653,-0.008101176111367243,0.0035185957735086996,0.012104658282519509,2.9972311839585806,35.86000061035156,0.589996337890625,-0.019999999999999907,-0.009999999999999787,0.029999999999999805,0.6527205682985463,-0.7913644497009761
2023-05-25,0.008622628590946568,-0.00966457904681634,0.0045558354440472385,-0.024201679471242323,2.9517803541360115,36.7400016784668,7.25,-0.09000000000000008,-0.08000000000000007,0.10000000000000009,-0.2373044986609302,0.910900921489168
2023-05-26,0.01286735992632367,0.003987606250000357,-0.0003496598330206561,0.011017362077227788,2.8875901574378777,35.95000076293945,5.8300018310546875,-0.06999999999999995,0.0,-0.03000000000000025,-0.07665331855821343,1.3084949800385817
2023-05-30,0.00038099349476817325,0.006171471778321201,-0.0010499440418803416,-0.03934423690606759,2.8599124979757535,39.68000030517578,-4.0099945068359375,-0.030000000000000027,0.040000000000000036,-0.10999999999999988,-0.6845141634860445,-0.05890447890693946
2023-05-31,-0.0055605591777213486,0.001537018842589403,0.0017492948014471577,-0.027171575846606393,2.8870328863997474,40.68000030517578,-5.339996337890625,0.010000000000000009,0.020000000000000018,-0.04999999999999982,0.8685063623537248,-0.7437365376819844
2023-06-01,0.00945606166077789,0.007867103377943694,-0.011955142162587628,0.03117638701506476,2.7504708926110992,40.5,-11.390007019042983,0.040000000000000036,-0.010000000000000231,-0.03000000000000025,-0.8910815063926097,1.1165810137250936
2023-06-02,0.014357629101475549,-0.014857275420164927,0.010555951209663055,0.025257890132107705,2.681021554842354,39.59999847412109,-3.680000305175753,-0.09000000000000008,-0.040000000000000036,0.08000000000000007,-0.11851981962782394,1.6348686678583202
2023-06-05,-0.0019180152529158522,0.0060023657211361265,-0.0017515924619643563,-0.0018724103815936021,2.689886199397575,37.45000076293945,-1.8699951171875284,0.040000000000000036,-0.009999999999999787,0.0,0.32108858038632937,-0.5060428601080686
2023-06-06,0.0021749201285746235,0.0010974372841259582,0.003150783414888928,-0.0037552518600890913,2.6361961000668175,36.06999969482422,-4.660003662109347,-0.040000000000000036,-0.020000000000000018,0.010000000000000231,-0.7531799168278832,-0.04220865205261132
2023-06-07,-0.003463574164404746,-0.012083252758880945,0.000349492055947211,0.014319282314944294,2.634762375230749,34.130001068115234,6.080001831054673,0.040000000000000036,-0.020000000000000018,0.08999999999999986,0.6418790965742079,-0.7244585015136461
2023-06-08,0.006030255740617423,0.013124733073092816,-0.008068919357101535,-0.01950596319280785,2.6137394936844682,35.18000030517578,-5.3899993896484375,-0.020000000000000018,0.009999999999999787,-0.06000000000000005,-0.20616662948808967,0.6136146044091754
2023-06-09,0.0017928465062672842,-0.002688130119841765,0.003165188345541668,-0.00838676933991773,2.626840140160113,33.70000076293945,0.6599960327148438,-0.04999999999999993,-0.020000000000000018,0.020000000000000018,-0.5101029684927099,-0.03760543490664593
2023-06-12,0.00903089484740704,-0.0008792504640156504,0.00035101009693412415,-0.04368639103365808,2.7087166608939937,36.34999847412109,4.030006408691392,0.020000000000000018,0.050000000000000266,-0.020000000000000018,1.257127111053333,0.9898176104629167
2023-06-13,0.0065712669953434605,-0.00739483312084137,-0.0031639985450047517,0.03105328278806812,2.681706202263446,32.380001068115234,-1.0,-0.010000000000000009,-0.10000000000000009,0.10999999999999988,-0.6108112301774868,0.5670126612575418
2023-06-14,0.0011901437020470018,0.0005537743402144653,-0.004941734518431688,-0.005001180957882786,2.630448963323681,33.65999984741211,-4.430000305175753,-0.08000000000000007,-0.06000000000000005,-0.009999999999999787,0.28411587975456654,-0.2230989771060664
2023-06-15,0.012321345983323908,0.007005982383035867,-0.005677818094900715,0.025232862120753194,2.6741486494265287,33.06999969482422,-7.0300064086914205,0.010000000000000009,0.08000000000000007,-0.10999999999999988,-0.7306057787198273,1.3181960733732676
2023-06-16,-0.0034119849078670696,-0.0015404017609148208,0.001777671640922711,0.014715335024382634,2.605648264666775,32.9900016784668,-2.9099960327148438,-0.030000000000000027,-0.06000000000000005,0.04999999999999982,-0.2270243111678943,-0.9696209829678158
2023-06-20,-0.005201695366752668,-0.010404681043488588,0.0028379354241710505,-0.0067046375179717135,2.630448963323681,34.75,0.0,-0.009999999999999898,-0.010000000000000009,-0.029999999999999805,1.3260121161753773,-1.133090756072443
2023-06-21,-0.005136850883914143,-0.0014474699268161662,-0.004615607065093671,0.017370206503946998,2.5802168151427143,33.2599983215332,6.409996032714844,-0.020000000000000018,0.010000000000000009,-0.020000000000000018,-1.1812983404756139,-1.0203047944285153
2023-06-22,0.003603160666744423,-0.009966480697039254,0.0035524220849608478,-0.03951596644077717,2.5580021930391945,34.93000030517578,-3.1399993896484233,-0.010000000000000009,-0.020000000000000018,0.07999999999999963,0.10665956447841728,0.21988204993210805
2023-06-23,-0.007588691979251074,0.0027534519339434175,0.005305043999968311,-0.0016008053669417511,2.598235303873522,35.36000061035156,-1.9599990844726847,0.0,0.020000000000000018,-0.05999999999999961,0.017306420906407875,-1.3340998770295158
2023-06-26,-0.0040941879146918015,0.0017380933759117798,-0.00105883715063656,0.0049540873030774445,2.6567569067146595,36.66999816894531,3.279998779296889,0.039999999999999925,0.020000000000000018,-0.020000000000000018,0.7122820388157933,-0.9174584332531063
2023-06-27,0.010903815209298433,-0.00460411859047838,-0.0024748334649098962,-0.02305996431511607,2.6203112701361366,39.29999923706055,1.8300018310546875,-0.039999999999999925,-0.040000000000000036,0.04999999999999982,-0.164899650692486,1.237026542914404
2023-06-28,0.0005041912725435475,-0.002310076023493695,0.004591233260534815,0.019706682378980274,2.5974910332585845,36.86000061035156,-2.5499954223632955,-0.030000000000000027,0.020000000000000018,-0.06000000000000005,0.1786548446979704,-0.30031633418885934
2023-06-29,0.0039335402075982885,-0.0010723394318449203,0.004219409360496645,0.007013076692583431,2.605648264666775,35.41999816894531,5.149993896484403,-0.020000000000000018,-0.040000000000000036,0.14000000000000012,-0.26045093819070575,0.2966009781160702
2023-06-30,0.011731650313275253,0.006641221688667137,-0.004219409360496633,0.00932739606238649,2.609334239391006,33.279998779296875,-2.809997558593764,-0.040000000000000036,-0.040000000000000036,-0.040000000000000036,-0.19675823173557708,1.4647336906008688
2023-07-03,0.0011499607884978586,0.001121247777740352,0.001056599779790092,-0.002520874962561413,2.607861451357774,33.880001068115234,0.12999725341796875,-0.020000000000000018,-0.029999999999999805,0.04999999999999982,-0.39386512175074057,-0.27888830447388113
2023-07-05,-0.001488369266011716,-0.003536277643963551,0.004565434764820885,0.019372546110228928,2.651832542625545,33.90999984741211,-0.23999786376953125,0.09000000000000008,-0.020000000000000018,0.0900000000000003,0.7427243676373879,-0.6342333260003906
2023-07-06,-0.007861594055744776,-0.002984649764026069,-0.0024558096281060158,-0.002944060582513099,2.7369615174193824,35.130001068115234,24.100006103515625,0.050000000000000044,-0.030000000000000027,0.09999999999999964,-1.21407611890849,-1.6456119194362526
2023-07-07,-0.002527836876367611,0.007473004815488796,-0.008465646581328864,0.021644808821972887,2.6966521510052726,34.54999923706055,-4.220001220703125,0.05999999999999994,0.010000000000000009,0.009999999999999787,0.8303357236152975,-0.6568373043727911
2023-07-10,0.0025278368763676667,0.0007833887164984092,-0.002482733266789808,-0.004718747777594178,2.7127059923878547,38.34999847412109,1.3199920654296875,0.040000000000000036,0.050000000000000044,-0.04999999999999982,-0.870115827930065,0.19031097676024653
2023-07-11,0.00634851267980449,0.003740607755698653,-0.002488834500566604,0.022479604918916412,2.697326248021437,32.43000030517578,-4.659996032714844,-0.050000000000000044,-0.020000000000000018,-0.019999999999999574,-0.03532834928608325,0.7646851440146123
2023-07-12,0.008013593773780466,0.013450555215707776,-0.0118174875336947,0.012453889025373385,2.605648264666775,32.689998626708984,-13.0,0.030000000000000027,0.039999999999999813,-0.13000000000000034,0.8582671664698072,1.0294477136866906
2023-07-13,0.007905539837652078,0.0007144446386037296,-0.006867926592741662,0.01781579831184591,2.6108047914376025,30.040000915527344,-2.3199996948242188,0.030000000000000027,0.030000000000000027,-0.10000000000000009,-0.1610300006583368,0.9407317859227204
2023-07-14,-0.0006229554971082227,-0.0031917364290749563,0.0018119731453789252,-0.023726876763924383,2.5907670519258503,30.0,0.7300033569335938,-0.08000000000000007,-0.039999999999999813,0.07000000000000028,1.0009513119159594,-0.3970074802526558
2023-07-17,0.0034662108965543875,0.0007163001287564502,-0.0010868375443057353,-0.013278813083414852,2.601207071525431,31.34000015258789,1.0199966430664062,-0.020000000000000018,0.029999999999999805,-0.020000000000000018,-0.28149109790392923,0.3106996654020797
2023-07-18,0.007403074742997873,0.011391151915954986,0.0007246895932221202,0.02051502368371844,2.5877640495686753,30.65999984741211,-1.0500030517577983,-0.009999999999999898,-0.010000000000000009,-0.010000000000000231,-0.4031273490494762,0.9240834783006859
2023-07-19,0.002221306750322228,0.00016334311378929522,0.00397611591306096,-0.00398078874419542,2.621765849139052,31.059999465942383,-5.259994506835966,-0.050000000000000044,-0.019999999999999796,-0.04999999999999982,-1.0325216189318298,0.13801532038674966
2023-07-20,-0.006656557726850724,-0.005076251540707413,0.005755350501377645,0.00530427935531673,2.638342772317001,30.14999961853028,5.659996032714858,0.040000000000000036,-0.020000000000000018,0.10000000000000009,1.9474872241009067,-1.4381569124470186
2023-07-21,0.0,-0.0030692385170081175,0.002865379639232181,0.013718761650376823,2.6100698207912507,29.64999961853028,-6.189994812011719,-0.030000000000000027,0.0,-0.010000000000000231,-1.1696442890381462,-0.27283361747297374
2023-07-24,0.004457372315552337,-0.004290665079151833,0.0035701780504519367,0.024342619125992702,2.632607994965697,30.11000061035156,3.2899932861328267,0.030000000000000027,-0.010000000000000009,0.020000000000000018,0.26859162031767253,0.4574511561856167
2023-07-25,0.002726357054720484,0.005552416740763579,-0.001069707880344423,0.006626759541005295,2.6290069689909954,30.6299991607666,3.0699996948242045,0.010000000000000009,-0.030000000000000027,0.050000000000000266,-1.0290706891756396,0.14607573821445016
2023-07-26,0.00015365114872323122,0.004867250719562017,-0.0028581350903773292,-0.007051220502475625,2.5794589349159778,29.96999931335449,-8.139999389648452,-0.020000000000000018,0.020000000000000018,-0.050000000000000266,1.7646927040551768,-0.4217971391725436
2023-07-27,-0.006652221709665545,-0.015836715414990758,0.009259285275540879,0.010838259681066843,2.667922399422403,29.1200008392334,6.270004272460952,0.05999999999999994,-0.050000000000000044,0.1499999999999999,-0.8385984888269897,-1.8101801992061757
2023-07-28,0.009742840106552556,0.007949707574281263,-0.0014188890889018093,0.009197334178098126,2.5900171284671405,29.40999984741211,-1.3899993896484233,-0.010000000000000009,0.020000000000000018,-0.04999999999999982,-0.14636609988183752,1.5642634984808472
2023-07-31,0.0019021408647575107,0.002690787072191872,0.0017732581565250384,0.014870188253919291,2.6122732541046934,28.479999542236328,2.269996643066392,0.0,-0.030000000000000027,0.010000000000000231,-0.014186369749294245,-0.05326851559693672
2023-08-01,-0.0028655750651457312,-0.010418766955581723,0.00459618024276775,-0.0028741426535443494,2.6340448096995233,28.350000381469727,4.3499984741210795,0.040000000000000036,0.0,0.07999999999999963,0.6257058997644127,-0.9227432466526373
2023-08-02,-0.014008434153357167,-0.004776993918500052,0.003521150656140426,-0.020493595963246597,2.7781979704876907,28.739999771118164,-1.2299957275390483,0.06999999999999995,0.050000000000000044,0.03000000000000025,-0.22184325733044089,-3.0844755759955578
2023-08-03,-0.002869920259256943,-0.00033420291832367705,-0.0007033623763165435,0.022957667121775823,2.7675761852085703,28.540000915527344,9.449996948242188,0.10000000000000009,0.020000000000000018,0.1200000000000001,-0.6701389707813986,-0.5887539026732805
2023-08-04,-0.004533067348292412,0.003613876354074006,-0.0049365073821791465,0.008847829101217144,2.8390784858167852,28.059999465942383,-8.689994812011719,-0.030000000000000027,0.05999999999999983,-0.15000000000000036,-0.02655095292783717,-0.8494603617451135
2023-08-07,0.008690605770042598,-0.002277988932518744,0.000706764415562653,0.00040645999032376225,2.7581094300024462,27.729999542236328,5.029998779296861,0.05999999999999994,0.0,0.040000000000000036,-0.02135549959541152,1.3515383169479407
2023-08-08,-0.004358110775238125,-0.006361270240024672,0.004581524551906314,0.0032458490524185546,2.771963512531802,27.13999938964844,-2.2000045776367188,-0.04999999999999993,0.030000000000000027,-0.07000000000000028,-0.17278872413073365,-0.9349394807607733
2023-08-09,-0.006707759390546566,-0.00476956334967285,0.0007028838956101989,0.013944995931908974,2.770085594411824,28.559999465942383,-6.189994812011719,-0.07000000000000006,-0.010000000000000009,-0.019999999999999574,0.4372263339049088,-1.2450803658642404
2023-08-10,0.00035902322258098607,-0.0010691758408616784,0.0017553590236595415,-0.012056429407605004,2.76316952439078,27.270000457763672,-3.910003662109361,0.06000000000000005,-0.030000000000000027,0.08999999999999986,-0.5024465866671429,0.000999728325291791
2023-08-11,-0.0005833186901230114,0.0,0.0021023101947788645,0.0006736686382865583,2.697326248021437,28.040000915527344,3.489997863769517,0.0,-0.019999999999999796,0.07000000000000028,1.2929612585579306,-0.09513549213261896
2023-08-14,0.005504781380903311,-0.003045220530389694,0.0034940839747675616,-0.005943586977752165,2.695977599275783,27.549999237060547,7.810005187988281,-0.040000000000000036,-0.030000000000000027,0.03000000000000025,0.32851346211286914,1.0336877683912664
2023-08-15,-0.011717244824460037,-0.0026580037072091345,0.00034876080135302017,-0.01625378689757854,2.8009331396275767,28.299999237060547,1.8600006103515625,0.06000000000000005,0.020000000000000018,0.019999999999999574,-1.4895760251690011,-1.974627963015078
2023-08-16,-0.00736533587867089,-0.005792775189194925,0.002785563704946376,-0.017362752340797996,2.8201877419595305,28.540000915527344,-4.560005187988281,0.020000000000000018,-0.020000000000000018,0.07000000000000028,0.8798189090993879,-1.0306686138051355
2023-08-17,-0.007648876469627503,-0.0015390561619561794,-0.0003477904890256149,0.008510697821235626,2.884241863403715,29.299999237060547,3.9000015258789205,0.04999999999999993,0.030000000000000027,0.019999999999999574,-0.2332096025927942,-0.9867405246409655
2023-08-18,0.00048117959577237727,0.0001711135895520659,0.0006953838318018446,0.011190246419903169,2.8507064574031857,28.43000030517578,-0.6299972534179545,-0.020000000000000018,0.019999999999999796,-0.040000000000000036,-1.0140841022546325,0.40000223270065266
2023-08-21,0.006485014905163062,0.00273392964256731,-0.0010432953211357784,-0.002889168694806413,2.840831263344002,28.89999961853028,10.180000305175767,0.030000000000000027,-0.010000000000000009,0.08000000000000007,1.2595865652023661,1.3206375569627082
2023-08-22,-0.0027121778515921003,0.0016481975934526548,0.0034734518222898987,-0.004141978177517621,2.8314470387838178,28.559999465942383,-4.040000915527344,-0.050000000000000044,-0.05999999999999983,0.0,-0.9041851098456435,-0.20851949201068523
2023-08-23,0.011076180269554483,0.010113328144583607,-0.0034734518222897938,-0.012809952010608331,2.771337911692091,28.46999931335449,-8.25,-0.07999999999999996,0.010000000000000009,-0.14999999999999947,0.9858224598599664,2.032585045291895
2023-08-24,-0.01395583625039362,-0.0002248455933195227,0.007970969482762923,0.0007004700189953696,2.844909428176351,28.8799991607666,-0.840003967285142,0.010000000000000009,-0.030000000000000027,0.040000000000000036,-0.613349637025027,-1.8513106864360174
2023-08-25,0.007024956790446561,-0.0012941233726573686,0.0013797337951852928,0.014458659800547261,2.752386034385003,28.809999465942383,-7.189994812011719,-0.030000000000000027,-0.040000000000000036,0.019999999999999574,0.585633905485149,1.2261465981171515
2023-08-28,0.006321289271501626,0.002867238875764686,-0.0017250784919563902,-0.0005521646690655364,2.7133693575205298,28.65999984741211,0.07999420166015625,0.0,0.06000000000000005,-0.04999999999999982,-0.6721817499924638,1.0182534337736564
2023-08-29,0.014351321388560644,0.00972069237763269,-0.005540121474539113,0.012488956833895736,2.6706944013587965,27.6299991607666,0.23000335693357954,0.030000000000000027,0.020000000000000018,-0.08000000000000007,-0.013349799925195076,2.1706846837146676
2023-08-30,0.004110378991654698,0.002498750315822613,-0.001737591822118609,0.0046265419240497365,2.630448963323681,26.6299991607666,-0.8400039672851562,-0.030000000000000027,-0.020000000000000018,0.0,-0.033204166840443444,0.6225532540546472
2023-08-31,-0.0014644551567921619,-0.001665111347163996,0.004857714413771712,0.0188278004475025,2.607861451357774,26.559999465942383,-1.9099960327148438,0.020000000000000018,0.010000000000000009,-0.03000000000000025,0.9150350887901094,-0.10969564463043385
2023-09-01,0.0018634100627396785,0.0004997991755412262,0.006211190691594816,0.02447813573510389,2.5718485915786373,27.479999542236328,-5.0100021362304545,0.07000000000000006,-0.010000000000000009,0.08999999999999986,-1.0691359740200712,0.24475410084501417
2023-09-05,-0.00433123935678437,-0.008195174622491511,0.0051466089499297854,0.010861290708367345,2.6397713766859487,28.64999961853028,6.720001220703111,0.019999999999999907,0.020000000000000018,0.08999999999999986,0.14585063217784924,-0.6108020226353631
2023-09-06,-0.006745167863560886,-0.004544556063018457,0.0003422723532995148,0.009726139031383686,2.6706944013587965,28.32999992370605,1.6699981689453267,-0.039999999999999925,-0.050000000000000044,0.03000000000000025,-0.4814866900868333,-0.9348055209720917
2023-09-07,-0.0030749243566110932,0.0010678794784509471,0.002391883354259566,-0.007285770302078167,2.6672281800910014,27.59000015258789,-6.1100006103515625,0.039999999999999925,0.020000000000000018,-0.03000000000000025,0.8467404856079161,-0.35207512329771073
2023-09-08,0.001504958359734586,0.0003369702787594387,0.0010233654606375577,0.004480085618363963,2.62756296121466,27.15999984741211,-0.8600006103515767,-0.04999999999999993,-0.020000000000000018,-0.009999999999999787,-0.948531886510055,0.26126975128269536
2023-09-11,0.006555094070413274,0.0018513951035425602,-0.00478466602583889,0.0008935941391651085,2.624668605984526,24.3700008392334,2.8900070190429688,0.039999999999999925,0.010000000000000009,0.03000000000000025,0.796643611713168,0.9117109913191423
2023-09-12,-0.005500737632830303,-0.005169992663578624,0.0017114974491970222,0.016828311394489114,2.655352379932845,24.229999542236328,-2.1200027465820312,-0.029999999999999916,-0.010000000000000009,-0.020000000000000462,0.19335400938543776,-0.784284488226283
2023-09-13,0.0011653380308387059,-0.002312682045193072,0.0006836597128626545,-0.000250930399246224,2.601207071525431,25.059999465942383,-3.25,0.0,0.020000000000000018,-0.019999999999999574,0.28740623459253983,0.15125108418141237
2023-09-14,0.008585368174661793,0.0005080950731221542,0.006132963903932661,0.017910956594772064,2.551006427687861,26.559999465942383,-4.75,0.0,-0.010000000000000009,0.040000000000000036,-0.17394503088050622,1.1888209606723945
2023-09-15,-0.012121395610511185,0.00658210689497754,-0.0006795528090291772,0.0020934453198328644,2.6239436890389327,27.15999984741211,-0.5,0.020000000000000018,-0.020000000000000018,0.040000000000000036,-0.5616996121694608,-1.819079233780665
2023-09-18,0.0005862443868422041,0.00587038313631886,-0.0017009424490691172,0.001966278559220844,2.6390573296152584,27.90999984741211,2.7099990844726562,-0.040000000000000036,-0.010000000000000009,-0.009999999999999787,0.002039056466823166,0.0021847654801106634
2023-09-19,-0.0020759048063247495,-0.0009480950413542692,0.0006806346572317115,0.0006137226666310605,2.6468837415328474,30.31999969482422,1.9899978637695455,0.020000000000000018,-0.020000000000000018,0.04999999999999982,0.8324593876580574,-0.4219142602619496
2023-09-20,-0.009235913058250616,0.0007251297423292754,0.0016998606008665554,-0.016827922654885023,2.7173402706858383,30.3799991607666,-4.2699966430664205,-0.06000000000000005,-0.020000000000000018,-0.020000000000000462,-0.5713735718588989,-1.3935408673249075
2023-09-21,-0.01666642578818541,-0.0072748111459232075,0.0006790913305902515,0.003363494511084011,2.8644840391405775,31.350000381469727,8.959999084472656,0.14,-0.07000000000000006,0.14000000000000057,0.2508986473780367,-2.2560226151211817
2023-09-22,-0.0022511672499256805,0.0031961900557462815,0.0023733059480315253,0.0027321625298927306,2.844909428176351,30.61000061035156,-4.8899993896484375,-0.030000000000000027,0.07000000000000006,-0.04999999999999982,-0.9115129814395414,-0.20299826681992944
2023-09-25,0.004196339796751761,-0.005163898932470834,0.003718074403509542,-0.0029809718854211316,2.8273135993568546,30.959999084472656,16.22000122070311,0.12,0.020000000000000018,0.10999999999999943,-1.0693711124019651,0.6902001854635673
2023-09-26,-0.014800219581155561,-0.008023084937964609,0.003031905870813263,0.006076758005998181,2.941276115955272,31.299999237060547,0.3899993896484517,0.06000000000000005,0.020000000000000018,0.009999999999999787,2.2789589639245125,-1.9701994730671968
2023-09-27,0.00039920657393126963,-0.012443751217319037,0.0046980369057697,0.024668539794022563,2.9025198541454498,32.47999954223633,4.3699951171875,-0.010000000000000009,0.0,0.05000000000000071,0.044775971103387956,0.22913517246846388
2023-09-28,0.005780613361797051,-0.005009715204337903,-0.005371106428796734,-0.01617353697629429,2.8530159801521586,31.6200008392334,-6.849998474121108,0.03999999999999998,0.030000000000000027,-0.020000000000000462,-0.2933856793940567,0.9813287308997392
2023-09-29,-0.0024299019214405735,-0.010328505518099336,0.0006730695230270757,-0.008742271810338698,2.8633431116363086,32.2400016784668,-1.6899948120117188,0.010000000000000009,-0.020000000000000018,0.0,0.19572670226797667,-0.051965119005758134
2023-10-02,-0.0003977235590850416,-0.0105542058560987,0.007706412143412532,-0.018346863711869315,2.8684669571674872,32.0,14.039993286132827,0.010000000000000009,0.0,0.10000000000000053,-0.5690479917227319,0.2950263418085875
2023-10-03,-0.013476583728501915,-0.002892421000056923,0.0010009058008022048,0.006778847406959335,2.9846713609086963,33.25,14.080001831054688,0.08999999999999997,0.040000000000000036,0.11999999999999922,0.2649672508927544,-1.652524939468157
2023-10-04,0.007255708220654558,-0.00011826350756014561,-0.00300550781511358,-0.05582730459889012,2.922085729279452,35.349998474121094,-13.44000244140625,0.020000000000000018,0.010000000000000009,-0.07999999999999918,0.5945697168005399,1.4558608869469158
2023-10-05,-0.00037700182555318936,-0.0018344684108627424,-0.0033501063301898935,-0.02139403079149734,2.917230033020351,36.59000015258789,1.9499969482421875,0.010000000000000009,0.020000000000000018,-0.010000000000000675,-1.3327392681880146,0.287421410964008
2023-10-06,0.011802897995405326,0.005139851922273756,-0.002015449460309791,0.002295050573214618,2.8593396923698937,35.68000030517578,-3.5399932861328125,0.010000000000000009,-0.010000000000000009,0.0600000000000005,0.6877146557075962,1.899686256247275
2023-10-09,0.006381904728791926,0.018218478536943455,-0.0003362543386014393,0.039267303697338184,2.8735646826837065,39.84999847412109,0.0,0.0,-0.010000000000000009,-0.1200000000000001,1.0177340946099593,0.9879374092189068
2023-10-10,0.005191222441767052,-0.0016795054754092334,-0.002357321291679448,-0.005460208299841386,2.8349765349943556,39.540000915527344,9.529998779296875,0.0,0.0,0.0,-0.6117104442824287,0.7935530499827106
2023-10-11,0.004088014772316293,0.007276507826110017,0.0,-0.01365030952775443,2.7781979704876907,38.93999862670898,-8.989997863769531,-0.10999999999999999,-0.010000000000000009,-0.08000000000000007,0.2967668065042191,0.6709658677453092
2023-10-12,-0.006115109655683511,-0.0030543103873241243,0.008393474276099294,-0.0033092889564296495,2.814809769672402,38.52000045776367,-0.8099975585937358,0.04999999999999999,0.010000000000000009,0.1200000000000001,-0.016001178045045996,-0.6465711263257528
2023-10-13,-0.004993445878936087,0.03164231938177581,0.0006684970932203929,0.04624876757990632,2.961140812988524,44.2400016784668,1.959999084472642,-0.04999999999999999,-0.010000000000000009,-0.07000000000000028,-1.1720352390587776,-0.4617179919486057
2023-10-16,0.010466564708759644,-0.004876800474351656,-0.004352946278729008,-0.0076248747174708295,2.8454905570260416,40.70000076293945,1.8300018310546875,0.02999999999999997,0.010000000000000009,0.08000000000000007,0.8413969873968105,1.5647506856000193
2023-10-17,-4.592384037330002e-05,0.0018525567250013085,0.00033553820016157083,0.0052166751771825426,2.883682722808376,41.369998931884766,0.0099945068359375,0.020000000000000018,-0.030000000000000027,0.1200000000000001,-0.3319337616617154,0.0940114434561561
2023-10-18,-0.013414581678068423,0.014367113783494704,0.0036832153930017506,0.013111550543380405,2.955951367816573,44.400001525878906,-1.0,0.07999999999999996,-0.020000000000000018,0.08000000000000007,-0.0794549458790195,-1.583465280633295
2023-10-19,-0.008825242004986628,0.012199301049654077,-0.0030125500828305295,0.02278459145754226,3.0633909042021177,45.70000076293945,5.4499969482421875,0.12000000000000002,0.040000000000000036,0.07000000000000028,1.1300691901058448,-0.8869683939472651
2023-10-20,-0.012364199277791314,0.0027271753020748097,0.0003351273101644251,-0.012070640132825968,3.077772941719433,43.790000915527344,0.8300018310546875,0.01999999999999999,0.05999999999999983,-0.05000000000000071,0.027649255756183665,-1.3129139717171092
2023-10-23,-0.001734764788745079,-0.003382778876821057,-0.005039405389309657,-0.022684068089564084,3.014063271438193,41.7400016784668,-3.6199951171875,-0.04999999999999999,-0.029999999999999805,-0.0699999999999994,-0.6447695381717975,-0.07398711925857196
2023-10-24,0.007511208525353357,-0.00010933686369138149,0.005709543608992709,-0.025158547932485016,2.9428587477505324,41.08000183105469,-3.6999969482421875,0.0,-0.010000000000000009,-0.03000000000000025,-0.6360182259226855,1.0724546437218692
2023-10-25,-0.014456239225937188,0.004199991317574014,0.0026756315278204782,0.019693007674920365,3.0051874587763363,44.90999984741211,3.0800018310546875,0.06,-0.010000000000000009,0.1200000000000001,0.44157336862680463,-1.6494564802659188
2023-10-26,-0.012046806235742778,0.001577208003792872,0.0023352279816323215,-0.02021310800658612,3.0291670643972775,43.93000030517578,-0.2700042724609375,-0.03,-0.010000000000000009,-0.08999999999999986,-1.1867587520278589,-1.3618438417758296
2023-10-27,-0.00454314800722562,0.011562693424814757,-0.0013338736133301338,0.018937779759304663,3.0572976507337097,46.63999938964844,-1.779998779296875,0.010000000000000009,0.05999999999999983,-0.020000000000000462,0.866481847983572,-0.3541806926277347
2023-10-30,0.011884911489636885,-0.005656514976963794,-0.004011962134307117,-0.02992254203180154,2.9831534913471307,44.0099983215332,2.739990234375,0.0,-0.019999999999999796,0.040000000000000036,0.5987182802752437,1.665622448298989
2023-10-31,0.006260603846441421,-0.005471503988170932,0.006012032908403211,-0.013636358927050672,2.8981194110402666,41.9900016784668,-5.0399932861328125,-0.04000000000000001,-0.010000000000000009,0.0,-1.353738504946906,0.8559377259548362
2023-11-01,0.010608301333944867,-0.003155616576717326,0.0003329687259220941,-0.003605487635762514,2.825536946304965,40.52000045776367,-6.309997558593764,0.010000000000000009,0.05999999999999983,-0.11000000000000032,1.1362011244525152,1.287486258805662
2023-11-02,0.01898308453487442,0.003318560440596095,-0.0050059161576670825,0.018949752785645084,2.751109680818858,39.790000915527344,-1.9100036621093608,-0.13,-0.06999999999999984,-0.09999999999999964,-0.8200237821619383,2.118213662101809
2023-11-03,0.009081886917794183,0.0036323164276059108,-0.009411844763422212,-0.0176128745766275,2.7020321185427174,38.52999877929688,0.09999847412107954,0.04999999999999999,0.020000000000000018,-0.09999999999999964,0.2140899630899993,0.8656955667510776
2023-11-06,0.002298020514080639,-0.00782308105070582,0.001012656815043618,0.0008013513667661236,2.700689869753188,36.310001373291016,3.0,0.0,-0.020000000000000018,0.09999999999999964,1.5604366735045379,0.11834826438667992
2023-11-07,0.0028418445858247685,-0.004153745714031754,0.0033681602094146525,-0.04240292328881122,2.6953026566130425,38.720001220703125,-1.650001525878892,-0.07,-0.010000000000000009,-0.08999999999999986,-1.028535077618364,0.2261575330875751
2023-11-08,0.0007320631624237777,-0.010017653470627337,-0.0003362543386014393,-0.022678633032617218,2.6706944013587965,40.43999862670898,-2.9899978637695312,-0.10999999999999999,0.010000000000000009,-0.08999999999999986,-0.02686889201296706,0.023549852639705684
2023-11-09,-0.007829304811622934,0.0039750574137909995,0.004363172839091492,0.0008544226887040801,2.727199017446074,41.22999954223633,-0.04999542236329546,0.030000000000000027,-0.010000000000000009,0.1299999999999999,0.17883803701836395,-0.8609593247192495
2023-11-10,0.01548446355915794,-0.01096969995324551,-0.0006701382196829771,0.021684895127389865,2.651127059086777,39.290000915527344,-0.26000213623045454,-0.020000000000000018,-0.030000000000000027,-0.009999999999999787,-0.10909688403098267,1.6488480700928114
2023-11-13,-0.0009537587885019063,0.005555261386916289,-0.0013413308204972205,0.015617721358757799,2.691920834679226,39.400001525878906,7.680000305175781,0.03999999999999998,-0.010000000000000009,0.019999999999999574,-0.09631881584653487,-0.17031728924867673
2023-11-14,0.019215047304510412,0.008879636186604513,-0.015897536392009207,-0.003159067616910148,2.6504210774895927,38.290000915527344,-0.3600006103515625,0.030000000000000027,0.040000000000000036,-0.1899999999999995,0.5350878881980657,1.8324327883551903
2023-11-15,0.002114740634181996,-0.0026390807860946154,0.003743455040153493,-0.0187467284855328,2.651832542625545,39.5099983215332,-1.9199981689453267,-0.010000000000000009,-0.030000000000000027,0.08999999999999986,-1.0589923870635138,0.07095518835546404
2023-11-16,0.0012224224418173057,0.011222864579353571,0.0006790913305902515,-0.047214354654269194,2.6616571402213416,42.52999877929688,-6.1100006103515625,-0.010000000000000009,0.010000000000000009,-0.08000000000000007,0.7739943395740423,-0.023374132374337445
2023-11-17,0.0012430704381268395,-0.00010890827769753537,-0.005445911831381186,0.03890976258005652,2.624668605984526,40.43000030517578,-2.970001220703111,-0.06,-0.030000000000000027,-0.009999999999999787,0.12192167462595954,-0.09244405011965992
2023-11-20,0.0076681354847308505,-0.0016347162383040547,-0.00307639508771361,0.021671634851022643,2.5960006859149227,39.0,1.9799957275390625,-0.02999999999999997,-0.020000000000000018,-0.020000000000000462,-1.368538588635365,0.5196460656493416
2023-11-21,-0.0021818858085277696,0.010740019593541818,0.001026591971709164,0.003176081170630913,2.5915164134207695,38.52000045776367,-2.2999954223632812,0.019999999999999962,0.010000000000000009,-0.009999999999999787,1.9295600962172856,-0.636617805534049
2023-11-22,0.003853411960294886,-0.004271361889172051,0.0034140827172793983,-0.012765515002879542,2.5533438410275884,42.7599983215332,-1.220001220703125,-0.019999999999999962,-0.06000000000000005,0.009999999999999787,-1.4995350429879333,0.030278972273310344
2023-11-24,0.0006150817657065642,0.005188115339681819,-0.004440674688988594,-0.011093295167538582,2.5225235164208617,43.380001068115234,-4.1399993896484375,0.019999999999999962,0.010000000000000009,0.04999999999999982,0.36118334050680767,-0.30813081085269595
2023-11-27,-0.0018025287826336676,0.006715220224108336,-0.0020562005638158354,-0.012217805310621346,2.540814248659574,43.900001525878906,1.879997253417983,0.0,-0.010000000000000009,-0.08000000000000007,-0.06054537728096449,-0.7302408158770357
2023-11-28,0.0009897408848915349,0.013243765854618507,-0.003436374074905212,0.018411553091702948,2.540814248659574,43.13999938964844,0.75,0.06,0.040000000000000036,-0.04999999999999982,0.13376991379440722,-0.49144732559236426
2023-11-29,-0.0007037412704858977,0.001478346564492718,0.0010320923663101396,0.017527149441222314,2.5634096760090963,42.900001525878906,4.529998779296861,0.020000000000000018,-0.030000000000000027,-0.07000000000000028,-0.19534918962129263,-0.7836452141441115
2023-11-30,0.0039296896029246825,-0.004176660491012712,0.007195572597152032,-0.03336910358675867,2.55877650425956,39.400001525878906,0.7300033569335938,0.010000000000000009,-0.050000000000000044,0.10000000000000053,0.567363023422081,-0.04891771829530303
2023-12-01,0.005898477564019378,0.017124037266951418,-0.0030774468727889936,-0.012914536554668416,2.5360749454234384,35.70000076293945,-3.809997558593736,0.019999999999999962,0.040000000000000036,-0.15000000000000036,-1.3480426857255015,0.2476244698500395
2023-12-04,-0.005263262689046162,-0.02185041758074579,0.0044421170963989684,-0.011182988494196392,2.5710843401961823,38.08000183105469,6.739997863769517,-0.019999999999999962,-0.040000000000000036,0.0600000000000005,0.28826829621063094,-1.3396616046166725
2023-12-05,-0.00019705205230246317,-0.003786606077863042,0.003743455040153493,-0.013083602580495476,2.5533438410275884,36.36000061035156,8.949996948242202,-0.030000000000000027,-0.020000000000000018,-0.10000000000000053,1.8579875663303174,-0.47917258435737187
2023-12-06,-0.004037901221795907,0.003680115406357525,0.0023749162739401266,-0.04262394658445182,2.562639018916541,39.720001220703125,-2.219993591308608,-0.08999999999999997,-0.020000000000000018,-0.05999999999999961,-1.3148322448656669,-1.049546632727879
2023-12-07,0.007601447690649998,0.001648967455985853,-0.005436659215663011,0.005389994826615076,2.5695541559782002,37.81999969482422,4.760002136230469,0.03999999999999998,0.0,0.019999999999999574,-0.17937537902550313,0.8918575075317382
2023-12-08,0.004289841567588275,-0.01343017351466841,0.003740834272313013,0.021574798782704564,2.513656093962223,36.2400016784668,-8.090003967285156,-0.03999999999999998,-0.019999999999999796,0.09000000000000075,-0.13002672745013788,0.3185277760293213
2023-12-11,0.0038819805775263936,-0.011104320560253251,0.0013568750736890544,0.004050170821960749,2.5360749454234384,35.29999923706055,5.010002136230469,0.0,0.0,0.0,0.5929619857723653,0.2274846589334703
2023-12-12,0.004557004201226519,-0.0005447904909059331,-0.00271551921330838,-0.038921402452267,2.4907230098256137,36.380001068115234,-8.04000091552733,-0.050000000000000044,-0.010000000000000009,-0.03000000000000025,-1.1526937538366557,0.26458000148022137
2023-12-13,0.013695889852565089,0.022311764488914056,-0.008533943151488727,0.016669653105106673,2.5006159090701527,36.59999847412109,-4.850006103515639,0.11000000000000004,0.010000000000000009,-0.16000000000000014,0.9524882475202525,2.1618103583011603
2023-12-14,0.0032042101677880294,0.005845435089187632,-0.009299174478741032,0.027626509857035162,2.5241273262614996,33.97999954223633,4.2700042724609375,-0.030000000000000027,-0.040000000000000036,-0.1200000000000001,-0.06302230498803911,0.005868888086580594
2023-12-15,-0.001647923870829376,-0.009208782757507555,0.006552817049417229,-0.0001489410447860198,2.5079719009739794,35.130001068115234,-2.2900009155273438,-0.08000000000000002,0.0,-0.009999999999999787,-0.38162175477332744,-0.9388628727700792
2023-12-18,0.00560943662939355,0.0045351876568232455,-0.0001462702594458932,0.013901360018823108,2.530517194449025,37.09000015258789,2.7099990844726562,0.050000000000000044,0.010000000000000009,0.040000000000000036,1.4613761493284192,0.7663820672859456
2023-12-19,0.006062320922762499,0.006790830606181726,-0.004398843490877654,0.018480035560541303,2.528125747596819,35.040000915527344,-3.4300003051757812,0.0,-0.010000000000000009,-0.020000000000000018,0.8706886813983972,0.8118532528505734
2023-12-20,-0.013954091359801354,-0.005460866362358663,0.004398843490877623,-0.00825194242510873,2.6152036563169805,34.97999954223633,-3.1599960327148295,0.0,0.05999999999999983,-0.07000000000000028,-2.208291808553677,-3.6750139504266515
2023-12-21,0.00943721860601882,0.007045755720440373,-0.006605542764108883,0.0034827761847823152,2.6137394936844682,35.439998626708984,0.05999755859373579,0.03999999999999998,0.010000000000000009,0.03000000000000025,0.3230611620492096,1.3806929089632964
2023-12-22,0.002007656938947783,0.004424614031362715,-0.0003682697576953538,-0.004937511263550957,2.5672543706433686,33.31999969482422,-0.5500030517578267,0.030000000000000027,0.010000000000000009,0.009999999999999787,-0.6126157593549398,-0.03155780967285571
2023-12-26,0.0042137181004820124,0.007591842151508473,-0.0022123189774719957,0.021887074221142888,2.564179813062659,34.529998779296875,4.6200027465820455,0.03999999999999998,-0.010000000000000009,-0.009999999999999787,0.759522249504818,0.36321850842676845
2023-12-27,0.0018063711868336622,0.004527577262521436,-0.005181318617385142,-0.018544352897414122,2.5201129300741707,35.40999984741211,-1.470001220703125,-0.03999999999999998,0.0,-0.10000000000000009,0.27053646261503955,-0.08054196267874712
2023-12-28,0.0003776574480017819,-0.005832413160524756,0.0033338462928942485,-0.025570796365095832,2.523325781105642,36.45000076293945,-0.75,-0.010000000000000009,-0.019999999999999796,0.04999999999999982,0.14578275968734677,-0.3602682337029457
2023-12-29,-0.002899113186312051,-0.001568069797763166,0.001847472324490837,-0.007920519208180475,2.5217206075906473,36.220001220703125,0.8400039672851705,0.07,-0.010000000000000009,0.040000000000000036,-0.44951387611397076,-0.9242522159312409
2024-01-02,-0.005612103296437002,-0.0023566846852945507,0.008454308189489954,-0.013291313245864694,2.5802168151427143,39.04999923706055,12.39999389648436,-0.030000000000000027,0.010000000000000009,0.07000000000000028,0.2534197573968847,-1.359048231111524
2024-01-03,-0.008200189787143443,-0.008371755159892112,0.003288920319655249,0.03613420606279638,2.641910395880644,38.220001220703125,-2.4499969482421875,-0.03999999999999998,0.039999999999999813,-0.040000000000000036,0.15905620451218427,-1.658197713187797
2024-01-04,-0.0032264257401968485,0.0010041086074332737,0.0,-0.009133869287912003,2.648300204795581,37.58000183105469,-3.4499969482421733,0.02999999999999997,-0.010000000000000009,0.08000000000000007,-0.31256962381660497,-0.6929697636525418
2024-01-05,0.001368768720049595,0.00015844285681911228,0.0,0.02137708198407873,2.5915164134207695,36.06999969482422,-4.93000030517581,0.040000000000000036,0.0,0.05999999999999961,-0.10981110977891054,0.013450847210484937
2024-01-08,0.014175083024444039,-0.007846978293015706,-0.0018258088738109938,-0.03884409556923109,2.5710843401961823,36.790000915527344,1.5299987792968892,0.0,0.0,-0.040000000000000036,0.3660402861053046,2.0434517458072645
2024-01-09,-0.0015183459211297555,0.0003193058065587502,0.003284119668527251,0.014799550438628694,2.5463152958540918,36.09000015258789,-2.8000030517577983,0.009999999999999953,-0.020000000000000018,0.009999999999999787,1.8997019573983132,-0.5563242276775073
2024-01-10,0.0056396902475016825,-0.0022906686849215973,-0.0018232210281035547,-0.012392870067949613,2.540814248659574,36.34999847412109,-5.290000915527372,0.010000000000000009,-0.039999999999999813,0.020000000000000462,-2.6351483017960797,0.577716010568582
2024-01-11,-0.0004408879946419171,0.001971362878362661,0.0007296873558680616,0.01624361733911579,2.5209170535797867,36.77999877929688,-6.180000305175753,0.04999999999999999,0.039999999999999813,-0.06000000000000005,-0.2555937579002803,-0.3432398742431376
2024-01-12,0.0006924736136665982,0.009746417465784744,0.0010935336722354958,0.005454353054606214,2.541601978446052,40.63999938964844,3.0600051879882812,0.10000000000000003,0.010000000000000009,-0.020000000000000018,0.2988042021500546,-0.14310119667508459
2024-01-16,-0.0036779039041392615,-0.009533481464917509,0.008705112678281385,-0.011384711744944523,2.62756296121466,38.34000015258789,6.930000305175753,0.03,0.010000000000000009,0.11000000000000032,1.1731446216154047,-0.7721215651482974
2024-01-17,-0.005574245992173019,-0.011077075533253189,0.000721973626298209,0.010207980185228916,2.6939512741434677,37.060001373291016,-7.580001831054673,-0.09,-0.020000000000000018,0.02999999999999936,-1.267076441449608,-1.014426201890113
2024-01-18,0.008853557400206968,0.0081991767942437,0.0010820212008137843,0.01635065794270974,2.648300204795581,35.97999954223633,1.3600006103515625,0.03999999999999998,-0.009999999999999787,0.040000000000000036,0.5512495974054826,1.3835518273782916
2024-01-19,0.01238910219423396,0.0029842685447011067,-0.0014429056469278283,-0.0034812606749583504,2.5877640495686753,35.790000915527344,-2.25,-0.03999999999999998,-0.030000000000000027,0.010000000000000675,0.19370532495111295,1.795731943283014
2024-01-22,0.0021121165438551964,-0.003785111631635069,0.000360884446114027,0.012562474547873417,2.5794589349159778,35.709999084472656,1.9000015258789205,-0.020000000000000018,0.0,-0.040000000000000036,0.17504533010744452,0.15464153506749584
2024-01-23,0.0029121987828758314,0.0038915513093621982,0.002523070495279017,-0.00043055297375465054,2.5297206807757897,34.9900016784668,0.8299942016601562,0.09,0.030000000000000027,0.02999999999999936,-0.8965495380441545,0.3016297975811905
2024-01-24,0.0010925727766769925,-0.008281084265806291,-0.0028839549413929785,0.012553620277697722,2.5756610391845274,33.9900016784668,-1.9199981689453267,0.010000000000000009,-0.010000000000000009,0.040000000000000036,0.2495442689702135,-0.09565269123706378
2024-01-25,0.0054242117987263316,0.003962127078988696,0.002883954941393014,0.023675580751622932,2.598979091866817,35.099998474121094,0.1100006103515625,0.01999999999999999,-0.010000000000000009,-0.040000000000000036,0.22026735636503428,0.7372938203764915
2024-01-26,-0.0012712186770766642,-0.0006949345993061531,0.0,0.011972827343507776,2.58475200201879,34.779998779296875,-5.659996032714844,-0.04999999999999999,-0.020000000000000018,0.010000000000000675,-0.29512877557451633,-0.471453088451869
2024-01-29,0.007888095187748653,0.007033690942251831,0.0,-0.014467981080234718,2.6100698207912507,36.31999969482422,6.109992980957031,-0.01999999999999999,0.020000000000000018,-0.07000000000000028,0.9132611737744175,1.1780316955960752
2024-01-30,-0.0007737186864151122,0.001379574176667031,-0.0007202279385025286,0.010492910073783456,2.5885156639334435,36.18999862670898,-2.079994201660142,-0.09,-0.020000000000000018,-0.020000000000000462,-0.3876318441477547,-0.3777136361240369
2024-01-31,-0.016451828618815712,-0.0007426235867569977,0.002518383462409285,-0.026300819488012092,2.663749968788886,37.25,3.019996643066392,0.019999999999999962,0.030000000000000027,-0.0699999999999994,-0.5678984175022866,-3.020193908308703
2024-02-01,0.013003146760649521,0.010346957700093352,-0.00504319964548389,-0.026431976704886312,2.630448963323681,35.380001068115234,6.639999389648452,-0.04999999999999999,0.019999999999999796,-0.1200000000000001,0.18107730619233273,1.7412561979886254
2024-02-02,0.01047245966455073,-0.009498266920115099,0.008987974145262681,-0.022844711985576926,2.6282852601762876,34.849998474121094,-7.199996948242202,0.0,-0.039999999999999813,0.16000000000000014,-0.5749900270520764,1.2004030844259068
2024-02-05,-0.0036479361768802336,-0.0055292461789592075,0.005354335539366717,0.009875504488838303,2.6152036563169805,34.43000030517578,1.9599990844726562,0.040000000000000036,-0.030000000000000027,0.13999999999999968,1.3353255468512364,-0.8533107306947271
2024-02-06,0.002899163130213757,0.0052110917695982265,-0.0028520824208329884,0.009197776548201076,2.5695541559782002,33.0099983215332,1.9199981689453125,-0.010000000000000009,0.020000000000000018,-0.08000000000000007,-0.6506472053241102,0.053920443176636926
2024-02-07,0.008305803853538827,-0.0002652330017039186,-0.001071585497374272,0.008825936323178959,2.551786172681018,31.209999084472656,-2.7399978637695312,-0.020000000000000018,0.020000000000000018,0.0,0.4904269340862564,0.789577658425099
2024-02-08,0.00044158806002859486,-0.0009022539588233346,0.0010715854973743786,0.029802099871098716,2.548663612608189,31.63999938964844,0.7399978637695312,0.010000000000000009,0.0,0.0600000000000005,-0.14984791551239005,-0.2701069681160596
2024-02-09,0.005762699342815322,-0.0038836838223869725,-0.0007142381775053147,0.0020951405291488832,2.5595502163859143,32.439998626708984,-2.3899993896484375,0.0,-0.010000000000000009,0.019999999999999574,-0.8213768645940567,0.49210424006885556
2024-02-12,-0.00043898748977395105,-0.0026153866387207837,0.001071202842566934,0.006120514935426307,2.6340448096995233,32.689998626708984,3.5699996948242188,0.020000000000000018,-0.010000000000000009,0.0,1.1577189860631767,-0.41470768370134614
2024-02-13,-0.013868752851984767,-0.013884637194949295,0.00782086400459863,0.007460671626600752,2.76316952439078,32.369998931884766,3.44000244140625,-0.040000000000000036,-0.040000000000000036,0.13999999999999968,-0.16078727057870054,-2.376123129368929
2024-02-14,0.009046626180279157,-0.0005962900909107332,-0.0017720991088684083,-0.015256862364882677,2.66583836025124,32.7599983215332,-1.25,0.040000000000000036,0.020000000000000018,-0.040000000000000036,-0.7455844194960896,0.9517568660692819
2024-02-15,0.006876042541322205,0.006701308514327739,-0.00390979550344463,0.01786865592877021,2.6397713766859487,32.02000045776367,0.1199951171875,-0.030000000000000027,0.010000000000000009,-0.02999999999999936,-0.04590120881703384,0.5874817519405969
2024-02-16,-0.004992423374404816,0.003655878672841126,0.0003561483634857115,0.00779501142506072,2.656054889910667,30.84000015258789,-2.8899993896484233,-0.020000000000000018,-0.040000000000000036,0.05999999999999961,-0.3532569005735365,-1.038149978691887
2024-02-20,-0.0055205695888261,0.006045896751115192,-0.001425061160979873,-0.013577736954721916,2.73566537308291,31.809999465942383,1.8199996948242045,0.020000000000000018,0.030000000000000027,-0.03000000000000025,0.9443568174946152,-1.01311213318385
2024-02-21,0.0009053542675560363,5.331114505738622e-05,-0.0010700565947914596,0.01071290022291577,2.7304638058861697,31.049999237060547,3.25,0.0,-0.020000000000000018,0.05000000000000071,-0.29609795818280427,-0.06534584044766568
2024-02-22,0.020484232900890464,0.0004266309391013239,0.0,0.005449625726195423,2.6769034694817853,30.549999237060547,1.3199996948242188,-0.03999999999999998,-0.050000000000000044,0.009999999999999787,-0.4615744058243997,2.561683158355378
2024-02-23,0.0006895016988315149,0.005635602023986369,0.0007135472860858807,-0.023090640299018975,2.6210388241125804,31.309999465942383,-7.279998779296861,-0.04999999999999999,0.0,-0.07000000000000028,0.5104841228662318,-0.17324266369799432
2024-02-26,-0.0036693382130973274,-0.002229172292928307,-0.00178475012865283,0.012024231004058257,2.6203112701361366,31.709999084472656,2.459999084472642,0.0,0.040000000000000036,0.020000000000000462,0.35948032972826327,-0.6797301851198719
2024-02-27,0.0018560229826467824,-0.0010632481058260926,0.0007142381775052635,0.014457392607701923,2.5974910332585845,31.350000381469727,0.03000640869139204,0.019999999999999962,0.0,0.02999999999999936,-0.3570922688918784,0.01566401305545016
2024-02-28,-0.0013225210341044687,0.0018068578078276945,0.0007138019518193836,-0.003119223057094118,2.62756296121466,31.209999084472656,-2.090003967285142,0.020000000000000018,0.020000000000000018,-0.040000000000000036,0.198670694795484,-0.3713859438266099
2024-02-29,0.003588451188289252,0.005137049487700591,0.0021382804690136363,-0.0035379289902673218,2.595254678488975,31.5,0.3899993896484375,-0.020000000000000018,0.0,-0.019999999999999574,-0.3020549532560734,0.25354865606249327
2024-03-01,0.00934454195051038,0.018734204946424565,-0.0017815704696854922,0.021575789448461752,2.573375271587755,31.07999992370605,-2.6199951171875,0.040000000000000036,0.020000000000000018,-0.05999999999999961,-0.5915534328731441,0.9060347087080909
2024-03-04,-0.0010729701735957603,0.016045575240364218,0.0,-0.012754377643168217,2.601948653252886,30.46999931335449,3.089996337890625,-0.040000000000000036,0.0,0.02999999999999936,1.15146606481922,-0.5203159498407881
2024-03-05,-0.010044495658969475,0.006002093012312388,-0.0010705119511475309,-0.007595387002346809,2.671386219368722,30.190000534057617,0.7600021362304545,-0.019999999999999962,0.020000000000000018,-0.08999999999999986,-0.6345148476265469,-1.6892053886480778
2024-03-06,0.005054544343641684,0.008181839163568495,-0.003576524794188007,0.012044254536371039,2.6741486494265287,29.56999969482422,-5.0,-0.030000000000000027,-0.020000000000000018,-0.019999999999999574,0.09396761808788448,0.5143097424443429
2024-03-07,0.00987752944767782,0.0056677512615820385,-0.005028707476248546,-0.0014806892546147526,2.6700021044053517,29.56999969482422,0.11999511718752842,0.030000000000000027,0.020000000000000018,-0.020000000000000462,-0.6435323068113183,1.1119472753996142
2024-03-08,-0.006020342567088672,0.008417025116951235,0.0003600491282171553,-0.011789590084702966,2.6905648712332506,29.63999938964844,-4.569999694824247,0.019999999999999962,0.0,0.0,-0.43626431961437784,-1.047354228241429
2024-03-11,-0.000860290465596101,0.0018333385345244608,0.00107922196880099,0.0035379289902672437,2.722610369978139,29.11000061035156,5.75,-0.019999999999999962,0.0,0.009999999999999787,1.4675952471174305,-0.2796018781702696
2024-03-12,0.010699919611046112,-0.011000916093968595,0.0007189335551056585,-0.0036742814721483132,2.62756296121466,29.36000061035156,-5.269996643066392,-0.010000000000000009,-0.040000000000000036,0.0600000000000005,-0.4182778871977256,1.2334370506773438
2024-03-13,-0.0015686754961823789,0.006982966028737541,-0.001078520095260065,0.02344486155591102,2.6210388241125804,29.520000457763672,-4.3300018310546875,0.0,0.0,0.03000000000000025,0.4189063832274643,-0.3829929776518578
2024-03-14,-0.00197880382382427,-0.004183879789555221,0.005381153434502172,0.01598563294504645,2.6672281800910014,31.51000022888184,1.6399993896484517,0.02999999999999997,-0.020000000000000018,0.09999999999999964,-0.8259966530144804,-0.42714762677621276
2024-03-15,-0.006890222494846185,-0.003199519647615038,0.0010728087816962424,0.00039309151180578973,2.667922399422403,29.770000457763672,-0.849998474121108,-0.019999999999999962,-0.040000000000000036,0.019999999999999574,0.9575075967580923,-1.2371974717970746
2024-03-18,0.005925621295229357,0.0016010012977577042,0.0021420974485218953,0.0213863568040564,2.6623552365160092,29.809999465942383,5.050003051757827,0.019999999999999962,0.0,0.03000000000000025,-0.25806568868936064,0.6531088168824137
2024-03-19,0.005541748984360475,-0.0011504677080451668,0.0024933402232281874,0.005754084512535787,2.6261167962573397,29.21999931335449,-2.8800048828125284,0.010000000000000009,0.010000000000000009,-0.040000000000000036,-0.4220015407179984,0.6091013973742496
2024-03-20,0.009206762412703644,0.011841472011166752,-0.004635437671750116,-0.015159595337779516,2.5680215535731254,28.81999969482422,-7.269996643066392,0.06,0.06000000000000005,-0.03000000000000025,0.7869635012313894,1.0618883702678108
2024-03-21,0.003299259756041907,-0.0010391759354036452,0.006767565912467545,-0.005581896832704566,2.55877650425956,27.530000686645508,-1.9000015258789062,-0.02999999999999997,-0.030000000000000027,0.0,-0.9568786482205123,0.1313793132445005
2024-03-22,-0.0018976498631430366,-0.008053310017860795,0.00531073476839596,-0.0018240967878449877,2.5695541559782002,26.920000076293945,0.220001220703125,-0.020000000000000018,0.0,-0.04999999999999982,-0.06029441470914952,-0.6190575986398612
2024-03-25,-0.002766574806774632,0.003189315361775875,-0.0024748286261548594,0.013986265466977595,2.5794589349159778,27.489999771118164,1.1999969482421733,0.08000000000000002,0.0,0.03000000000000025,0.08674896519556631,-0.7213636515120512
2024-03-26,-0.0018488654925521784,0.003228743279298674,0.0007077399261572955,-0.006062594660150216,2.583242533221714,27.25,-1.6100006103515625,-0.030000000000000027,0.0,-0.009999999999999787,0.07109099940648797,-0.52834805624366
2024-03-27,0.008368785929406805,0.007214572450620787,0.0007071665141089015,0.002842394889994873,2.5478814280551156,26.600000381469727,-4.3499984741210795,-0.020000000000000018,0.010000000000000009,-0.040000000000000036,0.13496244673770214,1.2105985830250472
2024-03-28,-0.00019104435857711938,0.012817528202410179,0.0028238937907861,0.015617331980804382,2.565718310117176,26.270000457763672,0.09999847412109375,-0.04999999999999999,-0.040000000000000036,0.0,-0.5011686236858295,-0.3064115959060658
2024-04-01,-0.0017414581515867596,0.01015632882706488,0.0038698338448270595,0.011868760574354039,2.6137394936844682,27.64999961853028,7.819999694824233,0.0,-0.010000000000000009,0.1299999999999999,0.6511372160280183,-0.5757192971711518
2024-04-02,-0.006378260670031145,0.014664311961913869,-0.0014054604330085488,0.013960126414517587,2.681706202263446,29.040000915527344,2.370002746582017,0.04999999999999999,0.020000000000000018,0.03000000000000025,-0.5697336200677732,-1.3019549363761802
2024-04-03,0.0010978810891879391,0.008734121015037044,-0.0045816004196022175,0.005677614386043164,2.6623552365160092,29.07999992370605,1.3099975585937358,0.020000000000000018,-0.020000000000000018,0.0,0.30195645548165373,0.0666578673555801
2024-04-04,-0.012281187353647938,-0.005751211782367894,0.0,0.01247565916713096,2.794227920674744,32.16999816894531,-1.75,-0.020000000000000018,0.020000000000000018,-0.05000000000000071,-0.08611334528932539,-2.2010001725203705
2024-04-05,0.01039275055475068,0.01696939930469014,0.0010592465769762663,0.0015789750563960673,2.774462009456489,32.36000061035156,-1.8199996948241903,0.0,-0.020000000000000018,0.08000000000000007,-0.1918861904947469,1.5725737888858602
2024-04-08,0.0005591676818022637,0.006209168519561451,-0.0014125539686029457,-0.0024301904972476177,2.7206372889831454,30.56999969482422,5.060005187988281,-0.019999999999999962,-0.030000000000000027,0.03000000000000025,0.3851281954666214,-0.060800934218327725
2024-04-09,0.0011559235496247573,0.005482001328254696,-0.0003533593913758306,-0.01285595217233564,2.7067159475307503,28.959999084472656,-0.6399993896484517,-0.020000000000000018,-0.020000000000000018,-0.05999999999999961,0.2748497276233978,0.10578771473293765
2024-04-10,-0.010063486342951697,-0.00950892303540449,0.010548643577713563,0.011516848985476157,2.7600099521047476,30.07999992370605,10.859992980957031,-0.03999999999999998,-0.040000000000000036,0.1899999999999995,0.05210864817080448,-1.8374145445965517
2024-04-11,0.007518591932832541,0.019246832874495322,0.000699326233252878,-0.006599795260321501,2.7020321185427174,31.270000457763672,-0.7299957275390625,0.04999999999999999,0.010000000000000009,0.009999999999999787,-0.14336431354076148,1.1115117944549584
2024-04-12,-0.013899252791926057,-0.013327746093360097,0.008007010201731071,-0.0002453307865668805,2.8512843383355686,32.189998626708984,3.9599990844726562,-0.010000000000000009,0.040000000000000036,-0.05999999999999961,0.3453201214918301,-2.2941295968030717
2024-04-15,-0.012607238758677846,0.01854610800435578,0.001732122440361048,0.0014708024021412203,2.956471535796025,35.59000015258789,8.330001831054688,0.08000000000000002,0.010000000000000009,0.1299999999999999,-0.10496854695623888,-1.7801321008082382
2024-04-16,-0.0018254759153138085,0.0012212692273934644,0.0013836550246905754,-0.00392686341194556,2.9123506438828897,33.61000061035156,-1.5600051879882812,0.0,0.0,0.040000000000000036,0.3257977053742931,-0.13412704112830898
2024-04-17,-0.005935822329561808,-0.007395532411290185,-0.0031157774650514432,-0.030206965750945645,2.9019708434634395,33.0,-6.299995422363281,-0.040000000000000036,0.020000000000000018,-0.08000000000000007,-0.8247570754963943,-0.7348737910193766
2024-04-18,-0.002059846664048775,0.0034096367107846366,0.002078287054793126,-0.0016488668939575347,2.8903717578961645,31.39999961853028,-4.629997253417969,0.0,-0.010000000000000009,0.04999999999999982,-0.20779346249362277,-0.12539925420080886
2024-04-19,-0.008766814223381469,0.0031266420969038923,0.0,0.0008881520097101191,2.9290580913534825,31.86000061035156,2.599998474121108,-0.009999999999999953,-0.010000000000000009,-0.019999999999999574,-0.048413522778939275,-1.0301221335499862
2024-04-22,0.009167187597700101,-0.025012716627157542,0.00034597351825477906,-0.0008881520097101288,2.8296777207503316,29.700000762939453,-2.7000045776367188,0.0,0.0,0.0,-0.09069110143057156,1.7090264547159246
2024-04-23,0.011796752104816219,-0.0024616906480957905,-0.004159460073047127,0.015117503343163788,2.753023540000728,28.86000061035156,-1.7099990844726705,0.09999999999999998,0.0,-0.009999999999999787,-0.22582346148594204,1.9533562006187115
2024-04-24,-0.00047471996541699967,-0.0018618228395408355,0.0010414523560842842,-0.0042601738587208825,2.7707119789475727,29.040000915527344,3.3600006103515625,0.010000000000000009,0.020000000000000018,0.040000000000000036,0.7104589728750393,0.12526624034604694
2024-04-25,-0.0038063291499214284,0.005945756955740473,-0.0020840621456543933,0.009995123722986861,2.7324175501047714,28.34000015258789,-1.659996032714858,-0.020000000000000018,-0.010000000000000009,0.04999999999999982,0.7967268036997144,-0.3198889852918675
2024-04-26,0.009429475371882767,0.0032366836371748075,0.0045099317299301216,-0.0006218125076125912,2.7100481859984953,27.809999465942383,-4.150001525878892,-0.02999999999999997,-0.020000000000000018,-0.03000000000000025,-1.1634393507958045,1.401483789927914
2024-04-29,0.00353511214533174,-0.002033283758808563,-0.0031200983474315267,-0.011132761087201501,2.685804597355568,27.84000015258789,1.0199966430664205,-0.050000000000000044,0.0,-0.040000000000000036,0.11711431095163406,0.6283769774831985
2024-04-30,-0.01596802953489492,-0.020138504117937363,0.006230563088536299,-0.0141882639306748,2.7504708926110992,27.8700008392334,2.0400009155273295,-0.009999999999999953,-0.010000000000000009,0.0600000000000005,0.3310347761502374,-1.8725085780114898
2024-05-01,-0.0032524345889176688,0.009021337418355644,-0.0010356994804062785,-0.03175689048529639,2.733717970158959,28.700000762939453,-6.819999694824219,0.019999999999999962,-0.010000000000000009,-0.0600000000000005,-0.7611956082412925,-0.16142721636537144
2024-05-02,0.009309996295354443,-0.0030918623251211677,-0.007628394950007119,0.0,2.6864860439749103,27.64999961853028,0.05999755859376421,0.040000000000000036,0.040000000000000036,-0.04999999999999982,0.43202592433205134,1.3037989242787535
2024-05-03,0.012319103938198604,-0.0007979449099420573,-0.0027884598596331525,-0.010591957420973446,2.601948653252886,28.09000015258789,-4.7399978637695455,-0.020000000000000018,0.020000000000000018,-0.08000000000000007,-0.36791803551291286,1.5541778770776398
2024-05-06,0.010273837580908494,0.010463427933373832,0.0010466826856458653,0.007029757783726227,2.601948653252886,28.57999992370605,-1.4599990844726562,-0.020000000000000018,-0.020000000000000018,-0.009999999999999787,0.3177355982330939,1.1737729382601043
2024-05-07,0.0011027635008447956,-0.00461094049941965,0.002785475133365731,-0.0021170113520887217,2.582486943526435,27.82999992370605,3.5400009155273438,-0.019999999999999962,-0.020000000000000018,-0.020000000000000462,-0.6765664898268946,0.14334972608307747
2024-05-08,9.683364857164179e-05,-0.0029453952906236033,0.001389833382498564,0.008047014043655872,2.5649493574615367,27.90999984741211,-2.4599990844726705,-0.010000000000000009,0.020000000000000018,0.010000000000000675,-0.079935656192377,0.027233978596124715
2024-05-09,0.005745210863202857,0.01565541986116323,-0.0034781760859343936,0.005372430403400711,2.540814248659574,27.950000762939453,-1.7300033569335795,0.010000000000000009,0.010000000000000009,-0.03000000000000025,0.3607856040987916,0.6686395295428066
2024-05-10,0.0012874549886175827,0.008079783894319735,0.001392665111819166,-0.016071925368196245,2.5297206807757897,27.8799991607666,0.3800048828125,-0.020000000000000018,0.0,0.04999999999999982,0.6931471805599453,0.08419743685939761
2024-05-13,0.00013431342544097547,-0.011265319955387288,-0.0003480203677618854,0.010962193906755544,2.6100698207912507,28.040000915527344,11.1199951171875,0.0,0.0,-0.019999999999999574,-1.0262104110130703,-0.014778413753623593
2024-05-14,0.004577640354495977,0.008426442720749367,-0.0020905257213028362,-0.012158180575230207,2.5967461372286285,28.01000022888184,1.2000045776367045,0.010000000000000009,0.0,-0.03000000000000025,1.29738622160522,0.46244098219858437
2024-05-15,0.012306747018430092,0.012757032448187737,-0.006298144635700982,0.008868920205058686,2.5217206075906473,28.06999969482422,-12.770004272460923,-0.010000000000000009,0.010000000000000009,-0.08999999999999986,-0.33807126570002505,1.4496019563022424
2024-05-16,-0.0020595463332229655,-0.003900942141432421,0.002454006164546771,0.004864306617097663,2.519308082648162,27.07999992370605,-1.9499969482422017,-0.030000000000000027,-0.020000000000000018,0.019999999999999574,-0.5581906033919496,-0.5905947687699454
2024-05-17,0.0014367193752812951,0.016363162829441488,0.0,0.009398335918171338,2.4840729499500287,28.059999465942383,-2.4800033569335795,-0.009999999999999953,0.010000000000000009,0.040000000000000036,-0.01607927936697978,-0.15745921058275683
2024-05-20,0.0011513824764208412,0.004015863208074463,0.0013995592551935016,-0.0031229414661702254,2.4973291383898717,27.88999938964844,-1.220001220703125,0.02999999999999997,-0.010000000000000009,0.020000000000000462,0.5331928683435793,-0.22049528504130783
2024-05-21,0.0024494134752486626,-0.0014706294501546137,0.0,-0.007456371371994017,2.4731713646216233,27.3799991607666,-2.7900009155273438,-0.02999999999999997,0.010000000000000009,-0.03000000000000025,-0.3962137512474769,-0.1155606433399217
2024-05-22,-0.0028834455866350367,-0.018544867564565436,0.0031419547274432404,-0.017083125640254306,2.50878592047404,27.709999084472656,-2.8499984741210938,-0.020000000000000018,-0.020000000000000018,0.019999999999999574,-0.12126241931395063,-0.8621411656904783
2024-05-23,-0.007331079448999309,-0.020146148039186556,0.0020890698693032277,-0.005625594787959232,2.54709870589125,28.65999984741211,3.660003662109375,-0.010000000000000009,-0.010000000000000009,0.040000000000000036,0.3363427113312191,-1.4639885297100408
2024-05-24,0.006594598992968755,0.0009266841017383871,-0.0031353875258068853,0.01201618668264031,2.479056261690359,27.559999465942383,-2.5800018310546875,-0.02999999999999997,0.010000000000000009,-0.009999999999999787,0.6856058628017178,0.6873545071128632
2024-05-28,0.0006986013619640986,0.01045829379441463,-0.0013965552808142354,0.03019646663723591,2.55877650425956,27.530000686645508,6.099998474121094,0.06999999999999995,-0.010000000000000009,0.08000000000000007,-0.9898316299392571,-0.2500938718281347
2024-05-29,-0.007027087116653561,-0.009347362870368987,0.005574915067253724,-0.014135020319737542,2.6588599382119416,26.770000457763672,3.779998779296889,0.050000000000000044,0.020000000000000018,0.07000000000000028,0.7701732538870311,-1.3668933049003498
2024-05-30,-0.006655745224658213,0.0018949634848047382,-0.0031320421299356836,-0.013675438975928015,2.6720775590973527,29.239999771118164,-2.3600006103515767,-0.020000000000000018,-0.010000000000000009,-0.0600000000000005,-0.2821158444566246,-1.1851150055983568
2024-05-31,0.009067025648730003,-0.005881436093592545,-0.0006973755114824517,-0.009444687322324561,2.55877650425956,30.34000015258789,0.0500030517578125,-0.010000000000000009,0.0,-0.040000000000000036,-0.24802479993192683,1.2093015457045828
2024-06-03,0.0008147102390200018,0.008878251926791354,-0.0052457315208409615,-0.04078298326298724,2.573375271587755,30.84000015258789,2.779998779296889,-0.02999999999999997,0.010000000000000009,-0.09999999999999964,0.9750286220551359,-0.28239149089986304
2024-06-04,0.0011173542670816954,-0.009017596418210323,0.0003505824738527642,-0.010355613150529097,2.5771819143023467,30.59000015258789,6.190002441406236,-0.030000000000000027,0.020000000000000018,-0.08000000000000007,-1.0406727265004567,-0.16986665823269997
2024-06-05,0.01181497596193171,0.011775993219294973,0.001401029949551581,0.011190536078020008,2.5360749454234384,29.18000030517578,2.3199996948242188,0.010000000000000009,0.040000000000000036,-0.040000000000000036,-0.6521128192105905,1.9371081745649499
2024-06-06,-1.8592521562115075e-05,0.0073641743967564136,-0.0014010299495516285,0.018877622004538838,2.532108245207593,27.709999084472656,-1.4400024414062642,-0.010000000000000009,-0.030000000000000027,-0.009999999999999787,0.8194505033198027,-0.30564544630212637
2024-06-07,-0.0012166318493992488,-0.03633551284065831,0.00837703011986744,-0.0032814562555495684,2.5030739755952336,26.420000076293945,-9.169998168945298,0.0,-0.040000000000000036,0.14999999999999947,-0.3658965500901839,-0.515536554242678
2024-06-10,0.0030849130022234474,0.009126408480626166,0.002430151897371385,0.0328693721488532,2.54474663217841,25.690000534057617,2.3400039672851562,0.03999999999999998,0.0,0.040000000000000036,0.5110414666332219,0.28573018530009825
2024-06-11,0.0024057908634222097,0.002852538250894446,0.0013859093362803662,0.0006624237024835077,2.5533438410275884,25.540000915527344,3.1099929809570312,-0.019999999999999962,0.020000000000000018,-0.08000000000000007,-0.44609827832886867,0.18708394275514104
2024-06-12,0.008179188470655721,0.002658183908153708,-0.004511496925745299,0.0062050658352542825,2.4882344367123217,24.799999237060547,-5.5399932861328125,-0.020000000000000018,0.0,-0.08000000000000007,0.5247205489169472,1.2472280816243122
2024-06-13,0.002011623928874091,-0.008183543017197694,0.0038187823506718763,-0.0031637976724215554,2.479894072820678,24.450000762939453,0.1999969482421875,0.0,0.030000000000000027,-0.0699999999999994,-0.06214073312610221,0.03189713670450794
2024-06-14,0.0006082509034041797,0.012876289526632455,0.004494339938314499,0.004479048035762472,2.538447404663274,24.709999084472656,8.230003356933594,-0.02999999999999997,0.020000000000000018,-0.040000000000000036,-0.0577892439645805,-0.19899068173325657
2024-06-17,0.007927374752491275,-0.00520517570045054,-0.002417491547546935,0.02222745768327376,2.545531271604435,24.170000076293945,-1.0900039672851562,0.0,-0.010000000000000009,0.08000000000000007,-0.3136575588550415,1.3584336568305615
2024-06-18,0.0025373691002564497,0.003999264104052163,-0.00034578257892662196,0.011248965078119082,2.509599277885271,23.729999542236328,-1.0800018310547017,0.0,0.0,-0.0600000000000005,0.10411320068771387,0.1766072072708535
2024-06-20,-0.0027202279154751783,0.012407060942233218,0.004142230605492515,0.009362485957576596,2.5862591239406965,24.229999542236328,-3.8499984741210795,0.019999999999999962,0.020000000000000018,0.03000000000000025,0.2209500504138932,-0.8562885848826142
2024-06-21,-0.0013414913654254286,-0.015614512577113474,0.0024083420880998017,-0.009616702118432007,2.5802168151427143,24.739999771118164,-0.0500030517578125,0.0,0.010000000000000009,0.0,-0.1664377020013905,-0.5429124446086412
2024-06-24,-0.003255921869277183,0.0039497558204108826,-0.0034423989104088695,0.013261898600443552,2.5900171284671405,25.420000076293945,1.1100006103515767,-0.010000000000000009,-0.020000000000000018,0.0,0.2673520572600975,-0.8693073399414827
2024-06-25,0.003843567663473732,-0.0049745904122730136,0.0010340568223091296,-0.010088300314374856,2.552565310145607,25.75,1.7700042724609233,0.040000000000000036,0.020000000000000018,-0.019999999999999574,-0.6924438396618224,0.48210366763551293
2024-06-26,0.0012471449317215516,-0.009271011435782827,0.00481096866902026,-0.001902969485489011,2.5297206807757897,26.239999771118164,0.94000244140625,0.02999999999999997,0.0,0.08999999999999986,0.29543618219087076,-0.11900665121815042
2024-06-27,0.0015753962509275584,0.011273144249924162,-0.0013722629828710772,0.014747833723460755,2.5047092583846835,26.280000686645508,-2.220001220703139,-0.019999999999999962,0.0,-0.03000000000000025,0.2845751430027309,-0.00038632564875342086
2024-06-28,-0.003942982169885508,9.297215668051388e-05,0.0,-0.004137700623625835,2.5209170535797867,26.540000915527344,2.899993896484389,0.06,0.0,0.07000000000000028,-0.45551013644708105,-1.1618462717541584
2024-07-01,0.002056002609921091,0.002601203635873833,0.00034324232725000856,0.024205297813483594,2.5030739755952336,27.290000915527344,7.640007019042969,0.06,0.0,0.1200000000000001,1.4653815547224478,0.06376555847672725
2024-07-02,0.006707196031388748,-4.643502198175577e-05,-0.001373605925299345,-0.005287443011822337,2.487403507789679,25.81999969482422,1.2799987792968892,-0.020000000000000018,0.010000000000000009,-0.05000000000000071,-1.7730081588271103,1.0984508710237202
2024-07-03,0.004452816667774792,0.011209933637062129,-0.004132246085174495,0.0019706378519356925,2.4923786772477015,24.6200008392334,-4.68000030517581,-0.03999999999999998,-0.030000000000000027,-0.0699999999999994,0.3499940515445449,0.6033076743424117
2024-07-05,0.005749794868711777,0.013396660734694534,-0.0034566778451852807,0.0004920767346672877,2.5241273262614996,23.780000686645508,-4.050003051757798,0.02999999999999997,0.030000000000000027,-0.08000000000000007,2.5834649258325886,0.8827203374283291
2024-07-08,0.0011531627259042687,-0.012479622087256387,0.0017298681287711529,-0.011006101493362288,2.5152741771529077,23.809999465942383,-0.8199996948242188,-0.020000000000000018,-0.020000000000000018,0.0,-1.9624790349895656,-0.32426244402495896
2024-07-09,0.0009720073332111152,0.0016943111880903482,0.0013816720084868749,-0.008115426860099868,2.52652834277473,24.190000534057617,-2.339996337890611,0.020000000000000018,0.020000000000000018,0.019999999999999574,-0.24426500127820733,-0.2867631135180215
2024-07-10,0.009846557331140291,0.003653653384415757,-0.001036057186314258,0.008861296222450103,2.5533438410275884,24.01000022888184,-2.6500015258789205,-0.020000000000000018,0.0,-0.019999999999999574,0.7577367327061555,2.3044508568221675
2024-07-11,-0.008659668235960713,0.017578001160184497,-0.005196591787223235,0.0056994215480502914,2.55877650425956,24.01000022888184,-3.3000030517578125,0.040000000000000036,0.020000000000000018,-0.08000000000000007,-1.8221792215324342,-3.0055658975474704
2024-07-12,0.006287622744954839,-0.0006272936376367233,-0.0034794579587687532,-0.00856140760075485,2.5225235164208617,24.1200008392334,-2.8799972534179688,0.02999999999999997,0.0,-0.020000000000000462,1.3090728870209476,0.9711934600105201
2024-07-15,0.002746234574301277,0.0032219172131206842,0.001741170577582211,-0.0016212169316542201,2.574137774793312,23.82999992370605,7.709999084472656,0.060000000000000026,0.0,0.05000000000000071,-0.09386816584619039,0.1302914287193685
2024-07-16,0.00591267816960782,0.01972987782004887,0.0,-0.013318518090355181,2.5794589349159778,24.40999984741211,-0.6299972534179545,-0.05000000000000002,-0.020000000000000018,-0.0600000000000005,-0.028801665186138248,0.9267616196569952
2024-07-17,-0.014120399731959738,-0.0046540195707981385,-0.004533523320545324,0.01953976476914971,2.6727683553440564,25.280000686645508,-2.8700027465820455,0.0,0.0,-0.009999999999999787,0.2895904207628345,-3.6632097886149757
2024-07-18,-0.007714606319595706,-0.006401633154546521,0.00453352332054525,-0.008970919887678825,2.7682041430792563,25.68000030517578,0.970001220703125,0.0,0.010000000000000009,0.040000000000000036,1.0690668835646275,-1.6061551084608265
2024-07-19,-0.006662638314655088,-0.01810066223064627,0.0027797397372710322,-0.02406704517999509,2.804571795802497,26.82999992370605,2.3199996948242188,0.020000000000000018,0.0,0.04999999999999982,-1.4458845961160736,-1.261392826485847
2024-07-22,0.010257027208723327,0.0003156824791686295,-0.0006942287631557351,-0.004883665363853609,2.7020321185427174,26.82999992370605,0.15999603271485796,0.0,0.010000000000000009,0.009999999999999787,-0.11953084429346841,1.6825703496418059
2024-07-23,-0.0015696404087115424,0.003510507096461622,0.0017345976245403108,-0.012966986206433018,2.689207131441274,26.739999771118164,0.590003967285142,0.09,0.010000000000000009,-0.009999999999999787,0.5873774620658543,-0.3770805057431417
2024-07-24,-0.022923334264055708,-0.0035105070964615765,-0.00034662171746979167,0.0024766331062798185,2.892591565384329,26.850000381469727,-0.23000335693357954,0.06,0.05999999999999983,0.03000000000000025,-0.5821852766534367,-3.749946442101088
2024-07-25,-0.005224129312757293,-0.015768400613655725,0.0,0.008426854041664747,2.9156061794795076,26.489999771118164,4.270004272460909,-0.05000000000000002,-0.029999999999999805,-0.010000000000000675,-0.6899943940401823,-0.624640190234859
2024-07-26,0.011137575184892386,0.010479424389843233,-0.0006937471439148659,-0.0175819919686148,2.796671355516472,29.770000457763672,-1.3199996948241903,-0.01999999999999999,0.029999999999999805,-0.0699999999999994,0.5396678106513275,1.4323159027549155
2024-07-29,0.0005874925144674297,-0.0014060442276131696,0.0027720341987079737,-0.012161394438873405,2.8094027183426014,30.81999969482422,0.8899993896484233,-0.03,0.010000000000000009,-0.03000000000000025,-0.028137323297599468,0.07959476650815638
2024-07-30,-0.005079227231496193,0.009935936183544556,0.0006917560971814622,-0.009756219710749902,2.8729995383614964,31.489999771118164,1.7699966430664205,-0.010000000000000009,-0.010000000000000009,-0.019999999999999574,0.10347137012299831,-0.5777113733891472
2024-07-31,0.016124007259591504,0.017948680176280075,-0.005547852441543809,0.04310784179589794,2.794839368482153,33.689998626708984,-1.0099945068359517,0.0,0.030000000000000027,-0.0600000000000005,-0.32555855674227924,1.9024866694013778
2024-08-01,-0.014262135124935654,-0.0034488837098835684,0.003471004050776249,-0.018828017842150952,2.9226238099414155,33.41999816894531,2.4099960327148438,0.03,0.030000000000000027,-0.09999999999999964,0.1394995956825016,-1.587656216430289
2024-08-02,-0.01879400562557572,-0.0019064443892983563,-0.010099346828894205,-0.038754201862336544,3.152308554501536,38.83000183105469,10.440002441406264,0.09000000000000001,0.09000000000000008,-0.1900000000000004,0.47125325810474256,-1.8841278152779826
2024-08-05,-0.029556213687220098,-0.012773165762624666,-0.005616008312435539,-0.0023190538766148655,3.6524747643078785,43.630001068115234,8.959999084472642,-0.03,0.050000000000000044,-0.020000000000000018,0.42976899248000505,-2.684671748607055
2024-08-06,0.00917734439868385,-0.008032891286850028,0.003162862001525128,-0.010571997719377635,3.3217933258352854,40.41999816894531,-1.980003356933608,0.020000000000000004,-0.07000000000000006,0.1200000000000001,0.3252484735537902,1.0498788818761433
2024-08-07,-0.006706373604845789,-0.0006798590470787476,0.0021031269371928497,0.03044962041173569,3.32683298007059,38.0099983215332,-6.549995422363281,0.049999999999999996,0.020000000000000018,0.06000000000000005,-1.3603176410861357,-0.3103059188595258
2024-08-08,0.022854037189537626,0.015566228805778428,0.0013995592551935016,0.008930391311087377,3.1692653627985705,34.77000045776367,-2.270004272460909,-0.010000000000000002,-0.020000000000000018,0.03000000000000025,-1.0506528785226863,2.1497041764045037
2024-08-09,0.0044000587291470284,0.002452251987910811,-0.0010495398814759146,0.011347273093983994,3.014063271438193,33.369998931884766,-2.1599960327148438,-0.06,-0.010000000000000009,-0.050000000000000266,1.8838962056270412,0.5377771065669471
2024-08-12,0.0005252031893121629,0.01699935451192235,0.0,0.031129359611728098,3.030616631200474,35.16999816894531,10.0,0.0,0.010000000000000009,-0.040000000000000036,-0.4732362323447935,0.19583542589297795
2024-08-13,0.016311892133958793,-0.0015335341694870399,-0.00526406866685052,-0.012670520633458079,2.8970163469301413,33.2599983215332,0.18000030517575283,0.03,0.020000000000000018,-0.04999999999999982,0.14491325917984413,1.4288027627960895
2024-08-14,0.0031497556912539145,-0.008189191333500882,0.001055076377395764,-0.013616278332464034,2.7843938006764253,31.51000022888184,-12.10000610351561,-0.03,-0.06000000000000005,-0.020000000000000018,0.31006438549966703,0.3544431759471675
2024-08-15,0.01699512125184807,0.0031339290416111426,0.003508758778703825,0.010649546417540887,2.7232671368503616,31.13999938964844,-2.599998474121108,-0.05,-0.06000000000000005,0.08999999999999986,0.6072669998177237,1.3862004711074325
2024-08-16,0.0022393569881340933,0.022140811735288334,-0.004915774801684611,-0.01418099538318681,2.69462719365756,31.0,-0.9300003051757528,-0.010000000000000009,0.010000000000000009,-0.029999999999999805,-0.1259563545523563,0.1856137435902355
2024-08-19,0.009516061662984574,-0.0016393656726291592,-0.005293793497788484,-0.025747971570824923,2.6844403094241867,32.029998779296875,7.31999969482419,-0.03,-0.010000000000000009,-0.03000000000000025,-0.7893399820129557,0.6813461741571938
2024-08-20,-0.001627548962682649,0.003663270802502215,-0.0035449022835135294,-0.0074218736985404345,2.7650604630255966,32.04999923706055,1.4400024414062642,0.03,0.010000000000000009,-0.040000000000000036,-0.48856194405355424,-0.1839059363616786
2024-08-21,0.0034307727003390835,-0.0013345079227064104,-0.003201111158638084,-0.01680027705889688,2.78932294936639,32.70000076293945,-0.1900024414062642,0.04000000000000001,0.0,-0.029999999999999805,0.765656199917164,0.22593324889454494
2024-08-22,-0.007879539401688134,-0.012047289256478088,0.004620609628801324,0.013408373748716321,2.8650539064395404,31.729999542236328,-2.8799972534179545,0.0,0.010000000000000009,0.06999999999999984,-0.2930326624783088,-0.6196253214081708
2024-08-23,0.010569257539537724,0.011487194343258775,-0.008547152506324342,0.026421454550779395,2.7638001945596176,30.540000915527344,-2.8700027465820455,0.04000000000000001,0.0,-0.04999999999999982,-0.22475145334892224,0.7281697502596454
2024-08-26,-0.0023864036551474346,0.0031842629268957873,0.002143701852348916,0.029732255385001766,2.781920026048249,30.989999771118164,1.0300064086914205,0.0,0.0,0.009999999999999787,-0.08810915801417121,-0.3471026699899917
2024-08-27,0.0013719345737819868,0.0027030152296240286,-0.003217130922119999,-0.01736699909208973,2.7363136861531494,31.25,2.55999755859375,0.09,0.010000000000000009,0.010000000000000231,-0.5792246477198457,-0.002929916166562299
2024-08-28,-0.005822054624054497,-0.007051666972008083,0.005712248677891395,-0.013292220430715884,2.8396631235763143,32.119998931884766,-0.45999908447264204,0.01,0.0,0.009999999999999787,0.5848575839097784,-0.5746732935231156
2024-08-29,8.929497271897521e-05,0.005164620716356872,0.003553647139958883,0.01694613013782599,2.7504708926110992,31.809999465942383,-2.0600051879882812,-0.01,-0.020000000000000018,0.03000000000000025,0.3645390877894174,-0.10433175365421765
2024-08-30,0.009500712665267358,-0.0071515197828322195,0.0028338969226997055,-0.03216477950517484,2.70805020110221,33.36000061035156,1.0699996948242045,0.0,0.0,0.040000000000000036,-0.41575847568507013,0.7249697865326797
2024-09-03,-0.020793470919655384,-0.00433295027353233,0.0017670886999974612,-0.044702487179793374,3.0310993842520197,35.36000061035156,6.4300003051757955,-0.04,0.040000000000000036,-0.07000000000000028,0.15191934867634277,-1.9037033235152157
2024-09-04,-0.0020489743853403975,0.0006077417877377091,-0.004955797227566689,-0.021038384478949908,3.0596455849835826,37.95000076293945,4.9500045776367045,0.05,0.0,-0.06999999999999984,0.26881157266648925,-0.3100995663447286
2024-09-05,-0.002435114582399547,0.008297784905919918,-0.0014204334149412513,0.0040143248072719824,2.990719712561114,36.61000061035156,-4.340003967285142,-0.03,0.0,-0.040000000000000036,-0.5255623895473576,-0.5569970416451909
2024-09-06,-0.016973394434186866,-0.007430165851405642,0.0014204334149413326,-0.013831067431116914,3.1081676653845203,37.58000183105469,-7.569999694824247,0.08,0.0,-0.009999999999999787,0.630588581479645,-1.999917035199685
2024-09-09,0.011133872466266495,0.004197056104325384,0.00424923443305401,0.004920362248043913,2.9678471092901333,37.0,-2.6299972534179545,-0.039999999999999994,0.0,-0.020000000000000018,-0.6171825836037722,0.8809220061863081
2024-09-10,0.004346440552284933,0.004394427867848139,0.0003533073916266847,-0.0339164510644635,2.9486406620215058,40.22999954223633,3.75,0.039999999999999994,0.010000000000000009,-0.050000000000000266,0.7527868675619211,0.3100671789520658
2024-09-11,0.010206680553018616,-0.0015918222264343484,0.0010592465769762663,0.013203951283404443,2.8729995383614964,37.7599983215332,-4.569999694824219,-0.03,0.010000000000000009,0.0,-1.1325810718525937,0.9257914714089802
2024-09-12,0.008388006506208747,0.01741476344611925,-0.00424336975629408,0.029623204964132104,2.8373225189284472,36.06999969482422,-5.760002136230469,0.010000000000000002,-0.010000000000000009,0.03000000000000025,0.4306645191864218,0.6730604496377848
2024-09-13,0.005209146793229185,0.009894570827460453,-0.0014184186453627227,-0.0007157096603621106,2.806990116707257,35.220001220703125,2.5699996948242188,0.049999999999999996,-0.020000000000000018,-0.020000000000000018,0.4625791804041965,0.40308463546295037
2024-09-16,0.0014755907795741706,-8.375168155604126e-05,-0.0031988355350895076,0.01478140845143414,2.841414877559857,34.709999084472656,0.6200027465820312,-0.01999999999999999,-0.020000000000000018,-0.03000000000000025,-0.451862058179723,-0.010466428126545451
2024-09-17,0.00040859633669759293,-0.005546263478781277,0.003198835535089406,0.011781398210254278,2.8684669571674872,35.290000915527344,0.3600006103515483,-0.010000000000000009,-0.020000000000000018,0.020000000000000018,0.6259655756431632,-0.049463184716150264
2024-09-18,-0.002970247907622801,-0.007740344731775381,0.0010640573639753433,-0.014889971999142874,2.903068563580112,36.18999862670898,-2.970001220703111,0.03,-0.010000000000000009,0.050000000000000266,0.31921019812495804,-0.43262730213162764
2024-09-19,0.016920418931100533,0.015421236419487408,-0.004262892899064886,0.029149212293412347,2.7930039023103626,33.720001220703125,-5.970001220703125,0.05000000000000002,0.0,0.029999999999999805,-0.1875693899369958,2.0000910432618366
2024-09-20,-0.0017300224972761856,0.012630557682531525,0.0017784021201482517,0.0023340186484007907,2.781920026048249,32.220001220703125,-1.6399993896484375,0.03999999999999998,0.0,0.0,-0.6415921610853442,-0.3028616344666997
2024-09-23,0.002495707790257474,0.00193852671610104,0.0014204334149413326,-0.009230597707461144,2.765690002154839,34.38999938964844,2.8700027465820455,0.0,-0.020000000000000018,0.020000000000000018,0.10299218678633923,0.18682302195013953
2024-09-24,0.002857246549837139,0.013872405171650835,-0.005693953290860845,0.014291859437062458,2.733717970158959,33.7599983215332,-0.5699996948242472,0.07,0.010000000000000009,-0.009999999999999787,-0.015478700928960356,0.1764528388792669
2024-09-25,-0.002207888302492943,-0.0013827232563759936,0.006758010654836277,-0.02500644917512111,2.7350166394301496,34.400001525878906,-1.6600036621093608,0.010000000000000009,-0.010000000000000009,0.04999999999999982,0.360477753779335,-0.3602696806666916
2024-09-26,0.0039566916548447115,0.005073989582052931,-0.004619041262550593,-0.03516628466659736,2.7324175501047714,39.7599983215332,-1.5,-0.07,0.0,0.0,-0.23554200537208828,0.3497418570901788
2024-09-27,-0.0014513072431050762,-0.00796748708764577,-0.0003561283671117843,0.01809346484428869,2.8308575763821904,39.619998931884766,2.3899993896484375,0.010000000000000009,0.010000000000000009,-0.040000000000000036,0.09743445038540563,-0.28748099190176846
2024-09-30,0.003999221306372743,-0.008031540905022198,0.0039111122656870475,-0.004993212272747592,2.817203487636887,39.86000061035156,2.0800018310546875,-0.05000000000000002,-0.030000000000000027,0.06000000000000005,0.25052818745416233,0.3199925664876848
2024-10-01,-0.008998800666687687,0.0104365981433154,0.00424923443305401,0.03084103423341522,2.9580304182537716,42.869998931884766,9.529998779296875,-0.01999999999999999,0.020000000000000018,-0.06999999999999984,-0.6810050903856629,-1.2157323452442301
2024-10-02,0.00042188350305342646,0.000203566476664727,0.0042313998867843094,0.00897364361703627,2.9391619018820134,46.52000045776367,-1.9700012207031108,0.03,-0.010000000000000009,0.04999999999999982,0.8199737561126494,-0.01608860135594634
2024-10-03,-0.0018298498806039172,-0.0006922454344498969,0.0031617508184160056,0.04000804444351105,3.0199369510803917,54.5,-1.0099945068359517,-0.010000000000000009,-0.019999999999999796,0.06000000000000005,-0.5553760796711907,-0.47501581086942096
2024-10-04,0.009046338124377482,-0.001998025038998091,0.0055964369458710575,0.008153584225935795,2.9554309291215706,46.369998931884766,-1.0100021362304688,-0.09999999999999999,-0.050000000000000044,0.1299999999999999,-0.028047876424220766,1.0431781101495807
2024-10-07,-0.009081570901981272,-0.00339351403676491,0.0006973755114824545,0.03664824860875891,3.1197182263759906,48.31999969482422,24.080001831054688,-0.010000000000000002,-0.030000000000000027,0.050000000000000266,-0.43314924303660984,-1.5418398064267038
2024-10-08,0.009412990400080833,-0.007399232494344503,0.0,-0.04400989038435532,3.0643250685814114,52.34999847412109,-0.4600067138671875,0.019999999999999997,0.010000000000000009,0.009999999999999787,0.9664495116418329,1.0821557368608932
2024-10-09,0.006902800411303861,-0.0054610705017173605,0.0045209103148530745,-0.007150466274743375,3.0378334788320487,48.79999923706055,-1.3799972534179688,0.010000000000000009,-0.010000000000000009,0.019999999999999574,-0.5741054914963657,0.7136537828039473
2024-10-10,-0.0017515942371071475,0.007316064767089658,-0.00034705413738212826,0.03293980591297468,3.041183551038691,52.36000061035156,-5.830001831054673,0.039999999999999994,0.0,0.03000000000000025,0.30090661047405415,-0.6774439461452684
2024-10-11,0.0059704089810214845,0.01085428686886074,0.0006939878699759926,-0.0036068413339225163,3.0184717157762972,52.68000030517578,1.9100036621093608,0.020000000000000004,0.0,-0.009999999999999787,0.9383281056321535,0.6493478139390704
2024-10-14,0.008144868313950336,-0.0016308312397319176,0.0031168565632956526,-0.0203370009637221,2.9806186744718333,51.619998931884766,0.0,-0.05,-0.010000000000000009,-0.04999999999999982,-1.2864537880435984,1.0390567865849345
2024-10-15,-0.0077998623098996245,0.0034623584364339233,0.0006913491352494367,-0.04264548423443695,3.027230911042065,48.63999938964844,8.760002136230469,0.0,0.0,0.0,0.7213892800614818,-1.5900598090811084
2024-10-16,0.004337078571955299,0.0049891427128232555,0.0027605557575322293,-0.004960062542532065,2.97450863320584,47.84000015258789,-5.370002746582031,0.009999999999999995,-0.020000000000000018,-0.010000000000000675,-0.5665481008502079,0.42598082340383236
2024-10-17,8.567303132898711e-05,0.0059704521617615375,0.0030964813350137844,0.0030340833401324117,2.9502117901910383,46.880001068115234,0.279998779296875,0.04000000000000001,0.020000000000000018,0.07000000000000028,0.3651728706091232,-0.25348918543894344
2024-10-18,0.003839100863365285,0.010562207979593495,-0.0027519382012296486,-0.01722272422377844,2.8920370752987252,47.220001220703125,0.989997863769517,0.0,0.0,-0.009999999999999787,-0.4929834238324322,0.3012073433881513
2024-10-21,-0.0016434484965963396,-0.00019902108052380224,0.004468079424081002,0.012253075698905812,2.9107189449120305,46.81999969482422,5.819999694824233,0.04000000000000001,0.010000000000000009,0.11000000000000032,1.3980617046729085,-0.5284962141733751
2024-10-22,-0.0005313397958802228,0.010729555523637746,0.0010282445934589202,0.02352407649793247,2.901421636002499,47.68999862670898,0.30999755859375,0.0,0.010000000000000009,0.009999999999999787,-0.894507174688024,-0.32747965836164594
2024-10-23,-0.009179427868702749,-0.012123752431615111,0.0034200302494642853,-0.005829343240804152,2.956991433341415,47.77999877929688,-0.209991455078125,0.0,-0.010000000000000009,0.040000000000000036,-0.1626913284293286,-1.8699917914684494
2024-10-24,0.002160499091810152,0.007663817134299539,-0.003762613885779436,-0.006684500589053859,2.9486406620215058,46.65999984741211,-1.5699996948242188,-0.03,-0.020000000000000018,-0.03000000000000025,-0.3813168478756612,0.27072351762115116
2024-10-25,-0.00034532770832045045,0.0020548662166116312,0.00342112968768506,0.015887438402182662,3.012097623887479,48.970001220703125,0.9199905395507812,0.0,-0.010000000000000009,0.040000000000000036,0.21688701369990454,-0.18751079920927868
2024-10-28,0.003086550330708379,3.945329776617785e-05,0.0,-0.05254911326250707,2.9856818991681933,42.959999084472656,2.5200042724609375,0.01999999999999999,0.0,0.03000000000000025,-0.10039180822794987,0.43115507668081166
2024-10-29,0.0016170844558278737,0.010835937036952448,0.0003414841980945326,-0.010992995581308026,2.9621754979149046,42.470001220703125,0.9499969482421875,0.010000000000000009,-0.020000000000000018,0.0,0.16216200617301257,0.14365159135794897
2024-10-30,-0.003030030831316913,0.005490789207931537,-0.002392841857009503,0.024111179315838997,3.013080930634045,41.130001068115234,-1.0699920654296875,-0.03,-0.050000000000000044,0.009999999999999787,-0.23336645246480428,-0.6330838382420756
2024-10-31,-0.019797642081118227,-0.015616471787270395,-0.0006846514799766213,0.023817259740401706,3.142426646116371,48.790000915527344,4.3799896240234375,-0.020000000000000018,0.020000000000000018,-0.009999999999999787,0.4237471529456136,-3.7927791906472326
2024-11-01,0.004211678376356711,-0.004110813705942471,0.004101176508956534,-0.014610944955690543,3.0855729391975917,44.13999938964844,-2.5999908447265625,0.04000000000000001,0.0,0.08999999999999986,0.07729474544624687,0.5956536280830509
2024-11-04,-0.002156229673194798,0.0014248987496042703,-0.003758827463188158,0.03103255387781252,3.0901329281491026,45.75,3.6699981689453125,-0.01999999999999999,0.0,-0.0600000000000005,0.6898309993086503,-0.3393847849134635
2024-11-05,0.012019187358455816,0.002251910440369921,-0.0041165820996850785,0.005905297375616848,3.0199369510803917,45.61000061035156,-5.82000732421875,-0.07,-0.010000000000000009,-0.04999999999999982,0.2986543980508431,1.7875357681007074
2024-11-06,0.024561573185624373,-0.030857976694085635,0.016027576200710394,-0.0025457565295519883,2.78932294936639,44.7400016784668,-12.789993286132812,0.07999999999999999,-0.050000000000000044,0.16000000000000014,-0.7847393614985757,3.374988461963166
2024-11-07,0.007702425221204237,0.015948645391861378,-0.008152166637837148,0.0016086162034484183,2.721295415303884,42.54999923706055,-13.559997558593764,-0.04999999999999999,0.040000000000000036,-0.11000000000000032,0.819427828666237,0.7260181279236954
2024-11-08,0.004322282865576509,-0.0067924425881974865,0.006798160441442213,-0.020705880811592785,2.704042151617877,38.7599983215332,-4.2300033569335795,-0.060000000000000005,-0.06000000000000005,-0.009999999999999787,-0.047830869247094114,0.3273102624858469
2024-11-11,0.0009523723239223555,-0.02375140115119195,0.005742220032427058,-0.03040415796476914,2.7060482162691324,37.7400016784668,0.0,0.049999999999999996,-0.019999999999999796,0.1299999999999999,0.2252618599217108,-0.09720519715589054
2024-11-12,-0.0031112825784092575,-0.008668821068980244,0.004369041516965432,-0.0035303290409017998,2.688527537206614,34.31999969482422,8.700004577636705,0.0,0.0,0.0,-0.539037177370066,-0.5447444918505843
2024-11-13,0.0004856515659483951,-0.010132384997697268,0.005684684115872513,0.0005657037894787222,2.640484914257205,37.119998931884766,-6.470001220703125,0.08000000000000002,0.04999999999999982,0.010000000000000675,-0.27950613474144187,-0.06237448734747848
2024-11-14,-0.006450779429981378,-0.0026125515313780707,0.003993358270976332,0.007886219462695269,2.6609586228916786,30.89999961853028,-2.650001525878892,-0.08000000000000002,-0.020000000000000018,-0.010000000000000675,-0.22748099608534167,-0.9544838174933723
2024-11-15,-0.012891343001767624,-0.0017736414154015429,-0.0009968112731280248,-0.02183865727035887,2.78130062502572,35.06999969482422,3.0400009155273438,0.03,0.020000000000000018,0.0,0.6818852996597863,-1.6455810733897862
2024-11-18,0.004089010297291547,0.01884162282592499,-0.004999153311384451,0.03272044400043885,2.7459880355456865,36.88999938964844,-0.45999908447264204,0.010000000000000009,0.010000000000000009,-0.009999999999999787,0.545649185249906,0.42815932336409035
2024-11-19,0.0036487124279770125,0.00891942849470802,-0.0003342498368138663,0.003324533721894514,2.794227920674744,37.27999877929688,3.1100006103515625,-0.010000000000000009,0.0,-0.03000000000000025,-0.7719924706286109,0.3771473939798525
2024-11-20,0.00033874171615574467,0.005616245032295766,0.005000888941907969,-0.004018586814210477,2.842581085167748,36.7400016784668,1.5699996948241903,-0.01999999999999999,0.010000000000000009,0.020000000000000462,-0.1632474468597737,-0.02267511907113641
2024-11-21,0.005354088058386392,0.008304918886222052,0.003320040400401141,0.01625156766698666,2.825536946304965,36.90999984741211,-4.7900009155273295,-0.010000000000000009,0.0,0.019999999999999574,0.19025618601157496,0.5347968620910549
2024-11-22,0.003094485882628035,0.012809813332372294,0.005289257107450167,0.014242398406224533,2.723923535240007,35.7400016784668,-2.7600021362304688,-0.049999999999999996,0.0,-0.019999999999999574,-0.4852066015450617,0.20947637519360837
2024-11-25,0.0033863082759400414,-0.029901483187306007,-0.006947899474750899,-0.029383754555274894,2.681021554842354,37.43999862670898,0.8199996948242188,0.019999999999999997,-0.010000000000000009,-0.14000000000000057,-0.4335199078517196,0.23775181713768606
2024-11-26,0.005207896793672397,0.0019364331609546426,0.0013271885902447298,-0.006819285585412977,2.646174824438713,38.7400016784668,-0.779998779296875,0.03,0.010000000000000009,0.03000000000000025,0.5371429320833642,0.42669950727356365
2024-11-27,-0.003034660038475973,0.0022202481870022992,-0.008658172701187976,0.0015349282152113974,2.646174824438713,37.0,-1.4400024414062642,-0.03,0.0,-0.04999999999999982,-0.12777282782759986,-0.5307084160888736
2024-11-29,0.00619295331613714,0.008587567442534243,-0.0016735636426323784,-0.0015349282152113462,2.603430168913768,34.95000076293945,-2.519996643066392,-0.009999999999999995,0.010000000000000009,-0.07000000000000028,0.279837703221353,0.5481451046891122
2024-12-02,0.001790654463791997,-0.0087929483026941,0.006011986134166068,-0.00799162597071586,2.5907670519258503,34.709999084472656,2.589996337890639,-0.030000000000000002,-0.030000000000000027,0.010000000000000675,-0.7983106763022341,-0.002827346668280185
2024-12-03,0.0004639837226910032,0.0020107532444556663,-0.00033299928434784204,0.02776413724990977,2.5877640495686753,34.54999923706055,-2.2099990844726705,0.039999999999999994,-0.010000000000000009,0.040000000000000036,0.1584626712896445,-0.32767310177033065
2024-12-04,0.0061901978265918,0.0030290874860776605,-0.0003331789037711132,-0.016009225116614706,2.598979091866817,33.81999969482422,-3.3499984741210938,0.0,-0.010000000000000009,-0.040000000000000036,0.6574261396361811,0.4847143318289658
2024-12-05,-0.0016470582568723243,-0.00742520820917337,-0.00534580794604707,-0.005720225392875778,2.605648264666775,29.450000762939453,-0.7699966430664062,-0.039999999999999994,0.010000000000000009,-0.020000000000000462,-0.6025542684735762,-0.6519430373282924
2024-12-06,0.001893842296124981,0.0003705001517973534,0.0026765106153813453,-0.01735987939826787,2.54709870589125,30.979999542236328,-8.280006408691406,0.030000000000000002,0.020000000000000018,-0.019999999999999574,1.3891908706746137,-0.0741060788989898
2024-12-09,-0.005162829096702721,0.009870874002918592,0.001669094052012898,0.013153436669722055,2.6525374616006543,27.700000762939453,2.4300003051757812,0.020000000000000004,0.0,0.04999999999999982,-0.5134483576097535,-1.3514881032862323
2024-12-10,-0.003113859157499747,0.013078415980993926,0.002332184759471835,0.003226535133112736,2.651832542625545,28.61000061035156,4.470001220703125,0.0,-0.010000000000000009,0.019999999999999574,-0.06818359376128735,-0.8031425051922029
2024-12-11,0.007700729971482621,0.009488652360594872,0.003322246491897484,0.02667193635937889,2.6085981165124394,31.989999771118164,-7.6999969482421875,0.039999999999999994,0.010000000000000009,0.040000000000000036,0.006071553197739041,1.538293335302823
2024-12-12,-0.005165811223291085,-0.014772297747821581,0.003311245707377499,-0.0016378159227148832,2.6333266603871603,33.63999938964844,0.26000213623046875,0.030000000000000013,0.020000000000000018,0.0600000000000005,-0.560526451872322,-1.1635419621153247
2024-12-13,-0.0001986415474580235,-0.01216527622337442,0.00033053595468810816,0.013566888492005871,2.6253929978061894,34.91999816894531,3.0,0.009999999999999981,-0.020000000000000018,0.08000000000000007,0.12174343687248047,-0.153652259762844
2024-12-16,0.004260790654979307,0.00241229791280552,-0.0016537051589988593,-0.00689614185761138,2.687166961621,33.40999984741211,5.2199935913085795,-0.009999999999999981,0.0,-0.010000000000000675,0.7126134507663044,0.7221406995622515
2024-12-17,-0.00412835857249697,-0.003846011153453628,0.0009925239594803048,-0.005442107261041295,2.76443052732717,30.709999084472656,-0.45999908447262783,0.009999999999999981,-0.030000000000000027,0.010000000000000675,-1.2009662186802368,-1.0544871552811674
2024-12-18,-0.030256726393078033,-0.019371499639532216,0.011507620579377644,-0.004923431674443055,3.318540178366135,32.599998474121094,-3.2099990844726705,0.0,-0.019999999999999796,0.09999999999999964,1.064171178623722,-8.011665737008812
2024-12-19,-0.0003071524575040355,0.001420087931280787,0.0019595084629838062,-0.004534557053921821,3.1817968229608558,30.5,3.2000045776367188,0.1,0.029999999999999805,0.07000000000000028,-0.38358239685865664,-0.01960429275538301
2024-12-20,0.011939437265177957,0.01037999743966833,-0.004905955613919638,0.006725684083832307,2.9101744184358926,29.270000457763672,1.339996337890625,-0.03,0.030000000000000027,-0.05000000000000071,0.05158444063236493,1.5574476350106865
2024-12-23,0.005970465013517244,-0.004719916680210686,0.003659868570982956,-0.0005473579311959104,2.8201877419595305,30.15999984741211,4.099998474121094,0.06999999999999998,-0.010000000000000009,0.07000000000000028,-0.2627736402857363,0.6913953831808233
2024-12-24,0.011053747061785132,0.001990032656870636,0.002727591845847414,0.008043175675934577,2.6581594635674883,30.350000381469727,1.099998474121108,0.010000000000000009,-0.030000000000000027,0.0,0.5955253105727404,1.2951176815563528
2024-12-26,6.652143851463915e-05,0.0067284927019149185,-0.0020450297388653668,-0.007085521901283685,2.689886199397575,30.01000022888184,-1.75,-0.019999999999999962,0.010000000000000009,-0.009999999999999787,-0.7581034800219559,-0.06400580268686157
2024-12-27,-0.010582308699819935,-0.006894214453703702,-0.0017073807276582688,0.009797346590190263,2.7694588172725547,30.209999084472656,-0.3999938964844034,0.02999999999999997,0.0,0.040000000000000036,-0.12467240353524459,-1.2788848802842554
2024-12-30,-0.011477220648675521,-0.003194779040875952,0.0010248186206762678,0.013049236525679303,2.8564701842969358,30.770000457763672,4.279998779296875,0.0,0.030000000000000027,-0.07000000000000028,0.2825640219934132,-1.2590029325612608
2024-12-31,-0.0036447900509968315,0.006214287831739849,0.004428516175419718,0.009709504271429553,2.8535925283795955,30.020000457763672,-0.279998779296875,0.020000000000000018,-0.010000000000000009,0.03000000000000025,-0.23455480280705274,-0.3209596222956554
2025-01-02,-0.002459961564865795,0.013496228917030742,0.008461759194257274,0.01810119232514134,2.886475304637442,29.540000915527344,-2.1300048828124716,-0.010000000000000009,0.030000000000000027,-0.009999999999999787,0.5458413206332235,-0.14313675691737734
2025-01-03,0.012425845115167358,-0.007895124609843705,-0.0030380020347077416,0.012786714397346214,2.780680840107767,29.979999542236328,-3.319999694824233,0.0,-0.010000000000000009,0.02999999999999936,-0.1207718810797705,1.5214961998031538
2025-01-06,0.005744137498316307,-0.0012328556129919187,-0.00644397796359267,-0.007988640762339544,2.7750856595161313,29.309999465942383,4.540000915527344,0.020000000000000018,0.0,0.020000000000000462,0.28362691078620683,0.6847772150105985
2025-01-07,-0.01136849654505707,0.005617626735063329,0.0037357765220265566,0.011191923735452969,2.8803214049171983,31.09000015258789,4.8899993896484375,0.02999999999999997,0.030000000000000027,0.04999999999999982,0.16021769162370175,-1.107543206670894
2025-01-08,0.001459872995543834,0.005301603121984867,0.003721872422302991,-0.011191923735453007,2.8735646826837065,31.559999465942383,-2.019996643066392,0.020000000000000018,0.010000000000000009,0.0,-0.20765705246672936,0.2791132862189538
2025-01-10,-0.015385124849931032,0.009512918374949551,0.005053065299582094,0.04230080168143669,2.972463693468645,33.90999984741211,-4.190002441406264,-0.020000000000000018,-0.06000000000000005,0.09999999999999964,-0.3610441074798881,-1.4378272065604871
2025-01-13,0.001549346330506105,-0.010001100303675396,0.0030196547869625356,0.01952544305229759,2.954389337849604,33.97999954223633,6.940002441406264,0.020000000000000018,0.020000000000000018,0.020000000000000462,0.1951428199771147,0.32542757351631324
2025-01-14,0.0013748771556175742,0.005235693007988215,-0.006385504175946709,-0.0068335248564909004,2.9290580913534825,33.5099983215332,-1.520004272460966,0.019999999999999962,0.0,-0.009999999999999787,0.03178349726365564,0.2861512271037333
2025-01-15,0.01802673111940654,0.007461090407550896,-0.0016872159105979472,0.032169489947602124,2.780060789140106,32.93000030517578,-8.889999389648423,-0.019999999999999962,0.0,-0.1200000000000001,-0.5155111612623955,1.9753360278179946
2025-01-16,-0.001925025621831759,0.0068871946090514665,0.0,-0.01673872064357665,2.8094027183426014,33.130001068115234,-0.37999725341796875,-0.010000000000000009,0.020000000000000018,-0.04999999999999982,0.19589710242351432,-0.10674419923944337
2025-01-17,0.00998988708587639,-0.005321403332684962,0.003708071437607333,-0.005076836731238852,2.7707119789475727,33.52000045776367,2.8799972534179688,-0.03999999999999998,0.0,0.0,0.2540250040631727,0.9912592701931624
2025-01-21,0.009111737917268138,0.015366546556984287,-0.012868449622998162,-0.017234381915569242,2.7120422502347417,35.099998474121094,1.1800003051757812,-0.06,0.0,-0.040000000000000036,0.26081689767452787,0.8697334421847372
2025-01-22,0.0056057265506004325,0.005122510213068569,0.0017027292410611823,-0.008419020896958184,2.714694769083774,34.68000030517578,-6.879997253417969,0.02999999999999997,-0.030000000000000027,0.02999999999999936,-0.6156094765116583,0.4909282276763111
2025-01-23,0.005443181011497253,-0.0014158718257654048,-0.00034032741167678947,-0.015284702792321593,2.7093826768129303,34.18000030517578,-1.3899993896484375,0.04999999999999999,0.0,0.05000000000000071,0.3713001648824305,0.41062930443663437
2025-01-24,-0.002923547955896641,0.006199449222330093,-0.006145444871146064,0.004911531763045232,2.6979998909369054,29.979999542236328,-1.7600021362304688,0.0,0.0,-0.020000000000000462,0.06915903337432845,-0.5539722481043324
2025-01-27,-0.014246265141828212,-0.010459313683880304,0.0003423574276692225,-0.021203081909510188,2.8848006915355513,35.97999954223633,8.300003051757798,0.0,0.020000000000000018,-0.09999999999999964,-0.17105098877589794,-1.7849093123238704
2025-01-28,0.008555640495708075,0.008619165823801737,0.00409977812447592,0.011863144417672285,2.79789089580353,31.950000762939453,-2.220001220703125,0.0,0.0,0.019999999999999574,0.49943240073193024,0.8807609021113268
2025-01-29,-0.0044929980271374926,-0.0038478030414185464,0.0020436367306777164,-0.013789823155871057,2.806990116707257,33.02000045776367,-2.0999984741210795,-0.019999999999999962,0.0,0.0,0.2646252695446804,-0.5181752466857343
2025-01-30,0.0053528293103320265,0.015031970539815968,0.0,-0.0003857619739515185,2.7625383960193535,31.049999237060547,-0.19000244140625,0.0,0.0,-0.03000000000000025,-0.153688189038403,0.5765244045156577
2025-01-31,-0.005336161184346564,0.001974448600582322,0.004074719781758108,0.0034666099925881894,2.7991089506234785,29.959999084472656,1.2200012207031392,0.019999999999999962,0.0,0.0600000000000005,0.5242205697031633,-0.6848275955223672
2025-02-03,-0.006752394526380682,0.005323078655223504,0.0043955736548849725,-0.0025666974170840706,2.924236316920531,35.29999923706055,2.3899993896484233,-0.07999999999999996,0.010000000000000009,-0.040000000000000036,-0.4156829320743745,-0.9087880557143874
2025-02-04,0.006685823251079387,0.00980023748604468,-0.009150996962172088,-0.00399147578072021,2.8454905570260416,33.619998931884766,-3.8700027465820312,0.02999999999999997,0.0,-0.020000000000000462,0.18425045290847814,0.6574400624606486
2025-02-05,0.004046405680562023,0.00619034264242983,-0.001703889677781137,-0.018490185794352576,2.7581094300024462,34.25,4.400001525878906,-0.04999999999999999,-0.010000000000000009,-0.08999999999999986,-0.5533244467353615,0.30384414469172094
2025-02-06,0.0034694859172611403,-0.0026537744373774834,-0.0006823965384251484,-0.008446657293337625,2.740840023925201,36.25,-0.779998779296875,-0.020000000000000018,-0.010000000000000009,0.020000000000000462,0.4987274465823954,0.2951287855389491
2025-02-07,-0.009195632663307918,0.001782570144409176,0.0044270753190704315,0.005419399540078161,2.805781744947862,29.65999984741211,-0.7700042724609517,-0.03999999999999998,0.010000000000000009,0.040000000000000036,-0.11229069554325337,-1.1987286880296253
2025-02-10,0.006768338924216317,0.01679638680250656,0.00305346262054605,0.020097256003363415,2.760642677762601,32.09000015258789,-5.449996948242173,0.03,0.0,0.019999999999999574,-0.13675945504574982,0.7026104526495285
2025-02-11,0.0007603451821600064,-0.003658285589870855,-0.0033933273938376784,0.011177544617719163,2.773837970214724,29.76000022888184,-2.0999984741210938,0.01999999999999999,0.010000000000000009,0.03000000000000025,-0.2291545550077214,-0.05566163093699156
2025-02-12,-0.0032267953523621657,0.001046607072714827,0.0006796140777617138,-0.025229321786201495,2.765690002154839,31.790000915527344,1.0,0.010000000000000009,-0.010000000000000009,0.08000000000000007,0.21157305908926943,-0.7023315522063722
2025-02-13,0.010502124669382646,0.009814510830150674,-0.008185607164627863,0.0009167664219309704,2.714694769083774,31.46999931335449,-2.0100021362304688,-0.05000000000000002,-0.010000000000000009,-0.10000000000000053,-0.18671988605811035,1.161683557927589
2025-02-14,-4.915336877765427e-05,-0.014983466926549196,-0.0027434935545178674,-0.00748968350014261,2.692598127536089,28.459999084472656,0.09999847412109375,0.0,0.020000000000000018,-0.04999999999999982,0.2300401594106276,-0.29009804456070076
2025-02-18,0.0029315675694663403,0.01642526914447792,0.002058359275292008,0.014923688398120607,2.731115498884654,27.46999931335449,-0.15999603271484375,0.05000000000000002,-0.020000000000000018,0.08000000000000007,-0.06071693583522345,0.23185292786933837
2025-02-19,0.0023521747666686295,0.0005539429240083393,0.0010274917068949273,0.006346732998629853,2.725890149208515,28.36000061035156,-0.6500015258789062,-0.010000000000000009,0.020000000000000018,-0.019999999999999574,0.1972439043731109,0.11430953269072323
2025-02-20,-0.004169042434476104,0.000516699154436362,-0.007905116802654075,0.003994660164347354,2.751109680818858,29.299999237060547,2.4000015258789062,-0.03,0.010000000000000009,-0.03000000000000025,0.07454712722643346,-0.8199738683371244
2025-02-21,-0.01725194401860956,-0.0009229691054979344,0.0034446913372178445,-0.031483282802328205,2.9019708434634395,35.790000915527344,5.5699996948242045,0.010000000000000009,0.020000000000000018,-0.08000000000000007,0.020712470821122885,-2.787570320967044
2025-02-24,-0.0045609681557841385,0.0054148811569904014,0.0006875573150509593,0.00819463676140123,2.943385769063569,31.299999237060547,-3.3899993896484233,0.04000000000000001,-0.010000000000000009,-0.019999999999999574,-0.0539282015366445,-0.549412584415808
2025-02-25,-0.00498546007619155,-0.013276072540975698,-0.0037872926906186216,-0.02451826996561233,2.966818279095771,32.77000045776367,8.169998168945312,-0.04000000000000001,0.020000000000000018,-0.10000000000000053,-0.4273091545756703,-0.5484286435571624
2025-02-26,0.0005045193024182174,0.0015251697060953886,0.002067580111154983,-0.0037842833022224544,2.949688355024821,33.36000061035156,0.9099960327148438,-0.03,0.010000000000000009,-0.04999999999999982,0.17004845054860582,0.21730256042452514
2025-02-27,-0.016090588569414192,-0.015357280506670758,0.007202881592950025,0.019178490746099074,3.0506937919103403,31.71999931335449,-1.25,0.01999999999999999,0.010000000000000009,0.040000000000000036,0.04744463602854399,-2.350616872114144
2025-02-28,0.015485093169848824,-0.006285532695668532,0.004433113992052759,-0.000797309790991849,2.9770589655357758,29.96999931335449,8.19000244140625,0.03,0.050000000000000044,-0.04999999999999982,0.17934817044091686,2.37433719755399
2025-03-03,-0.017675268140930192,0.01309428477593445,-0.009572681542441886,-0.02558375046136884,3.1258829881615076,38.52000045776367,1.19000244140625,-0.04999999999999999,0.040000000000000036,-0.08000000000000007,0.2190217493044154,-2.122311553642574
2025-03-04,-0.011907399920549877,0.008660029400338732,-0.008971823567772907,-0.00013642687626459798,3.157425872287488,37.52000045776367,3.220001220703139,0.06,0.0,0.05999999999999961,0.04053993031107618,-1.1688504643099942
2025-03-05,0.010690353717385886,0.0020791481693782673,-0.01220592259221039,-0.02611907540453508,3.087855576345701,35.040000915527344,-4.550003051757827,0.02999999999999997,-0.040000000000000036,0.0600000000000005,-0.13426904535766798,1.415056054020397
2025-03-06,-0.0179105433535515,-0.005094160642131142,-0.0007019680698589632,-0.004068766396589868,3.2136622915601216,37.13999938964844,4.629997253417983,0.040000000000000036,0.020000000000000018,0.009999999999999787,0.6184335482181244,-1.7943309814829465
2025-03-07,0.005589214198181434,0.0005218196474086795,-0.00316514221084495,0.013406137485484578,3.1514531844614804,29.75,-4.539993286132827,0.0,0.020000000000000018,0.03000000000000025,-0.265881582245029,0.8097443827176543
2025-03-10,-0.026996709750957863,-0.008794495623060066,0.0007042620645924717,-0.016785916360268622,3.327191990259468,34.81999969482422,8.089996337890625,0.0,0.029999999999999805,-0.10000000000000053,-0.3211563200073845,-2.503769589511357
2025-03-11,-0.008347592381907083,0.01165930639065754,-0.005647753904478128,0.007868490406993518,3.292869507610626,31.82999992370605,2.0999984741210938,0.010000000000000009,0.040000000000000036,0.0600000000000005,0.555950793704393,-0.41407153131437563
2025-03-12,0.0052924115487716404,0.004337373317600702,0.002474800680778668,0.01871813545831001,3.1875915159360004,31.09000015258789,-10.489997863769531,-0.030000000000000027,-0.030000000000000027,0.040000000000000036,-0.4849291726658742,0.8081712703067863
2025-03-13,-0.013419953983158109,0.01760034574283983,0.0035248983488834723,-0.0163415942027315,3.2051824915485305,32.79999923706055,2.0800018310546733,0.020000000000000018,0.050000000000000044,-0.05000000000000071,0.06661249353670025,-0.8733392898043014
2025-03-14,0.02044505764108304,0.0003996778676249641,-0.0010562071897765061,0.009173045915837225,3.080532896273726,33.52000045776367,-5.180000305175753,-0.040000000000000036,-0.050000000000000044,0.040000000000000036,-0.04615422487545634,2.2224489678604424
2025-03-17,0.007681964874589532,0.005398932434643415,-0.0038820531482904883,0.0059314652349788674,3.0209125832438133,30.89999961853028,-1.230003356933608,-0.03999999999999998,-0.020000000000000018,0.0,0.3838989595385607,0.8833224317398035
2025-03-18,-0.010867391424699521,0.011604364010877142,-0.0007075005960704897,-0.006900386286061836,3.0773122957049135,36.119998931884766,-3.0999984741210938,0.0,0.0,-0.019999999999999574,-0.05586329316791357,-0.6030117573846405
2025-03-19,0.010832016990127256,0.00409929439969153,0.0024739259919361128,0.002903951269256553,2.990719712561114,33.869998931884766,-5.279998779296875,0.010000000000000009,0.010000000000000009,-0.040000000000000036,-0.08276385693515151,1.1948356276693308
2025-03-20,-0.0028958818324559083,-0.0012814060805390753,0.0028198898170172623,0.017927338477980264,2.9856818991681933,29.71999931335449,4.339996337890611,0.02999999999999997,0.0,-0.009999999999999787,-0.20931267948151008,0.05428089019070924
2025-03-21,0.0003298658402161609,-0.008082476604942154,0.0031628482161115408,0.0008134159458269552,2.9590683247967924,28.43000030517578,-1.1999969482421733,0.020000000000000018,0.040000000000000036,0.009999999999999787,-0.1612654222695259,0.32942364517576306
2025-03-24,0.017749869194001594,-0.004462490783133984,0.0017528710086017571,0.014663562012078597,2.861057344039536,29.670000076293945,0.6800003051757812,-0.010000000000000009,-0.040000000000000036,0.08999999999999986,0.24524163048624634,1.6856846239039331
2025-03-25,0.0024011046623113237,0.004390711790074645,-0.0010513261906564464,-0.0008015706483539941,2.841998151368816,28.270000457763672,-1.6500015258789062,0.04999999999999999,0.020000000000000018,-0.03000000000000025,-0.053232298752674385,0.33276587561013415
2025-03-26,-0.0120100659661846,-0.0008263225124260293,0.004547808531700604,0.007987242710905179,2.9085390576893686,28.84000015258789,-2.1599960327148438,0.020000000000000018,0.0,0.040000000000000036,-0.40176145879141106,-0.7922688187928822
2025-03-27,-0.002659393438435454,0.013316671121389569,-0.0031462627318118827,0.0007952974227207222,2.9279886500419825,28.489999771118164,-0.3800048828125,0.03999999999999998,0.020000000000000018,0.03000000000000025,-0.0107370790083908,-0.052776024173728404
2025-03-28,-0.020343714466003155,0.007384788228781908,-0.0017522566882212775,-0.009451074859801283,3.07500543682865,28.700000762939453,5.800003051757798,-0.02999999999999997,0.050000000000000044,-0.11000000000000032,0.14630437685378983,-1.3734372099380918
2025-03-31,0.006690341369994916,0.014261049112946293,0.0010517638861598326,0.03366531218437057,3.1036894458780013,30.8799991607666,4.5199966430664205,-0.03999999999999998,0.030000000000000027,-0.03999999999999915,0.16195591925488392,0.665267415997349
2025-04-01,0.0028204874356634155,-0.0019801896396476866,0.0010505207598798174,-0.003238134997980117,3.080532896273726,30.56999969482422,3.3800048828125,-0.040000000000000036,-0.030000000000000027,-0.0600000000000005,0.410520825271463,0.4243195806931637
2025-04-02,0.006308384306950964,0.0020495598046479263,-0.004208998205283326,0.008526030643493826,3.0685179539203564,29.979999542236328,1.6599960327148438,-0.010000000000000009,0.0,0.03000000000000025,-0.36591399926713253,0.6364257164927303
2025-04-03,-0.05053641993379987,-0.0060565822044141146,-0.017730974986422662,-0.0732375709523678,3.401863841453939,35.45000076293945,5.6100006103515625,0.06,0.15999999999999992,-0.14000000000000057,-0.015081741554893726,-3.9525078096424195
2025-04-04,-0.060326675171205664,-0.02367020473214484,0.011030190590988354,-0.06180181194844126,3.8135277889878307,44.720001220703125,13.709999084472656,-0.019999999999999962,0.050000000000000044,-0.04999999999999982,0.22637801133890031,-3.469512111338662
2025-04-07,-0.0017827814203064058,-0.021719986685703737,0.004237236630300637,-0.02897879836561835,3.8497219694869678,52.810001373291016,11.590003967285156,0.08999999999999997,0.08000000000000007,0.14000000000000057,0.0435999071261201,0.1992580061488667
2025-04-08,-0.015786733197051307,0.0054290299021522185,-0.004591174725825345,-0.040834673158959285,3.9575698553746506,55.2599983215332,2.5800018310546875,0.13000000000000006,-0.020000000000000018,0.10999999999999943,-0.015741455320619234,-0.4776395502579491
2025-04-09,0.09986284608912045,0.036323492196158734,0.001414931645309373,0.0647950648612448,3.515121096210236,42.900001525878906,-11.050003051757812,-0.12000000000000005,0.020000000000000018,0.08000000000000007,0.04168171072559256,5.35776981135839
2025-04-10,-0.0448080471617409,0.02413009288681445,-0.02107594214142074,-0.034013844950514446,3.7067194022202417,49.0,-0.4799957275390625,0.13000000000000006,-0.050000000000000044,0.0600000000000005,0.055138758511549445,-1.4643953722843241
2025-04-11,0.01768562418599066,0.01890679950058093,-0.009066216313151267,0.017301985720580604,3.625939690902655,50.880001068115234,8.909988403320312,-0.040000000000000036,-0.07000000000000006,0.08000000000000007,0.29060867921881484,0.6479542270020457
2025-04-14,0.009654563374824544,-0.005722318290653523,-0.0032841021477640923,0.003004878665892946,3.430432487171618,47.7599983215332,-4.79998779296875,0.020000000000000018,0.0,-0.10000000000000053,-0.5201355261796322,0.34586821918963184
2025-04-15,-0.0028049685830712195,0.005218738019025799,0.005467479194599738,-0.002703926774144008,3.405189430794687,42.310001373291016,-9.900009155273423,-0.030000000000000027,0.0,-0.03000000000000025,-0.28713748153702345,-0.028440513066803386
2025-04-16,-0.022478683594359814,0.032022570753676,-0.008395747007613065,0.018923258717227904,3.4855385113964097,43.560001373291016,-3.159996032714858,0.010000000000000009,0.020000000000000018,-0.05999999999999961,0.3073890124381997,-0.6357526082057166
2025-04-17,0.0014257923621276338,-0.004400359490663115,0.0007328351023705481,0.02521452992819913,3.3894621125779767,41.27000045776367,-4.760002136230469,0.010000000000000009,0.0,0.04999999999999982,0.004379569044021513,0.13768588401419704
2025-04-21,-0.02409062378515362,0.030466725196562627,-0.009569441289872284,-0.012454912231737055,3.5210523344469045,41.209999084472656,13.919998168945312,0.14,0.040000000000000036,0.08000000000000007,-0.2193565145492949,-0.6526592552634664
2025-04-22,0.025685232640095007,-0.014297390879940051,0.0055320046257796305,0.010870459534162009,3.4200191259198913,43.150001525878906,-10.209999084472656,-0.020000000000000018,-0.030000000000000027,-0.009999999999999787,0.07344590722265663,0.9402196930073028
2025-04-23,0.015376411575599238,-0.024270798064606143,0.00915258746515006,-0.01921176304714376,3.348148187389192,43.560001373291016,-1.75,-0.06000000000000005,-0.06999999999999984,-0.009999999999999787,-0.26207731584526683,0.5687742344127635
2025-04-24,0.020830549392469144,0.014451351409752674,-0.004382852352719437,0.006006845785576822,3.2760119902984917,44.369998931884766,-8.319999694824219,-0.039999999999999925,0.0,-0.08000000000000007,0.21750337843794865,0.740801802426973
2025-04-25,0.007199399733574162,-0.010900878955956528,0.002558937764883383,0.008291555302855608,3.2124552632081076,43.52999877929688,-2.4899978637695312,0.0,-0.020000000000000018,-0.03000000000000025,0.2059157439740702,0.292104800568099
2025-04-28,0.0003813414454395805,0.014141637459613693,-0.006225949356320975,-0.01856909316150082,3.224857881377966,43.54999923706055,4.220001220703139,0.010000000000000009,0.030000000000000027,-0.05999999999999961,0.42329922521497354,0.057853111984500646
2025-04-29,0.0062794703926913435,-0.009786658970495523,0.0033009655128444413,-0.028592676852973488,3.185112197871947,48.40999984741211,2.2599945068359233,-0.020000000000000018,0.009999999999999787,-0.040000000000000036,-0.31440944436861434,0.23221073338197945
2025-04-30,0.0003967340036316154,-0.007510353244041787,0.003654948926833695,-0.035395041742518826,3.206803274522168,54.459999084472656,0.2100067138671875,0.029999999999999916,0.08000000000000007,-0.020000000000000462,-0.28385346428999597,0.015628366264847503
2025-05-01,0.007062142634893021,-0.02099106650379782,0.005820330904067501,0.014990837952927898,3.2027464584452163,51.959999084472656,-5.1500015258789205,-0.019999999999999907,-0.010000000000000009,0.08000000000000007,0.7211737386393785,0.22860860231340455
2025-05-02,0.014735031721854462,0.0017466735903771576,-0.0014519099093185347,-0.007935846700359867,3.1214834923152734,50.59000015258789,-5.930000305175767,-0.050000000000000044,-0.050000000000000044,0.08000000000000007,-0.4080447104591912,0.456561105084068
2025-05-05,-0.00575090758222001,0.029430400577679455,-0.0018178747967915832,-0.025954981114731566,3.162940166719303,42.58000183105469,3.0499954223632955,0.030000000000000027,0.010000000000000009,0.03000000000000025,-0.5358108989691143,-0.18066841752273677
2025-05-06,-0.008393447431861177,0.027638515747736927,-0.006205495124790958,0.03513001375557303,3.2092294570604114,42.13999938964844,1.7300033569335795,-0.010000000000000009,0.040000000000000036,-0.0600000000000005,0.46855294677372966,-0.3477931938228898
2025-05-07,0.004196618771925092,-0.015106592963135799,0.007296659535497819,-0.017017039781642318,3.1591257880658463,42.65999984741211,-6.309997558593736,-0.040000000000000036,0.0,-0.040000000000000036,-0.2573194112234579,-0.021790109254143875
2025-05-08,0.00694362763635831,-0.019890788928179075,0.008325773806591384,0.0323783253031968,3.1126260046623373,40.59999847412109,-1.2099990844726705,-0.010000000000000009,-0.06000000000000005,0.11000000000000032,0.2822841541069129,0.06808959362587415
2025-05-09,-0.0012749277843107142,0.007228485693538802,-0.0028880254615931637,0.01527905289845621,3.0864866194037464,39.81999969482422,1.7399978637695312,0.020000000000000018,0.0,0.0,-0.05821149721169537,-0.2757716258002298
2025-05-12,0.03251307324194498,-0.028595551740996136,0.014001256004382073,0.014753234888594884,2.911807005426911,37.5,2.5,-0.020000000000000018,-0.06999999999999984,0.08000000000000007,0.21954184418531933,1.9090634514913967
2025-05-13,0.006582019436544198,0.004249948759953267,-0.008592987845714021,0.02901286575593728,2.9025198541454498,36.709999084472656,-2.7700042724609517,0.0,0.0,0.040000000000000036,-0.2629564395287405,0.11151862542358436
2025-05-14,0.0012772437749206172,-0.02126227662564288,0.0021552147049763797,-0.012434992256835977,2.924236316920531,36.720001220703125,0.6000061035156392,0.010000000000000009,-0.020000000000000018,0.040000000000000036,0.41496592171822,-0.23607231499005002
2025-05-15,0.004872557762829333,0.015837869719407486,-0.002514810053776656,-0.016725845044815602,2.880882427596084,37.400001525878906,-2.0800018310546875,0.010000000000000009,0.030000000000000027,-0.08000000000000007,-0.5045415278056625,0.056797797363112336
2025-05-16,0.006314102279205575,-0.012160689602209927,0.0028735023866767943,0.007517201817990759,2.8472322519593383,37.880001068115234,-1.9500045776367045,-0.03999999999999998,-0.010000000000000009,-0.020000000000000462,0.09658867987193213,0.13678144420027505
2025-05-19,0.0010933200940945894,0.012798420816745652,-0.0068381790844136495,0.006002560447080114,2.8981194110402666,38.0,7.1100006103515625,0.03999999999999998,0.020000000000000018,0.03000000000000025,-0.2795586344635752,-0.39439906748686504
2025-05-20,-0.0033678964849213665,0.018450974483986242,-0.0028933192389100967,0.002187090170311284,2.895359307842134,34.619998931884766,-2.4399948120117188,0.020000000000000018,-0.020000000000000018,0.020000000000000462,0.04534857671559531,-0.7636540471829499
2025-05-21,-0.01699438337973765,0.007351594562024017,-0.004355735849347257,-0.015706852435382185,3.0383127613015377,39.119998931884766,0.7299957275390483,0.06999999999999995,0.030000000000000027,0.09999999999999964,-0.2462867165210433,-2.342565688756876
2025-05-22,0.0003944633493836312,-0.008900989925318167,0.0029059309265317633,-0.0066800064698711486,3.009635212581242,41.43999862670898,-2.6299972534179688,-0.039999999999999925,0.020000000000000018,-0.040000000000000036,-0.11881258135756427,-0.4187880729670841
2025-05-23,-0.006849077339231533,0.021669792905121613,-0.007280650173935688,0.012580621657433795,3.104138188471233,43.130001068115234,1.44000244140625,-0.030000000000000027,0.009999999999999787,-0.03000000000000025,0.14738507208675553,-1.0687818873509847
2025-05-27,0.020577387012457326,-0.017094433359300068,0.0054654869224486,-0.010497606597526384,2.9423314485395675,41.93999862670898,-2.9800033569335938,0.0,-0.039999999999999813,-0.08000000000000007,0.21986507962978696,1.8367231552001237
2025-05-28,-0.005802215424402607,-0.0022685891736127415,0.003264968174302447,0.009025741802187372,2.9606230687833737,40.41999816894531,-4.7300033569335795,0.0,-0.010000000000000009,0.040000000000000036,-0.37219733308467984,-0.8804974513286945
2025-05-29,0.003939612321384888,0.005907233361944287,-0.00544769459781557,-0.01036427605533909,2.9538680853664383,40.2599983215332,-0.529998779296875,0.0,-0.020000000000000018,-0.040000000000000036,0.18612834642567164,0.08050658050656455
2025-05-30,-0.0011189780143527213,-0.006598665713002106,-0.0003641076672389444,-0.0005955175752302584,2.921547358930808,40.709999084472656,-0.5599975585937642,0.010000000000000009,0.030000000000000027,-0.019999999999999574,0.4131600077060069,-0.3868850850136554
2025-06-02,0.005617199832048228,0.026233913208447007,-0.006945814862689013,0.03511701655538296,2.9101744184358926,38.70000076293945,3.6500015258789205,0.0,0.0,0.04999999999999982,-0.14408156983092615,0.25601439434129414
2025-06-03,0.005686183851856203,-0.008894994642019345,0.006581430805339535,0.0048766065079382265,2.8729995383614964,37.75,4.239997863769517,-0.020000000000000018,-0.030000000000000027,0.0,0.06675081055201991,0.2696103176400463
2025-06-04,-0.00026837630786721444,0.0064213132412345815,-0.004382852352719437,-0.007900681312937231,2.8684669571674872,37.70000076293945,-3.0199966430664062,0.0,-0.010000000000000009,-0.08999999999999986,-0.12363829456576135,-0.26056735058316927
2025-06-05,-0.00484458823974022,-0.005062672644074125,-0.0007322984483379266,0.00847285863672443,2.916689041442776,34.88999938964844,-2.3300018310546875,-0.020000000000000018,-0.030000000000000027,0.03000000000000025,-0.20995841665533682,-0.7432876905559259
2025-06-06,0.010216612089215106,-0.01350688232494814,0.005115150801057302,0.020522933503906375,2.8195916031316988,35.720001220703125,-5.0,-0.010000000000000009,-0.040000000000000036,0.10999999999999943,0.0321649115684548,0.7431778654013786
2025-06-09,0.0009008769765978307,0.004707437493749117,-0.0025542687743472015,0.009342685217941543,2.842581085167748,34.41999816894531,2.970001220703139,0.010000000000000009,-0.010000000000000009,-0.019999999999999574,-0.06779817062346646,-0.22046295282193393
2025-06-10,0.005653857345465712,0.00029346792267399537,0.001095403334315986,-0.006265312146199662,2.8302678788376356,35.04999923706055,-1.4000015258789205,-0.019999999999999962,-0.010000000000000009,-0.020000000000000462,-0.18388570703997228,0.28125368131999134
2025-06-11,-0.002856296438241887,0.005397696978330561,-0.0036562853610262284,0.04399017218575875,2.8483916989161067,43.2400016784668,-1.8600006103515625,0.009999999999999953,0.030000000000000027,-0.05999999999999961,0.029811042202906684,-0.6013926538033519
2025-06-12,0.003966350128426423,0.01234370232269246,-0.007352922048943283,0.0030693739012649943,2.891482277583281,45.369998931884766,-0.37000274658203125,-0.009999999999999953,-0.010000000000000009,-0.04999999999999982,0.5418391098755335,0.33294508488655933
2025-06-13,-0.011242928818282325,0.01301549409169947,0.002579684435186167,0.0666182768163835,3.0359140485290044,57.22999954223633,6.319999694824233,-0.010000000000000009,0.020000000000000018,0.04999999999999982,-0.5848198538997168,-1.7002839898927768
2025-06-16,0.009469323987070349,-0.014361734303802328,0.0011035347568934166,-0.02052845727841742,2.9502117901910383,56.59999847412109,-1.8299942016601705,0.03999999999999998,-0.010000000000000009,0.04999999999999982,0.23213100071171683,1.1026394544636398
2025-06-17,-0.008581853082229212,0.0005130624809404316,0.006595828653982815,0.046126726483488534,3.0726933323507546,71.55999755859375,3.6999969482421875,-0.03999999999999998,0.0,-0.07000000000000028,0.2689528244282362,-1.1823895022315916
2025-06-18,-0.00015075043315051226,-0.00540018233840262,0.0018245081224472156,-0.0003646643869425607,3.002707856984976,66.86000061035156,-3.5400009155273438,-0.010000000000000009,0.030000000000000027,-0.009999999999999787,0.06841236858758502,-0.05057222392529012
2025-06-20,-0.002351298196901591,-0.0004191069541604869,-0.0010943485585399911,0.010278899457569695,3.026261519288784,64.66999816894531,-3.5400009155273438,0.03999999999999998,-0.010000000000000009,0.0,-0.3801941814608026,-0.3104072220310288
2025-06-23,0.009829017063755472,0.003058490504208936,-0.004022599641887276,-0.08417175424797758,2.9871959386843043,53.650001525878906,4.930000305175781,0.020000000000000018,0.010000000000000009,-0.040000000000000036,-0.3511350296105832,1.1643632902829484
2025-06-24,0.01098663429244116,-0.015844238391270016,-0.005143338735818687,-0.045654184438178695,2.861057344039536,48.79999923706055,-2.4099960327148295,0.050000000000000044,0.010000000000000009,-0.040000000000000036,0.3507059239827153,1.2679067165584115
2025-06-25,0.0005602076849731048,0.0030327025232496515,-0.002581587309362372,0.004237550784603804,2.818995108710371,42.75,-1.3800048828125284,0.0,0.010000000000000009,-0.009999999999999787,0.049258668227058794,-0.19107333909348842
2025-06-26,0.0077933328130199795,-0.0011076604529502278,-0.00407037703390691,0.0038121052418292043,2.8088001133999354,41.86000061035156,-1.769996643066392,0.010000000000000009,0.010000000000000009,-0.03000000000000025,-0.35668328210125166,0.7235936239624643
2025-06-27,0.0049560303319852355,-0.018289975504647085,0.0018522918761027592,-0.004221393467016103,2.7923913308364643,41.22999954223633,-1.5400009155273438,0.0,-0.010000000000000009,0.03000000000000025,0.2404858386675807,0.5001574430558627
2025-06-30,0.004769912029432406,0.011913301279755133,-0.005194867825777635,-0.002322539054183008,2.817203487636887,38.88999938964844,2.3300018310547017,-0.040000000000000036,-0.040000000000000036,-0.04999999999999982,0.5166890179873157,0.4036162065707986
2025-07-01,-0.0003237317036786633,0.008883435847179964,-0.00037203900886347485,0.011153539043285345,2.8231630036695035,38.0,3.220001220703111,-0.040000000000000036,-0.030000000000000027,0.019999999999999574,-0.1394706505328872,-0.4319866878384911
2025-07-02,0.004523032166475909,0.00551237530942954,-0.0007446404410200836,0.02220524716016511,2.8118093987132804,40.2400016784668,-2.1100006103515483,0.040000000000000036,-0.020000000000000018,0.040000000000000036,-0.16761212780640986,0.3511152462904272
2025-07-03,0.00785049006139128,-0.006846293882020621,0.0048299883552804885,-0.005305674997314196,2.7960610271896718,37.75,-5.2800064086914205,-0.050000000000000044,-0.030000000000000027,0.04999999999999982,0.6903389563458241,0.9060462409310922
2025-07-07,-0.007479922081385233,0.0007485003525817282,0.0033302804212629123,0.017011036776343653,2.8786365531407747,41.22999954223633,2.44000244140625,0.030000000000000027,0.040000000000000036,0.05000000000000071,-0.6126073660889217,-1.601443445301501
2025-07-08,-0.000547866269065751,-0.010498326962963742,0.0007385909347044492,0.006256481825200696,2.8219739156502905,35.709999084472656,-0.4799957275390625,0.020000000000000018,0.0,0.019999999999999574,-0.5865037343361866,-0.40214913299848515
2025-07-09,0.005978718557821743,0.004461316177625558,0.0,-0.00038987302353421207,2.768831647037307,34.16999816894531,-3.7400054931640625,-0.040000000000000036,0.020000000000000018,-0.08000000000000007,0.17871188427754608,0.5803843482521006
2025-07-10,0.0028163406054207227,0.002223316131965108,0.0018439488648597305,-0.020221289310083004,2.7587432984957503,32.79999923706055,-2.7299957275390625,0.010000000000000009,-0.030000000000000027,0.009999999999999787,0.6906482204923067,0.11920441328549769
2025-07-11,-0.003521617492822476,0.00955577301886398,0.0029433510402999473,0.024889960836444253,2.797281311569803,37.060001373291016,3.9000015258789062,0.040000000000000036,0.020000000000000018,0.08000000000000007,-0.5148183863943424,-0.9237819165410448
2025-07-14,0.0019062990833984936,-0.0036620144241214002,0.002568398862238584,-0.021843758180505057,2.844909428176351,33.529998779296875,5.25,0.0,0.010000000000000009,0.0,0.16270034214459456,0.027436187241721047
2025-07-15,-0.004282323121872532,-0.004164364075514542,0.005481465081918473,-0.004772021233664084,2.855320071549938,34.380001068115234,-1.7800064086914062,0.020000000000000018,-0.030000000000000027,0.07000000000000028,0.4135589174689702,-1.0170244587146329
2025-07-16,0.003337615079474222,0.004975696789391886,-0.0036510176263571284,-0.0009305376902021106,2.842581085167748,33.15999984741211,0.5699996948242188,0.029999999999999916,0.030000000000000027,-0.040000000000000036,-0.20330213559409713,0.28211085739070774
2025-07-17,0.006101040721242929,-0.0021758989541098375,0.004379509350945636,0.012818162707766553,2.804571795802497,32.84000015258789,-3.9499969482421875,-0.019999999999999907,-0.020000000000000018,0.009999999999999787,-0.051002181914360005,0.6922458732256404
2025-07-18,-0.0007326812474744512,0.0025975477973482998,-0.001457658408581062,-0.003024571323212936,2.79789089580353,32.16999816894531,-2.279998779296875,0.0,0.020000000000000018,-0.02999999999999936,-0.03809482723043873,-0.5280720084673797
2025-07-21,0.0018943796948635745,0.015253192127432761,-0.006586174948043501,-0.004487916387239391,2.812410193515358,31.3799991607666,3.3300018310546875,-0.030000000000000027,0.0,-0.0600000000000005,-0.3920019279398705,-0.1204860942494736
2025-07-22,0.00014311092236799798,0.0094401831613078,-0.005152731217964563,-0.003180046035120918,2.803360380906535,32.2599983215332,3.2699966430664062,-0.010000000000000009,0.0,-0.03000000000000025,-0.27020096620482137,-0.5064179332783719
2025-07-23,0.008471555947003452,-0.012478717461642091,-0.001477182070865623,-0.0009294257603344809,2.7324175501047714,32.38999938964844,-3.94000244140625,0.0,-0.020000000000000018,0.05000000000000071,0.05646394839943478,1.2286547583908798
2025-07-24,0.0003309977370316064,-0.006137070328856787,0.0025834929928779285,0.010702322998154714,2.733717970158959,32.369998931884766,-3.1999969482421875,0.0,-0.030000000000000027,0.02999999999999936,0.25566003354069305,-0.4985726230608776
2025-07-25,0.004215452124055922,-0.009293039490678532,0.0022091744628382213,-0.01643071157996157,2.7033726319915394,32.880001068115234,-0.660003662109375,-0.030000000000000027,0.010000000000000009,-0.02999999999999936,-0.2828997468889285,0.4972592209257566
2025-07-28,-0.00025113167611154325,-0.006494663067578281,0.01133675937636371,0.030524666262152434,2.7100481859984953,35.369998931884766,1.6400070190429688,0.020000000000000018,0.0,0.019999999999999574,0.2168092234235543,-0.6034922520971182
2025-07-29,-0.0026412302201375914,0.002746613677307996,0.0025422094883746403,0.033512785956375475,2.771337911692091,38.040000915527344,1.339996337890625,-0.030000000000000027,0.010000000000000009,-0.08000000000000007,-0.34854567779276713,-1.1222626896936734
2025-07-30,-0.001260027740719594,-0.017424424698434755,0.009745619604896689,0.015419328539314181,2.739548838590284,37.75,-3.19000244140625,-0.03999999999999998,-0.010000000000000009,0.040000000000000036,0.31857685097587113,-0.6836825716895025
2025-07-31,-0.003758182640510729,0.006623418228251275,0.0021528239541645992,-0.018054460432078416,2.8166055665892396,36.77999877929688,-2.0400009155273438,-0.010000000000000009,-0.020000000000000018,-0.009999999999999787,0.32165201749880334,-1.22920627242682
2025-08-01,-0.016526374020133815,0.020096397826572604,-0.011898443559061288,-0.02712674853832757,3.014553986615314,39.369998931884766,3.9900054931640625,0.11000000000000004,0.08000000000000007,-0.13999999999999968,0.39846814459118757,-4.178386449376467
2025-08-04,0.015085454389026634,0.005806339793967676,-0.00036279778886628153,-0.0175819919686148,2.8633431116363086,38.790000915527344,4.1199951171875,-0.010000000000000009,-0.010000000000000009,-0.010000000000000675,-0.7732697820635013,2.66256013724179
2025-08-05,-0.005082862459229773,0.0008037680984962059,0.0,-0.01442497039207653,2.882003529596501,35.29999923706055,1.25,-0.030000000000000027,-0.020000000000000018,0.0,-0.03280777515442211,-0.8758428146959075
2025-08-06,0.007630493838537866,-0.0021233597342562006,-0.005822449050753256,-0.01653146642908234,2.8195916031316988,36.66999816894531,-5.30999755859375,0.030000000000000027,0.030000000000000027,0.0,-0.09251951539942198,1.1451518774019653
2025-08-07,-0.0008379750805715818,0.008402586680171171,-0.0007301595639071949,-0.005026880348241714,2.8075938130211036,35.0099983215332,-3.7399978637695312,-0.020000000000000018,-0.010000000000000009,0.010000000000000675,0.20176815339247992,-0.2804267307453759
2025-08-08,0.007767329500689283,-0.00022360485625666846,0.0018245081224472156,-0.001635702602825586,2.7180005067758577,34.060001373291016,-0.9500045776367188,0.0,0.0,0.03999999999999915,-0.15662463322760703,1.1410106269023919
2025-08-11,-0.001979400958573456,-0.014479017992943764,0.004002181431559615,0.006798122431749119,2.7880929087757464,31.39999961853028,2.5600051879882812,0.0,-0.020000000000000018,0.0,0.2558795913229482,-0.4403295262759077
2025-08-12,0.010589843604162286,-0.000907878502829067,-0.005096529990099504,-0.01158453982291868,2.689886199397575,30.309999465942383,-4.340003967285156,0.05999999999999994,0.010000000000000009,0.020000000000000462,-0.1161828902136381,1.510061851256995
2025-08-13,0.003417206050253846,0.003044643380447489,-0.002558002601750249,-0.006739560303242423,2.673458740536743,33.81999969482422,-0.1100006103515625,0.0,-0.020000000000000018,-0.04999999999999982,-0.13408559721270805,0.3078922948629499
2025-08-14,9.296113381862763e-05,-0.006358881635978504,0.003652351160290185,0.017510691004236238,2.6966521510052726,35.959999084472656,-0.5400009155273438,-0.019999999999999907,0.0,0.04999999999999982,-0.19015252857703605,-0.24422620053473817
2025-08-15,-0.0023439395232363615,0.0005856467855486066,-0.0032865007448659865,-0.012829366713843491,2.7140322828916124,37.220001220703125,-0.10999298095703125,0.029999999999999916,-0.020000000000000018,0.040000000000000036,0.48207395472529246,-0.5890754804949528
2025-08-18,-0.00021765512234882508,-0.0015624875893944005,0.0025570681218781547,0.0050694787488843335,2.707383296845538,32.150001525878906,5.159996032714844,-0.010000000000000009,0.010000000000000009,0.009999999999999787,0.04150275080486131,-0.20818884049879957
2025-08-19,-0.005439899526511449,-0.005488312721199512,0.002550546197957372,-0.011961304496904196,2.745345966245664,33.040000915527344,0.3300018310546875,-0.019999999999999907,0.010000000000000009,-0.040000000000000036,-0.4434607367946464,-1.0057694516060873
2025-08-20,-0.002660619942930772,0.010071289165624142,-0.0007281049688898929,0.01673326101291937,2.753023540000728,32.5099983215332,-1.4000015258789062,0.0,0.020000000000000018,-0.009999999999999787,-0.19555827018549782,-0.5182646379024755
2025-08-21,-0.004019891234610142,-0.00347592916281607,0.005085422509082513,0.008262839230454512,2.8094027183426014,31.540000915527344,-0.23000335693359375,-0.010000000000000009,-0.010000000000000009,0.040000000000000036,-0.11601937296513734,-0.6959820450059772
2025-08-22,0.015240163058274737,0.010649518982753443,-0.009830782275452287,0.006856276744072858,2.6546494431534917,30.350000381469727,-2.4199981689453125,0.039999999999999925,0.010000000000000009,-0.07000000000000028,-0.017399502078394663,2.292408519520995
2025-08-25,-0.004410870660547044,-0.002417757282480456,0.008017522193630677,0.014761896027661951,2.6939512741434677,31.239999771118164,-0.5400009155273438,-0.029999999999999916,-0.030000000000000027,0.020000000000000462,1.1006247494727723,-0.7069760494425579
2025-08-26,0.004178295104639576,0.0072358055476428994,-0.002544057458370855,-0.02269786246354712,2.6823904464939363,33.72999954223633,1.8000030517578125,0.09999999999999998,0.050000000000000044,-0.020000000000000462,-0.05728171483418775,0.5088094304505679
2025-08-27,0.002275921406955702,0.0020166939883499387,0.0003638537795783395,0.008471740834036519,2.6979998909369054,31.940000534057617,-1.6999969482421875,0.0,0.020000000000000018,-0.019999999999999574,-0.49412294573471316,0.2229408889474567
2025-08-28,0.0035351068723046006,0.007391652350960381,-0.0036443650608928295,0.007470653280643627,2.669309393934482,33.97999954223633,-0.1100006103515625,-0.050000000000000044,-0.020000000000000018,-0.020000000000000462,0.03687927042448497,0.3616193377927826
2025-08-29,-0.00598153537129435,0.009603638858147003,-0.0007303541865110432,-0.005330523567238095,2.731766705367784,32.630001068115234,1.839996337890625,0.040000000000000036,0.050000000000000044,0.010000000000000675,-0.11094155466093979,-0.9475066705531737
2025-09-02,-0.007437888193564877,0.02336740250914344,0.006554922926196418,0.02533124649612105,2.8431636793528288,34.279998779296875,5.8899993896484375,-0.020000000000000018,0.010000000000000009,0.04999999999999982,0.6692377910523537,-1.1157868565022582
2025-09-03,0.005404926745351524,0.007801481349128729,-0.0018164822406355056,-0.02546480040770088,2.794227920674744,35.220001220703125,4.3899993896484375,-0.010000000000000009,-0.030000000000000027,-0.0600000000000005,-0.9697542212444448,0.5984892592046891
2025-09-04,0.008322631068136768,-0.0044286747373555105,0.0014534926388547302,-0.008724322386358835,2.7278528408647205,35.029998779296875,-1.4099960327148438,-0.030000000000000027,0.020000000000000018,-0.04999999999999982,0.7412378030035356,1.2307152300108783
2025-09-05,-0.002900350441516548,0.013257668006979742,-0.005096529990099504,-0.021116554373440618,2.71997879207129,33.33000183105469,-2.970001220703125,0.010000000000000009,-0.020000000000000018,-0.07000000000000028,0.43619544608778815,-0.7413837049144978
2025-09-08,0.0024535295419670193,0.011323711365555902,-0.0032900329912815356,0.005629227019320993,2.715356753563089,35.029998779296875,-1.2900009155273438,-0.029999999999999916,-0.020000000000000018,-0.04999999999999982,-0.6330657107116968,0.2315894820001579
2025-09-09,0.0023092523208794106,-0.00227248560921713,0.004019731747320086,0.0047804294191068405,2.710713315985326,33.439998626708984,-1.8000030517578125,-0.020000000000000018,-0.010000000000000009,0.03000000000000025,-0.2711645817779268,0.181278186249599
2025-09-10,0.0028866837953472123,0.0035857690781288176,0.0007291666839925991,0.017826261492872753,2.731115498884654,33.349998474121094,-2.6199951171875,-0.040000000000000036,0.0,-0.040000000000000036,0.14357181716807169,0.3325566151414261
2025-09-11,0.008275924601042638,-0.0014924929949519461,-0.003285301008510933,-0.023154498584903628,2.688527537206614,33.959999084472656,-4.510002136230469,-0.010000000000000009,-0.010000000000000009,-0.03000000000000025,0.10410701673651072,1.2344769455842102
2025-09-12,-0.0003346689072197086,0.0019696315993883206,0.001461386420674827,0.004237550784603804,2.691920834679226,31.770000457763672,-1.6999969482421875,0.010000000000000009,-0.040000000000000036,0.04999999999999982,-0.14983592592463857,-0.2570761466416014
2025-09-15,0.005309736658425535,0.010351078276418409,-0.0032912362132212773,0.012471434419867889,2.753023540000728,30.979999542236328,3.5099945068359375,0.010000000000000009,-0.020000000000000018,-0.009999999999999787,0.019807740530581795,0.7931113871750104
2025-09-16,-0.0013777414352981307,0.00200440059968761,-0.006246611126930901,0.019213330155672573,2.794839368482153,33.16999816894531,0.20999908447265625,0.020000000000000018,0.010000000000000009,-0.009999999999999787,-0.11559860806296375,-0.45243309340545274
2025-09-17,-0.0012432077551662243,-0.007745087571334618,0.0033118979838311713,-0.009293706711009968,2.7549338039876257,31.049999237060547,-1.1399993896484375,0.010000000000000009,0.010000000000000009,0.019999999999999574,0.4947902345047482,-0.4387274528134235
2025-09-18,0.004661563154355169,-0.004014356216469492,0.004764562935645964,-0.0037418027413600504,2.753660700205545,31.8799991607666,-4.0399932861328125,0.0,-0.020000000000000018,0.05000000000000071,-0.3413133321630731,0.6240258484681335
2025-09-19,0.004940649640818598,0.010551365296973236,0.0029207841270199354,-0.01578881466887597,2.737608990998456,30.530000686645508,0.5999984741210938,0.029999999999999916,0.0,0.02999999999999936,-0.3310293974039935,0.6056959759231505
2025-09-22,0.0047198519222895665,0.017158380367683163,-0.0036523511602902774,-0.0009525713161827185,2.778819295684189,30.8799991607666,3.2900009155273438,-0.029999999999999916,-0.010000000000000009,0.010000000000000675,0.9874116154909389,0.5031064043256667
2025-09-23,-0.005458344535398913,0.004078048498240162,-0.0007320303895312153,0.0215497376713591,2.8118093987132804,32.58000183105469,-0.1399993896484375,0.04999999999999993,0.020000000000000018,-0.03000000000000025,-0.7920207327058842,-1.5021880816957882
2025-09-24,-0.003186705609680798,-0.009104369003754706,0.007296659535497819,0.01769719082086203,2.7837759304916423,34.08000183105469,-0.5300064086914062,0.0,-0.010000000000000009,0.040000000000000036,0.36040539157660983,-0.999605953197054
2025-09-25,-0.004624172513464782,0.004156538489887818,0.006882839266315556,0.0078237259797737,2.817801051388579,36.84999847412109,0.31000518798828125,-0.04999999999999993,-0.010000000000000009,0.019999999999999574,-0.6239221523736688,-1.343537351253727
2025-09-26,0.005712795234045289,0.005755674720215595,-0.0036166861368298994,0.000389569258440999,2.727199017446074,35.849998474121094,-1.0600051879882812,0.029999999999999916,-0.020000000000000018,0.020000000000000462,0.7637915512534685,0.9877596938424946
2025-09-29,0.0028064247447203627,0.01636192499893196,-0.0021762496836024354,-0.03205868393099122,2.780060789140106,35.540000915527344,1.1300048828125,-0.04999999999999993,-0.010000000000000009,-0.04999999999999982,-0.37084462764198717,0.326911218152103
2025-09-30,0.0037597898827210047,0.008503744538253297,-0.0010899034458832645,-0.01132540565062215,2.7899374027516357,35.58000183105469,2.4199981689453125,0.040000000000000036,0.030000000000000027,0.009999999999999787,0.3638604178101036,0.5344456346259038
2025-10-01,0.0034017768166523053,0.0015741326049985922,-0.000363589192971374,-0.008305590843670375,2.7905514788157535,36.38999938964844,-4.430000305175781,0.009999999999999898,0.020000000000000018,-0.040000000000000036,-0.28068972244610474,0.3840584360313561
2025-10-02,0.001151048892017506,-0.003488904306035992,0.0014534926388547302,-0.022118657747968482,2.811208242739808,37.619998931884766,-2.2900009155273438,-0.019999999999999907,-0.010000000000000009,-0.020000000000000462,0.3570558299753999,-0.2568659670472971
2025-10-03,-1.4767471260179647e-05,0.008000845595952238,-0.0018172140770116244,0.0023734484991124356,2.812410193515358,36.5,-1.6800003051757812,0.0,-0.020000000000000018,0.03000000000000025,-0.35813090623017413,-0.5046835305618191
2025-10-06,0.003579813724412676,0.018670357712142448,0.0047178767445402005,0.016046874246320435,2.7954504426495905,32.439998626708984,3.4599990844726562,0.029999999999999916,-0.010000000000000009,0.04999999999999982,0.06205205619326226,0.5404026271735316
2025-10-07,-0.0037143820348426687,0.005146197838027116,0.005776205180830718,0.004518309902861006,2.8472322519593383,31.81999969482422,2.44000244140625,-0.010000000000000009,0.020000000000000018,-0.040000000000000036,-0.3685658789154687,-1.5704582297277543
2025-10-08,0.005945343779221919,0.016356457714615965,0.0021574686060575527,0.004498090330116458,2.7911650610066143,31.530000686645508,-0.55999755859375,-0.019999999999999907,0.010000000000000009,-0.009999999999999787,0.45021207363317145,1.1532679581112877
2025-10-09,-0.002901212830195306,-0.018625225753276277,0.006801530847934523,-0.013968956762015946,2.7991089506234785,32.47999954223633,-0.75,-0.010000000000000009,0.010000000000000009,0.009999999999999787,0.1012215270673822,-1.202561350547129
2025-10-10,-0.027399797306962,0.010047058859954675,-0.005007212763953794,-0.04398175672918617,3.075467234528159,37.72999954223633,7.529998779296875,-0.010000000000000009,0.030000000000000027,-0.08999999999999986,-0.2192092702926605,-7.2133870932673245
2025-10-13,0.01522754489520044,0.024010471634505016,0.0035791471674262456,0.01274448983425793,2.946016717390323,35.91999816894531,0.0,0.020000000000000018,-0.010000000000000009,-0.019999999999999574,0.2425362222730968,2.130347644275549
2025-10-14,-0.0012224016319925188,0.007115811676483972,-0.0028622639074582725,-0.01838074135249745,3.035433614742034,37.900001525878906,-1.7000045776367188,0.0,0.0,0.0,0.10294471796886279,-0.22039524547765435
2025-10-15,0.004429789843934252,0.01718391083164241,-0.002870479984340487,-0.00014496900359199123,3.027230911042065,36.619998931884766,-4.839996337890625,0.0,-0.030000000000000027,0.019999999999999574,-1.021244046310247,0.5307531728775148
2025-10-16,-0.006833556176281727,0.023117985169431865,-0.003960394465966664,-0.017251894901548808,3.231199553456376,38.2599983215332,6.120002746582031,0.029999999999999916,0.030000000000000027,-0.05999999999999961,0.8193382426191274,-0.9215804927413431
2025-10-17,0.005660250871856184,-0.018996349267191463,0.0010816511007259674,0.0025039529570443633,3.033991018714657,37.2400016784668,-2.6100006103515625,-0.019999999999999907,-0.010000000000000009,0.02999999999999936,0.4168300069213434,0.668309833485903
2025-10-20,0.010346762560389149,0.03575507474940295,0.0025193355973133634,-0.002208991696413532,2.903068563580112,36.77000045776367,-1.4000015258789062,-0.020000000000000018,-0.020000000000000018,-0.019999999999999574,-0.48651503426537446,1.2354087771602709
2025-10-21,-1.4996032452460858e-05,-0.066427122202817,0.003946257458762993,0.006465780306007316,2.8831233761345922,35.869998931884766,-0.04000091552734375,-0.010000000000000009,-0.010000000000000009,-0.020000000000000018,-0.19226102968647907,-0.06647963519101183
2025-10-22,-0.00521237682733995,0.00010605032482095541,-0.0010747470962796705,0.03398456227516934,2.9231616012282804,38.09000015258789,-1.69000244140625,-0.010000000000000009,0.020000000000000018,-0.009999999999999787,0.5613512082915465,-0.6640186683232451
2025-10-23,0.00591237858353294,0.0039943702532297155,0.0003583773897843951,0.036969241895677935,2.8507064574031857,40.459999084472656,-1.4399948120117188,0.010000000000000009,-0.030000000000000027,0.03999999999999959,-0.7722417841156876,0.6712811316694636
2025-10-24,0.008139356488562998,-0.003358466049881991,0.0,-0.0015020226683357966,2.7954504426495905,38.70000076293945,-5.1100006103515625,0.010000000000000009,-0.010000000000000009,0.009999999999999787,0.3680202417352874,0.8821808202613424
2025-10-27,0.011728661579555206,-0.02823439606845571,-0.0010755177027064393,-0.000820199052709835,2.7593768258516564,38.959999084472656,-2.0699996948242188,-0.010000000000000009,-0.020000000000000018,-0.009999999999999787,0.16572264243948343,1.2309476481677257
2025-10-28,0.0026524780243792965,-0.007191829710492189,-0.0007175133721571166,-0.023944169743727952,2.7985001086706855,37.18000030517578,0.43000030517578125,-0.010000000000000009,0.020000000000000018,-0.019999999999999574,-0.36112367968101866,0.1149450050730539
2025-10-29,0.0004801823927854593,-0.0037944582730187856,0.00572651772633051,0.005726723592937828,2.8284963586871754,37.13999938964844,-1.5500030517578125,-0.030000000000000027,-0.039999999999999813,0.08999999999999986,-0.0332048107044871,-0.13479477224172126
2025-10-30,-0.011059071647525216,0.019451474207493994,0.00391807493621302,-0.001254323430365435,2.827905153886959,34.7400016784668,1.1299972534179688,0.010000000000000009,0.029999999999999805,0.03000000000000025,0.07286986067809821,-1.4496975066686963
2025-10-31,0.0032749122269395553,-0.005445349765875755,0.0028399104165404017,0.011783577032754325,2.858766449103403,36.20000076293945,-0.26999664306640625,0.010000000000000009,0.050000000000000044,0.0,0.45135512268304295,0.27261861142485466
2025-11-03,0.001874928310857186,0.0017912982604373527,0.0007086842845437922,0.0024776380306559083,2.8431636793528288,34.310001373291016,0.6200027465820312,0.020000000000000018,0.020000000000000018,0.019999999999999574,-4.401706478049143,0.10682027798632619
2025-11-04,-0.011924353295924664,-0.01767243750416912,0.0031830529101924206,-0.011197982068870791,2.9444389791664403,34.27000045776367,0.7899932861328125,-0.010000000000000009,0.010000000000000009,-0.03000000000000025,3.9703969243158217,-1.4228603267584872
2025-11-05,0.003459398571762206,0.01149801326624776,0.00035306340668207417,-0.012591122297963877,2.890927171896462,33.689998626708984,4.400001525878906,0.020000000000000018,-0.020000000000000018,0.07000000000000028,0.05153652696721643,0.33781608061572777
2025-11-06,-0.010787307565268271,-0.0012012407765737874,-0.005308804604662161,-0.0021140382769000558,2.970414465569701,33.7599983215332,0.0200042724609375,0.0,0.020000000000000018,-0.05999999999999961,0.05160241185963619,-1.2036012846777495
2025-11-07,0.0009840232716329205,0.006100376279774767,-0.0007100121672536995,0.005346922608585846,2.9486406620215058,33.33000183105469,1.970001220703125,0.020000000000000018,0.030000000000000027,0.0,0.06443196118861913,0.12205221496286546
2025-11-10,0.015483937510288556,0.026974026330607748,0.0007100121672537784,0.00587658276848558,2.867898923718522,32.119998931884766,4.4499969482421875,-0.010000000000000009,-0.020000000000000018,0.019999999999999574,0.33787098895954615,1.6023756658490533
2025-11-11,0.0022865335909522055,0.0039300815092205245,-0.0014204587144187447,0.014404693731420117,2.8495498031123385,32.02000045776367,0.0,-0.030000000000000027,0.020000000000000018,-0.04999999999999982,-0.35263217484385845,0.03232603184240448
2025-11-12,0.0005562438741300194,0.015982361021277473,0.00035525133003288807,-0.041125720508192694,2.862772159369253,33.0,2.2600021362304688,0.0,0.0,0.0,-0.39400995540443273,-0.11590106613571928
2025-11-13,-0.016733244574677203,-0.008115943871202918,-0.0028459019795678943,0.0008593177105123932,2.995732273553991,32.630001068115234,-2.0200042724609375,0.010000000000000009,0.020000000000000018,0.03000000000000025,0.7516547776439251,-2.4752468548017497
2025-11-14,-0.00016359948124937914,-0.018212761198262515,0.0014239984693906855,0.021667615725810285,2.9871959386843043,33.119998931884766,0.6100006103515625,-0.010000000000000009,0.0,0.02999999999999936,-0.4537454125724829,-0.07839208723843738
2025-11-17,-0.009360194188340132,-0.011530197275275704,0.0024871108945629878,-0.0011213093617982158,3.1081676653845203,32.380001068115234,2.8700027465820312,0.010000000000000009,0.0,-0.009999999999999787,0.6440742102571929,-1.2458448406504024
2025-11-18,-0.008432917870575445,0.0072386702324458525,0.0010640040032439573,0.016690191638727318,3.206398324987611,33.33000183105469,0.5999984741210938,0.010000000000000009,0.020000000000000018,-0.009999999999999787,0.06980766559977286,-1.0184995786695246
2025-11-19,0.0038557567903246847,0.0016281258445646413,0.006360428353843168,-0.022598294313550794,3.1637858521010482,34.119998931884766,1.1399993896484375,0.010000000000000009,0.0,0.009999999999999787,-1.0023469602979562,0.5666314310143781
2025-11-20,-0.015359695168779277,-0.00029336859393561273,0.0007042620645924717,-0.010352439246949167,3.2741213019819138,36.380001068115234,-6.510002136230469,0.0,0.010000000000000009,-0.03000000000000025,0.3218980054194009,-1.7797431202728577
2025-11-21,0.009911937023691694,-0.0015485295000223418,-0.0007042620645924748,-0.01219087806736321,3.1540172655447054,35.970001220703125,1.0,0.0,0.020000000000000018,-0.040000000000000036,-0.16373320157799587,1.2456613662438265
2025-11-24,0.014611241086193577,0.01572002942959321,0.0,0.016032337492227555,3.0214000426107397,36.29999923706055,-1.9899978637695312,0.029999999999999916,-0.020000000000000018,-0.019999999999999574,-0.2875439413651603,1.716894635471957
2025-11-25,0.009361939618760542,-0.0003157406112367744,-0.002821879263585743,-0.016754142657545643,2.921008698583398,37.56999969482422,-4.0,0.0,-0.010000000000000009,-0.03000000000000025,0.48613351343566386,1.0527838048870581
2025-11-26,0.00687985444759878,0.007966521739529534,-0.0028298648057136417,0.011343375421695782,2.8443278504626814,35.70000076293945,-0.9199981689453125,-0.029999999999999916,-0.010000000000000009,-0.009999999999999787,-0.3349721576320851,0.8146042384125227
2025-11-28,0.0054435632273936016,0.012347782735317652,-0.0007086842845437988,0.014598782055643309,2.794227920674744,35.95000076293945,-2.9500045776367188,0.0,0.0,0.019999999999999574,0.3334883861079333,0.6307741717310839
2025-12-01,-0.00457586894038492,0.004809481913078849,-0.0003544955956132391,-0.00014074630887585078,2.8472322519593383,35.81999969482422,2.4000015258789062,0.0,0.0,0.07000000000000028,-0.22596259253924314,-0.4508468867096489
2025-12-02,0.001850496049688355,-0.006460877304549151,-0.00035469127854406414,-0.012176288676479992,2.8088001133999354,35.88999938964844,-1.4399948120117188,0.029999999999999916,-0.020000000000000018,0.0,0.1251836721276733,0.19634533344555527
2025-12-03,0.003456786217426821,-0.0009300505859088987,-0.0049787220249320726,0.006531426198758644,2.777576259006172,33.720001220703125,-3.4500045776367188,-0.010000000000000009,0.010000000000000009,-0.03000000000000025,0.20151327205510347,0.3777889346221568
2025-12-04,0.0007307890626128348,0.0006459865002764292,0.0021367940012824095,0.010278101206640832,2.7587432984957503,33.29999923706055,-0.7699966430664062,0.020000000000000018,-0.010000000000000009,0.05000000000000071,0.37484902304070994,0.07469460200781865
2025-12-05,0.0018977350040129193,-0.0017839435807101467,-0.0010678613873483646,0.007396569738930355,2.7350166394301496,32.060001373291016,1.589996337890625,-0.010000000000000009,-0.020000000000000018,0.02999999999999936,-0.7897425295370337,0.1419092412871822
2025-12-08,-0.003008799415334641,-0.002642939357994434,0.0014235619271682556,-0.020083539223417286,2.8130106275797595,33.029998779296875,5.0200042724609375,0.020000000000000018,-0.010000000000000009,0.03000000000000025,0.7162156265224909,-0.40454344169228684
2025-12-09,-0.0008635176910706599,0.005124051608821799,0.0014213981874893157,-0.008977577364876277,2.829087214170784,30.81999969482422,3.0799942016601562,-0.030000000000000027,0.0,0.009999999999999787,0.18935331101509417,-0.211954177684051
2025-12-10,0.006610371282859594,0.004250103468607268,-0.00534093941705265,0.009686689671278045,2.7581094300024462,30.780000686645508,-6.7599945068359375,0.020000000000000018,0.030000000000000027,-0.04999999999999982,-0.5509714539097516,0.6775067141052674
2025-12-11,0.002324244979309141,0.010712248978541639,-0.003576516416670221,-0.0184567927192976,2.6979998909369054,31.8799991607666,0.6199951171875,0.030000000000000027,-0.030000000000000027,0.009999999999999787,0.4434548126509073,0.23895299102947262
2025-12-12,-0.010810279077722362,0.00557898750763174,0.0014321560227140405,-0.006374097333458908,2.756205228447844,29.93000030517578,0.01000213623046875,0.050000000000000044,0.030000000000000027,0.05000000000000071,-0.38950017863587333,-1.4149711922223533
2025-12-15,-0.0015119402890506838,0.0009099271544499963,-0.0007157863162188459,-0.013460308410734737,2.803360380906535,32.849998474121094,4.05999755859375,0.0,0.010000000000000009,-0.010000000000000675,-0.33166480506176355,-0.1682989166916487
2025-12-16,-0.002736037133594218,0.00022742956353904103,-0.0010747470962796705,-0.025661578971263053,2.8021474967044036,36.22999954223633,-6.1699981689453125,0.0,0.010000000000000009,-0.02999999999999936,0.015411263920524944,-0.4521387281619877
2025-12-17,-0.01106460773219221,0.0085515594385759,0.0021481992575616772,0.026986433297171965,2.8690346681376235,36.7400016784668,-4.399997711181641,0.0,0.0,0.009999999999999787,-0.11474159308626823,-1.5531283755096408
2025-12-18,0.007522963990016468,-0.001804831428641165,0.0007150891369920913,-0.011689130381247912,2.825536946304965,33.599998474121094,-2.7300033569335938,-0.010000000000000009,0.0,-0.040000000000000036,0.4172491159235647,0.9410800531664658
2025-12-19,0.009022618958016409,0.001128353513111944,0.0032114476322535135,0.012424303145453782,2.7020321185427174,33.619998931884766,-0.5999984741210938,0.020000000000000018,-0.020000000000000018,0.040000000000000036,-0.11098560899154478,1.0574490306242739
2025-12-22,0.006210566721978087,0.022819254559298667,-0.004171787628023777,0.02468192296143355,2.6447553453112924,33.029998779296875,2.2900009155273438,0.04999999999999993,0.0,0.009999999999999787,-0.27341360462245307,0.6307227738885416
2025-12-23,0.004560042005282501,0.013165297757330809,-0.003335194885262606,0.008141152852311049,2.6390573296152584,33.02000045776367,-0.5300025939941406,-0.030000000000000027,-0.020000000000000018,0.009999999999999787,0.10256929882765954,0.3201310132662308
2025-12-24,0.0035114479496600164,-0.0041426515087481285,0.000371134858264744,-0.0014235746676825158,2.6004650102462374,31.709999084472656,-1.6899986267089844,-0.019999999999999907,-0.010000000000000009,-0.02999999999999936,-0.2590069408258023,0.20651481728157436
2025-12-26,-0.0001014201750952399,0.011609088487159046,0.0007417860275871423,-0.02480648670530307,2.6100698207912507,32.220001220703125,-0.9799995422363281,0.0,0.020000000000000018,-0.010000000000000675,0.9236254295935925,-0.3050747189170482
2025-12-29,-0.0035699930558561223,-0.04450407961760148,0.00037072212079706607,0.01636646309460631,2.653241951175182,32.15999984741211,0.7099990844726562,-0.010000000000000009,0.010000000000000009,-0.019999999999999574,-0.14220151927039623,-0.8689355658004215
2025-12-30,-0.0012218468855631148,0.0007273032894686568,0.002591143274872892,0.0018657666674187457,2.6623552365160092,30.76000022888184,4.770000457763672,0.019999999999999907,-0.010000000000000009,0.019999999999999574,-0.3767596586838913,-0.3556110012109399
