Date,SPY,QQQ,IWM,TLT,GLD,HYG,UUP,VIX,OVX,MOVE,USO
2017-01-03,194.46788024902344,112.28057861328125,120.6715087890625,92.85320281982422,110.47000122070312,53.58851623535156,22.305194854736328,12.850000381469727,32.880001068115234,76.7300033569336,91.5199966430664
2017-01-04,195.62478637695312,112.89110565185547,122.68389892578125,93.210205078125,110.86000061035156,53.87831497192383,22.13811492919922,11.850000381469727,32.36000061035156,76.41000366210938,92.63999938964844
2017-01-05,195.46939086914062,113.5298080444336,121.26811218261719,94.66934204101562,112.58000183105469,53.79815673828125,21.904203414916992,11.670000076293945,31.559999465942383,76.5,93.5999984741211
2017-01-06,196.16873168945312,114.52542877197266,120.82286834716797,93.8000717163086,111.75,53.785823822021484,22.06293296813965,11.319999694824219,30.469999313354492,75.23999786376953,93.44000244140625
2017-01-09,195.52120971679688,114.90113830566406,120.03040313720703,94.55289459228516,112.66999816894531,53.77349853515625,22.00445556640625,11.5600004196167,33.72999954223633,74.83000183105469,90.4800033569336
2017-01-10,195.52120971679688,115.15472412109375,121.1790771484375,94.49076843261719,113.1500015258789,53.77962875366211,22.012805938720703,11.489999771118164,33.61000061035156,73.26000213623047,88.55999755859375
2017-01-11,196.07369995117188,115.46470642089844,121.39276885986328,94.80901336669922,113.5,53.81049728393555,21.96268081665039,11.260000228881836,32.95000076293945,72.83000183105469,90.95999908447266
2017-01-12,195.58160400390625,115.28624725341797,120.45782470703125,94.59944915771484,113.91000366210938,53.822837829589844,21.879140853881836,11.539999961853027,32.369998931884766,73.73999786376953,92.31999969482422
2017-01-13,196.0305938720703,115.68074035644531,121.33045196533203,94.14929962158203,114.20999908447266,53.841339111328125,21.854080200195312,11.229999542236328,30.729999542236328,74.5,91.27999877929688
2017-01-17,195.33981323242188,115.33321380615234,119.68314361572266,95.13492584228516,115.8499984741211,53.785823822021484,21.653583526611328,11.869999885559082,31.25,73.94000244140625,91.44000244140625
2017-01-18,195.7715606689453,115.56804656982422,120.07493591308594,93.91644287109375,114.87000274658203,53.83517074584961,21.854080200195312,12.479999542236328,31.239999771118164,73.94000244140625,89.27999877929688
2017-01-19,195.04627990722656,115.51168823242188,119.09544372558594,93.27230834960938,114.7699966430664,53.66250228881836,21.820663452148438,12.779999732971191,30.8799991607666,78.31999969482422,89.36000061035156
2017-01-20,195.76292419433594,115.76526641845703,119.70982360839844,93.08606719970703,115.05000305175781,53.767337799072266,21.7454776763916,11.539999961853027,29.190000534057617,76.70999908447266,91.12000274658203
2017-01-23,195.2534942626953,115.85921478271484,119.21124267578125,94.017333984375,115.79000091552734,53.767337799072266,21.628520965576172,11.770000457763672,30.790000915527344,75.5199966430664,90.55999755859375
2017-01-24,196.50543212890625,116.63880157470703,121.0365982055664,93.37320709228516,115.2699966430664,53.8043327331543,21.63687515258789,11.069999694824219,29.59000015258789,75.52999877929688,90.95999908447266
2017-01-25,198.20626831054688,117.81288146972656,122.17633819580078,92.20130157470703,114.31999969482422,53.99546432495117,21.561689376831055,10.8100004196167,30.40999984741211,77.05999755859375,90.4800033569336
2017-01-26,197.99908447265625,117.93498229980469,121.68663787841797,92.5116958618164,113.26000213623047,53.970802307128906,21.703706741333008,10.630000114440918,29.59000015258789,74.69000244140625,92.23999786376953
2017-01-27,197.68826293945312,118.16040802001953,121.26811218261719,92.845458984375,113.48999786376953,54.0201530456543,21.712060928344727,10.579999923706055,29.780000686645508,72.19000244140625,91.19999694824219
2017-01-30,196.46226501464844,117.23992156982422,119.5762939453125,92.56602478027344,113.97000122070312,53.90914535522461,21.670291900634766,11.880000114440918,30.940000534057617,72.36000061035156,90.23999786376953
2017-01-31,196.44497680664062,117.00511169433594,120.41327667236328,93.210205078125,115.55000305175781,53.85366439819336,21.494855880737305,11.989999771118164,31.329999923706055,72.5199966430664,90.55999755859375
2017-02-01,196.5226593017578,117.81288146972656,120.34204864501953,92.63388061523438,115.19999694824219,54.05304718017578,21.511566162109375,11.8100004196167,30.649999618530273,70.83999633789062,91.83999633789062
2017-02-02,196.6522216796875,117.70954895019531,120.03929901123047,92.59498596191406,115.83999633789062,54.084014892578125,21.544981002807617,11.930000305175781,29.389999389648438,69.91999816894531,92.08000183105469
2017-02-03,198.0076904296875,118.04771423339844,121.87359619140625,92.55608367919922,116.12999725341797,54.17693328857422,21.5366268157959,10.970000267028809,28.110000610351562,67.38999938964844,92.31999969482422
2017-02-06,197.65371704101562,118.1885986328125,120.95645904541016,93.11611938476562,117.69999694824219,54.1397590637207,21.55333137512207,11.369999885559082,29.3700008392334,67.55000305175781,91.04000091552734
2017-02-07,197.66238403320312,118.62066650390625,120.42217254638672,93.8005142211914,117.45999908447266,54.05928421020508,21.661937713623047,11.289999961853027,29.610000610351562,68.06999969482422,89.5199966430664
2017-02-08,197.92137145996094,118.81790161132812,120.20850372314453,95.07611846923828,118.19000244140625,54.09639358520508,21.63687515258789,11.449999809265137,29.09000015258789,68.73999786376953,89.83999633789062
2017-02-09,199.0955810546875,119.24999237060547,121.90030670166016,93.97945404052734,117.29000091552734,54.17072677612305,21.720413208007812,10.880000114440918,28.25,68.94999694824219,90.80000305175781
2017-02-10,199.88125610351562,119.64446258544922,122.82634735107422,93.92500305175781,117.5999984741211,54.20791244506836,21.7454776763916,10.850000381469727,26.43000030517578,69.62999725341797,92.0
2017-02-13,200.96917724609375,120.32073211669922,123.14688873291016,93.62944793701172,116.80000305175781,54.28841018676758,21.795602798461914,11.069999694824219,26.989999771118164,68.83000183105469,90.55999755859375
2017-02-14,201.77200317382812,120.7246322631836,123.5565414428711,92.95279693603516,116.93000030517578,54.3255615234375,21.845726013183594,10.739999771118164,27.489999771118164,67.26000213623047,91.04000091552734
2017-02-15,202.82537841796875,121.43846893310547,124.29559326171875,92.52498626708984,117.44999694824219,54.34415817260742,21.803955078125,11.970000267028809,27.75,65.51000213623047,90.87999725341797
2017-02-16,202.65267944335938,121.40092468261719,123.94834899902344,93.03056335449219,118.08000183105469,54.30079650878906,21.678646087646484,11.760000228881836,27.3700008392334,68.2300033569336,91.27999877929688
2017-02-17,202.97215270996094,121.92691040039062,123.86815643310547,93.58280181884766,117.68000030517578,54.35654067993164,21.787246704101562,11.489999771118164,25.290000915527344,69.77999877929688,91.12000274658203
2017-02-21,204.18092346191406,122.52804565429688,124.83871459960938,93.41941833496094,117.75,54.53611755371094,21.887495040893555,11.569999694824219,25.790000915527344,68.72000122070312,92.31999969482422
2017-02-22,203.9995574951172,122.57498931884766,124.28665924072266,93.57501983642578,117.91000366210938,54.56092071533203,21.837371826171875,11.739999771118164,27.09000015258789,69.26000213623047,90.87999725341797
2017-02-23,204.1376953125,122.11478424072266,123.54764556884766,93.85498046875,118.94000244140625,54.61042404174805,21.787246704101562,11.710000038146973,25.790000915527344,68.63999938964844,92.23999786376953
2017-02-24,204.396728515625,122.34954833984375,123.45853424072266,94.89727783203125,119.69999694824219,54.653785705566406,21.829015731811523,11.470000267028809,25.719999313354492,69.8499984741211,91.68000030517578
2017-02-27,204.7161865234375,122.49983978271484,124.66065979003906,94.33723449707031,119.12000274658203,54.72191619873047,21.829015731811523,12.09000015258789,25.010000228881836,70.88999938964844,91.76000213623047
2017-02-28,204.16363525390625,122.12413024902344,122.73731994628906,94.6872329711914,119.2300033569336,54.67854309082031,21.81230926513672,12.920000076293945,25.459999084472656,,91.5999984741211
2017-03-01,207.0214080810547,123.4579086303711,124.98120880126953,93.10062408447266,119.05999755859375,54.88014602661133,21.96268081665039,12.539999961853027,24.670000076293945,,91.19999694824219
2017-03-02,205.71766662597656,122.83799743652344,123.54764556884766,92.76554107666016,117.58000183105469,54.7059326171875,22.054576873779297,11.8100004196167,25.940000534057617,69.54000091552734,89.36000061035156
2017-03-03,205.8472137451172,123.06342315673828,123.45853424072266,93.00709533691406,117.51000213623047,54.73078155517578,21.86243438720703,10.960000038146973,25.59000015258789,65.79000091552734,90.31999969482422
2017-03-06,205.2342529296875,122.79100799560547,122.6126480102539,92.56291198730469,116.72000122070312,54.556663513183594,21.937620162963867,11.239999771118164,26.959999084472656,65.41000366210938,90.23999786376953
2017-03-07,204.62118530273438,122.58438110351562,121.81126403808594,92.28235626220703,115.77999877929688,54.20212936401367,21.96268081665039,11.449999809265137,26.459999084472656,66.02999877929688,90.16000366210938
2017-03-08,204.24136352539062,122.8004379272461,121.0098648071289,91.78367614746094,115.05999755859375,53.84134292602539,22.037864685058594,11.859999656677246,31.739999771118164,66.61000061035156,85.36000061035156
2017-03-09,204.5003204345703,122.89436340332031,120.52906036376953,91.05109405517578,114.47000122070312,53.69830322265625,21.9960994720459,12.300000190734863,31.979999542236328,69.18000030517578,84.23999786376953
2017-03-10,205.2169189453125,123.41093444824219,121.06329345703125,91.37061309814453,114.72000122070312,53.67961120605469,21.845726013183594,11.65999984741211,33.45000076293945,67.69999694824219,82.31999969482422
2017-03-13,205.32054138183594,123.61758422851562,121.34820556640625,90.79393768310547,114.73999786376953,53.72316360473633,21.879140853881836,11.350000381469727,32.38999938964844,65.63999938964844,82.23999786376953
2017-03-14,204.53488159179688,123.31700134277344,120.76946258544922,91.23039245605469,114.12000274658203,53.56144714355469,21.954326629638672,12.300000190734863,33.189998626708984,65.18000030517578,81.5199966430664
2017-03-15,206.30479431152344,124.07784271240234,122.63936614990234,92.34471130371094,116.25,54.301639556884766,21.695354461669922,11.630000114440918,30.079999923706055,61.619998931884766,83.04000091552734
2017-03-16,205.8989715576172,123.99329376220703,122.79963684082031,91.87713623046875,116.7300033569336,54.14613342285156,21.620166778564453,11.210000038146973,28.6299991607666,60.439998626708984,82.87999725341797
2017-03-17,205.5373992919922,123.94999694824219,123.28939056396484,92.45382690429688,116.98999786376953,54.16480255126953,21.628520965576172,11.279999732971191,27.450000762939453,60.720001220703125,82.63999938964844
2017-03-20,205.3119659423828,124.06292724609375,122.75515747070312,92.85125732421875,117.51000213623047,54.05905532836914,21.63687515258789,11.34000015258789,28.110000610351562,59.81999969482422,82.16000366210938
2017-03-21,202.67587280273438,122.18051147460938,119.29131317138672,93.62272644042969,118.54000091552734,53.67339324951172,21.503210067749023,12.470000267028809,30.56999969482422,62.130001068115234,80.87999725341797
2017-03-22,203.1527862548828,123.00877380371094,119.31808471679688,93.99678802490234,118.83000183105469,53.804012298583984,21.486501693725586,12.8100004196167,30.049999237060547,,80.95999908447266
2017-03-23,202.93601989746094,122.69815063476562,120.01258850097656,93.86434173583984,118.66999816894531,53.82266616821289,21.511566162109375,13.119999885559082,29.790000915527344,65.22000122070312,80.08000183105469
2017-03-24,202.78855895996094,122.9522933959961,120.09920501708984,94.19945526123047,118.86000061035156,54.00929260253906,21.503210067749023,12.960000038146973,30.989999771118164,64.44999694824219,80.72000122070312
2017-03-27,202.58042907714844,123.14997863769531,120.32246398925781,94.62799835205078,119.52999877929688,53.95327377319336,21.386253356933594,12.5,30.780000686645508,62.68000030517578,80.31999969482422
2017-03-28,204.0546112060547,123.9029541015625,121.26012420654297,93.99678802490234,119.04000091552734,54.251853942871094,21.503210067749023,11.529999732971191,29.920000076293945,61.95000076293945,81.19999694824219
2017-03-29,204.24539184570312,124.47708129882812,121.65301513671875,94.55784606933594,119.33000183105469,54.363826751708984,21.544981002807617,11.420000076293945,28.540000915527344,61.02000045776367,82.95999908447266
2017-03-30,204.89572143554688,124.68418884277344,122.57281494140625,93.7941665649414,118.47000122070312,54.61885452270508,21.686996459960938,11.539999961853027,27.81999969482422,60.939998626708984,84.55999755859375
2017-03-31,204.4188232421875,124.59944915771484,122.76925659179688,94.06694030761719,118.72000122070312,54.600223541259766,21.678646087646484,12.369999885559082,27.59000015258789,60.70000076293945,85.12000274658203
2017-04-03,204.06329345703125,124.52417755126953,121.4744644165039,95.01573944091797,119.3499984741211,54.57083511352539,21.678646087646484,12.380000114440918,26.889999389648438,61.22999954223633,84.4000015258789
2017-04-04,204.19332885742188,124.72179412841797,121.33152770996094,94.50031280517578,119.62000274658203,54.58955764770508,21.703706741333008,11.789999961853027,27.969999313354492,64.7699966430664,85.68000030517578
2017-04-05,203.5863800048828,124.21353912353516,119.95636749267578,94.78927612304688,119.62000274658203,54.54589080810547,21.695354461669922,12.890000343322754,27.729999542236328,63.720001220703125,85.44000244140625
2017-04-06,204.15866088867188,124.27941131591797,121.07255554199219,94.648681640625,119.18000030517578,54.614566802978516,21.7454776763916,12.390000343322754,26.790000915527344,68.25,86.87999725341797
2017-04-07,203.95053100585938,124.21353912353516,121.01898193359375,94.26605987548828,119.45999908447266,54.58955764770508,21.845726013183594,12.869999885559082,27.459999084472656,68.66000366210938,87.68000030517578
2017-04-10,204.07196044921875,124.26065063476562,121.28690338134766,94.70338439941406,119.45999908447266,54.6645393371582,21.803955078125,14.050000190734863,26.709999084472656,68.5,89.12000274658203
2017-04-11,203.82919311523438,123.72406768798828,122.25131225585938,95.60144805908203,121.19000244140625,54.558353424072266,21.737125396728516,15.069999694824219,27.270000457763672,70.55999755859375,89.36000061035156
2017-04-12,202.93601989746094,123.22525024414062,120.59034729003906,96.12467193603516,122.0199966430664,54.59584045410156,21.628520965576172,15.770000457763672,26.920000076293945,73.41999816894531,88.87999725341797
2017-04-13,201.61793518066406,122.73582458496094,119.41157531738281,96.4214096069336,122.5999984741211,54.48338317871094,21.703706741333008,15.960000038146973,26.020000457763672,74.4800033569336,89.04000091552734
2017-04-17,203.404296875,123.75233459472656,120.81363677978516,96.12467193603516,122.23999786376953,54.64579391479492,21.64522933959961,14.65999984741211,25.799999237060547,70.95999908447266,88.4800033569336
2017-04-18,202.7972412109375,123.56410217285156,120.84039306640625,97.3819808959961,122.81999969482422,54.6333122253418,21.461441040039062,14.420000076293945,26.8799991607666,72.87000274658203,88.31999969482422
2017-04-19,202.4244384765625,123.76176452636719,121.26012420654297,96.85094451904297,121.7300033569336,54.583335876464844,21.5366268157959,14.930000305175781,29.809999465942383,73.12999725341797,84.95999908447266
2017-04-20,204.07196044921875,124.79714965820312,122.80498504638672,96.47607421875,121.95999908447266,54.764488220214844,21.544981002807617,14.149999618530273,27.959999084472656,73.86000061035156,84.31999969482422
2017-04-21,203.42160034179688,124.76886749267578,122.52816772460938,96.47607421875,122.30999755859375,54.720760345458984,21.561689376831055,14.630000114440918,30.059999465942383,77.1500015258789,82.55999755859375
2017-04-24,205.6588134765625,126.27484130859375,124.05519104003906,95.99967956542969,121.4800033569336,54.976890563964844,21.36119270324707,10.84000015258789,29.8799991607666,63.27000045776367,82.0
2017-04-25,206.85549926757812,127.18782806396484,125.2607421875,94.84393310546875,120.25,55.07684326171875,21.302715301513672,10.760000228881836,29.389999389648438,62.36000061035156,82.87999725341797
2017-04-26,206.72544860839844,127.00895690917969,125.90367126464844,95.3672103881836,120.83999633789062,55.026824951171875,21.35283851623535,10.850000381469727,29.31999969482422,60.95000076293945,82.08000183105469
2017-04-27,206.89878845214844,127.77135467529297,125.86793518066406,95.33594512939453,120.38999938964844,55.0643196105957,21.386253356933594,10.359999656677246,29.8799991607666,59.81999969482422,81.91999816894531
2017-04-28,206.44790649414062,127.99727630615234,124.18016052246094,95.54674530029297,120.7699966430664,55.04560089111328,21.36119270324707,10.819999694824219,28.549999237060547,60.189998626708984,81.91999816894531
2017-05-01,206.96817016601562,129.13613891601562,124.89461517333984,94.75251770019531,119.66999816894531,55.07383346557617,21.377899169921875,10.109999656677246,29.420000076293945,59.400001525878906,81.19999694824219
2017-05-02,207.04623413085938,129.3526153564453,124.26055908203125,95.23766326904297,119.6500015258789,55.09260559082031,21.344486236572266,10.59000015258789,32.22999954223633,60.31999969482422,79.36000061035156
2017-05-03,206.7947235107422,128.9385528564453,123.49261474609375,95.3002700805664,117.9800033569336,55.14282989501953,21.428024291992188,10.680000305175781,32.79999923706055,59.380001068115234,79.44000244140625
2017-05-04,207.0375518798828,128.98556518554688,123.32292175292969,94.83073425292969,116.79000091552734,54.84798049926758,21.294361114501953,10.460000038146973,34.66999816894531,60.08000183105469,75.68000030517578
2017-05-05,207.85263061523438,129.4561767578125,124.11772155761719,94.91676330566406,117.01000213623047,54.942054748535156,21.260944366455078,10.569999694824219,33.83000183105469,58.720001220703125,77.27999877929688
2017-05-08,207.8180389404297,129.73855590820312,123.59978485107422,94.40033721923828,116.75,55.004798889160156,21.377899169921875,9.770000457763672,33.849998474121094,55.40999984741211,77.36000061035156
2017-05-09,207.6272735595703,130.19032287597656,123.54618835449219,94.39250183105469,116.05000305175781,54.967166900634766,21.486501693725586,9.960000038146973,34.209999084472656,55.220001220703125,76.55999755859375
2017-05-10,208.00006103515625,130.265625,124.31413269042969,94.28295135498047,116.04000091552734,55.20555114746094,21.494855880737305,10.210000038146973,34.02000045776367,55.029998779296875,78.87999725341797
2017-05-11,207.57518005371094,130.16204833984375,123.44792938232422,94.28295135498047,116.5,55.21183776855469,21.503210067749023,10.600000381469727,33.720001220703125,54.470001220703125,79.5199966430664
2017-05-12,207.2283172607422,130.45388793945312,122.79607391357422,94.99507904052734,116.83000183105469,55.192989349365234,21.394609451293945,10.399999618530273,33.720001220703125,55.709999084472656,79.5999984741211
2017-05-15,208.3729248046875,130.8679962158203,123.75157165527344,94.7368392944336,117.13999938964844,55.3184814453125,21.336132049560547,10.420000076293945,33.099998474121094,56.72999954223633,81.36000061035156
2017-05-16,208.18218994140625,131.4139404296875,123.79621887207031,95.0889663696289,117.6500015258789,55.400020599365234,21.177404403686523,10.649999618530273,33.439998626708984,55.5,80.87999725341797
2017-05-17,204.48817443847656,128.07257080078125,120.45641326904297,96.47411346435547,119.79000091552734,55.15538024902344,21.035385131835938,15.59000015258789,33.900001525878906,62.58000183105469,81.5199966430664
2017-05-18,205.3119659423828,129.19264221191406,120.89396667480469,96.5837173461914,118.80999755859375,55.21810531616211,21.110570907592773,14.65999984741211,32.79999923706055,58.97999954223633,82.08000183105469
2017-05-19,206.6473388671875,129.73855590820312,121.4744644165039,96.81063079833984,119.4000015258789,55.3184814453125,20.960201263427734,12.039999961853027,29.760000228881836,57.81999969482422,83.83999633789062
2017-05-22,207.69656372070312,130.83035278320312,122.29595947265625,96.54454040527344,119.9000015258789,55.487850189208984,20.92678451538086,10.930000305175781,30.59000015258789,55.470001220703125,84.31999969482422
2017-05-23,208.1561279296875,130.96212768554688,122.69781494140625,95.89502716064453,119.13999938964844,55.48160171508789,21.0186824798584,10.720000267028809,31.770000457763672,,85.12000274658203
2017-05-24,208.64175415039062,131.56454467773438,122.77815246582031,96.43502044677734,119.61000061035156,55.57569885253906,20.951847076416016,10.020000457763672,30.940000534057617,54.40999984741211,84.80000305175781
2017-05-25,209.63897705078125,132.68458557128906,122.85855865478516,96.46632385253906,119.4800033569336,55.5317497253418,20.976909637451172,9.989999771118164,33.029998779296875,54.31999969482422,80.31999969482422
2017-05-26,209.5955810546875,132.91989135742188,122.82284545898438,96.6306381225586,120.54000091552734,55.563133239746094,21.02703094482422,9.8100004196167,30.040000915527344,54.04999923706055,82.23999786376953
2017-05-30,209.41355895996094,133.0327606201172,121.85844421386719,97.10800170898438,120.13999938964844,55.61959457397461,21.001972198486328,10.380000114440918,30.299999237060547,,81.91999816894531
2017-05-31,209.3615264892578,132.9857940673828,121.73340606689453,97.35061645507812,120.62000274658203,55.61333084106445,20.951847076416016,10.40999984741211,32.290000915527344,53.95000076293945,79.68000030517578
2017-06-01,211.02635192871094,133.50343322753906,124.08200073242188,97.3608169555664,120.72000122070312,55.77521514892578,20.976909637451172,9.890000343322754,31.190000534057617,54.0,79.27999877929688
2017-06-02,211.728759765625,135.0281982421875,124.88568878173828,98.51361083984375,121.61000061035156,55.80673599243164,20.87666130065918,9.75,32.470001220703125,53.7400016784668,78.87999725341797
2017-06-05,211.5727081298828,135.00003051757812,124.10880279541016,97.90190124511719,121.7300033569336,55.756317138671875,20.893367767333984,10.069999694824219,33.709999084472656,53.0,78.4000015258789
2017-06-06,210.8962860107422,134.4635009765625,123.99266052246094,98.4351577758789,123.0999984741211,55.66814041137695,20.843244552612305,10.449999809265137,32.119998931884766,53.220001220703125,79.76000213623047
2017-06-07,211.28652954101562,134.99058532714844,124.10880279541016,97.96463775634766,122.44999694824219,55.554725646972656,20.86830711364746,10.390000343322754,34.22999954223633,54.79999923706055,75.68000030517578
2017-06-08,211.3905792236328,135.1317596435547,125.80545806884766,97.70587158203125,121.6500015258789,55.598838806152344,20.943492889404297,10.15999984741211,33.84000015258789,53.72999954223633,75.44000244140625
2017-06-09,211.06976318359375,131.75279235839844,126.45735168457031,97.5568618774414,120.54000091552734,55.6429328918457,21.010324478149414,10.699999809265137,32.59000015258789,52.560001373291016,75.91999816894531
2017-06-12,211.02635192871094,131.0468292236328,126.25198364257812,97.52547454833984,120.36000061035156,55.737430572509766,20.976909637451172,11.460000038146973,33.95000076293945,52.31999969482422,76.16000366210938
2017-06-13,212.05825805664062,132.1103973388672,126.89491271972656,97.5411605834961,120.4800033569336,55.83823013305664,20.951847076416016,10.420000076293945,32.34000015258789,51.66999816894531,76.80000305175781
2017-06-14,211.78944396972656,131.53627014160156,126.14476776123047,99.04685974121094,119.81999969482422,55.84454345703125,20.935138702392578,10.640000343322754,32.02000045776367,52.220001220703125,73.83999633789062
2017-06-15,211.38197326660156,130.9527130126953,125.50182342529297,98.89000701904297,119.31999969482422,55.63034439086914,21.060449600219727,10.899999618530273,31.899999618530273,51.59000015258789,73.44000244140625
2017-06-16,211.42807006835938,130.38455200195312,125.18928527832031,99.08605194091797,119.33999633789062,55.535804748535156,20.985265731811523,10.380000114440918,27.93000030517578,51.47999954223633,73.91999816894531
2017-06-19,213.1882781982422,132.5647430419922,126.1180191040039,98.94491577148438,118.43000030517578,55.7059440612793,21.077159881591797,10.369999885559082,30.34000015258789,51.599998474121094,72.95999908447266
2017-06-20,211.75048828125,131.52651977539062,124.84103393554688,99.83109283447266,118.18000030517578,55.5106086730957,21.110570907592773,10.859999656677246,32.4900016784668,51.599998474121094,71.5999984741211
2017-06-21,211.69827270507812,132.82894897460938,124.52847290039062,100.03501892089844,118.5199966430664,55.189327239990234,21.068803787231445,10.75,33.31999969482422,51.63999938964844,69.68000030517578
2017-06-22,211.6023712158203,132.7912139892578,125.0017318725586,100.25459289550781,118.91999816894531,55.34053039550781,21.077159881591797,10.479999542236328,32.650001525878906,51.130001068115234,70.23999786376953
2017-06-23,211.85507202148438,133.3008575439453,125.83226013183594,100.20751953125,119.43000030517578,55.56731414794922,21.010324478149414,10.020000457763672,31.920000076293945,51.15999984741211,70.87999725341797
2017-06-26,211.99447631835938,132.67796325683594,125.98407745361328,100.58392333984375,118.36000061035156,55.6429328918457,21.04374122619629,9.899999618530273,31.770000457763672,50.02000045776367,71.44000244140625
2017-06-27,210.28665161132812,130.27130126953125,124.87674713134766,99.50953674316406,118.80999755859375,55.46654510498047,20.809829711914062,11.0600004196167,32.279998779296875,52.099998474121094,72.80000305175781
2017-06-28,212.16876220703125,132.1494903564453,126.78776550292969,99.18021392822266,118.9000015258789,55.693328857421875,20.742996215820312,10.029999732971191,30.799999237060547,52.5099983215332,73.5999984741211
2017-06-29,210.30404663085938,129.85601806640625,126.03763580322266,98.34890747070312,118.31999969482422,55.554725646972656,20.64274787902832,11.4399995803833,30.459999084472656,54.65999984741211,73.68000030517578
2017-06-30,210.69615173339844,129.90328979492188,125.84115600585938,98.12149810791016,118.0199966430664,55.68703842163086,20.676162719726562,11.180000305175781,28.700000762939453,55.220001220703125,76.0
2017-07-03,211.0533905029297,128.5347137451172,126.89491271972656,97.80557250976562,116.08999633789062,55.65983200073242,20.801475524902344,11.220000267028809,30.260000228881836,55.25,76.95999908447266
2017-07-05,211.5413818359375,129.79940795898438,126.43949890136719,97.82915496826172,116.5199966430664,55.61553192138672,20.809829711914062,11.069999694824219,32.61000061035156,56.439998626708984,74.0
2017-07-06,209.60694885253906,128.629150390625,124.78837585449219,97.01972961425781,116.47000122070312,55.476356506347656,20.71793556213379,12.539999961853027,32.81999969482422,56.959999084472656,74.4800033569336
2017-07-07,210.96630859375,130.01646423339844,125.99910736083984,96.43822479248047,115.27999877929688,55.42571258544922,20.751352310180664,11.1899995803833,33.16999816894531,55.7599983215332,72.80000305175781
2017-07-10,211.19284057617188,130.86587524414062,125.45206451416016,96.5796890258789,115.47000122070312,55.48900604248047,20.759702682495117,11.109999656677246,33.22999954223633,53.18000030517578,73.04000091552734
2017-07-11,211.0360107421875,131.2340087890625,125.81976318359375,96.74465942382812,115.62000274658203,55.45103073120117,20.68451690673828,10.890000343322754,33.61000061035156,53.220001220703125,74.16000366210938
2017-07-12,212.6218719482422,132.7912139892578,126.788330078125,97.41265869140625,116.02999877929688,55.81167984008789,20.68451690673828,10.300000190734863,32.47999954223633,52.43000030517578,74.63999938964844
2017-07-13,212.9791259765625,133.08380126953125,126.89600372314453,96.79975891113281,115.81999969482422,55.85594940185547,20.692874908447266,9.899999618530273,31.760000228881836,52.209999084472656,75.76000213623047
2017-07-14,213.9724884033203,134.1314239501953,127.1112289428711,96.9176025390625,116.7699966430664,56.01416778564453,20.567562103271484,9.510000228881836,30.280000686645508,51.029998779296875,76.72000122070312
2017-07-17,213.94630432128906,134.19747924804688,127.40716552734375,97.18476867675781,117.29000091552734,56.03313446044922,20.567562103271484,9.819999694824219,30.610000610351562,50.0,75.5999984741211
2017-07-18,214.05963134765625,135.0940704345703,127.07534790039062,98.03346252441406,118.11000061035156,56.058448791503906,20.458959579467773,9.890000343322754,29.959999084472656,49.54999923706055,76.31999969482422
2017-07-19,215.21856689453125,135.8868408203125,128.33995056152344,98.07276916503906,118.08000183105469,56.153324127197266,20.50908088684082,9.789999961853027,29.549999237060547,48.2599983215332,77.5199966430664
2017-07-20,215.31443786621094,136.06617736816406,128.4296112060547,98.35564422607422,118.23999786376953,56.18498992919922,20.383773803710938,9.579999923706055,29.25,47.0,76.87999725341797
2017-07-21,215.12269592285156,136.00950622558594,127.84664916992188,98.77216339111328,119.26000213623047,56.140689849853516,20.31694221496582,9.359999656677246,29.25,47.45000076293945,74.72000122070312
2017-07-24,215.0704345703125,136.63246154785156,128.02603149414062,98.3870849609375,119.30999755859375,56.18498992919922,20.325294494628906,9.430000305175781,29.239999771118164,47.0,76.0
2017-07-25,215.59317016601562,136.283203125,129.19192504882812,97.10617065429688,118.91999816894531,56.21028137207031,20.358713150024414,9.430000305175781,29.18000030517578,49.56999969482422,78.4800033569336
2017-07-26,215.60198974609375,136.72682189941406,128.4744415283203,97.26334381103516,119.87999725341797,56.292537689208984,20.24175262451172,9.600000381469727,29.440000534057617,47.279998779296875,79.68000030517578
2017-07-27,215.4015350341797,135.86802673339844,127.65830993652344,96.78398132324219,119.79000091552734,56.248268127441406,20.31694221496582,10.109999656677246,29.809999465942383,48.41999816894531,80.4800033569336
2017-07-28,215.14886474609375,135.75473022460938,127.3175048828125,97.3576889038086,120.69000244140625,56.25459289550781,20.191633224487305,10.289999961853027,29.860000610351562,48.529998779296875,81.36000061035156
2017-07-31,215.0268096923828,135.178955078125,126.91387939453125,97.47551727294922,120.75,56.25459289550781,20.108089447021484,10.260000228881836,30.84000015258789,48.13999938964844,82.23999786376953
2017-08-01,215.506103515625,135.49044799804688,127.15606689453125,98.15986633300781,120.6500015258789,56.310482025146484,20.141510009765625,10.09000015258789,30.540000915527344,49.970001220703125,80.72000122070312
2017-08-02,215.61065673828125,135.85855102539062,125.76596069335938,98.21502685546875,120.4000015258789,56.323211669921875,20.116445541381836,10.279999732971191,30.43000030517578,48.75,81.12000274658203
2017-08-03,215.19239807128906,135.33006286621094,125.13813781738281,99.23094940185547,120.58999633789062,56.215179443359375,20.066322326660156,10.4399995803833,29.649999618530273,47.93000030517578,80.16000366210938
2017-08-04,215.5845184326172,135.57542419433594,125.74800109863281,98.38829040527344,119.6500015258789,56.22787857055664,20.24175262451172,10.029999732971191,28.530000686645508,47.279998779296875,81.04000091552734
2017-08-07,215.9853515625,136.4342803955078,125.95427703857422,98.49857330322266,119.51000213623047,56.2025032043457,20.233402252197266,9.930000305175781,28.729999542236328,46.90999984741211,80.80000305175781
2017-08-08,215.4538116455078,136.1982879638672,125.55963134765625,98.14411163330078,119.86000061035156,55.96106719970703,20.266820907592773,10.960000038146973,29.440000534057617,47.34000015258789,80.4800033569336
2017-08-09,215.4451446533203,136.0189666748047,124.47445678710938,98.67962646484375,121.30999755859375,55.745033264160156,20.250110626220703,11.109999656677246,29.059999465942383,49.66999816894531,81.19999694824219
2017-08-10,212.404052734375,133.10269165039062,122.21440887451172,99.52237701416016,122.20999908447266,55.38923645019531,20.21669578552246,16.040000915527344,29.270000457763672,52.0,79.27999877929688
2017-08-11,212.71771240234375,134.11256408691406,122.39378356933594,99.569580078125,122.79000091552734,55.484527587890625,20.141510009765625,15.510000228881836,28.40999984741211,52.060001373291016,79.91999816894531
2017-08-14,214.82640075683594,135.8396759033203,124.25021362304688,99.05769348144531,121.91999816894531,55.77680969238281,20.225046157836914,12.329999923706055,29.15999984741211,49.29999923706055,77.76000213623047
2017-08-15,214.80027770996094,135.9340362548828,123.22783660888672,98.64032745361328,120.9800033569336,55.79585647583008,20.31694221496582,12.039999961853027,29.309999465942383,48.630001068115234,78.0
2017-08-16,215.17491149902344,136.16998291015625,123.26371765136719,99.00255584716797,121.87000274658203,55.80219650268555,20.250110626220703,11.739999771118164,29.18000030517578,48.470001220703125,76.55999755859375
2017-08-17,211.8201904296875,133.38580322265625,121.0125961303711,99.74285888671875,122.48999786376953,55.49088668823242,20.291881561279297,15.550000190734863,29.309999465942383,48.84000015258789,76.95999908447266
2017-08-18,211.48910522460938,133.29144287109375,121.00363159179688,99.71924591064453,122.30000305175781,55.573490142822266,20.225046157836914,14.260000228881836,27.530000686645508,50.15999984741211,79.76000213623047
2017-08-21,211.6547088623047,133.12155151367188,120.92292785644531,99.9633560180664,122.76000213623047,55.630672454833984,20.166568756103516,13.1899995803833,28.770000457763672,52.060001373291016,77.68000030517578
2017-08-22,213.8679656982422,135.15074157714844,122.23235321044922,99.57748413085938,122.20999908447266,55.85939407348633,20.250110626220703,11.350000381469727,27.969999313354492,51.29999923706055,78.16000366210938
2017-08-23,213.1011199951172,134.66932678222656,122.0350112915039,100.2547607421875,122.66999816894531,55.86574935913086,20.166568756103516,12.25,27.799999237060547,52.08000183105469,79.04000091552734
2017-08-24,212.60447692871094,134.2729949951172,122.41170501708984,99.8846435546875,122.29000091552734,55.94835662841797,20.208343505859375,12.229999542236328,28.3700008392334,52.4900016784668,77.68000030517578
2017-08-25,213.1011199951172,133.98983764648438,122.76148986816406,100.27053833007812,122.73999786376953,56.05000686645508,20.041257858276367,11.279999732971191,28.8799991607666,50.560001373291016,78.0
2017-08-28,213.10987854003906,134.4051055908203,123.28167724609375,100.2075424194336,124.69000244140625,56.05635070800781,19.9827823638916,11.319999694824219,30.389999389648438,48.86000061035156,76.23999786376953
2017-08-29,213.3538055419922,134.93362426757812,123.30854034423828,100.53043365478516,124.41999816894531,55.9864616394043,20.007843017578125,11.699999809265137,30.489999771118164,51.400001525878906,75.68000030517578
2017-08-30,214.36459350585938,136.5191650390625,124.09778594970703,100.4989242553711,124.36000061035156,56.138938903808594,20.133155822753906,11.220000267028809,29.780000686645508,51.560001373291016,75.04000091552734
2017-08-31,215.65423583984375,137.98207092285156,125.31748962402344,100.79818725585938,125.81999969482422,56.29144287109375,20.074676513671875,10.59000015258789,29.100000381469727,51.130001068115234,77.04000091552734
2017-09-01,215.95919799804688,137.7932891845703,126.02603912353516,100.02717590332031,126.05999755859375,56.348846435546875,20.116445541381836,10.130000114440918,28.969999313354492,49.439998626708984,77.36000061035156
2017-09-05,214.4081268310547,136.5569610595703,124.81527709960938,101.61338806152344,127.45999908447266,56.22123336791992,20.007843017578125,12.229999542236328,29.579999923706055,53.31999969482422,79.36000061035156
2017-09-06,215.1400909423828,136.97222900390625,125.07534790039062,100.98994445800781,126.80999755859375,56.18296813964844,19.991134643554688,11.630000114440918,30.06999969482422,52.91999816894531,80.31999969482422
2017-09-07,215.11399841308594,137.2930908203125,124.76145935058594,102.0237808227539,128.1300048828125,56.18937301635742,19.849119186401367,11.550000190734863,29.729999542236328,54.0099983215332,80.23999786376953
2017-09-08,214.86126708984375,136.10394287109375,124.8601303100586,101.80281066894531,127.97000122070312,56.01068878173828,19.798994064331055,12.119999885559082,29.489999771118164,,77.83999633789062
2017-09-11,217.15301513671875,137.67059326171875,126.16954803466797,100.58743286132812,126.19000244140625,56.18937301635742,19.932659149169922,10.729999542236328,27.729999542236328,51.880001068115234,78.55999755859375
2017-09-12,217.88494873046875,138.00091552734375,126.94078826904297,100.05873107910156,126.55999755859375,56.259521484375,19.92430305480957,10.579999923706055,27.59000015258789,51.650001525878906,78.95999908447266
2017-09-13,217.989501953125,138.189697265625,127.3175048828125,99.66413879394531,125.61000061035156,56.27867126464844,20.041257858276367,10.5,26.6200008392334,51.369998931884766,80.55999755859375
2017-09-14,217.9197998046875,137.37802124023438,127.20092010498047,100.07453918457031,126.16000366210938,56.355247497558594,19.9827823638916,10.4399995803833,26.09000015258789,50.72999954223633,81.04000091552734
2017-09-15,218.21316528320312,137.84996032714844,127.72109985351562,100.11396789550781,125.52999877929688,56.406288146972656,19.91594886779785,10.170000076293945,26.649999618530273,50.630001068115234,81.5999984741211
2017-09-18,218.67726135253906,137.6693115234375,128.59104919433594,99.53784942626953,124.36000061035156,56.380760192871094,19.966073989868164,10.149999618530273,27.530000686645508,50.15999984741211,81.36000061035156
2017-09-19,218.8961639404297,137.90574645996094,128.59104919433594,99.29325103759766,124.62000274658203,56.43816375732422,19.907594680786133,10.180000305175781,25.760000228881836,49.86000061035156,80.87999725341797
2017-09-20,218.97500610351562,137.48008728027344,129.00357055664062,99.36422729492188,123.62000274658203,56.43180465698242,20.066322326660156,9.779999732971191,26.989999771118164,49.150001525878906,81.91999816894531
2017-09-21,218.38824462890625,136.63827514648438,128.86907958984375,99.30901336669922,122.68000030517578,56.36159133911133,20.007843017578125,9.670000076293945,26.299999237060547,48.310001373291016,82.0
2017-09-22,218.43209838867188,136.50584411621094,129.41612243652344,99.5931167602539,123.23999786376953,56.41901779174805,19.991134643554688,9.59000015258789,26.389999389648438,50.52000045776367,81.91999816894531
2017-09-25,217.98545837402344,135.06817626953125,129.59548950195312,100.21656036376953,124.52999877929688,56.4509391784668,20.108089447021484,10.210000038146973,26.93000030517578,51.11000061035156,84.4000015258789
2017-09-26,218.11679077148438,135.4181671142578,130.0082244873047,100.03508758544922,123.13999938964844,56.52111053466797,20.1749210357666,10.170000076293945,27.799999237060547,50.63999938964844,83.91999816894531
2017-09-27,218.96624755859375,136.63827514648438,132.55242919921875,98.52774810791016,121.9800033569336,56.546634674072266,20.27517318725586,9.869999885559082,27.290000915527344,52.08000183105469,84.16000366210938
2017-09-28,219.22894287109375,136.5910186767578,132.903076171875,98.23578643798828,122.20999908447266,56.546634674072266,20.21669578552246,9.550000190734863,27.18000030517578,51.86000061035156,83.44000244140625
2017-09-29,219.99954223632812,137.57467651367188,133.21766662597656,98.45672607421875,121.58000183105469,56.629573822021484,20.199989318847656,9.510000228881836,26.829999923706055,52.880001068115234,83.44000244140625
2017-10-02,220.9540252685547,137.69766235351562,134.85391235351562,98.27641296386719,120.7699966430664,56.60074996948242,20.31694221496582,9.449999809265137,27.719999313354492,54.459999084472656,81.68000030517578
2017-10-03,221.4269256591797,137.99090576171875,135.1505889892578,98.37132263183594,120.83000183105469,56.703285217285156,20.3085880279541,9.510000228881836,27.950000762939453,54.599998474121094,81.44000244140625
2017-10-04,221.68960571289062,138.123291015625,134.7190704345703,98.37924194335938,121.16999816894531,56.645591735839844,20.283527374267578,9.630000114440918,27.040000915527344,54.4900016784668,80.63999938964844
2017-10-05,223.00315856933594,139.4758758544922,135.08767700195312,98.00757598876953,120.5199966430664,56.71604919433594,20.392126083374023,9.1899995803833,26.450000762939453,55.58000183105469,82.0
2017-10-06,222.7491912841797,139.66505432128906,134.89886474609375,97.73080444335938,121.08999633789062,56.63277816772461,20.358713150024414,9.649999618530273,27.59000015258789,54.97999954223633,79.76000213623047
2017-10-09,222.3813934326172,139.50424194335938,134.3414306640625,98.03919982910156,122.08000183105469,56.63918685913086,20.325294494628906,10.329999923706055,27.31999969482422,,80.0
2017-10-10,222.9681396484375,139.60826110839844,134.72804260253906,98.19732666015625,122.4000015258789,56.684017181396484,20.21669578552246,10.079999923706055,26.540000915527344,53.88999938964844,82.23999786376953
2017-10-11,223.3184051513672,140.02444458007812,134.62918090820312,98.38713073730469,122.79000091552734,56.6263542175293,20.158214569091797,9.850000381469727,26.43000030517578,52.689998626708984,82.87999725341797
2017-10-12,222.98565673828125,139.76905822753906,134.53025817871094,98.80623626708984,122.88999938964844,56.56230163574219,20.199989318847656,9.90999984741211,25.850000381469727,51.81999969482422,81.83999633789062
2017-10-13,223.2571563720703,140.3082275390625,134.28753662109375,99.5179214477539,123.81999969482422,56.58793640136719,20.199989318847656,9.609999656677246,25.729999542236328,50.849998474121094,82.95999908447266
2017-10-16,223.5548095703125,140.79061889648438,134.17066955566406,99.4467544555664,122.97000122070312,56.61997604370117,20.250110626220703,9.90999984741211,26.31999969482422,,83.68000030517578
2017-10-17,223.71246337890625,140.9702911376953,133.78407287597656,99.57328796386719,122.12999725341797,56.703285217285156,20.30023193359375,10.3100004196167,25.8700008392334,49.029998779296875,83.91999816894531
2017-10-18,223.93136596679688,140.8000030517578,134.42239379882812,98.91695404052734,121.66999816894531,56.76089859008789,20.27517318725586,10.069999694824219,26.40999984741211,50.290000915527344,83.83999633789062
2017-10-19,223.99269104003906,140.2798309326172,134.21556091308594,99.0909194946289,122.38999938964844,56.76729965209961,20.225046157836914,10.050000190734863,26.299999237060547,51.4900016784668,82.80000305175781
2017-10-20,225.1486053466797,140.6581573486328,134.8359375,98.03919982910156,121.61000061035156,56.81855773925781,20.342004776000977,9.970000267028809,24.510000228881836,53.97999954223633,83.44000244140625
2017-10-23,224.27291870117188,139.74073791503906,133.82899475097656,98.21317291259766,121.80000305175781,56.75448989868164,20.367067337036133,11.069999694824219,25.079999923706055,54.099998474121094,83.36000061035156
2017-10-24,224.66696166992188,139.9771728515625,134.10775756835938,97.60426330566406,121.33000183105469,56.75448989868164,20.400482177734375,11.15999984741211,25.600000381469727,55.939998626708984,84.31999969482422
2017-10-25,223.5548095703125,139.4474639892578,133.46043395996094,97.13773345947266,121.3499984741211,56.59433364868164,20.350358963012695,11.229999542236328,25.440000534057617,57.36000061035156,83.83999633789062
2017-10-26,223.8438262939453,139.00291442871094,133.73912048339844,96.81353759765625,120.33000183105469,56.52389144897461,20.567562103271484,11.300000190734863,25.219999313354492,57.349998474121094,84.55999755859375
2017-10-27,225.6740264892578,143.0512237548828,134.6651153564453,97.45404052734375,120.9000015258789,56.67763900756836,20.617687225341797,9.800000190734863,25.18000030517578,54.66999816894531,86.72000122070312
2017-10-30,224.8332977294922,143.37278747558594,133.2446746826172,98.38713073730469,121.12999725341797,56.66481399536133,20.517436981201172,10.5,25.329999923706055,51.689998626708984,86.95999908447266
2017-10-31,225.18360900878906,143.91192626953125,134.1885986328125,98.41876220703125,120.66999816894531,56.67763900756836,20.534147262573242,10.180000305175781,25.309999465942383,51.150001525878906,87.44000244140625
2017-11-01,225.48135375976562,143.86465454101562,133.29859924316406,98.85697937011719,121.11000061035156,56.62356948852539,20.57591438293457,10.199999809265137,25.649999618530273,49.939998626708984,87.19999694824219
2017-11-02,225.56890869140625,143.59034729003906,133.6941680908203,99.29280853271484,121.19000244140625,56.59140396118164,20.57591438293457,9.930000305175781,25.649999618530273,48.72999954223633,87.91999816894531
2017-11-03,226.32208251953125,144.9712677001953,133.60423278808594,99.56224060058594,120.62000274658203,56.59785461425781,20.626041412353516,9.140000343322754,24.81999969482422,45.83000183105469,89.44000244140625
2017-11-06,226.67230224609375,145.46311950683594,133.757080078125,99.9347152709961,121.6500015258789,56.6042594909668,20.57591438293457,9.399999618530273,26.850000381469727,45.04999923706055,92.08000183105469
2017-11-07,226.51470947265625,145.5482940673828,132.1568603515625,100.3547134399414,121.20999908447266,56.443458557128906,20.609331130981445,9.890000343322754,28.75,44.20000076293945,91.91999816894531
2017-11-08,226.89996337890625,146.13467407226562,132.33665466308594,100.13280487060547,121.62999725341797,56.19256591796875,20.60097885131836,9.779999732971191,27.989999771118164,43.970001220703125,91.27999877929688
2017-11-09,226.0768280029297,145.36854553222656,131.86915588378906,99.8475341796875,122.12999725341797,55.915958404541016,20.517436981201172,10.5,28.3700008392334,44.9900016784668,91.68000030517578
2017-11-10,226.0067596435547,145.35911560058594,131.77029418945312,98.34193420410156,121.12999725341797,56.03816223144531,20.500730514526367,11.289999961853027,29.399999618530273,47.290000915527344,91.36000061035156
2017-11-13,226.2169189453125,145.53878784179688,131.80624389648438,98.54794311523438,121.30999755859375,55.99958038330078,20.517436981201172,11.5,30.219999313354492,46.38999938964844,91.04000091552734
2017-11-14,225.69151306152344,145.00912475585938,131.44659423828125,99.2136001586914,121.55999755859375,55.761566162109375,20.37541961669922,11.59000015258789,30.079999923706055,47.77000045776367,89.04000091552734
2017-11-15,224.56187438964844,144.32809448242188,130.92515563964844,100.29127502441406,121.41000366210938,55.761566162109375,20.367067337036133,13.130000114440918,29.84000015258789,48.0,88.72000122070312
2017-11-16,226.4708709716797,146.17250061035156,132.8490753173828,99.41960144042969,121.4000015258789,56.308345794677734,20.392126083374023,11.760000228881836,28.420000076293945,47.7400016784668,88.55999755859375
2017-11-17,225.80538940429688,145.61447143554688,133.46043395996094,100.15658569335938,122.86000061035156,56.26976013183594,20.333650588989258,11.430000305175781,26.959999084472656,49.09000015258789,90.80000305175781
2017-11-20,226.19065856933594,145.5009765625,134.43136596679688,100.1169662475586,121.30999755859375,56.28263473510742,20.433897018432617,10.649999618530273,27.18000030517578,48.099998474121094,90.23999786376953
2017-11-21,227.67059326171875,147.08050537109375,135.83384704589844,100.4339599609375,121.51000213623047,56.398441314697266,20.408836364746094,9.729999542236328,26.639999389648438,48.09000015258789,91.19999694824219
2017-11-22,227.4691925048828,147.26026916503906,135.6540985107422,100.75882720947266,122.62999725341797,56.48848342895508,20.250110626220703,9.880000114440918,26.829999923706055,46.880001068115234,92.80000305175781
2017-11-24,227.99461364746094,147.79937744140625,135.7079620361328,100.48147583007812,122.31999969482422,56.52708053588867,20.158214569091797,9.670000076293945,26.8799991607666,46.15999984741211,94.31999969482422
2017-11-27,227.88076782226562,147.73318481445312,135.29444885253906,100.3388671875,122.83000183105469,56.35340118408203,20.183277130126953,9.869999885559082,28.360000610351562,45.290000915527344,92.72000122070312
2017-11-28,230.19256591796875,148.111572265625,137.4251251220703,100.47357177734375,122.80999755859375,56.52708053588867,20.266820907592773,10.029999732971191,28.1299991607666,44.93000030517578,92.63999938964844
2017-11-29,230.05242919921875,145.5293426513672,137.8836212158203,99.48303985595703,122.04000091552734,56.45631408691406,20.25846290588379,10.699999809265137,28.020000457763672,45.540000915527344,91.76000213623047
2017-11-30,232.0664825439453,146.74949645996094,138.13534545898438,99.15020751953125,121.0999984741211,56.469200134277344,20.208343505859375,11.279999732971191,25.950000762939453,46.83000183105469,91.76000213623047
2017-12-01,231.58489990234375,146.12525939941406,137.56900024414062,100.48819732666016,121.58999633789062,56.451114654541016,20.191633224487305,11.430000305175781,23.729999542236328,50.16999816894531,93.36000061035156
2017-12-04,231.30467224121094,144.44161987304688,137.05653381347656,100.53581237792969,121.18000030517578,56.431724548339844,20.25846290588379,11.680000305175781,23.68000030517578,48.7599983215332,91.91999816894531
2017-12-05,230.4727783203125,144.5361785888672,135.69000244140625,101.03609466552734,120.31999969482422,56.39942932128906,20.291881561279297,11.329999923706055,23.1299991607666,49.2400016784668,92.31999969482422
2017-12-06,230.5165557861328,145.18882751464844,135.0516815185547,101.38543701171875,120.06999969482422,56.347755432128906,20.342004776000977,11.020000457763672,23.1299991607666,49.31999969482422,89.5999984741211
2017-12-07,231.243408203125,145.68069458007812,135.99566650390625,100.59138488769531,118.48999786376953,56.37360763549805,20.383773803710938,10.15999984741211,23.1299991607666,49.2400016784668,90.63999938964844
2017-12-08,232.50442504882812,146.3238525390625,136.12152099609375,100.59937286376953,118.4800033569336,56.431724548339844,20.417192459106445,9.579999923706055,23.850000381469727,47.4900016784668,91.91999816894531
2017-12-11,233.20494079589844,147.45883178710938,136.06765747070312,100.39291381835938,118.01000213623047,56.44465637207031,20.417192459106445,9.34000015258789,22.959999084472656,46.56999969482422,92.80000305175781
2017-12-12,233.6165313720703,147.26026916503906,135.64505004882812,100.35319519042969,118.1500015258789,56.418800354003906,20.450605392456055,9.920000076293945,22.84000015258789,46.75,91.5199966430664
2017-12-13,233.5902557373047,147.54400634765625,136.4541778564453,101.10755157470703,119.16999816894531,56.451114654541016,20.3085880279541,10.180000305175781,23.489999771118164,45.029998779296875,90.63999938964844
2017-12-14,232.63572692871094,147.43994140625,134.94381713867188,101.53634643554688,118.93000030517578,56.33482360839844,20.325294494628906,10.489999771118164,23.0,44.84000015258789,91.44000244140625
2017-12-15,234.57305908203125,149.11412048339844,136.86776733398438,101.91748046875,119.18000030517578,56.341278076171875,20.408836364746094,9.420000076293945,21.25,46.43000030517578,91.68000030517578
2017-12-18,236.06053161621094,150.3643341064453,138.71969604492188,100.98844146728516,119.7300033569336,56.39942932128906,20.377897262573242,9.529999732971191,18.43000030517578,46.72999954223633,91.5199966430664
2017-12-19,235.15390014648438,149.4733428955078,137.62295532226562,99.67820739746094,119.81999969482422,56.28314971923828,20.31936264038086,10.029999732971191,18.8799991607666,48.959999084472656,92.08000183105469
2017-12-20,235.03067016601562,149.3122100830078,137.8926544189453,98.57449340820312,120.13999938964844,56.32836151123047,20.294279098510742,9.720000267028809,19.459999084472656,49.95000076293945,92.87999725341797
2017-12-21,235.5148162841797,149.3311767578125,138.4963836669922,99.14899444580078,120.30999755859375,56.38739776611328,20.285919189453125,9.619999885559082,17.860000610351562,51.599998474121094,93.12000274658203
2017-12-22,235.45321655273438,149.16061401367188,138.24368286132812,99.28430938720703,120.94000244140625,56.43928527832031,20.294279098510742,9.899999618530273,19.260000228881836,50.380001068115234,93.27999877929688
2017-12-26,235.17152404785156,148.35494995117188,138.3249053955078,99.5787353515625,121.7699966430664,56.52361297607422,20.27755355834961,10.25,20.989999771118164,48.81999969482422,95.5999984741211
2017-12-27,235.2859649658203,148.37384033203125,138.18951416015625,100.87576293945312,122.2300033569336,56.54957580566406,20.235746383666992,10.470000267028809,20.639999389648438,47.72999954223633,95.36000061035156
2017-12-28,235.7699737548828,148.553955078125,138.73095703125,100.78826141357422,122.8499984741211,56.52361297607422,20.177209854125977,10.180000305175781,20.709999084472656,46.189998626708984,95.76000213623047
2017-12-29,234.88104248046875,147.63453674316406,137.5848846435547,100.94742584228516,123.6500015258789,56.60799026489258,20.09359359741211,11.039999961853027,21.31999969482422,46.599998474121094,96.08000183105469
2018-01-02,236.56219482421875,150.22218322753906,138.88438415527344,99.85724639892578,125.1500015258789,56.659854888916016,20.009973526000977,9.770000457763672,22.729999542236328,49.16999816894531,96.55999755859375
2018-01-03,238.05841064453125,151.6818389892578,139.02877807617188,100.33468627929688,124.81999969482422,56.93231964111328,20.08523178100586,9.149999618530273,22.75,47.599998474121094,98.72000122070312
2018-01-04,239.0618133544922,151.94720458984375,139.39877319335938,100.31876373291016,125.45999908447266,57.02961730957031,20.01833724975586,9.220000267028809,22.1200008392334,47.380001068115234,98.95999908447266
2018-01-05,240.655029296875,153.47325134277344,139.68756103515625,100.03224182128906,125.33000183105469,57.06855010986328,20.03506088256836,9.220000267028809,22.299999237060547,46.06999969482422,98.4800033569336
2018-01-08,241.09507751464844,154.07032775878906,139.9041290283203,99.9686279296875,125.30999755859375,57.02315139770508,20.127038955688477,9.520000457763672,21.899999618530273,45.900001525878906,99.04000091552734
2018-01-09,241.6407012939453,154.07986450195312,139.71466064453125,98.63180541992188,124.7300033569336,56.847984313964844,20.168851852416992,10.079999923706055,22.959999084472656,47.290000915527344,100.55999755859375
2018-01-10,241.2710418701172,153.71963500976562,139.73269653320312,98.51243591308594,125.02999877929688,56.72475051879883,20.11867904663086,9.819999694824219,23.520000457763672,49.16999816894531,101.44000244140625
2018-01-11,243.03135681152344,154.771728515625,142.1331787109375,98.91822052001953,125.44000244140625,56.912872314453125,20.03506088256836,9.880000114440918,23.520000457763672,48.189998626708984,101.5999984741211
2018-01-12,244.61572265625,155.90916442871094,142.7288055419922,99.08537292480469,126.95999908447266,56.81557083129883,19.82600975036621,10.15999984741211,23.520000457763672,47.61000061035156,102.95999908447266
2018-01-16,243.77955627441406,155.46363830566406,140.90585327148438,99.49910736083984,127.16999816894531,56.78312683105469,19.717308044433594,11.65999984741211,26.40999984741211,45.90999984741211,102.08000183105469
2018-01-17,246.10317993164062,157.14134216308594,142.24143981933594,99.3638916015625,126.13999938964844,56.78960418701172,19.76747703552246,11.90999984741211,24.700000762939453,45.880001068115234,102.23999786376953
2018-01-18,245.68955993652344,157.16978454589844,141.2667999267578,98.44083404541016,125.86000061035156,56.73122024536133,19.742393493652344,12.220000267028809,24.3799991607666,48.54999923706055,102.08000183105469
2018-01-19,246.8073272705078,157.66268920898438,143.12583923339844,97.923583984375,126.41999816894531,56.78960418701172,19.775840759277344,11.270000457763672,21.200000762939453,,101.76000213623047
2018-01-22,248.81407165527344,159.34979248046875,143.89288330078125,98.01910400390625,126.6500015258789,56.84149169921875,19.708946228027344,11.029999732971191,22.030000686645508,52.599998474121094,102.23999786376953
2018-01-23,249.3421630859375,160.66726684570312,144.35311889648438,98.44083404541016,127.27999877929688,57.010154724121094,19.658775329589844,11.100000381469727,22.34000015258789,52.54999923706055,103.76000213623047
2018-01-24,249.24534606933594,159.62464904785156,143.4597625732422,97.90766143798828,128.8300018310547,56.925846099853516,19.466453552246094,11.470000267028809,23.93000030517578,54.11000061035156,105.76000213623047
2018-01-25,249.3509063720703,159.5677947998047,143.51385498046875,98.71138000488281,127.97000122070312,56.88689422607422,19.49153709411621,11.579999923706055,22.350000381469727,53.380001068115234,104.4800033569336
2018-01-26,252.238037109375,162.01318359375,144.02825927734375,98.34530639648438,128.07000732421875,56.93231964111328,19.449729919433594,11.079999923706055,22.290000915527344,55.630001068115234,105.91999816894531
2018-01-29,250.565673828125,161.22650146484375,143.216064453125,97.66098022460938,127.3499984741211,56.73122024536133,19.49989891052246,13.84000015258789,22.729999542236328,55.97999954223633,104.87999725341797
2018-01-30,247.99554443359375,159.89952087402344,141.84439086914062,97.08804321289062,126.80000305175781,56.53661346435547,19.466453552246094,14.789999961853027,22.899999618530273,57.279998779296875,103.19999694824219
2018-01-31,248.11871337890625,160.5630340576172,141.1043701171875,97.66098022460938,127.6500015258789,56.6339225769043,19.441368103027344,13.539999961853027,22.229999542236328,57.20000076293945,103.83999633789062
2018-02-01,247.8370361328125,159.19813537597656,141.5465850830078,96.24561309814453,128.07000732421875,56.52707290649414,19.341026306152344,13.470000267028809,22.239999771118164,57.83000183105469,105.91999816894531
2018-02-02,242.44168090820312,156.0228729248047,138.82125854492188,95.3525161743164,126.38999938964844,56.16874313354492,19.458093643188477,17.309999465942383,23.799999237060547,60.33000183105469,104.31999969482422
2018-02-05,232.3022003173828,149.87139892578125,133.4878692626953,96.25360107421875,126.70999908447266,55.85604476928711,19.541709899902344,37.31999969482422,25.90999984741211,60.40999984741211,102.16000366210938
2018-02-06,236.8790283203125,153.84283447265625,135.08517456054688,95.65555572509766,125.37999725341797,56.19480514526367,19.583518981933594,29.979999542236328,26.59000015258789,,101.5999984741211
2018-02-07,235.59400939941406,151.85243225097656,135.22047424316406,94.74650573730469,124.79000091552734,55.98634719848633,19.734033584594727,27.729999542236328,26.790000915527344,66.06999969482422,98.95999908447266
2018-02-08,226.75714111328125,145.4451141357422,131.24984741210938,94.64286041259766,124.9800033569336,55.49774932861328,19.734033584594727,33.459999084472656,29.5,67.8499984741211,96.72000122070312
2018-02-09,230.16331481933594,147.95684814453125,132.45004272460938,94.04481506347656,124.7699966430664,55.34139633178711,19.750757217407227,29.059999465942383,29.850000381469727,,94.87999725341797
2018-02-12,233.54318237304688,150.58229064941406,133.70443725585938,94.45942687988281,125.37000274658203,55.71923828125,19.683860778808594,25.610000610351562,29.420000076293945,69.86000061035156,95.12000274658203
2018-02-13,234.12411499023438,151.35952758789062,133.99322509765625,94.882080078125,126.08000183105469,55.543357849121094,19.575159072875977,24.969999313354492,30.389999389648438,68.97000122070312,94.95999908447266
2018-02-14,237.28390502929688,154.193603515625,136.40272521972656,93.82948303222656,128.22999572753906,55.64109420776367,19.42464256286621,19.260000228881836,27.729999542236328,69.5199966430664,97.44000244140625
2018-02-15,240.3117218017578,157.05601501464844,137.8917236328125,94.14847564697266,128.3800048828125,56.09059143066406,19.341026306152344,19.1299991607666,27.56999969482422,66.68000030517578,98.63999938964844
2018-02-16,240.38211059570312,156.3546142578125,138.37901306152344,94.6588134765625,127.95999908447266,56.31858444213867,19.474815368652344,19.459999084472656,26.969999313354492,63.029998779296875,99.04000091552734
2018-02-20,238.87705993652344,156.66741943359375,137.24200439453125,94.2441635131836,126.23999786376953,56.12316131591797,19.600242614746094,20.600000381469727,27.579999923706055,60.2599983215332,99.12000274658203
2018-02-21,237.68878173828125,156.22190856933594,137.38638305664062,93.08792114257812,125.66000366210938,55.86906814575195,19.675498962402344,20.020000457763672,26.93000030517578,61.15999984741211,98.31999969482422
2018-02-22,237.9968719482422,156.20301818847656,137.16976928710938,93.36702728271484,126.30000305175781,55.908164978027344,19.608604431152344,18.719999313354492,24.979999542236328,61.13999938964844,100.72000122070312
2018-02-23,241.79029846191406,159.3971710205078,138.95660400390625,94.19635772705078,126.13999938964844,56.279483795166016,19.650413513183594,16.489999771118164,24.3700008392334,64.5999984741211,102.16000366210938
2018-02-26,244.5980682373047,161.51083374023438,139.86802673339844,94.22819519042969,126.44999694824219,56.37724685668945,19.625328063964844,15.800000190734863,24.360000610351562,63.720001220703125,102.87999725341797
2018-02-27,241.54391479492188,159.51089477539062,137.85562133789062,94.09265899658203,125.12999725341797,56.2274169921875,19.750757217407227,18.59000015258789,25.290000915527344,63.93000030517578,101.19999694824219
2018-02-28,239.09706115722656,158.48724365234375,135.68081665039062,94.69068145751953,125.0,56.142704010009766,19.809289932250977,19.850000381469727,26.920000076293945,62.970001220703125,98.95999908447266
2018-03-01,235.62037658691406,155.899658203125,135.31979370117188,95.33708953857422,124.72000122070312,55.77057647705078,19.742393493652344,22.469999313354492,26.979999542236328,63.65999984741211,98.80000305175781
2018-03-02,236.8350372314453,157.33090209960938,137.48562622070312,94.5620346069336,125.38999938964844,56.084495544433594,19.658775329589844,19.59000015258789,26.149999618530273,65.30000305175781,98.95999908447266
2018-03-05,239.5723876953125,159.0749053955078,138.7130126953125,94.30638122558594,125.18000030517578,56.084495544433594,19.658775329589844,18.729999542236328,26.299999237060547,64.70999908447266,100.72000122070312
2018-03-06,240.17965698242188,159.74789428710938,140.2109832763672,94.39422607421875,126.52999877929688,56.1629753112793,19.608604431152344,18.360000610351562,25.549999237060547,63.5,100.55999755859375
2018-03-07,240.0916290283203,160.1175079345703,141.4473419189453,94.29035949707031,125.72000122070312,56.02562713623047,19.591880798339844,17.760000228881836,26.940000534057617,63.349998474121094,98.80000305175781
2018-03-08,241.2534637451172,160.99900817871094,141.1585235595703,94.83370971679688,125.41999816894531,56.09101104736328,19.717308044433594,16.540000915527344,26.15999984741211,61.58000183105469,97.19999694824219
2018-03-09,245.45181274414062,164.12684631347656,143.41458129882812,94.21049499511719,125.54000091552734,56.293785095214844,19.692222595214844,14.640000343322754,26.229999542236328,58.970001220703125,99.76000213623047
2018-03-12,245.1437530517578,164.99887084960938,143.6673126220703,94.75379180908203,125.54000091552734,56.202213287353516,19.667137145996094,15.779999732971191,24.020000457763672,58.290000915527344,98.95999908447266
2018-03-13,243.55947875976562,162.75250244140625,142.99949645996094,95.23319244384766,125.77999877929688,56.02562713623047,19.616966247558594,16.350000381469727,25.5,55.06999969482422,97.91999816894531
2018-03-14,242.3096466064453,162.7240447998047,142.32266235351562,96.07215118408203,125.69999694824219,55.960235595703125,19.625328063964844,17.229999542236328,25.209999084472656,57.849998474121094,98.23999786376953
2018-03-15,242.0455780029297,162.58187866210938,141.6097869873047,96.07215118408203,124.9000015258789,55.99947738647461,19.700584411621094,16.59000015258789,25.06999969482422,57.709999084472656,98.72000122070312
2018-03-16,242.30812072753906,162.09854125976562,142.4038848876953,95.72857666015625,124.5999984741211,56.11720657348633,19.750757217407227,15.800000190734863,24.530000686645508,59.0099983215332,100.4000015258789
2018-03-19,239.0295867919922,158.63995361328125,141.0322265625,95.42495727539062,124.87000274658203,55.888275146484375,19.667137145996094,19.020000457763672,25.280000686645508,59.97999954223633,100.4000015258789
2018-03-20,239.4360809326172,159.16207885742188,140.99607849121094,95.04146575927734,124.30999755859375,55.99947738647461,19.78420639038086,18.200000762939453,25.299999237060547,57.88999938964844,102.4800033569336
2018-03-21,238.9766082763672,158.4690704345703,141.8173065185547,95.14533996582031,126.4800033569336,56.01910400390625,19.625328063964844,17.860000610351562,25.950000762939453,55.720001220703125,105.44000244140625
2018-03-22,233.00277709960938,154.5576934814453,138.70762634277344,96.08814239501953,125.9800033569336,55.68551254272461,19.650413513183594,23.34000015258789,26.469999313354492,55.93000030517578,103.5999984741211
2018-03-23,228.03640747070312,150.48480224609375,135.7226104736328,96.01622009277344,127.61000061035156,55.54164123535156,19.583518981933594,24.8700008392334,27.559999465942383,56.16999816894531,106.23999786376953
2018-03-26,234.27528381347656,156.07662963867188,138.68946838378906,95.64869689941406,128.27999877929688,55.901363372802734,19.49153709411621,21.030000686645508,27.709999084472656,54.54999923706055,105.68000030517578
2018-03-27,230.28988647460938,151.02601623535156,136.00306701660156,96.67146301269531,127.48999786376953,55.84903335571289,19.583518981933594,22.5,27.3799991607666,56.27000045776367,104.63999938964844
2018-03-28,229.6094207763672,149.28855895996094,135.95785522460938,96.92708587646484,125.7300033569336,55.822853088378906,19.75911521911621,22.8700008392334,26.670000076293945,58.349998474121094,104.31999969482422
2018-03-29,232.5432586669922,152.02279663085938,137.3327178955078,97.39852905273438,125.79000091552734,56.01253890991211,19.742393493652344,19.969999313354492,25.06999969482422,58.540000915527344,104.72000122070312
2018-04-02,227.52394104003906,147.63671875,133.9860076904297,97.59068298339844,127.26000213623047,55.79518508911133,19.734033584594727,23.6200008392334,27.530000686645508,58.65999984741211,101.91999816894531
2018-04-03,230.4400634765625,149.298095703125,135.90357971191406,96.83802795410156,126.30000305175781,55.952789306640625,19.76747703552246,21.100000381469727,26.889999389648438,56.02000045776367,102.4800033569336
2018-04-04,232.9055633544922,151.65255737304688,137.6312255859375,96.63782501220703,126.44999694824219,56.07756805419922,19.75911521911621,20.059999465942383,26.170000076293945,55.349998474121094,102.55999755859375
2018-04-05,234.7436981201172,152.5164794921875,138.77088928222656,95.91719818115234,125.80000305175781,56.12352752685547,19.834373474121094,18.940000534057617,24.3799991607666,53.720001220703125,102.63999938964844
2018-04-06,229.51220703125,148.70001220703125,136.00306701660156,96.96613311767578,126.38999938964844,55.99876022338867,19.75911521911621,21.489999771118164,24.989999771118164,56.06999969482422,100.08000183105469
2018-04-09,230.64334106445312,149.7443389892578,136.1658477783203,97.12630462646484,126.81999969482422,56.20890426635742,19.708946228027344,21.770000457763672,25.639999389648438,52.5099983215332,102.16000366210938
2018-04-10,234.3106689453125,153.04815673828125,138.73472595214844,96.95012664794922,127.12000274658203,56.4124870300293,19.658775329589844,20.469999313354492,28.049999237060547,51.43000030517578,106.0
2018-04-11,233.08236694335938,152.1652374267578,139.033203125,97.29442596435547,128.11000061035156,56.432159423828125,19.642053604125977,20.239999771118164,29.420000076293945,50.5,107.5999984741211
2018-04-12,234.99998474121094,153.9975128173828,139.98297119140625,96.58179473876953,126.62000274658203,56.635765075683594,19.683860778808594,18.489999771118164,28.729999542236328,51.4900016784668,108.16000366210938
2018-04-13,234.3106689453125,153.20001220703125,139.2502899169922,96.80599975585938,127.44999694824219,56.668643951416016,19.683860778808594,17.40999984741211,28.520000457763672,51.13999938964844,108.4000015258789
2018-04-16,236.2371063232422,154.3677978515625,140.5347137451172,96.83802795410156,127.62999725341797,56.753971099853516,19.616966247558594,16.559999465942383,28.84000015258789,49.7400016784668,107.04000091552734
2018-04-17,238.7644805908203,157.69056701660156,142.06333923339844,97.1022720336914,127.75,56.78026580810547,19.616966247558594,15.25,27.8799991607666,48.34000015258789,107.27999877929688
2018-04-18,238.94119262695312,158.0133819580078,142.44322204589844,96.3255386352539,127.8499984741211,56.72115707397461,19.658775329589844,15.600000381469727,29.420000076293945,50.0,111.04000091552734
2018-04-19,237.61563110351562,156.5608673095703,141.45729064941406,95.54085540771484,127.5999984741211,56.54385757446289,19.717308044433594,15.960000038146973,29.360000610351562,51.099998474121094,110.16000366210938
2018-04-20,235.60081481933594,154.08294677734375,140.69749450683594,94.85224151611328,126.62999725341797,56.40592575073242,19.834373474121094,16.8799991607666,28.989999771118164,52.709999084472656,110.0
2018-04-23,235.56553649902344,153.69371032714844,140.48948669433594,94.87626647949219,125.62000274658203,56.2548713684082,19.95980453491211,16.34000015258789,28.969999313354492,52.790000915527344,111.36000061035156
2018-04-24,232.3929901123047,150.43739318847656,139.68450927734375,94.44390106201172,126.2300033569336,56.143245697021484,19.934717178344727,18.020000457763672,29.149999618530273,53.0,109.44000244140625
2018-04-25,232.96743774414062,150.6177520751953,139.47642517089844,93.81134796142578,125.41000366210938,56.149818420410156,20.01833724975586,17.84000015258789,28.15999984741211,55.20000076293945,109.76000213623047
2018-04-26,235.3357696533203,153.7886199951172,140.11863708496094,94.46790313720703,124.97000122070312,56.3468132019043,20.11031723022461,16.239999771118164,26.860000610351562,53.13999938964844,110.16000366210938
2018-04-27,235.55662536621094,153.88357543945312,139.91961669921875,95.19657897949219,125.5,56.32054138183594,20.09359359741211,15.40999984741211,25.59000015258789,51.27000045776367,109.83999633789062
2018-04-30,233.7450714111328,152.7918243408203,138.68045043945312,95.36470794677734,124.58999633789062,56.28116226196289,20.177209854125977,15.930000305175781,28.280000686645508,50.349998474121094,110.4000015258789
2018-05-01,234.1604461669922,154.53868103027344,139.3588409423828,95.02124786376953,123.70999908447266,56.322723388671875,20.311002731323242,15.489999771118164,28.06999969482422,51.779998779296875,108.87999725341797
2018-05-02,232.5874481201172,153.62725830078125,139.88345336914062,94.91691589355469,123.6500015258789,56.30292510986328,20.402982711791992,15.970000267028809,27.31999969482422,49.04999923706055,109.36000061035156
2018-05-03,232.0748748779297,153.6082763671875,139.12364196777344,95.34224700927734,124.27999877929688,56.296321868896484,20.31936264038086,15.899999618530273,26.690000534057617,49.43000030517578,110.55999755859375
2018-05-04,235.0794677734375,156.52285766601562,140.86032104492188,95.48668670654297,124.54000091552734,56.33589553833008,20.34444808959961,14.770000457763672,26.170000076293945,,112.72000122070312
2018-05-07,235.87478637695312,157.823486328125,142.05433654785156,95.33419799804688,124.56999969482422,56.38865280151367,20.386260986328125,14.75,28.860000610351562,48.02000045776367,112.80000305175781
2018-05-08,235.87478637695312,157.66213989257812,142.75979614257812,95.2459487915039,124.58999633789062,56.30292510986328,20.461515426635742,14.710000038146973,26.760000228881836,48.81999969482422,112.4800033569336
2018-05-09,238.1547393798828,159.3804168701172,143.52867126464844,94.67617797851562,124.33000183105469,56.39523696899414,20.461515426635742,13.420000076293945,26.709999084472656,49.369998931884766,114.95999908447266
2018-05-10,240.3815460205078,161.03231811523438,144.29747009277344,95.43854522705078,125.18000030517578,56.56012725830078,20.369535446166992,13.229999542236328,26.610000610351562,47.810001373291016,115.27999877929688
2018-05-11,241.11505126953125,160.88050842285156,144.57789611816406,95.67927551269531,125.0,56.54032516479492,20.336088180541992,12.649999618530273,25.739999771118164,47.060001373291016,114.0
2018-05-14,241.22999572753906,161.15579223632812,144.02613830566406,95.17369842529297,124.48999786376953,56.55352020263672,20.361173629760742,12.930000305175781,25.93000030517578,48.34000015258789,115.04000091552734
2018-05-15,239.56866455078125,159.37098693847656,144.05328369140625,94.0903549194336,122.4800033569336,56.276512145996094,20.486600875854492,14.630000114440918,26.610000610351562,52.65999984741211,115.19999694824219
2018-05-16,240.5760040283203,160.4247283935547,145.55477905273438,93.729248046875,122.29000091552734,56.34907913208008,20.536771774291992,13.420000076293945,25.729999542236328,55.130001068115234,115.68000030517578
2018-05-17,240.37278747558594,159.80767822265625,146.22412109375,93.25580596923828,122.36000061035156,56.382057189941406,20.561859130859375,13.430000305175781,25.110000610351562,54.189998626708984,115.91999816894531
2018-05-18,239.7719268798828,158.9817352294922,146.41404724121094,94.05828094482422,122.41000366210938,56.322723388671875,20.603668212890625,13.420000076293945,25.229999542236328,53.2599983215332,115.44000244140625
2018-05-21,241.57461547851562,159.87413024902344,147.3818817138672,94.1064453125,122.4800033569336,56.40187072753906,20.586944580078125,13.079999923706055,25.790000915527344,53.08000183105469,117.36000061035156
2018-05-22,240.90296936035156,159.66525268554688,146.31455993652344,93.9620132446289,122.41000366210938,56.44137191772461,20.578582763671875,13.220000267028809,25.889999389648438,52.56999969482422,116.4800033569336
2018-05-23,241.56578063964844,161.01339721679688,146.50450134277344,94.64408111572266,122.54000091552734,56.487586975097656,20.662200927734375,12.579999923706055,26.040000915527344,53.27000045776367,116.08000183105469
2018-05-24,241.07086181640625,160.9658660888672,146.55877685546875,95.39837646484375,123.58999633789062,56.520538330078125,20.637115478515625,12.529999732971191,25.3700008392334,52.15999984741211,114.31999969482422
2018-05-25,240.4964599609375,161.1272735595703,146.29649353027344,95.99224090576172,123.20999908447266,56.42820739746094,20.737459182739258,13.220000267028809,27.760000228881836,54.099998474121094,109.44000244140625
2018-05-29,237.73057556152344,160.415283203125,146.0974884033203,98.09473419189453,123.19000244140625,56.19080352783203,20.879608154296875,17.020000457763672,29.040000915527344,63.0,108.08000183105469
2018-05-30,240.90296936035156,161.5640106201172,148.41299438476562,97.43672180175781,123.37000274658203,56.36227035522461,20.72073745727539,14.9399995803833,27.899999618530273,61.86000061035156,110.63999938964844
2018-05-31,239.4272003173828,161.45956420898438,147.22813415527344,97.27620697021484,123.0999984741211,56.30950927734375,20.704008102416992,15.430000305175781,27.610000610351562,60.540000915527344,108.4000015258789
2018-06-01,241.77784729003906,163.99436950683594,148.19595336914062,96.76221466064453,122.48999786376953,56.43799591064453,20.737459182739258,13.460000038146973,28.649999618530273,56.939998626708984,106.0
2018-06-04,242.92665100097656,165.47543334960938,148.9828643798828,96.06245422363281,122.37000274658203,56.55729293823242,20.72073745727539,12.739999771118164,29.489999771118164,54.29999923706055,104.95999908447266
2018-06-05,243.10342407226562,165.98806762695312,149.90550231933594,96.28765106201172,122.8499984741211,56.623531341552734,20.695646286010742,12.399999618530273,29.299999237060547,54.459999084472656,105.76000213623047
2018-06-06,245.13580322265625,166.95645141601562,150.9909210205078,95.50749206542969,122.91999816894531,56.76264953613281,20.637115478515625,11.640000343322754,29.139999389648438,56.439998626708984,105.27999877929688
2018-06-07,245.10931396484375,165.59884643554688,150.16786193847656,96.43244934082031,122.86000061035156,56.782527923583984,20.595304489135742,12.130000114440918,28.049999237060547,56.58000183105469,106.80000305175781
2018-06-08,245.83395385742188,165.60836791992188,150.62008666992188,96.14289093017578,123.01000213623047,56.74940872192383,20.603668212890625,12.180000305175781,27.59000015258789,59.56999969482422,106.16000366210938
2018-06-11,246.16099548339844,166.0545196533203,150.84617614746094,95.96595001220703,123.2300033569336,56.855403900146484,20.620391845703125,12.350000381469727,26.860000610351562,57.83000183105469,106.87999725341797
2018-06-12,246.47906494140625,166.92794799804688,151.53363037109375,95.99005889892578,122.81999969482422,56.90176010131836,20.662200927734375,12.34000015258789,26.579999923706055,55.959999084472656,107.19999694824219
2018-06-13,245.69261169433594,166.91848754882812,150.93661499023438,95.94181060791016,123.19000244140625,56.92164993286133,20.628751754760742,12.9399995803833,27.079999923706055,53.790000915527344,107.76000213623047
2018-06-14,246.311279296875,168.6083221435547,151.74163818359375,96.73810577392578,123.37999725341797,57.087249755859375,20.896333694458008,12.119999885559082,26.690000534057617,52.5,108.16000366210938
2018-06-15,245.9969482421875,168.01974487304688,151.78689575195312,96.8265151977539,121.33999633789062,57.054141998291016,20.879608154296875,11.979999542236328,27.639999389648438,53.08000183105469,104.4000015258789
2018-06-18,245.49093627929688,167.92271423339844,152.50144958496094,96.73810577392578,121.11000061035156,57.047542572021484,20.879608154296875,12.3100004196167,27.579999923706055,52.33000183105469,106.31999969482422
2018-06-19,244.55006408691406,167.44699096679688,152.510498046875,97.30113220214844,120.80000305175781,56.9680290222168,20.93814468383789,13.350000381469727,28.010000228881836,52.400001525878906,105.12000274658203
2018-06-20,244.96728515625,168.6361846923828,153.74061584472656,96.44853210449219,120.26000213623047,57.02764892578125,20.954866409301758,12.789999961853027,28.059999465942383,51.91999816894531,106.23999786376953
2018-06-21,243.43161010742188,167.1710968017578,152.30247497558594,96.9552993774414,120.05000305175781,56.90841293334961,20.896333694458008,14.640000343322754,27.780000686645508,53.09000015258789,106.4800033569336
2018-06-22,243.87547302246094,166.79998779296875,151.79592895507812,96.94721984863281,120.33999633789062,56.91501235961914,20.821077346801758,13.770000457763672,25.520000457763672,53.029998779296875,112.16000366210938
2018-06-25,240.5556182861328,163.04196166992188,149.31761169433594,97.16441345214844,119.88999938964844,56.782527923583984,20.78763198852539,17.329999923706055,26.100000381469727,53.040000915527344,110.16000366210938
2018-06-26,241.08815002441406,163.7079620361328,150.1859130859375,97.30113220214844,119.26000213623047,56.775901794433594,20.896333694458008,15.920000076293945,25.670000076293945,51.29999923706055,114.16000366210938
2018-06-27,239.09092712402344,161.48167419433594,147.77989196777344,98.21807098388672,118.58000183105469,56.65667724609375,21.02176284790039,17.90999984741211,27.690000534057617,53.04999923706055,117.19999694824219
2018-06-28,240.45802307128906,162.8707275390625,148.2321319580078,98.2421875,118.22000122070312,56.497650146484375,21.02176284790039,16.850000381469727,27.350000381469727,52.130001068115234,118.87999725341797
2018-06-29,240.80409240722656,163.30838012695312,148.1326141357422,97.90435791015625,118.6500015258789,56.36513900756836,20.85452651977539,16.09000015258789,27.18000030517578,51.16999816894531,120.4800033569336
2018-07-02,241.31893920898438,164.4025115966797,149.15475463867188,97.8277816772461,117.45999908447266,56.41904830932617,20.954866409301758,15.600000381469727,28.649999618530273,50.25,119.68000030517578
2018-07-03,240.4668426513672,162.49966430664062,149.74937438964844,98.35179138183594,118.6500015258789,56.42571258544922,20.887971878051758,16.139999389648438,28.579999923706055,51.220001220703125,119.36000061035156
2018-07-05,242.42855834960938,164.5166778564453,151.45599365234375,98.6339340209961,119.05000305175781,56.6386604309082,20.821077346801758,14.970000267028809,28.770000457763672,51.459999084472656,118.23999786376953
2018-07-06,244.4791259765625,167.07591247558594,152.73599243164062,98.95647430419922,118.86000061035156,56.785057067871094,20.754180908203125,13.369999885559082,28.1299991607666,50.130001068115234,119.68000030517578
2018-07-09,246.6804656982422,168.5791473388672,153.69821166992188,98.31954193115234,119.1500015258789,56.87156677246094,20.762542724609375,12.6899995803833,28.1200008392334,49.689998626708984,120.23999786376953
2018-07-10,247.5680694580078,168.70281982421875,152.99920654296875,98.31150817871094,118.93000030517578,56.87824249267578,20.770906448364258,12.640000343322754,26.899999618530273,49.810001373291016,120.55999755859375
2018-07-11,245.75729370117188,167.84658813476562,151.70108032226562,98.6904067993164,117.63999938964844,56.79170608520508,20.913057327270508,13.630000114440918,28.559999465942383,50.47999954223633,114.4800033569336
2018-07-12,247.98536682128906,170.7388458251953,152.43643188476562,98.68236541748047,118.12999725341797,56.97138595581055,20.92978286743164,12.579999923706055,27.809999465942383,48.56999969482422,115.12000274658203
2018-07-13,248.18060302734375,170.8815155029297,151.9824981689453,98.9322509765625,117.61000061035156,56.97138595581055,20.90469741821289,12.180000305175781,27.540000915527344,48.279998779296875,115.76000213623047
2018-07-16,247.95867919921875,170.472412109375,151.39242553710938,98.52111053466797,117.55000305175781,56.93145751953125,20.871248245239258,12.829999923706055,29.010000228881836,47.790000915527344,111.5199966430664
2018-07-17,248.96168518066406,171.50949096679688,152.06417846679688,98.33572387695312,116.27999877929688,56.9514045715332,20.963228225708008,12.0600004196167,28.0,46.63999938964844,111.5999984741211
2018-07-18,249.4855194091797,171.18594360351562,152.49085998535156,97.94065856933594,116.30999755859375,56.97806167602539,20.98831558227539,12.100000381469727,27.239999771118164,45.2599983215332,112.80000305175781
2018-07-19,248.54458618164062,170.3297576904297,153.57113647460938,98.5614242553711,115.80999755859375,56.9514045715332,21.030122756958008,12.869999885559082,26.84000015258789,47.11000061035156,113.04000091552734
2018-07-20,248.26048278808594,170.2917022705078,152.94479370117188,97.35215759277344,116.55999755859375,56.97806167602539,20.862886428833008,12.859999656677246,26.010000228881836,49.04999923706055,113.19999694824219
2018-07-23,248.7220916748047,170.833984375,153.13540649414062,96.15099334716797,116.0,56.95808029174805,20.896333694458008,12.619999885559082,26.149999618530273,51.5099983215332,112.72000122070312
2018-07-24,249.97364807128906,171.53802490234375,151.50140380859375,96.48152160644531,116.04000091552734,57.077877044677734,20.90469741821289,12.40999984741211,25.649999618530273,50.310001373291016,113.83999633789062
2018-07-25,252.10398864746094,173.93556213378906,152.05514526367188,96.32833099365234,116.68000030517578,57.18435287475586,20.804351806640625,12.289999961853027,25.34000015258789,48.290000915527344,115.36000061035156
2018-07-26,251.50936889648438,171.3001708984375,152.87216186523438,96.14295959472656,115.7699966430664,57.191009521484375,20.946504592895508,12.140000343322754,24.8799991607666,49.27000045776367,115.76000213623047
2018-07-27,249.8049774169922,168.9882354736328,150.02166748046875,96.30413818359375,115.83000183105469,57.17103958129883,20.921419143676758,13.029999732971191,24.969999313354492,48.83000183105469,114.55999755859375
2018-07-30,248.50022888183594,166.60023498535156,149.0594024658203,95.97366333007812,115.6500015258789,57.191009521484375,20.846162796020508,14.260000228881836,25.829999923706055,49.41999816894531,116.31999969482422
2018-07-31,249.72511291503906,167.87513732910156,150.575439453125,96.49766540527344,115.98999786376953,57.310787200927734,20.887971878051758,12.829999923706055,26.520000457763672,46.5,114.23999786376953
2018-08-01,249.30787658691406,168.5125274658203,150.4755859375,95.71146392822266,115.13999938964844,57.362247467041016,20.913057327270508,13.149999618530273,26.450000762939453,48.380001068115234,112.72000122070312
2018-08-02,250.666015625,170.80543518066406,151.573974609375,95.84882354736328,114.5199966430664,57.39567565917969,21.030122756958008,12.1899995803833,25.729999542236328,48.0,114.87999725341797
2018-08-03,251.74014282226562,171.3286590576172,151.0474853515625,96.3255386352539,114.91999816894531,57.44248580932617,21.046846389770508,11.640000343322754,25.610000610351562,47.66999816894531,114.16000366210938
2018-08-06,252.66334533691406,172.3372039794922,151.89173889160156,96.38208770751953,114.33000183105469,57.54939651489258,21.08029556274414,11.270000457763672,25.420000076293945,46.86000061035156,114.4800033569336
2018-08-07,253.49761962890625,172.9651336669922,152.25485229492188,95.88115692138672,114.58999633789062,57.57611846923828,21.055208206176758,10.930000305175781,25.219999313354492,47.150001525878906,114.87999725341797
2018-08-08,253.3911590576172,173.17445373535156,152.11866760253906,95.97811126708984,114.91000366210938,57.54267883300781,21.030122756958008,10.850000381469727,26.40999984741211,46.84000015258789,111.19999694824219
2018-08-09,253.0449981689453,173.0697479248047,152.50904846191406,96.78609466552734,114.73999786376953,57.502601623535156,21.155553817749023,11.270000457763672,25.399999618530273,47.349998474121094,111.04000091552734
2018-08-10,251.3495330810547,171.74732971191406,152.08238220214844,97.48904418945312,114.69000244140625,57.40235900878906,21.30606460571289,13.15999984741211,25.450000762939453,50.630001068115234,112.63999938964844
2018-08-13,250.4085693359375,171.55703735351562,151.19271850585938,97.28700256347656,112.95999908447266,57.362247467041016,21.314428329467773,14.779999732971191,25.309999465942383,50.77000045776367,112.08000183105469
2018-08-14,252.0064239501953,172.63211059570312,152.6906280517578,97.06886291503906,113.06999969482422,57.462501525878906,21.39804458618164,13.3100004196167,26.18000030517578,49.84000015258789,111.91999816894531
2018-08-15,250.12454223632812,170.52005004882812,150.77516174316406,97.63444519042969,111.19000244140625,57.362247467041016,21.39804458618164,14.640000343322754,27.260000228881836,51.52000045776367,108.08000183105469
2018-08-16,252.14842224121094,171.08132934570312,152.17312622070312,97.62635040283203,111.0999984741211,57.43574905395508,21.381322860717773,13.449999809265137,26.329999923706055,50.61000061035156,109.04000091552734
2018-08-17,253.03614807128906,171.11940002441406,152.82675170898438,97.74755096435547,112.12999725341797,57.502601623535156,21.27261734008789,12.640000343322754,25.709999084472656,50.689998626708984,109.5199966430664
2018-08-20,253.5775604248047,170.9671630859375,153.25344848632812,98.40203094482422,112.69000244140625,57.52933883666992,21.222444534301758,12.489999771118164,25.260000228881836,50.970001220703125,110.08000183105469
2018-08-21,254.17230224609375,171.5950927734375,155.01455688476562,98.07074737548828,113.0199966430664,57.616214752197266,21.097021102905273,12.859999656677246,25.079999923706055,50.31999969482422,110.63999938964844
2018-08-22,254.0214080810547,172.26104736328125,155.3957977294922,98.45858001708984,113.2699966430664,57.63628387451172,21.038488388061523,12.25,24.719999313354492,49.63999938964844,114.16000366210938
2018-08-23,253.6841583251953,172.0137481689453,154.92376708984375,98.61207580566406,112.19999694824219,57.62959671020508,21.172273635864258,12.40999984741211,24.350000381469727,49.20000076293945,114.16000366210938
2018-08-24,255.2108612060547,173.612060546875,155.7680206298828,98.8060073852539,114.16000366210938,57.72984313964844,21.07193374633789,11.989999771118164,23.309999465942383,49.15999984741211,115.44000244140625
2018-08-27,257.2258605957031,175.38168334960938,155.9949493408203,98.24044036865234,114.58999633789062,57.74989318847656,20.98831558227539,12.15999984741211,23.68000030517578,49.380001068115234,116.0
2018-08-28,257.3502197265625,175.63853454589844,156.14022827148438,97.6506118774414,113.68000030517578,57.723167419433594,20.98831558227539,12.5,24.5,49.95000076293945,115.44000244140625
2018-08-29,258.73480224609375,177.66505432128906,156.5941162109375,97.7798843383789,114.19999694824219,57.689727783203125,20.954866409301758,12.25,24.31999969482422,49.099998474121094,117.27999877929688
2018-08-30,257.68743896484375,177.35104370117188,156.46701049804688,97.98992156982422,113.63999938964844,57.6429443359375,20.971590042114258,13.529999732971191,24.889999389648438,50.40999984741211,118.0
2018-08-31,257.69635009765625,177.57943725585938,157.06614685058594,97.76372528076172,113.51000213623047,57.71645736694336,21.06357192993164,12.859999656677246,25.020000457763672,50.709999084472656,117.68000030517578
2018-09-04,257.2524108886719,176.81832885742188,156.36717224121094,97.19850158691406,112.93000030517578,57.5963134765625,21.155553817749023,13.15999984741211,26.700000762939453,49.56999969482422,116.63999938964844
2018-09-05,256.5600891113281,174.53494262695312,155.94960021972656,96.93936920166016,113.31999969482422,57.53593444824219,21.08029556274414,13.90999984741211,26.6200008392334,48.400001525878906,115.91999816894531
2018-09-06,255.78785705566406,172.97463989257812,154.8965301513672,97.29566192626953,113.54000091552734,57.58292770385742,21.08029556274414,14.649999618530273,26.15999984741211,48.650001525878906,114.4000015258789
2018-09-07,255.29078674316406,172.30865478515625,154.8148193359375,96.46966552734375,113.2300033569336,57.522491455078125,21.13882827758789,14.880000114440918,26.06999969482422,49.43000030517578,114.23999786376953
2018-09-10,255.7345733642578,172.8890380859375,155.00547790527344,96.82598876953125,113.1500015258789,57.636592864990234,21.097021102905273,14.15999984741211,26.1299991607666,47.689998626708984,113.68000030517578
2018-09-11,256.5777893066406,174.2209930419922,155.25962829589844,96.08909606933594,113.22000122070312,57.650020599365234,21.113740921020508,13.220000267028809,27.139999389648438,47.970001220703125,116.80000305175781
2018-09-12,256.6399841308594,173.70721435546875,154.887451171875,96.3157958984375,114.16999816894531,57.78425216674805,21.038488388061523,13.140000343322754,26.940000534057617,46.790000915527344,118.23999786376953
2018-09-13,258.1578674316406,175.5624542236328,154.92376708984375,96.46157836914062,113.76000213623047,57.891639709472656,20.97995376586914,12.369999885559082,26.700000762939453,46.060001373291016,115.91999816894531
2018-09-14,258.20233154296875,175.04869079589844,155.57742309570312,96.0000228881836,113.0199966430664,57.94533920288086,21.055208206176758,12.069999694824219,26.399999618530273,47.45000076293945,116.0
2018-09-17,256.8353271484375,172.52745056152344,153.9252166748047,96.0000228881836,113.61000061035156,57.90507888793945,20.954866409301758,13.680000305175781,26.489999771118164,46.810001373291016,115.76000213623047
2018-09-18,258.2288818359375,173.95455932617188,154.56973266601562,94.995849609375,113.44000244140625,57.898372650146484,20.98831558227539,12.789999961853027,26.799999237060547,47.970001220703125,117.5199966430664
2018-09-19,258.50408935546875,173.8213348388672,154.00689697265625,94.42903137207031,113.87999725341797,57.79095458984375,20.97995376586914,11.75,26.350000381469727,48.790000915527344,119.5199966430664
2018-09-20,260.5990295410156,175.7432098388672,155.43212890625,94.86630249023438,114.2699966430664,57.87149429321289,20.829439163208008,11.800000190734863,26.06999969482422,49.34000015258789,118.4000015258789
2018-09-21,260.36083984375,174.78233337402344,154.687744140625,94.82582092285156,113.48999786376953,57.884952545166016,20.896333694458008,11.680000305175781,26.149999618530273,48.83000183105469,119.68000030517578
2018-09-24,259.495849609375,175.26840209960938,154.11582946777344,94.58285522460938,113.47000122070312,57.85811996459961,20.896333694458008,12.199999809265137,26.969999313354492,48.310001373291016,122.0
2018-09-25,259.2551574707031,175.50665283203125,154.3518829345703,94.48571014404297,113.6500015258789,57.811119079589844,20.913057327270508,12.420000076293945,26.829999923706055,49.380001068115234,122.16000366210938
2018-09-26,258.47930908203125,175.63059997558594,152.94105529785156,95.14971160888672,113.05000305175781,57.87149429321289,20.921419143676758,12.890000343322754,26.530000686645508,47.439998626708984,120.87999725341797
2018-09-27,259.20166015625,177.11740112304688,152.9501495361328,95.21452331542969,112.05000305175781,57.97891616821289,21.07193374633789,12.40999984741211,26.450000762939453,45.709999084472656,122.08000183105469
2018-09-28,259.2283935546875,177.07928466796875,153.41433715820312,94.96348571777344,112.76000213623047,58.019161224365234,21.122102737426758,12.119999885559082,26.729999542236328,46.15999984741211,124.16000366210938
2018-10-01,260.12908935546875,177.44149780273438,151.39373779296875,94.2663345336914,112.56999969482422,58.187076568603516,21.155553817749023,12.0,27.950000762939453,44.279998779296875,127.5999984741211
2018-10-02,259.9774475097656,177.04115295410156,149.75535583496094,94.84255981445312,113.87000274658203,58.139896392822266,21.188997268676758,12.050000190734863,27.68000030517578,45.349998474121094,126.95999908447266
2018-10-03,260.12017822265625,177.23179626464844,151.0659942626953,93.19503784179688,113.41999816894531,57.98482131958008,21.255895614624023,11.609999656677246,28.040000915527344,50.209999084472656,128.63999938964844
2018-10-04,258.08709716796875,173.8291778564453,148.94525146484375,92.53763580322266,113.4800033569336,57.769020080566406,21.264257431030273,14.220000267028809,28.899999618530273,55.06999969482422,125.91999816894531
2018-10-05,256.642578125,171.70370483398438,147.59817504882812,91.74229431152344,113.80000305175781,57.5128288269043,21.23917007446289,14.819999694824219,28.84000015258789,55.189998626708984,125.5199966430664
2018-10-08,256.642578125,170.65528869628906,147.28871154785156,91.43389129638672,112.54000091552734,57.38471603393555,21.264257431030273,15.6899995803833,28.860000610351562,,125.44000244140625
2018-10-09,256.26812744140625,171.2081298828125,146.71524047851562,92.35912322998047,112.5999984741211,57.47237014770508,21.255895614624023,15.949999809265137,27.899999618530273,53.45000076293945,126.55999755859375
2018-10-10,248.1538848876953,163.6785125732422,142.50103759765625,92.10746765136719,112.87999725341797,57.061058044433594,21.23080825805664,22.959999084472656,28.809999465942383,55.70000076293945,123.04000091552734
2018-10-11,242.6878204345703,161.64837646484375,139.77952575683594,93.22747802734375,115.77999877929688,57.1082763671875,21.113740921020508,24.979999542236328,29.290000915527344,56.06999969482422,119.5999984741211
2018-10-12,246.0583953857422,166.1470947265625,139.80679321289062,92.9028549194336,115.2300033569336,57.41167449951172,21.18063735961914,21.309999465942383,27.729999542236328,54.369998931884766,120.95999908447266
2018-10-15,244.67623901367188,164.13600158691406,140.32562255859375,92.86226654052734,116.0,57.371212005615234,21.130464553833008,21.299999237060547,28.59000015258789,51.25,121.04000091552734
2018-10-16,250.0262908935547,168.91110229492188,144.39427185058594,93.07327270507812,115.80000305175781,57.56675720214844,21.13882827758789,17.6200008392334,28.59000015258789,50.18000030517578,121.5199966430664
2018-10-17,250.0708770751953,168.97779846191406,143.77536010742188,92.52141571044922,115.79000091552734,57.4521484375,21.24753189086914,17.399999618530273,28.1299991607666,48.9900016784668,118.55999755859375
2018-10-18,246.45956420898438,165.06051635742188,141.08114624023438,92.48892974853516,115.91999816894531,57.20942306518555,21.33951187133789,20.059999465942383,28.530000686645508,52.63999938964844,116.4800033569336
2018-10-19,246.32579040527344,164.9080047607422,139.58840942382812,92.28602600097656,116.01000213623047,57.243133544921875,21.29770278930664,19.889999389648438,27.420000076293945,52.040000915527344,117.76000213623047
2018-10-22,245.22021484375,165.75634765625,139.2880096435547,92.16431427001953,115.70999908447266,57.27008819580078,21.372961044311523,19.639999389648438,27.760000228881836,51.849998474121094,117.91999816894531
2018-10-23,243.97178649902344,165.14630126953125,138.041015625,92.45648956298828,116.38999938964844,57.21617889404297,21.33951187133789,20.709999084472656,29.3799991607666,55.0099983215332,112.31999969482422
2018-10-24,236.57981872558594,157.588134765625,132.8438262939453,93.15443420410156,116.66000366210938,56.9329719543457,21.448217391967773,25.229999542236328,29.799999237060547,57.689998626708984,112.4000015258789
2018-10-25,240.8241729736328,163.03993225097656,135.72003173828125,92.7648696899414,116.4000015258789,57.047584533691406,21.506750106811523,24.219999313354492,28.5,56.70000076293945,113.68000030517578
2018-10-26,236.58871459960938,158.84619140625,134.23641967773438,93.32488250732422,116.7699966430664,56.791404724121094,21.448217391967773,24.15999984741211,29.09000015258789,62.70000076293945,114.63999938964844
2018-10-29,235.27798461914062,155.57701110839844,133.49916076660156,93.11389923095703,116.30999755859375,56.737430572509766,21.506750106811523,24.700000762939453,29.459999084472656,59.77000045776367,112.87999725341797
2018-10-30,238.76443481445312,158.14089965820312,136.28433227539062,92.6512680053711,115.80000305175781,56.87228012084961,21.598731994628906,23.350000381469727,29.899999618530273,61.790000915527344,112.23999786376953
2018-10-31,241.3146209716797,161.85804748535156,136.5574188232422,92.1805648803711,115.1500015258789,56.87228012084961,21.590370178222656,21.229999542236328,30.1200008392334,60.130001068115234,110.31999969482422
2018-11-01,243.88267517089844,163.99301147460938,139.70669555664062,92.26595306396484,116.62999725341797,57.1331787109375,21.448217391967773,19.34000015258789,31.540000915527344,58.540000915527344,107.68000030517578
2018-11-02,242.43812561035156,161.4386749267578,140.17086791992188,91.11882781982422,116.6500015258789,57.09931564331055,21.498390197753906,19.510000228881836,32.209999084472656,61.41999816894531,106.4800033569336
2018-11-05,243.77566528320312,161.0384063720703,140.0616912841797,91.47679138183594,116.37000274658203,57.146724700927734,21.490026473999023,19.959999084472656,32.68000030517578,59.900001525878906,106.4000015258789
2018-11-06,245.31825256347656,162.25839233398438,140.75344848632812,91.41986846923828,116.04000091552734,57.29580307006836,21.439855575561523,19.90999984741211,34.150001525878906,59.0099983215332,105.44000244140625
2018-11-07,250.5701904296875,167.3479766845703,143.27468872070312,91.54191589355469,116.02999877929688,57.62779998779297,21.39804458618164,16.360000610351562,33.04999923706055,,104.4800033569336
2018-11-08,250.11549377441406,166.28048706054688,142.8923797607422,91.53376770019531,115.77999877929688,57.48549270629883,21.523473739624023,16.719999313354492,32.22999954223633,51.58000183105469,102.72000122070312
2018-11-09,247.6723175048828,163.4783172607422,140.24374389648438,92.21712493896484,114.4800033569336,57.16028594970703,21.565282821655273,17.360000610351562,35.099998474121094,53.540000915527344,101.5999984741211
2018-11-12,243.04454040527344,158.5316619873047,137.46763610839844,92.81914520263672,113.66000366210938,56.80794143676758,21.75760841369629,20.450000762939453,40.13999938964844,,99.83999633789062
2018-11-13,242.58973693847656,158.66513061523438,137.03074645996094,92.76221466064453,113.69999694824219,56.71308135986328,21.682350158691406,20.020000457763672,55.709999084472656,52.22999954223633,93.5199966430664
2018-11-14,240.93124389648438,157.4546661376953,136.02952575683594,92.81914520263672,114.63999938964844,56.604671478271484,21.607093811035156,21.25,47.06999969482422,53.900001525878906,95.5999984741211
2018-11-15,243.44573974609375,160.20916748046875,137.96823120117188,92.77850341796875,114.7699966430664,56.59111404418945,21.657264709472656,19.979999542236328,43.869998931884766,56.220001220703125,95.83999633789062
2018-11-16,244.0787811279297,159.64682006835938,138.29588317871094,93.31546783447266,115.62000274658203,56.42169952392578,21.498390197753906,18.139999389648438,40.560001373291016,60.43000030517578,96.55999755859375
2018-11-19,239.95040893554688,154.46182250976562,135.4924774169922,93.57579803466797,115.66999816894531,56.24551773071289,21.481664657592773,20.100000381469727,43.45000076293945,59.470001220703125,97.12000274658203
2018-11-20,235.50978088378906,151.69784545898438,132.88021850585938,93.60833740234375,115.66999816894531,56.0693473815918,21.590370178222656,22.479999542236328,56.560001373291016,59.4900016784668,90.16000366210938
2018-11-21,236.3123016357422,152.85105895996094,134.73704528808594,93.57579803466797,115.86000061035156,56.35393524169922,21.590370178222656,20.799999237060547,51.790000915527344,57.650001525878906,92.16000366210938
2018-11-23,234.73406982421875,151.74549865722656,134.60955810546875,93.67340850830078,115.7699966430664,56.04228210449219,21.632177352905273,21.520000457763672,65.16999816894531,57.310001373291016,86.63999938964844
2018-11-26,238.52369689941406,155.25294494628906,136.35719299316406,93.4618911743164,115.63999938964844,56.30656051635742,21.673988342285156,18.899999618530273,57.869998931884766,51.529998779296875,87.5199966430664
2018-11-27,239.326171875,155.77713012695312,135.22854614257812,93.56766510009766,114.94999694824219,56.27941131591797,21.732521057128906,19.020000457763672,54.63999938964844,51.2400016784668,87.5999984741211
2018-11-28,244.8367462158203,160.7905731201172,138.56900024414062,93.112060546875,115.37999725341797,56.7469367980957,21.623815536499023,18.489999771118164,53.9900016784668,50.7599983215332,85.27999877929688
2018-11-29,244.30181884765625,160.266357421875,138.19581604003906,93.47816467285156,115.73999786376953,56.7604866027832,21.590370178222656,18.790000915527344,53.959999084472656,50.91999816894531,86.95999908447266
2018-11-30,245.79092407226562,161.42913818359375,138.9148406982422,93.8280258178711,115.54000091552734,56.64527893066406,21.673988342285156,18.06999969482422,56.040000915527344,52.43000030517578,85.83999633789062
2018-12-03,249.0454864501953,164.2503662109375,140.24374389648438,94.49420928955078,116.41000366210938,57.0373420715332,21.682350158691406,16.440000534057617,49.61000061035156,50.310001373291016,90.16000366210938
2018-12-04,240.97581481933594,157.95030212402344,134.27281188964844,96.07621002197266,117.12000274658203,56.68345260620117,21.640541076660156,20.739999771118164,49.84000015258789,53.86000061035156,89.44000244140625
2018-12-06,240.6102294921875,159.06541442871094,133.98153686523438,96.3779067993164,117.13999938964844,56.48605728149414,21.632177352905273,21.190000534057617,50.130001068115234,,87.5199966430664
2018-12-07,235.0194091796875,153.81378173828125,131.08709716796875,96.55730438232422,118.08999633789062,56.377132415771484,21.57364273071289,23.229999542236328,41.83000183105469,60.7400016784668,88.87999725341797
2018-12-10,235.4652099609375,155.42453002929688,130.704833984375,96.95686340332031,117.68000030517578,56.41796875,21.71579933166504,22.639999389648438,45.060001373291016,60.2599983215332,86.0
2018-12-11,235.5187225341797,155.93917846679688,130.5683135986328,96.94056701660156,117.54000091552734,56.520076751708984,21.77433204650879,21.760000228881836,41.459999084472656,58.72999954223633,87.5999984741211
2018-12-12,236.70462036132812,157.31166076660156,131.81529235839844,96.50837707519531,117.79000091552734,56.70383834838867,21.690711975097656,21.459999084472656,39.900001525878906,58.22999954223633,86.55999755859375
2018-12-13,236.62445068359375,157.35935974121094,129.94937133789062,96.2800521850586,117.52999877929688,56.8399543762207,21.690711975097656,20.649999618530273,39.25,55.75,89.68000030517578
2018-12-14,232.25521850585938,153.52783203125,127.98334503173828,96.6143798828125,117.05999755859375,56.60174560546875,21.77433204650879,21.6299991607666,42.380001068115234,56.130001068115234,86.55999755859375
2018-12-17,227.69873046875,150.04896545410156,125.13309478759766,97.17709350585938,117.87000274658203,56.23422622680664,21.71579933166504,24.520000457763672,46.59000015258789,55.40999984741211,83.5999984741211
2018-12-18,227.44903564453125,150.99258422851562,124.97784423828125,97.7590103149414,118.1500015258789,56.13230514526367,21.707433700561523,25.579999923706055,53.349998474121094,59.400001525878906,78.31999969482422
2018-12-19,224.0428466796875,147.28489685058594,122.37509155273438,99.05049896240234,117.43000030517578,55.62623596191406,21.71579933166504,25.579999923706055,50.86000061035156,59.0099983215332,80.16000366210938
2018-12-20,220.39584350585938,145.14999389648438,120.35680389404297,98.69084930419922,119.23999786376953,55.14068603515625,21.548561096191406,28.3799991607666,52.88999938964844,58.7599983215332,77.76000213623047
2018-12-21,215.88011169433594,140.65126037597656,117.23348999023438,98.67447662353516,118.72000122070312,54.86714172363281,21.690711975097656,30.110000610351562,51.7599983215332,61.61000061035156,76.55999755859375
2018-12-24,210.1758575439453,137.16334533691406,114.95951080322266,99.1649398803711,120.0199966430664,54.456809997558594,21.5943603515625,36.06999969482422,56.72999954223633,66.04000091552734,74.31999969482422
2018-12-26,220.79498291015625,145.72769165039062,120.48464965820312,98.10230255126953,119.66000366210938,55.37322998046875,21.704235076904297,30.40999984741211,54.06999969482422,63.88999938964844,79.19999694824219
2018-12-27,222.49014282226562,146.29168701171875,120.98693084716797,98.11868286132812,120.56999969482422,55.33899688720703,21.611265182495117,29.959999084472656,57.15999984741211,68.33999633789062,76.95999908447266
2018-12-28,222.2030792236328,146.21517944335938,121.333984375,98.94424438476562,121.05999755859375,55.42109298706055,21.55210304260254,28.34000015258789,53.11000061035156,66.66000366210938,76.23999786376953
2018-12-31,224.14935302734375,147.44825744628906,122.2837905883789,99.32024383544922,121.25,55.46210861206055,21.509845733642578,25.420000076293945,51.869998931884766,66.58000183105469,77.27999877929688
2019-01-02,224.3825225830078,148.04086303710938,122.97782135009766,99.8433609008789,121.33000183105469,55.38685607910156,21.670427322387695,23.219999313354492,54.720001220703125,62.79999923706055,78.80000305175781
2019-01-03,219.02813720703125,143.20428466796875,120.7768783569336,100.97953033447266,122.43000030517578,55.414241790771484,21.55210304260254,25.450000762939453,53.56999969482422,65.79000091552734,79.5999984741211
2019-01-04,226.3646697998047,149.3312225341797,125.2883529663086,99.8106460571289,121.44000244140625,56.344276428222656,21.518293380737305,21.3799991607666,51.52000045776367,65.81999969482422,81.44000244140625
2019-01-07,228.14944458007812,151.10910034179688,127.4800796508789,99.5163803100586,121.86000061035156,56.891387939453125,21.42532730102539,21.399999618530273,50.41999816894531,60.880001068115234,82.31999969482422
2019-01-08,230.29302978515625,152.47592163085938,129.43446350097656,99.25485229492188,121.52999877929688,57.260711669921875,21.49294090270996,20.469999313354492,46.08000183105469,59.04999923706055,84.0
2019-01-09,231.36927795410156,153.7185516357422,130.5029296875,99.09952545166016,122.30999755859375,57.3291130065918,21.290096282958984,19.979999542236328,44.36000061035156,57.02000045776367,88.4000015258789
2019-01-10,232.18545532226562,154.15823364257812,131.1788330078125,98.46199035644531,121.58999633789062,57.55473327636719,21.416873931884766,19.5,42.9900016784668,56.650001525878906,88.80000305175781
2019-01-11,232.27511596679688,153.5942840576172,131.21531677246094,98.8461685180664,121.80000305175781,57.3701057434082,21.433778762817383,18.190000534057617,40.9900016784668,55.939998626708984,87.19999694824219
2019-01-14,230.85800170898438,152.23703002929688,129.9093475341797,98.47832489013672,122.08999633789062,57.1854362487793,21.433778762817383,19.06999969482422,40.810001373291016,55.34000015258789,85.5199966430664
2019-01-15,233.50389099121094,155.2096710205078,131.0052490234375,98.11868286132812,121.87999725341797,57.376953125,21.509845733642578,18.600000381469727,39.75,53.0099983215332,88.0
2019-01-16,234.0688934326172,155.1809844970703,131.982421875,98.21675109863281,122.2699966430664,57.465858459472656,21.535198211669922,19.040000915527344,38.77000045776367,51.95000076293945,88.4800033569336
2019-01-17,235.84469604492188,156.40443420410156,133.17880249023438,98.24128723144531,122.11000061035156,57.62316131591797,21.535198211669922,18.059999465942383,37.029998779296875,53.439998626708984,88.23999786376953
2019-01-18,238.98377990722656,157.95297241210938,134.5486602783203,97.72635650634766,121.0199966430664,57.78725814819336,21.602813720703125,17.799999237060547,35.630001068115234,53.779998779296875,90.4800033569336
2019-01-22,235.7550048828125,154.7891082763672,132.42076110839844,98.38842010498047,121.44999694824219,57.40430450439453,21.602813720703125,20.799999237060547,38.2599983215332,54.63999938964844,88.95999908447266
2019-01-23,236.24832153320312,154.98980712890625,132.0554962158203,98.3475341796875,121.27999877929688,57.52054977416992,21.55210304260254,19.520000457763672,37.689998626708984,54.189998626708984,88.4000015258789
2019-01-24,236.37391662597656,155.99346923828125,132.8500213623047,98.99330139160156,121.08999633789062,57.58210372924805,21.678878784179688,18.889999389648438,36.75,54.18000030517578,89.36000061035156
2019-01-25,238.37396240234375,157.85739135742188,134.55775451660156,98.51915740966797,122.86000061035156,57.72575378417969,21.50139045715332,17.420000076293945,35.209999084472656,52.5,90.0
2019-01-28,236.56227111816406,155.90745544433594,133.83631896972656,98.42108154296875,123.29000091552734,57.63683319091797,21.518293380737305,18.8700008392334,37.61000061035156,50.95000076293945,87.5999984741211
2019-01-29,236.24832153320312,154.43540954589844,133.5166778564453,98.91969299316406,123.9800033569336,57.60261535644531,21.52674674987793,19.1299991607666,37.130001068115234,49.79999923706055,89.27999877929688
2019-01-30,239.98837280273438,158.3639373779297,134.97789001464844,98.8461685180664,124.69000244140625,58.06083679199219,21.416873931884766,17.65999984741211,35.59000015258789,48.31999969482422,91.19999694824219
2019-01-31,242.09597778320312,160.73443603515625,136.12855529785156,99.69622802734375,124.75,58.20444869995117,21.45913314819336,16.56999969482422,34.970001220703125,49.810001373291016,90.80000305175781
2019-02-01,242.2125701904297,160.05577087402344,136.23817443847656,99.0940933227539,124.5,58.17627716064453,21.45913314819336,16.139999389648438,33.400001525878906,48.790000915527344,93.04000091552734
2019-02-04,243.9166259765625,162.0439453125,137.86375427246094,98.65168762207031,123.95999908447266,58.31367492675781,21.518293380737305,15.729999542236328,33.70000076293945,48.869998931884766,92.0
2019-02-05,244.93910217285156,163.4776611328125,138.0098419189453,99.10231018066406,124.27999877929688,58.51975631713867,21.57745933532715,15.569999694824219,34.56999969482422,48.619998931884766,90.31999969482422
2019-02-06,244.61622619628906,162.99020385742188,137.8363494873047,99.15144348144531,123.44000244140625,58.4648323059082,21.661975860595703,15.380000114440918,33.02000045776367,47.439998626708984,90.55999755859375
2019-02-07,242.28439331054688,160.80133056640625,136.70396423339844,99.80683898925781,123.73999786376953,58.26557540893555,21.712688446044922,16.3700008392334,34.34000015258789,48.970001220703125,88.55999755859375
2019-02-08,242.58029174804688,161.11679077148438,136.85000610351562,100.23280334472656,124.20999908447266,58.25184631347656,21.738040924072266,15.720000267028809,32.560001373291016,49.630001068115234,88.63999938964844
2019-02-11,242.71484375,160.96383666992188,137.99159240722656,99.8396224975586,123.5999984741211,58.27931213378906,21.822559356689453,15.970000267028809,33.34000015258789,48.31999969482422,88.08000183105469
2019-02-12,245.83602905273438,163.3439178466797,139.7176055908203,99.58563995361328,123.86000061035156,58.560997009277344,21.746496200561523,15.430000305175781,32.689998626708984,49.02000045776367,89.27999877929688
2019-02-13,246.63424682617188,163.45860290527344,140.1103515625,99.20877075195312,123.37000274658203,58.478546142578125,21.86482048034668,15.649999618530273,32.2599983215332,48.16999816894531,90.72000122070312
2019-02-14,246.08714294433594,163.65928649902344,140.42996215820312,99.77406311035156,124.05999755859375,58.48541259765625,21.839466094970703,16.219999313354492,32.099998474121094,47.189998626708984,91.83999633789062
2019-02-15,248.76881408691406,164.34751892089844,142.66746520996094,99.92973327636719,124.80000305175781,58.67095947265625,21.797204971313477,14.90999984741211,29.459999084472656,45.72999954223633,93.68000030517578
2019-02-19,249.19931030273438,164.67251586914062,143.0601348876953,100.18367004394531,126.69999694824219,58.6915397644043,21.712688446044922,14.880000114440918,31.0,45.060001373291016,94.23999786376953
2019-02-20,249.70156860351562,164.643798828125,143.73594665527344,99.8969497680664,126.4800033569336,58.73963165283203,21.729591369628906,14.020000457763672,30.760000228881836,44.540000915527344,95.44000244140625
2019-02-21,248.81369018554688,164.04165649414062,143.1879425048828,99.00399017333984,125.05000305175781,58.68467712402344,21.746496200561523,14.460000038146973,30.15999984741211,46.54999923706055,95.04000091552734
2019-02-22,250.35635375976562,165.25558471679688,144.4300079345703,99.59381866455078,125.5,58.80142593383789,21.738040924072266,13.510000228881836,29.850000381469727,47.220001220703125,95.5999984741211
2019-02-25,250.69717407226562,165.8577423095703,144.4665069580078,99.29888916015625,125.37000274658203,58.849552154541016,21.721141815185547,14.850000381469727,32.689998626708984,46.15999984741211,92.55999755859375
2019-02-26,250.51771545410156,166.02980041503906,143.47108459472656,99.79044342041016,125.58000183105469,58.92511749267578,21.636619567871094,15.170000076293945,31.56999969482422,46.279998779296875,93.04000091552734
2019-02-27,250.4102020263672,165.92469787597656,143.6720428466797,98.65988159179688,124.69000244140625,58.94575500488281,21.65352439880371,14.699999809265137,31.010000228881836,,95.12000274658203
2019-02-28,249.9437255859375,165.54232788085938,143.1788330078125,98.32401275634766,123.98999786376953,58.91135787963867,21.670427322387695,14.779999732971191,30.270000457763672,47.220001220703125,95.5999984741211
2019-03-01,251.50437927246094,166.68934631347656,144.51220703125,97.41519927978516,121.87999725341797,59.0783805847168,21.754945755004883,13.569999694824219,30.309999465942383,47.900001525878906,93.27999877929688
2019-03-04,250.58950805664062,166.718017578125,143.20623779296875,98.17870330810547,121.55999755859375,58.988685607910156,21.780303955078125,14.630000114440918,30.200000762939453,46.7400016784668,94.4000015258789
2019-03-05,250.24867248535156,166.84230041503906,142.53953552246094,98.38394927978516,121.72000122070312,58.96104049682617,21.839466094970703,14.739999771118164,29.790000915527344,45.86000061035156,94.55999755859375
2019-03-06,248.73294067382812,165.89599609375,139.74505615234375,98.74518585205078,121.61000061035156,58.864444732666016,21.839466094970703,15.739999771118164,29.690000534057617,45.630001068115234,94.0
2019-03-07,246.65220642089844,163.86004638671875,138.52133178710938,99.38551330566406,121.51000213623047,58.82304000854492,22.033855438232422,16.59000015258789,30.43000030517578,45.83000183105469,94.4800033569336
2019-03-08,246.15882873535156,163.6114959716797,138.4847412109375,99.80419921875,122.83999633789062,58.72643280029297,21.96624183654785,16.049999237060547,29.770000457763672,45.83000183105469,93.83999633789062
2019-03-11,249.72854614257812,167.0143280029297,140.9048614501953,99.50867462158203,122.23999786376953,58.919647216796875,21.915529251098633,14.329999923706055,29.18000030517578,44.84000015258789,94.87999725341797
2019-03-12,250.67018127441406,167.93190002441406,140.9779052734375,100.20647430419922,122.9800033569336,59.0231819152832,21.87327003479004,13.770000457763672,28.559999465942383,44.86000061035156,95.12000274658203
2019-03-13,252.32940673828125,169.1936492919922,141.53500366210938,100.01768493652344,123.83999633789062,59.18186950683594,21.771848678588867,13.40999984741211,28.1299991607666,44.56999969482422,97.5199966430664
2019-03-14,252.1680145263672,168.90692138671875,140.95970153808594,99.29521179199219,122.41000366210938,59.140464782714844,21.839466094970703,13.5,27.219999313354492,45.2400016784668,97.76000213623047
2019-03-15,253.41378784179688,170.47447204589844,141.33409118652344,99.95198059082031,122.97000122070312,59.1956787109375,21.80565643310547,12.880000114440918,26.270000457763672,46.04999923706055,97.5999984741211
2019-03-18,254.33262634277344,170.8804473876953,142.23822021484375,99.8945083618164,123.04000091552734,59.17498779296875,21.780303955078125,13.100000381469727,26.479999542236328,44.95000076293945,98.4800033569336
2019-03-19,254.3957061767578,171.4550323486328,141.5167694091797,99.67284393310547,123.37999725341797,59.20951461791992,21.754945755004883,13.5600004196167,28.440000534057617,43.68000030517578,98.23999786376953
2019-03-20,253.63006591796875,172.13485717773438,140.3373260498047,100.71544647216797,124.18000030517578,59.4648323059082,21.628170013427734,13.90999984741211,27.209999084472656,42.529998779296875,100.0
2019-03-21,256.49462890625,174.82568359375,142.17788696289062,100.93712615966797,123.68000030517578,59.45101547241211,21.763399124145508,13.630000114440918,27.139999389648438,44.5099983215332,99.5199966430664
2019-03-22,251.55812072753906,170.98583984375,137.00425720214844,102.50517272949219,123.97000122070312,59.23710632324219,21.80565643310547,16.479999542236328,27.780000686645508,52.2599983215332,97.83999633789062
2019-03-25,251.36900329589844,170.66026306152344,137.60858154296875,102.66934967041016,124.91999816894531,59.21640396118164,21.80565643310547,16.329999923706055,29.31999969482422,57.11000061035156,98.0
2019-03-26,253.2427215576172,171.4550323486328,139.05543518066406,102.5954818725586,124.30000305175781,59.361289978027344,21.87327003479004,14.680000305175781,27.920000076293945,56.5099983215332,99.76000213623047
2019-03-27,251.91845703125,170.35379028320312,138.5151824951172,103.5395736694336,123.6500015258789,59.402706146240234,21.89862823486328,15.149999618530273,28.110000610351562,60.970001220703125,98.72000122070312
2019-03-28,252.87332153320312,170.74647521972656,139.7512969970703,103.90081787109375,121.9000015258789,59.520042419433594,21.97469139099121,14.430000305175781,28.520000457763672,59.93000030517578,98.80000305175781
2019-03-29,254.4678955078125,172.0391387939453,140.18167114257812,103.80229187011719,122.01000213623047,59.6718635559082,22.000049591064453,13.710000038146973,26.75,58.54999923706055,100.0
2019-04-01,257.4856872558594,174.31822204589844,141.7108917236328,102.32788848876953,121.52999877929688,59.657283782958984,21.983144760131836,13.399999618530273,26.229999542236328,52.689998626708984,102.55999755859375
2019-04-02,257.6116943359375,174.9789581298828,141.34458923339844,102.51712036132812,121.9800033569336,59.68499755859375,22.008499145507812,13.359999656677246,26.280000686645508,54.209999084472656,104.08000183105469
2019-04-03,258.0171203613281,175.98439025878906,142.07713317871094,101.62857055664062,121.80000305175781,59.7057991027832,21.97469139099121,13.739999771118164,25.56999969482422,53.84000015258789,103.91999816894531
2019-04-04,258.7017822265625,175.91737365722656,142.7730255126953,101.91649627685547,122.11000061035156,59.7959098815918,22.000049591064453,13.579999923706055,25.219999313354492,51.70000076293945,103.36000061035156
2019-04-05,259.9539489746094,176.82708740234375,144.10995483398438,102.04815673828125,121.9800033569336,59.906837463378906,22.02540397644043,12.819999694824219,24.0,49.220001220703125,105.19999694824219
2019-04-08,260.1521301269531,177.2771453857422,143.87185668945312,101.68612670898438,122.51000213623047,59.87217330932617,21.949337005615234,13.180000305175781,24.329999923706055,47.88999938964844,107.19999694824219
2019-04-09,258.81890869140625,176.6546630859375,142.11375427246094,102.00700378417969,123.1500015258789,59.83058166503906,21.957788467407227,14.279999732971191,24.65999984741211,48.83000183105469,106.63999938964844
2019-04-10,259.70166015625,177.60269165039062,144.04580688476562,102.25386810302734,123.52999877929688,60.09394454956055,21.923982620239258,13.300000190734863,24.68000030517578,48.599998474121094,107.27999877929688
2019-04-11,259.6295471191406,177.1813507080078,143.8626708984375,101.65321350097656,121.94999694824219,60.18408203125,21.991596221923828,13.020000457763672,25.700000762939453,46.900001525878906,106.16000366210938
2019-04-12,261.38629150390625,177.94741821289062,144.38462829589844,100.92918395996094,121.83000183105469,60.274166107177734,21.94088363647461,12.010000228881836,25.700000762939453,48.84000015258789,106.4000015258789
2019-04-15,261.215087890625,177.9761505126953,143.9176483154297,101.18421936035156,121.5999984741211,60.23260498046875,21.932435989379883,12.319999694824219,25.510000228881836,47.63999938964844,105.91999816894531
2019-04-16,261.38629150390625,178.58900451660156,144.25645446777344,100.55070495605469,120.51000213623047,60.19791030883789,21.983144760131836,12.180000305175781,25.56999969482422,48.310001373291016,106.95999908447266
2019-04-17,260.7466735839844,179.21144104003906,142.9378662109375,100.59186553955078,120.27999877929688,60.05239486694336,21.96624183654785,12.600000381469727,25.190000534057617,48.650001525878906,106.23999786376953
2019-04-18,261.2601623535156,179.44126892089844,142.51666259765625,101.11837005615234,120.37000274658203,60.08011245727539,22.08456802368164,12.09000015258789,24.450000762939453,49.22999954223633,106.55999755859375
2019-04-22,261.4852600097656,179.94874572753906,142.14122009277344,100.63298034667969,120.37000274658203,59.976104736328125,22.033855438232422,12.420000076293945,26.06999969482422,48.779998779296875,109.36000061035156
2019-04-23,263.83648681640625,182.23741149902344,144.28390502929688,100.84690856933594,120.12000274658203,60.18408203125,22.109922409057617,12.279999732971191,26.559999465942383,49.790000915527344,110.31999969482422
2019-04-24,263.2509460449219,181.662841796875,144.7325897216797,101.6696548461914,120.47000122070312,60.100868225097656,22.219797134399414,13.140000343322754,25.280000686645508,50.52000045776367,109.44000244140625
2019-04-25,263.0888366699219,182.4002227783203,143.53306579589844,101.52156829833984,120.56999969482422,60.12860870361328,22.262054443359375,13.25,25.56999969482422,49.790000915527344,108.23999786376953
2019-04-26,264.31402587890625,182.56297302246094,144.92494201660156,101.86714172363281,121.37000274658203,60.2811279296875,22.236698150634766,12.729999542236328,31.239999771118164,49.43000030517578,104.72000122070312
2019-04-29,264.7283630371094,182.91726684570312,145.62081909179688,101.21712493896484,120.83000183105469,60.253414154052734,22.185989379882812,13.109999656677246,29.040000915527344,48.04999923706055,105.83999633789062
2019-04-30,264.8634338378906,181.5000457763672,144.94322204589844,101.73546600341797,121.19999694824219,60.260318756103516,22.118375778198242,13.119999885559082,29.309999465942383,49.470001220703125,106.31999969482422
2019-05-01,262.8726501464844,180.91595458984375,143.56961059570312,102.15515899658203,120.4000015258789,60.06264877319336,22.14373016357422,14.800000190734863,29.40999984741211,46.75,105.76000213623047
2019-05-02,262.3050537109375,180.13070678710938,144.2381134033203,101.66871643066406,119.94000244140625,60.1043815612793,22.194440841674805,14.420000076293945,30.489999771118164,46.720001220703125,102.55999755859375
2019-05-03,264.87249755859375,183.00341796875,146.9943389892578,101.95729064941406,120.6500015258789,60.25754165649414,22.109922409057617,12.869999885559082,29.8799991607666,45.779998779296875,102.95999908447266
2019-05-06,263.78253173828125,181.88307189941406,147.15916442871094,102.23760223388672,120.80999755859375,60.285377502441406,22.1268253326416,15.4399995803833,30.90999984741211,47.81999969482422,104.55999755859375
2019-05-07,259.3774108886719,178.3400421142578,144.24732971191406,103.0208740234375,121.20999908447266,59.92341232299805,22.14373016357422,19.31999969482422,34.06999969482422,52.36000061035156,101.83999633789062
2019-05-08,259.0170593261719,177.88998413085938,143.54220581054688,102.57565307617188,120.91000366210938,59.944313049316406,22.152179718017578,19.399999618530273,32.22999954223633,51.310001373291016,103.12000274658203
2019-05-09,258.23333740234375,176.93240356445312,143.02029418945312,102.99614715576172,121.19999694824219,59.85380554199219,22.109922409057617,19.100000381469727,32.47999954223633,54.720001220703125,102.4800033569336
2019-05-10,259.5305480957031,177.1526336669922,143.4140167236328,102.85596466064453,121.43000030517578,60.020877838134766,22.101470947265625,16.040000915527344,32.79999923706055,53.4900016784668,102.72000122070312
2019-05-13,253.00848388671875,171.00497436523438,138.8448028564453,103.66400909423828,122.66999816894531,59.47098922729492,22.101470947265625,20.549999237060547,34.599998474121094,57.88999938964844,101.44000244140625
2019-05-14,255.29656982421875,172.88182067871094,140.59375,103.3589096069336,122.45999908447266,59.603240966796875,22.152179718017578,18.059999465942383,32.130001068115234,55.349998474121094,102.95999908447266
2019-05-15,256.7920227050781,175.32366943359375,141.05154418945312,103.99378967285156,122.38999938964844,59.658897399902344,22.160633087158203,16.440000534057617,29.260000228881836,57.400001525878906,103.76000213623047
2019-05-16,259.170166015625,177.0856170654297,141.9306182861328,103.64751434326172,121.51000213623047,59.83989334106445,22.219797134399414,15.289999961853027,29.420000076293945,56.97999954223633,105.12000274658203
2019-05-17,257.49468994140625,175.27578735351562,139.9527130126953,103.87834167480469,120.6500015258789,59.81898880004883,22.270505905151367,15.960000038146973,29.440000534057617,56.970001220703125,104.63999938964844
2019-05-20,255.79205322265625,172.31683349609375,138.98211669921875,103.66400909423828,120.63999938964844,59.76333999633789,22.253604888916016,16.309999465942383,27.6299991607666,56.54999923706055,105.19999694824219
2019-05-21,258.0982666015625,174.11712646484375,140.8501434326172,103.49906921386719,120.36000061035156,59.951271057128906,22.287410736083984,14.949999809265137,26.93000030517578,55.349998474121094,105.04000091552734
2019-05-22,257.30548095703125,173.34146118164062,139.6688690185547,104.09274291992188,120.23999786376953,60.00000762939453,22.30431365966797,14.75,28.190000534057617,54.959999084472656,101.91999816894531
2019-05-23,254.1616668701172,170.68894958496094,136.7936248779297,105.26351928710938,121.16999816894531,59.70070266723633,22.262054443359375,16.920000076293945,33.790000915527344,61.06999969482422,96.72000122070312
2019-05-24,254.73806762695312,170.60279846191406,138.07557678222656,105.35420227050781,121.30000305175781,59.617183685302734,22.185989379882812,15.850000381469727,33.189998626708984,60.540000915527344,97.83999633789062
2019-05-28,252.36888122558594,169.96119689941406,136.9767608642578,106.11275482177734,120.83000183105469,59.561466217041016,22.278959274291992,17.5,34.36000061035156,61.77000045776367,97.83999633789062
2019-05-29,250.67535400390625,168.56309509277344,135.83221435546875,106.43431854248047,120.87000274658203,59.40138244628906,22.329666137695312,17.899999618530273,36.43000030517578,63.15999984741211,97.91999816894531
2019-05-30,251.3599853515625,169.27174377441406,135.4567413330078,107.34947204589844,121.69000244140625,59.526676177978516,22.33812141418457,17.299999237060547,39.619998931884766,61.7400016784668,94.08000183105469
2019-05-31,247.97280883789062,166.5713653564453,133.561279296875,108.69342041015625,123.33000183105469,59.095123291015625,22.245149612426758,18.709999084472656,46.90999984741211,72.68000030517578,88.80000305175781
2019-06-03,247.34228515625,162.90382385253906,134.0282745361328,109.42047119140625,125.11000061035156,59.190208435058594,22.1268253326416,18.860000610351562,46.779998779296875,73.55999755859375,87.91999816894531
2019-06-04,252.7113037109375,167.4906463623047,137.49876403808594,108.17291259765625,125.1500015258789,59.78458786010742,22.101470947265625,16.969999313354492,43.459999084472656,75.26000213623047,89.27999877929688
2019-06-05,254.9002227783203,168.7355194091797,137.52618408203125,107.56156158447266,125.47000122070312,59.924407958984375,22.177536010742188,16.09000015258789,45.189998626708984,77.63999938964844,86.16000366210938
2019-06-06,256.55780029296875,170.07608032226562,137.16905212402344,107.90853881835938,125.87999725341797,60.05025100708008,22.101470947265625,15.930000305175781,40.65999984741211,73.41999816894531,88.4800033569336
2019-06-07,259.1251525878906,173.36062622070312,138.13970947265625,108.84213256835938,126.58999633789062,60.20411682128906,22.008499145507812,16.299999237060547,38.75,68.69000244140625,89.83999633789062
2019-06-10,260.31427001953125,175.38111877441406,138.9546661376953,107.81768035888672,125.33000183105469,60.295013427734375,22.033855438232422,15.9399995803833,39.119998931884766,65.62000274658203,88.87999725341797
2019-06-11,260.2512512207031,175.6204833984375,138.54258728027344,107.88377380371094,125.18000030517578,60.378902435302734,22.042308807373047,15.989999771118164,38.689998626708984,64.93000030517578,88.87999725341797
2019-06-12,259.79180908203125,174.60546875,138.69825744628906,107.96637725830078,125.83000183105469,60.239070892333984,22.101470947265625,15.90999984741211,43.060001373291016,68.43000030517578,85.12000274658203
2019-06-13,260.86370849609375,175.63963317871094,140.16334533691406,108.3381576538086,126.5999984741211,60.378902435302734,22.118375778198242,15.819999694824219,41.560001373291016,75.73999786376953,87.04000091552734
2019-06-14,260.57550048828125,174.89273071289062,138.93630981445312,108.61074829101562,126.55999755859375,60.33697509765625,22.236698150634766,15.279999732971191,42.88999938964844,80.81999969482422,87.5199966430664
2019-06-17,260.6746826171875,175.94607543945312,139.8947296142578,108.80081939697266,126.4800033569336,60.24606704711914,22.245149612426758,15.350000381469727,46.150001525878906,76.87999725341797,86.4800033569336
2019-06-18,263.4040222167969,178.50279235839844,141.521240234375,109.34613800048828,127.12000274658203,60.665592193603516,22.278959274291992,15.149999618530273,43.43000030517578,76.73999786376953,90.0
2019-06-19,263.99859619140625,179.17312622070312,142.02662658691406,109.50304412841797,127.88999938964844,60.952274322509766,22.177536010742188,14.329999923706055,40.790000915527344,71.37000274658203,90.63999938964844
2019-06-20,266.52099609375,180.83934020996094,142.69744873046875,109.79227447509766,131.11000061035156,61.25995635986328,22.042308807373047,14.75,41.65999984741211,72.37000274658203,94.80000305175781
2019-06-21,266.1335754394531,180.57122802734375,141.46603393554688,108.58598327636719,131.97999572753906,61.06414031982422,21.932435989379883,15.399999618530273,42.130001068115234,74.62999725341797,95.76000213623047
2019-06-24,265.8076171875,180.57699584960938,139.74771118164062,109.39569854736328,133.94000244140625,61.05717086791992,21.89862823486328,15.260000228881836,41.0,73.76000213623047,96.08000183105469
2019-06-25,263.2006530761719,177.4770965576172,138.89315795898438,109.7343978881836,134.1999969482422,60.798439025878906,21.949337005615234,16.280000686645508,40.2599983215332,74.22000122070312,96.0
2019-06-26,262.938232421875,178.30245971679688,138.57151794433594,109.03213500976562,132.97000122070312,60.77045440673828,21.96624183654785,16.209999084472656,38.45000076293945,73.7300033569336,98.31999969482422
2019-06-27,263.8705139160156,178.98385620117188,141.17201232910156,109.80050659179688,132.83999633789062,60.938297271728516,21.96624183654785,15.819999694824219,37.84000015258789,69.91999816894531,98.31999969482422
2019-06-28,265.2283630371094,179.21420288085938,142.89039611816406,109.72611236572266,133.1999969482422,60.9592399597168,21.949337005615234,15.079999923706055,39.459999084472656,70.43000030517578,96.31999969482422
2019-07-01,267.6363220214844,181.63262939453125,143.44175720214844,109.46955871582031,130.6199951171875,60.9775390625,22.109922409057617,14.0600004196167,35.91999816894531,66.52999877929688,98.23999786376953
2019-07-02,268.3334045410156,182.35238647460938,142.5687713623047,110.31388092041016,133.41000366210938,61.1109733581543,22.093017578125,12.930000305175781,37.77000045776367,68.5999984741211,93.5999984741211
2019-07-03,270.4786376953125,183.7247772216797,143.5887908935547,111.10032653808594,133.6300048828125,61.34276580810547,22.093017578125,12.569999694824219,36.720001220703125,68.33000183105469,94.16000366210938
2019-07-05,270.17083740234375,183.3505096435547,143.97470092773438,109.62677764892578,132.13999938964844,61.0969352722168,22.21134376525879,13.279999732971191,34.70000076293945,65.27999877929688,95.5999984741211
2019-07-08,268.6862487792969,182.0644989013672,142.60557556152344,109.77579498291016,131.2899932861328,60.9775390625,22.253604888916016,13.960000038146973,34.0,63.220001220703125,95.44000244140625
2019-07-09,269.0211486816406,182.9762420654297,142.79852294921875,109.73442077636719,131.75,60.907291412353516,22.270505905151367,14.09000015258789,30.299999237060547,62.900001525878906,96.31999969482422
2019-07-10,270.30670166015625,184.79966735839844,143.04660034179688,109.13011932373047,133.8300018310547,61.07583999633789,22.177536010742188,13.029999732971191,30.760000228881836,62.38999938964844,100.23999786376953
2019-07-11,270.94024658203125,184.66531372070312,142.34828186035156,107.67316436767578,132.6999969482422,60.95647048950195,22.177536010742188,12.930000305175781,29.860000610351562,62.959999084472656,100.4000015258789
2019-07-12,272.1531982421875,185.7305145263672,143.45094299316406,107.79737854003906,133.52999877929688,61.0548210144043,22.13528060913086,12.390000343322754,30.389999389648438,62.779998779296875,100.16000366210938
2019-07-15,272.2438049316406,186.3256072998047,142.69744873046875,108.418212890625,133.52999877929688,61.0969352722168,22.169084548950195,12.680000305175781,30.829999923706055,61.900001525878906,98.4000015258789
2019-07-16,271.3657531738281,185.36585998535156,142.6515350341797,108.09539031982422,132.39999389648438,60.97050094604492,22.270505905151367,12.859999656677246,32.060001373291016,61.290000915527344,96.55999755859375
2019-07-17,269.51910400390625,184.45419311523438,141.6315155029297,109.2625961303711,134.5800018310547,60.89326095581055,22.228246688842773,13.970000267028809,34.939998626708984,62.290000915527344,94.0
2019-07-18,270.5057067871094,184.66531372070312,142.1644744873047,109.2708740234375,136.47999572753906,60.92136001586914,22.109922409057617,13.529999732971191,33.06999969482422,63.119998931884766,92.4800033569336
2019-07-19,269.00311279296875,183.3120880126953,141.34664916992188,109.01423645019531,134.47000122070312,60.81597900390625,22.219797134399414,14.449999809265137,34.84000015258789,63.86000061035156,93.36000061035156
2019-07-22,269.66400146484375,184.77084350585938,141.21800231933594,109.2211685180664,134.4499969482422,61.0196533203125,22.262054443359375,13.529999732971191,33.630001068115234,60.970001220703125,93.44000244140625
2019-07-23,271.592041015625,185.98007202148438,142.1552734375,108.62512969970703,133.69000244140625,61.125057220458984,22.363475799560547,12.609999656677246,32.25,61.22999954223633,94.4800033569336
2019-07-24,272.8683776855469,187.2852783203125,144.50770568847656,109.09700775146484,134.3699951171875,61.1742057800293,22.363475799560547,12.069999694824219,32.86000061035156,60.709999084472656,92.72000122070312
2019-07-25,271.5648498535156,185.5098419189453,142.7617645263672,108.57552337646484,133.4199981689453,61.08991622924805,22.405736923217773,12.739999771118164,31.950000762939453,60.9900016784668,92.80000305175781
2019-07-26,273.38433837890625,187.41964721679688,144.4525604248047,108.83212280273438,133.63999938964844,61.223350524902344,22.439544677734375,12.15999984741211,32.290000915527344,58.900001525878906,93.19999694824219
2019-07-29,272.88641357421875,186.776611328125,143.4876708984375,108.86522674560547,134.52999877929688,61.1320915222168,22.45644760131836,12.829999923706055,31.6299991607666,58.54999923706055,94.55999755859375
2019-07-30,272.2166442871094,185.97047424316406,145.0406494140625,109.13011932373047,134.97999572753906,61.160152435302734,22.45644760131836,13.9399995803833,30.06999969482422,57.84000015258789,96.63999938964844
2019-07-31,269.23846435546875,183.3984832763672,143.86444091796875,110.00763702392578,133.2100067138672,61.0548210144043,22.5916748046875,16.1200008392334,30.770000457763672,55.25,96.31999969482422
2019-08-01,266.8938903808594,182.48675537109375,141.778564453125,112.1924057006836,136.41000366210938,61.02446746826172,22.52406120300293,17.8700008392334,36.43000030517578,64.68000030517578,90.4800033569336
2019-08-02,264.88433837890625,179.79962158203125,140.2071990966797,113.22919464111328,135.88999938964844,60.932762145996094,22.473350524902344,17.610000610351562,35.560001373291016,66.11000061035156,91.83999633789062
2019-08-05,256.91845703125,173.44638061523438,135.99859619140625,115.18671417236328,137.7899932861328,60.29796600341797,22.363475799560547,24.59000015258789,37.040000915527344,77.23999786376953,90.95999908447266
2019-08-06,260.521240234375,175.87442016601562,137.24830627441406,116.10739135742188,138.91000366210938,60.685916900634766,22.388832092285156,20.170000076293945,36.43000030517578,73.91999816894531,89.12000274658203
2019-08-07,260.6751708984375,176.8245391845703,137.21156311035156,116.14888763427734,141.02000427246094,60.678863525390625,22.371929168701172,19.489999771118164,38.099998474121094,79.08000183105469,86.72000122070312
2019-08-08,265.78955078125,180.67291259765625,140.17044067382812,116.39771270751953,141.72999572753906,60.91865158081055,22.388832092285156,16.90999984741211,35.97999954223633,78.55000305175781,87.68000030517578
2019-08-09,263.9791564941406,178.97427368164062,138.40614318847656,116.16551208496094,141.25999450683594,60.834022521972656,22.363475799560547,17.969999313354492,35.13999938964844,78.97000122070312,90.23999786376953
2019-08-12,260.765625,176.92050170898438,136.6142120361328,118.5875015258789,142.6300048828125,60.62240982055664,22.346572875976562,21.09000015258789,34.43000030517578,81.58000183105469,90.87999725341797
2019-08-13,264.8209228515625,180.79769897460938,138.0845184326172,118.18107604980469,141.77999877929688,60.89045715332031,22.4479923248291,17.520000457763672,33.189998626708984,77.69999694824219,94.95999908447266
2019-08-14,256.9908752441406,175.3945770263672,134.22509765625,120.84359741210938,142.75,60.34736633300781,22.49870491027832,22.100000381469727,35.83000183105469,87.22000122070312,91.5199966430664
2019-08-15,257.6697998046875,175.1930694580078,133.69212341308594,122.18731689453125,143.6999969482422,60.52367401123047,22.515607833862305,21.18000030517578,36.20000076293945,90.62000274658203,90.80000305175781
2019-08-16,261.47174072265625,178.00498962402344,136.57752990722656,121.2085952758789,142.77999877929688,60.72824478149414,22.532512664794922,18.469999313354492,35.02000045776367,89.5199966430664,91.19999694824219
2019-08-19,264.6218566894531,180.8360595703125,137.9558868408203,119.47500610351562,141.11000061035156,60.9045524597168,22.583223342895508,16.8799991607666,32.9900016784668,86.48999786376953,93.27999877929688
2019-08-20,262.5941467285156,179.43495178222656,137.05531311035156,120.71092987060547,142.2100067138672,60.95394515991211,22.532512664794922,17.5,32.34000015258789,86.86000061035156,93.04000091552734
2019-08-21,264.7305603027344,181.028076171875,138.18560791015625,119.90637969970703,141.75999450683594,61.21490478515625,22.55786895751953,15.800000190734863,32.38999938964844,84.51000213623047,92.87999725341797
2019-08-22,264.6490173339844,180.442626953125,137.8639373779297,119.11006164550781,141.39999389648438,61.32774353027344,22.540964126586914,16.68000030517578,32.38999938964844,83.1500015258789,92.23999786376953
2019-08-23,257.8508605957031,174.73240661621094,133.636962890625,121.06761169433594,144.1699981689453,61.045623779296875,22.414188385009766,19.8700008392334,35.20000076293945,91.81999969482422,89.5199966430664
2019-08-26,260.7022705078125,177.37158203125,135.10726928710938,120.57817840576172,144.19000244140625,61.34891891479492,22.532512664794922,19.31999969482422,35.41999816894531,87.9800033569336,89.44000244140625
2019-08-27,259.6793212890625,176.9972686767578,133.1040496826172,122.4361801147461,145.57000732421875,61.32071304321289,22.515607833862305,20.309999465942383,33.72999954223633,88.66999816894531,91.36000061035156
2019-08-28,261.5080261230469,177.63067626953125,134.65699768066406,122.59378814697266,145.16000366210938,61.468814849853516,22.56631851196289,19.350000381469727,32.720001220703125,89.87000274658203,93.12000274658203
2019-08-29,264.8481750488281,180.34666442871094,137.01856994628906,122.12928009033203,144.1199951171875,61.53230667114258,22.6254825592041,17.8799991607666,31.81999969482422,86.94000244140625,94.23999786376953
2019-08-30,264.7305603027344,179.914794921875,136.77044677734375,122.16250610351562,143.75,61.47587203979492,22.71000099182129,18.979999542236328,32.15999984741211,86.88999938964844,91.68000030517578
2019-09-03,263.1826171875,178.1681365966797,134.76722717285156,122.32040405273438,145.75,61.29948425292969,22.760711669921875,19.65999984741211,35.72999954223633,85.2699966430664,89.76000213623047
2019-09-04,266.1697998046875,180.74012756347656,135.85154724121094,122.50311279296875,146.66000366210938,61.4269905090332,22.617029190063477,17.329999923706055,34.560001373291016,81.5999984741211,93.68000030517578
2019-09-05,269.5915222167969,184.05108642578125,138.3785858154297,120.28461456298828,143.13999938964844,61.667850494384766,22.6254825592041,16.270000457763672,33.5,79.91999816894531,93.5999984741211
2019-09-06,269.7996826171875,183.8687286376953,137.7445526123047,121.1404037475586,141.9199981689453,61.72451400756836,22.633934020996094,15.0,33.209999084472656,78.81999969482422,94.16000366210938
2019-09-09,269.935546875,183.48489379882812,139.591552734375,118.98832702636719,141.38999938964844,61.78828048706055,22.5916748046875,15.270000457763672,33.279998779296875,76.44000244140625,96.63999938964844
2019-09-10,269.8721618652344,182.95703125,141.37420654296875,116.90272521972656,140.17999267578125,61.823692321777344,22.617029190063477,15.199999809265137,33.54999923706055,76.77999877929688,95.83999633789062
2019-09-11,271.7912292480469,184.67489624023438,144.26873779296875,116.69499969482422,141.02999877929688,61.81660461425781,22.684642791748047,14.609999656677246,34.939998626708984,76.69999694824219,93.44000244140625
2019-09-12,272.7326354980469,185.44261169433594,144.3055419921875,115.93048858642578,141.32000732421875,61.85200500488281,22.617029190063477,14.220000267028809,35.58000183105469,77.56999969482422,91.76000213623047
2019-09-13,272.55157470703125,184.78045654296875,144.55360412597656,113.45433044433594,140.14999389648438,61.73868179321289,22.583223342895508,13.739999771118164,35.47999954223633,85.52999877929688,91.5199966430664
2019-09-16,271.709716796875,183.95509338378906,145.09573364257812,114.90023040771484,141.32000732421875,61.95823669433594,22.684642791748047,14.670000076293945,48.58000183105469,85.94999694824219,102.63999938964844
2019-09-17,272.39764404296875,184.8380126953125,144.7190399169922,115.52340698242188,141.60000610351562,61.99367141723633,22.583223342895508,14.4399995803833,44.88999938964844,84.76000213623047,98.31999969482422
2019-09-18,272.56060791015625,184.76126098632812,143.8276824951172,116.01364135742188,140.7100067138672,61.95823669433594,22.667741775512695,13.949999809265137,40.439998626708984,79.66000366210938,96.80000305175781
2019-09-19,272.54254150390625,185.06837463378906,143.12930297851562,116.36261749267578,141.27999877929688,61.88740539550781,22.617029190063477,14.050000190734863,41.150001525878906,78.13999938964844,97.5199966430664
2019-09-20,271.2547302246094,183.11056518554688,142.82606506347656,117.89986419677734,142.9499969482422,61.96533966064453,22.676191329956055,15.319999694824219,38.9900016784668,80.06999969482422,97.5999984741211
2019-09-23,271.1911926269531,183.19131469726562,142.71583557128906,117.87494659423828,143.75,61.93701171875,22.71000099182129,14.90999984741211,39.060001373291016,81.01000213623047,97.68000030517578
2019-09-24,269.063232421875,180.7584228515625,140.5616912841797,119.29586029052734,144.50999450683594,61.85200500488281,22.6254825592041,17.049999237060547,38.7400016784668,83.06999969482422,95.19999694824219
2019-09-25,270.65460205078125,182.78746032714844,142.10166931152344,117.55081939697266,141.8300018310547,61.78828048706055,22.802968978881836,15.960000038146973,38.369998931884766,80.22000122070312,94.4000015258789
2019-09-26,270.0908203125,182.11431884765625,140.51559448242188,118.30696105957031,141.7899932861328,61.745758056640625,22.86212921142578,16.06999969482422,37.52000045776367,79.87000274658203,94.4000015258789
2019-09-27,268.6357116699219,179.8544158935547,139.3905792236328,118.59783935546875,141.05999755859375,61.674922943115234,22.828325271606445,17.219999313354492,38.900001525878906,79.97000122070312,93.27999877929688
2019-09-30,269.88165283203125,181.56617736816406,139.5565643310547,118.88866424560547,138.8699951171875,61.745758056640625,22.904394149780273,16.239999771118164,38.75,77.19999694824219,90.72000122070312
2019-10-01,266.6714172363281,180.08526611328125,136.81777954101562,119.2465591430664,139.6300048828125,61.60353469848633,22.828325271606445,18.559999465942383,38.880001068115234,85.61000061035156,89.5199966430664
2019-10-02,261.9608154296875,176.98883056640625,135.78500366210938,119.53789520263672,141.25999450683594,61.240814208984375,22.81142234802246,20.559999465942383,39.619998931884766,89.38999938964844,87.83999633789062
2019-10-03,264.10699462890625,178.9313201904297,136.23687744140625,120.62830352783203,141.89999389648438,61.27638244628906,22.802968978881836,19.1200008392334,40.400001525878906,87.94000244140625,87.44000244140625
2019-10-04,267.680908203125,181.56617736816406,137.5278778076172,121.51898193359375,141.89999389648438,61.46839904785156,22.786067962646484,17.040000915527344,39.310001373291016,83.1500015258789,88.31999969482422
2019-10-07,266.5259094238281,181.01808166503906,137.28811645507812,120.51172637939453,140.69000244140625,61.418609619140625,22.828325271606445,17.860000610351562,39.41999816894531,81.86000061035156,88.31999969482422
2019-10-08,262.3882141113281,178.30624389648438,135.0565185546875,120.83638763427734,141.9199981689453,61.19103240966797,22.86212921142578,20.280000686645508,39.4900016784668,80.47000122070312,87.12000274658203
2019-10-09,264.8799743652344,180.04681396484375,135.6743927001953,120.15390014648438,142.0500030517578,61.37592697143555,22.845230102539062,18.639999389648438,38.0,79.30999755859375,87.91999816894531
2019-10-10,266.6714172363281,181.44114685058594,136.21839904785156,118.3642578125,140.80999755859375,61.454185485839844,22.752260208129883,17.56999969482422,39.52000045776367,80.13999938964844,89.5199966430664
2019-10-11,269.4359130859375,183.77792358398438,138.5238037109375,116.89928436279297,140.02999877929688,61.71015930175781,22.667741775512695,15.579999923706055,39.650001525878906,79.86000061035156,91.36000061035156
2019-10-14,269.13592529296875,183.7587127685547,138.01658630371094,117.74822998046875,140.58999633789062,61.75286865234375,22.735355377197266,14.569999694824219,40.209999084472656,,89.44000244140625
2019-10-15,271.80047607421875,186.09548950195312,139.60269165039062,116.32493591308594,139.61000061035156,61.88798141479492,22.667741775512695,13.539999961853027,39.470001220703125,80.05999755859375,88.4800033569336
2019-10-16,271.36395263671875,185.63389587402344,139.75021362304688,116.46644592285156,140.41000366210938,61.838191986083984,22.608579635620117,13.680000305175781,39.470001220703125,77.94000244140625,89.12000274658203
2019-10-17,272.1641540527344,186.12432861328125,141.4008331298828,116.1834487915039,140.61000061035156,61.92354202270508,22.52406120300293,13.789999961853027,37.709999084472656,77.61000061035156,90.23999786376953
2019-10-18,270.972900390625,184.3357391357422,140.72767639160156,116.1834487915039,140.4600067138672,61.93778610229492,22.439544677734375,14.25,36.43000030517578,78.3499984741211,89.76000213623047
2019-10-21,272.8097839355469,185.97047424316406,142.0463409423828,115.3094253540039,139.7899932861328,61.959129333496094,22.45644760131836,14.0,36.65999984741211,80.25,89.68000030517578
2019-10-22,271.9186706542969,184.4895477294922,142.203125,115.9836196899414,140.1999969482422,61.973350524902344,22.507156372070312,14.460000038146973,35.52000045776367,78.7300033569336,90.72000122070312
2019-10-23,272.7098693847656,184.8453369140625,142.37831115722656,116.10015106201172,140.52999877929688,62.030208587646484,22.49870491027832,14.010000228881836,35.65999984741211,73.02999877929688,93.19999694824219
2019-10-24,273.1553955078125,186.6436309814453,142.17543029785156,115.86714935302734,141.52999877929688,62.101348876953125,22.56631851196289,13.710000038146973,35.95000076293945,68.97000122070312,93.83999633789062
2019-10-25,274.2740173339844,188.1341552734375,142.9315948486328,115.30110168457031,141.86000061035156,62.151126861572266,22.5916748046875,12.649999618530273,34.63999938964844,67.06999969482422,94.63999938964844
2019-10-28,275.8199157714844,189.99009704589844,144.16725158691406,114.25234985351562,140.63999938964844,62.144012451171875,22.574771881103516,13.109999656677246,35.63999938964844,67.41000366210938,93.19999694824219
2019-10-29,275.7381286621094,188.51876831054688,144.63754272460938,114.32722473144531,140.25,62.030208587646484,22.56631851196289,13.199999809265137,35.70000076293945,67.61000061035156,92.63999938964844
2019-10-30,276.58392333984375,189.43235778808594,144.15805053710938,116.00021362304688,141.02000427246094,61.951988220214844,22.515607833862305,12.329999923706055,34.36000061035156,63.31999969482422,91.76000213623047
2019-10-31,275.84722900390625,189.51890563964844,143.34652709960938,117.56515502929688,142.42999267578125,61.7386360168457,22.473350524902344,13.220000267028809,35.84000015258789,65.87999725341797,90.4000015258789
2019-11-01,278.4026184082031,191.240234375,145.7902069091797,117.2032699584961,142.55999755859375,62.00359344482422,22.46489906311035,12.300000190734863,34.369998931884766,57.279998779296875,93.5199966430664
2019-11-04,279.521240234375,192.4230194091797,146.5740203857422,115.66069793701172,142.14999389648438,62.1320915222168,22.54941749572754,12.829999923706055,35.630001068115234,60.18000030517578,94.4800033569336
2019-11-05,279.2120361328125,192.52879333496094,146.7584991455078,114.35990905761719,139.85000610351562,62.06785202026367,22.633934020996094,13.100000381469727,33.77000045776367,61.47999954223633,95.44000244140625
2019-11-06,279.2757873535156,192.0961151123047,145.91017150878906,115.05199432373047,140.4499969482422,61.99646759033203,22.633934020996094,12.619999885559082,33.220001220703125,61.72999954223633,94.4800033569336
2019-11-07,280.2578430175781,192.7403564453125,146.29737854003906,112.96739196777344,138.27000427246094,61.967872619628906,22.684642791748047,12.729999542236328,31.450000762939453,67.08000183105469,95.04000091552734
2019-11-08,280.9490051269531,193.50965881347656,146.6939239501953,112.49214935302734,137.38999938964844,62.02503204345703,22.735355377197266,12.069999694824219,31.450000762939453,64.44000244140625,95.91999816894531
2019-11-11,280.41241455078125,193.25001525878906,146.4173126220703,112.56716918945312,137.05999755859375,61.98933029174805,22.701547622680664,12.6899995803833,34.220001220703125,64.44000244140625,95.12000274658203
2019-11-12,281.0035095214844,193.80776977539062,146.46340942382812,113.08415222167969,137.42999267578125,62.00359344482422,22.735355377197266,12.680000305175781,33.7400016784668,69.81999969482422,94.95999908447266
2019-11-13,281.09442138671875,193.85581970214844,145.83628845214844,113.81788635253906,137.97999572753906,61.93929672241211,22.726903915405273,13.0,35.150001525878906,66.0999984741211,95.68000030517578
2019-11-14,281.503662109375,193.70201110839844,145.7902069091797,114.99360656738281,138.55999755859375,61.90363311767578,22.71000099182129,13.050000190734863,33.939998626708984,64.16999816894531,95.27999877929688
2019-11-15,283.540771484375,195.12525939941406,146.54637145996094,114.86851501464844,138.2100067138672,62.08931350708008,22.65928840637207,12.050000190734863,32.41999816894531,61.70000076293945,96.63999938964844
2019-11-18,283.74981689453125,195.2791290283203,146.17755126953125,115.07699584960938,138.6199951171875,62.010738372802734,22.617029190063477,12.460000038146973,33.68000030517578,64.12999725341797,95.19999694824219
2019-11-19,283.6680908203125,195.5675811767578,146.7216033935547,116.03590393066406,138.69000244140625,61.78935241699219,22.64238739013672,12.859999656677246,32.939998626708984,62.63999938964844,92.55999755859375
2019-11-20,282.6131286621094,194.3943634033203,146.1682891845703,117.23664855957031,138.75999450683594,61.66080856323242,22.64238739013672,12.779999732971191,32.20000076293945,65.58000183105469,95.19999694824219
2019-11-21,282.158447265625,193.96163940429688,145.44903564453125,116.50286865234375,138.0,61.675079345703125,22.676191329956055,13.130000114440918,31.59000015258789,61.83000183105469,97.5999984741211
2019-11-22,282.78594970703125,194.08668518066406,145.9009246826172,116.6529541015625,137.74000549316406,61.910770416259766,22.743806838989258,12.34000015258789,32.380001068115234,62.16999816894531,96.87999725341797
2019-11-25,284.9775695800781,196.38494873046875,148.99928283691406,116.99482727050781,137.0800018310547,62.07503890991211,22.760711669921875,11.869999885559082,31.899999618530273,61.54999923706055,96.87999725341797
2019-11-26,285.6232604980469,196.760009765625,149.10069274902344,117.6785659790039,137.74000549316406,62.146427154541016,22.735355377197266,11.539999961853027,31.25,60.38999938964844,97.5199966430664
2019-11-27,286.89642333984375,198.13516235351562,150.15196228027344,117.33667755126953,137.00999450683594,62.22502517700195,22.769163131713867,11.75,30.81999969482422,57.619998931884766,97.12000274658203
2019-11-29,285.8323974609375,197.23121643066406,149.17446899414062,117.08650207519531,137.86000061035156,62.08931350708008,22.743806838989258,12.619999885559082,36.72999954223633,56.56999969482422,92.95999908447266
2019-12-02,283.4044189453125,195.21176147460938,147.71749877929688,115.52542877197266,137.7899932861328,62.0470085144043,22.650836944580078,14.90999984741211,34.970001220703125,59.41999816894531,93.36000061035156
2019-12-03,281.503662109375,193.68272399902344,147.24717712402344,117.94770050048828,139.11000061035156,61.960960388183594,22.6254825592041,15.960000038146973,35.04999923706055,64.62000274658203,94.08000183105469
2019-12-04,283.2405090332031,194.66358947753906,148.26153564453125,116.77005004882812,138.9199981689453,62.14735794067383,22.600126266479492,14.800000190734863,32.209999084472656,63.0099983215332,97.5199966430664
2019-12-05,283.74981689453125,195.0482940673828,148.4090576171875,116.20201873779297,139.0,62.24058151245117,22.54941749572754,14.520000457763672,30.40999984741211,63.72999954223633,97.5199966430664
2019-12-06,286.34161376953125,197.1350555419922,150.14271545410156,115.55879974365234,137.6199951171875,62.32662582397461,22.633934020996094,13.619999885559082,30.020000457763672,64.06999969482422,98.55999755859375
2019-12-09,285.44134521484375,196.24073791503906,149.8568878173828,115.80941009521484,137.5800018310547,62.32662582397461,22.608579635620117,15.859999656677246,30.020000457763672,67.29000091552734,98.63999938964844
2019-12-10,285.1231689453125,196.07723999023438,149.94908142089844,115.81777954101562,137.97000122070312,62.477210998535156,22.583223342895508,15.680000305175781,27.940000534057617,67.08999633789062,99.12000274658203
2019-12-11,285.9324951171875,197.11581420898438,149.90298461914062,116.72821044921875,138.9199981689453,62.606224060058594,22.49870491027832,14.989999771118164,27.809999465942383,61.29999923706055,98.4000015258789
2019-12-12,288.39697265625,198.5871124267578,151.19395446777344,114.80707550048828,138.42999267578125,62.74961471557617,22.532512664794922,13.9399995803833,27.440000534057617,61.630001068115234,98.95999908447266
2019-12-13,288.5697326660156,199.24102783203125,150.61300659179688,116.13520050048828,139.0500030517578,62.814144134521484,22.532512664794922,12.630000114440918,26.760000228881836,56.439998626708984,99.91999816894531
2019-12-16,290.55218505859375,201.24124145507812,151.67459106445312,115.09109497070312,139.0399932861328,62.93602752685547,22.490257263183594,12.140000343322754,26.510000228881836,56.130001068115234,100.72000122070312
2019-12-17,290.6158447265625,201.3566131591797,152.4335479736328,114.93238830566406,139.00999450683594,63.12963104248047,22.532512664794922,12.289999961853027,26.329999923706055,55.380001068115234,101.76000213623047
2019-12-18,290.6340637207031,201.51046752929688,152.72972106933594,113.98853302001953,139.02000427246094,63.24435043334961,22.574771881103516,12.579999923706055,26.770000457763672,53.40999984741211,101.91999816894531
2019-12-19,291.8253479003906,202.7702178955078,153.3867950439453,114.17090606689453,139.3800048828125,63.211212158203125,22.574771881103516,12.5,24.799999237060547,53.70000076293945,102.23999786376953
2019-12-20,293.1048278808594,203.5876007080078,153.6089630126953,114.32147979736328,139.52000427246094,63.11768341064453,22.650836944580078,12.510000228881836,25.540000915527344,54.189998626708984,101.04000091552734
2019-12-23,293.5525817871094,204.12538146972656,153.91433715820312,114.15419006347656,139.9499969482422,63.14646530151367,22.638769149780273,12.609999656677246,25.110000610351562,55.310001373291016,101.5999984741211
2019-12-24,293.5617370605469,204.23138427734375,154.26602172851562,114.48046112060547,141.27000427246094,63.196861267089844,22.638769149780273,12.670000076293945,25.459999084472656,58.31999969482422,102.16000366210938
2019-12-26,295.1244201660156,206.03353881835938,154.26602172851562,114.75650787353516,142.3800048828125,63.29039001464844,22.60428237915039,12.649999618530273,24.079999923706055,56.41999816894531,103.12000274658203
2019-12-27,295.05126953125,205.86004638671875,153.50714111328125,114.88201904296875,142.3300018310547,63.26162338256836,22.492210388183594,13.430000305175781,25.15999984741211,55.29999923706055,103.27999877929688
2019-12-30,293.4245910644531,204.51087951660156,153.11837768554688,114.46371459960938,142.6300048828125,63.21844482421875,22.449106216430664,14.819999694824219,25.860000610351562,59.630001068115234,103.12000274658203
2019-12-31,294.137451171875,204.89634704589844,153.33126831054688,113.34265899658203,142.89999389648438,63.275997161865234,22.388757705688477,13.779999732971191,28.299999237060547,58.279998779296875,102.4800033569336
2020-01-02,296.8882141113281,208.3175811767578,153.43309020996094,114.6227035522461,143.9499969482422,63.5422248840332,22.466346740722656,12.470000267028809,28.75,57.20000076293945,102.4800033569336
2020-01-03,294.64007568359375,206.40939331054688,152.83152770996094,116.38794708251953,145.86000061035156,63.47746658325195,22.492210388183594,14.020000457763672,31.920000076293945,60.119998931884766,105.44000244140625
2020-01-06,295.7641296386719,207.73931884765625,153.0350799560547,115.72697448730469,147.38999938964844,63.412689208984375,22.44048500061035,13.850000381469727,32.31999969482422,62.790000915527344,105.27999877929688
2020-01-07,294.9325256347656,207.7104034423828,152.52610778808594,115.15807342529297,147.97000122070312,63.35514831542969,22.518075942993164,13.789999961853027,31.799999237060547,62.630001068115234,105.04000091552734
2020-01-08,296.50439453125,209.27163696289062,152.9981231689453,114.39681243896484,146.86000061035156,63.412689208984375,22.57842254638672,13.449999809265137,32.599998474121094,60.4900016784668,101.27999877929688
2020-01-09,298.5148010253906,211.04483032226562,153.1831817626953,114.79832458496094,146.02999877929688,63.57820129394531,22.62152671813965,12.539999961853027,33.220001220703125,57.65999984741211,99.91999816894531
2020-01-10,297.65576171875,210.50518798828125,152.609375,115.81897735595703,146.91000366210938,63.59980392456055,22.60428237915039,12.5600004196167,30.3799991607666,53.31999969482422,99.27999877929688
2020-01-13,299.7030029296875,212.93377685546875,153.59974670410156,115.4676513671875,145.82000732421875,63.59980392456055,22.60428237915039,12.319999694824219,34.25,53.27000045776367,97.5999984741211
2020-01-14,299.2460632324219,212.09530639648438,154.16427612304688,116.06161499023438,145.69000244140625,63.59257125854492,22.612903594970703,12.390000343322754,33.619998931884766,52.349998474121094,98.23999786376953
2020-01-15,299.9222412109375,212.1820526123047,154.9046630859375,116.831298828125,146.5399932861328,63.60696792602539,22.57842254638672,12.420000076293945,33.380001068115234,50.540000915527344,97.44000244140625
2020-01-16,302.4170837402344,214.2154998779297,156.90379333496094,116.46324157714844,146.30999755859375,63.62859344482422,22.612903594970703,12.319999694824219,29.790000915527344,50.369998931884766,98.31999969482422
2020-01-17,303.3583984375,215.27560424804688,156.47808837890625,115.4676513671875,146.5800018310547,63.57820129394531,22.690494537353516,12.100000381469727,28.600000381469727,49.66999816894531,98.63999938964844
2020-01-21,302.7642822265625,215.17926025390625,155.18234252929688,116.68067932128906,146.74000549316406,63.441497802734375,22.67325210571289,12.850000381469727,27.65999984741211,53.41999816894531,97.91999816894531
2020-01-22,302.8008728027344,215.7478485107422,155.0805206298828,117.09070587158203,146.7899932861328,63.55662536621094,22.656009674072266,12.90999984741211,30.700000762939453,51.310001373291016,95.19999694824219
2020-01-23,303.1481628417969,216.44171142578125,154.97869873046875,117.91053009033203,147.1199951171875,63.36235046386719,22.71635627746582,12.979999542236328,31.950000762939453,55.34000015258789,93.27999877929688
2020-01-24,300.4522705078125,214.6203155517578,153.07211303710938,118.86428833007812,147.97999572753906,63.096107482910156,22.750839233398438,14.5600004196167,34.54999923706055,59.939998626708984,91.44000244140625
2020-01-27,295.63616943359375,210.18716430664062,151.33218383789062,120.71311950683594,148.99000549316406,62.67158889770508,22.78532600402832,18.229999542236328,37.720001220703125,66.7300033569336,88.80000305175781
2020-01-28,298.7342224121094,213.4156494140625,152.5908203125,119.76783752441406,147.66000366210938,63.211212158203125,22.78532600402832,16.280000686645508,36.41999816894531,65.5999984741211,90.0
2020-01-29,298.48736572265625,213.76255798339844,151.72084045410156,120.93901824951172,148.4600067138672,63.17528533935547,22.819808959960938,16.389999389648438,35.72999954223633,66.16999816894531,89.27999877929688
2020-01-30,299.4562072753906,214.52391052246094,151.72084045410156,120.95574188232422,148.47000122070312,63.24000930786133,22.750839233398438,15.489999771118164,37.4900016784668,71.06999969482422,88.63999938964844
2020-01-31,294.0186767578125,211.12193298339844,148.57408142089844,122.06007385253906,149.3300018310547,62.98100280761719,22.656009674072266,18.84000015258789,40.349998474121094,72.9800033569336,86.72000122070312
2020-02-03,296.20269775390625,214.3118896484375,150.2307586669922,121.96115112304688,148.36000061035156,62.97088623046875,22.768083572387695,17.969999313354492,41.810001373291016,72.80999755859375,83.91999816894531
2020-02-04,300.71734619140625,219.21722412109375,152.49830627441406,120.31867980957031,146.42999267578125,63.34659957885742,22.802566528320312,16.049999237060547,39.439998626708984,68.16999816894531,83.5199966430664
2020-02-05,304.18994140625,219.9399871826172,154.84912109375,119.0030288696289,146.61000061035156,63.606727600097656,22.888778686523438,15.149999618530273,37.880001068115234,64.06999969482422,85.5999984741211
2020-02-06,305.2134704589844,221.83851623535156,154.49740600585938,119.53933715820312,147.39999389648438,63.65731430053711,22.931884765625,14.960000038146973,36.439998626708984,61.2400016784668,85.91999816894531
2020-02-07,303.5867919921875,220.88446044921875,152.60011291503906,121.03096008300781,147.7899932861328,63.563385009765625,22.98360824584961,15.470000267028809,37.5099983215332,65.58999633789062,84.63999938964844
2020-02-10,305.8531799316406,223.55397033691406,153.46083068847656,121.3662338256836,148.1699981689453,63.65010070800781,23.01809310913086,15.039999961853027,39.0099983215332,68.12999725341797,83.36000061035156
2020-02-11,306.3832702636719,223.592529296875,154.52517700195312,120.75450897216797,147.66000366210938,63.693416595458984,22.992229461669922,15.180000305175781,37.52000045776367,64.88999938964844,84.0
2020-02-12,308.35723876953125,225.77052307128906,155.5895538330078,120.14270782470703,147.5399932861328,63.859596252441406,23.052576065063477,13.739999771118164,35.58000183105469,63.52000045776367,86.4800033569336
2020-02-13,308.0282897949219,225.4813690185547,155.99679565429688,120.60365295410156,148.3800048828125,63.88130569458008,23.078439712524414,14.149999618530273,35.84000015258789,63.5099983215332,86.72000122070312
2020-02-14,308.5216979980469,226.1270294189453,155.39515686035156,121.131591796875,149.0,63.87407684326172,23.0698184967041,13.680000305175781,35.93000030517578,62.380001068115234,87.5999984741211
2020-02-18,307.7266845703125,226.2137908935547,155.06201171875,121.96115112304688,150.91000366210938,63.7440071105957,23.156028747558594,14.829999923706055,33.470001220703125,67.66000366210938,87.5999984741211
2020-02-19,309.1979675292969,228.38221740722656,155.85800170898438,121.95278930664062,151.7899932861328,63.772926330566406,23.19913101196289,14.380000114440918,32.27000045776367,68.04000091552734,89.44000244140625
2020-02-20,307.9277038574219,226.261962890625,156.23741149902344,122.9081039428711,152.41000366210938,63.88130569458008,23.268102645874023,15.5600004196167,33.15999984741211,69.5999984741211,90.23999786376953
2020-02-21,304.756591796875,221.9156494140625,154.65481567382812,124.05615234375,154.6999969482422,63.82349395751953,23.130163192749023,17.079999923706055,35.869998931884766,74.54000091552734,89.27999877929688
2020-02-24,294.64923095703125,213.35780334472656,149.9993896484375,125.90816497802734,156.08999633789062,63.13705062866211,23.13878631591797,25.030000686645508,39.529998779296875,86.91999816894531,85.91999816894531
2020-02-25,285.7207336425781,207.55616760253906,144.6683807373047,126.57849884033203,153.3000030517578,62.69629669189453,23.0698184967041,27.850000381469727,42.5,87.37999725341797,83.19999694824219
2020-02-26,284.6697692871094,208.62596130371094,142.99317932128906,125.90816497802734,153.97000122070312,62.76130676269531,23.087060928344727,27.559999465942383,43.400001525878906,87.0,81.5199966430664
2020-02-27,271.884765625,198.17921447753906,137.9583282470703,127.27397155761719,154.0,61.915958404541016,22.949125289916992,39.15999984741211,49.41999816894531,92.58999633789062,78.23999786376953
2020-02-28,270.74237060546875,198.33343505859375,135.43170166015625,130.14833068847656,148.3800048828125,62.168827056884766,22.871536254882812,40.11000061035156,51.25,109.66999816894531,75.5999984741211
2020-03-02,282.4672546386719,208.568115234375,139.78160095214844,129.19073486328125,149.1999969482422,62.64056396484375,22.750839233398438,33.41999816894531,48.33000183105469,104.88999938964844,79.36000061035156
2020-03-03,274.37957763671875,201.87989807128906,136.93104553222656,131.196533203125,153.88999938964844,62.37205505371094,22.656009674072266,36.81999969482422,50.79999923706055,102.97000122070312,79.12000274658203
2020-03-04,285.9126281738281,210.30282592773438,140.8274688720703,129.80343627929688,154.16000366210938,63.22846984863281,22.733598709106445,31.989999771118164,50.59000015258789,89.58999633789062,78.87999725341797
2020-03-05,276.40838623046875,203.91334533691406,136.34796142578125,133.0344696044922,157.49000549316406,62.43012619018555,22.561180114746094,39.619998931884766,52.58000183105469,96.95999908447266,76.87999725341797
2020-03-06,271.8390808105469,200.4728546142578,133.6453857421875,139.95809936523438,157.5500030517578,61.726131439208984,22.43186378479004,41.939998626708984,65.0199966430664,125.20999908447266,69.83999633789062
2020-03-09,250.60997009277344,186.54710388183594,120.6511001586914,143.75135803222656,157.80999755859375,59.06983184814453,22.190475463867188,54.459999084472656,115.91999816894531,163.6999969482422,52.15999984741211
2020-03-10,263.5777282714844,196.7047119140625,124.41796112060547,136.38294982910156,154.47999572753906,59.977020263671875,22.518075942993164,47.29999923706055,92.93000030517578,123.72000122070312,57.91999816894531
2020-03-11,250.72872924804688,188.13726806640625,116.50475311279297,131.36436462402344,153.92999267578125,58.67066192626953,22.55255889892578,53.900001525878906,105.25,127.83999633789062,55.52000045776367
2020-03-12,226.73971557617188,170.88668823242188,103.6307144165039,132.17840576171875,147.7899932861328,56.32643127441406,22.7939453125,75.47000122070312,123.44999694824219,152.6199951171875,52.31999969482422
2020-03-13,246.1227569580078,185.3617706298828,110.57212829589844,129.19073486328125,143.27999877929688,58.09730529785156,23.656047821044922,57.83000183105469,118.4800033569336,138.39999389648438,55.68000030517578
2020-03-16,219.19110107421875,163.1576385498047,95.9026107788086,137.5579071044922,141.63999938964844,54.903953552246094,22.897397994995117,82.69000244140625,128.5,124.52999877929688,48.400001525878906
2020-03-17,231.0257568359375,175.5318145751953,100.29887390136719,128.38511657714844,143.55999755859375,55.419254302978516,23.302589416503906,75.91000366210938,133.32000732421875,109.8499984741211,45.68000030517578
2020-03-18,219.32823181152344,170.19281005859375,92.52445220947266,121.14258575439453,140.6999969482422,52.973426818847656,23.656047821044922,76.44999694824219,166.7899932861328,124.13999938964844,37.68000030517578
2020-03-19,219.7943115234375,171.21438598632812,96.13401794433594,124.44072723388672,138.0399932861328,51.78316879272461,24.216411590576172,72.0,164.05999755859375,141.1300048828125,42.959999084472656
2020-03-20,210.32249450683594,164.5069122314453,93.84795379638672,133.7981719970703,140.11000061035156,50.6219482421875,24.147445678710938,66.04000091552734,190.0800018310547,133.3699951171875,39.52000045776367
2020-03-23,204.94485473632812,164.6256561279297,92.45967102050781,139.3118896484375,146.3000030517578,49.80908966064453,24.112960815429688,61.59000015258789,185.67999267578125,135.3800048828125,39.040000915527344
2020-03-24,223.51358032226562,177.37387084960938,100.91896057128906,136.71861267089844,153.39999389648438,51.86302185058594,23.837087631225586,61.66999816894531,170.86000061035156,111.08999633789062,39.84000015258789
2020-03-25,226.8595428466797,176.06040954589844,102.17325592041016,136.40814208984375,151.3000030517578,53.321800231933594,23.612939834594727,63.95000076293945,144.02999877929688,87.13999938964844,40.63999938964844
2020-03-26,240.1059112548828,185.3318328857422,108.5282974243164,137.07952880859375,153.24000549316406,55.760337829589844,23.233617782592773,61.0,150.05999755859375,88.4800033569336,38.63999938964844
2020-03-27,232.95416259765625,178.9577178955078,104.57959747314453,140.73858642578125,152.25,55.90548324584961,23.043956756591797,65.54000091552734,175.8800048828125,88.33000183105469,35.7599983215332
2020-03-30,240.51947021484375,185.46702575683594,106.88377380371094,139.58045959472656,152.9199981689453,56.38449478149414,23.14740753173828,57.08000183105469,174.22000122070312,90.69999694824219,33.84000015258789
2020-03-31,236.93443298339844,183.88316345214844,106.34488677978516,138.44757080078125,148.0500030517578,55.934532165527344,23.130163192749023,53.540000915527344,170.5500030517578,83.87000274658203,33.68000030517578
2020-04-01,226.27130126953125,176.07003784179688,99.0979232788086,140.38722229003906,149.4499969482422,54.39912033081055,23.276723861694336,57.060001373291016,158.97999572753906,83.12999725341797,35.040000915527344
2020-04-02,231.49253845214844,179.6433868408203,100.0362777709961,141.2781219482422,151.89999389648438,54.82219314575195,23.397417068481445,50.90999984741211,162.64999389648438,71.98999786376953,40.880001068115234
2020-04-03,228.14651489257812,177.09381103515625,97.20255279541016,141.6142578125,152.64999389648438,53.6478385925293,23.5267333984375,46.79999923706055,141.67999267578125,65.01000213623047,47.20000076293945
2020-04-06,243.4702911376953,189.7550506591797,104.6446533203125,141.2444305419922,156.8800048828125,54.9534797668457,23.53535270690918,45.2400016784668,144.19000244140625,66.27999877929688,43.84000015258789
2020-04-07,243.71849060058594,189.67779541015625,104.91407775878906,139.76528930664062,156.0399932861328,54.9534797668457,23.319826126098633,46.70000076293945,139.1300048828125,72.20999908447266,40.720001220703125
2020-04-08,251.89968872070312,193.70510864257812,109.69893646240234,138.7483673095703,154.64999389648438,56.38312530517578,23.406038284301758,43.349998474121094,141.4600067138672,75.70999908447266,42.959999084472656
2020-04-09,255.7329864501953,193.98513793945312,114.94837951660156,139.00045776367188,158.69000244140625,60.07392501831055,23.233617782592773,41.66999816894531,129.8800048828125,74.38999938964844,39.84000015258789
2020-04-13,253.3980712890625,196.0808868408203,111.83589935302734,137.73147583007812,161.41000366210938,59.213218688964844,23.19913101196289,41.16999816894531,114.44000244140625,75.8499984741211,39.439998626708984
2020-04-14,260.87152099609375,204.608642578125,114.1028823852539,137.6977996826172,162.67999267578125,59.46122741699219,23.0698184967041,37.7599983215332,115.4800033569336,69.5199966430664,37.279998779296875
2020-04-15,255.3285369873047,202.26182556152344,109.44810485839844,141.3452911376953,161.85000610351562,58.90687561035156,23.242237091064453,40.84000015258789,120.37999725341797,70.5,35.439998626708984
2020-04-16,256.560302734375,205.95108032226562,108.62120819091797,142.95046997070312,161.7100067138672,58.84851837158203,23.345691680908203,40.11000061035156,115.0999984741211,69.93000030517578,34.880001068115234
2020-04-17,263.4913330078125,207.92123413085938,113.40608215332031,141.0343017578125,158.57000732421875,59.14754867553711,23.28534507751465,38.150001525878906,95.91000366210938,69.83999633789062,33.68000030517578
2020-04-20,258.84918212890625,205.45851135253906,112.06817626953125,142.16900634765625,159.6999969482422,58.257686614990234,23.362934112548828,43.83000183105469,226.1300048828125,70.5999984741211,30.0
2020-04-21,250.9897003173828,197.87722778320312,109.39234924316406,143.9590606689453,158.61000061035156,57.1927604675293,23.397417068481445,45.40999984741211,325.1499938964844,73.83000183105469,22.479999542236328
2020-04-22,256.560302734375,203.74913024902344,110.72098541259766,142.48826599121094,161.72999572753906,57.69603729248047,23.466384887695312,41.97999954223633,236.8000030517578,72.29000091552734,20.079999923706055
2020-04-23,256.5418701171875,203.3144989013672,111.80801391601562,143.2447052001953,163.33999633789062,57.6668701171875,23.475006103515625,41.380001068115234,211.0,67.25,21.1200008392334
2020-04-24,260.11773681640625,206.5208740234375,113.73125457763672,143.58087158203125,162.63999938964844,57.127105712890625,23.423280715942383,35.93000030517578,173.52999877929688,66.08999633789062,20.559999465942383
2020-04-27,263.86822509765625,208.18203735351562,118.23739624023438,140.90829467773438,161.55999755859375,57.36053466796875,23.362934112548828,33.290000915527344,185.47000122070312,62.70000076293945,17.520000457763672
2020-04-28,262.6548767089844,204.260986328125,119.95622253417969,142.53036499023438,160.83999633789062,57.53556823730469,23.33707046508789,33.56999969482422,198.77000427246094,58.88999938964844,17.040000915527344
2020-04-29,269.53076171875,211.5042724609375,125.85600280761719,141.79071044921875,161.72999572753906,58.54946517944336,23.242237091064453,31.229999542236328,195.58999633789062,57.150001525878906,18.0
2020-04-30,267.021240234375,211.41738891601562,121.07115173339844,140.1351318359375,158.8000030517578,58.66616439819336,23.09568214416504,34.150001525878906,104.9800033569336,53.59000015258789,19.1200008392334
2020-05-01,259.9522705078125,205.45851135253906,116.26768493652344,141.33511352539062,159.77999877929688,57.65422439575195,23.121543884277344,37.189998626708984,110.18000030517578,48.11000061035156,18.860000610351562
2020-05-04,260.66925048828125,207.8536376953125,116.76941680908203,140.67031860351562,160.33999633789062,57.57362747192383,23.250858306884766,35.970001220703125,97.41999816894531,49.25,19.670000076293945
2020-05-05,263.0777893066406,210.21014404296875,117.67063903808594,139.76986694335938,161.02000427246094,58.0718879699707,23.268102645874023,33.61000061035156,97.2699966430664,49.650001525878906,21.510000228881836
2020-05-06,261.2944641113281,211.5042724609375,116.80657196044922,137.51455688476562,158.9499969482422,57.74214172363281,23.380176544189453,34.119998931884766,115.38999938964844,51.310001373291016,20.850000381469727
2020-05-07,264.44744873046875,214.22775268554688,118.40462493896484,139.81187438964844,161.38999938964844,57.888710021972656,23.311206817626953,31.440000534057617,110.62000274658203,54.93000030517578,20.469999313354492
2020-05-08,268.82293701171875,217.16371154785156,122.97576904296875,137.99417114257812,160.4199981689453,58.43826675415039,23.302589416503906,27.979999542236328,98.69999694824219,57.400001525878906,21.469999313354492
2020-05-11,268.87811279296875,219.1049041748047,122.36260223388672,136.9171142578125,159.4199981689453,58.17446517944336,23.3887939453125,27.56999969482422,109.72000122070312,61.599998474121094,21.170000076293945
2020-05-12,263.51898193359375,214.51747131347656,117.96795654296875,138.32240295410156,160.0399932861328,58.101192474365234,23.345691680908203,33.040000915527344,86.86000061035156,61.2599983215332,20.969999313354492
2020-05-13,258.85833740234375,211.83267211914062,114.01927185058594,139.2901611328125,161.5800018310547,57.793418884277344,23.3887939453125,35.279998779296875,82.83000183105469,57.560001373291016,20.600000381469727
2020-05-14,261.95623779296875,214.2374267578125,114.39090728759766,140.65347290039062,163.00999450683594,57.5955924987793,23.41465950012207,32.61000061035156,80.05000305175781,59.04999923706055,21.450000762939453
2020-05-15,263.1604309082031,215.6281280517578,116.21194458007812,140.2916259765625,163.92999267578125,57.67619323730469,23.431900024414062,31.889999389648438,76.38999938964844,56.529998779296875,22.389999389648438
2020-05-18,271.1761474609375,219.64573669433594,123.27310180664062,137.2115936279297,162.69000244140625,58.69475173950195,23.242237091064453,29.299999237060547,76.13999938964844,58.70000076293945,24.309999465942383
2020-05-19,268.3909912109375,219.0952606201172,120.83888244628906,137.72491455078125,164.25999450683594,58.76803207397461,23.22499656677246,30.530000686645508,73.22000122070312,60.09000015258789,24.440000534057617
2020-05-20,272.9503173828125,223.47021484375,124.49952697753906,138.13723754882812,164.64999389648438,59.39087677001953,23.14740753173828,27.989999771118164,73.62000274658203,58.849998474121094,25.34000015258789
2020-05-21,271.06597900390625,221.03643798828125,124.72250366210938,138.4822540283203,162.25,59.37623596191406,23.19913101196289,29.530000686645508,89.05999755859375,55.619998931884766,26.600000381469727
2020-05-22,271.58074951171875,221.7994384765625,125.32644653320312,139.3154296875,163.2100067138672,59.52277374267578,23.268102645874023,28.15999984741211,84.9800033569336,51.66999816894531,25.56999969482422
2020-05-26,274.92669677734375,221.2006378173828,128.94064331054688,137.44723510742188,160.88999938964844,59.969730377197266,23.09568214416504,28.010000228881836,75.47000122070312,52.220001220703125,25.65999984741211
2020-05-27,279.01727294921875,222.40786743164062,132.945068359375,137.19473266601562,161.17999267578125,60.094322204589844,23.087060928344727,27.6200008392334,73.88999938964844,52.97999954223633,25.0
2020-05-28,278.5025939941406,222.11810302734375,129.79541015625,136.6898651123047,161.72000122070312,60.15293502807617,22.966365814208984,28.59000015258789,72.9800033569336,50.56999969482422,25.030000686645508
2020-05-29,279.7434997558594,225.372802734375,129.0521240234375,137.666015625,162.91000366210938,60.39474868774414,22.931884765625,27.510000228881836,69.2300033569336,51.54999923706055,25.8799991607666
2020-06-01,280.8741149902344,226.048828125,130.28778076171875,136.73915100097656,163.66000366210938,60.851593017578125,22.802566528320312,28.229999542236328,64.37999725341797,55.06999969482422,26.219999313354492
2020-06-02,283.1998596191406,227.5651092529297,131.36563110351562,136.24205017089844,162.60000610351562,61.454795837402344,22.776702880859375,26.84000015258789,64.70999908447266,55.349998474121094,27.06999969482422
2020-06-03,286.96881103515625,228.58880615234375,134.5338134765625,134.4303436279297,159.60000610351562,61.741703033447266,22.638769149780273,25.65999984741211,65.7300033569336,61.2400016784668,27.1200008392334
2020-06-04,286.2149658203125,226.98562622070312,134.33871459960938,132.4839324951172,161.27999877929688,61.550437927246094,22.55255889892578,25.809999465942383,65.12999725341797,61.18000030517578,27.5
2020-06-05,293.550537109375,231.48611450195312,139.53236389160156,131.54025268554688,158.00999450683594,62.131591796875,22.59566307067871,24.520000457763672,64.19999694824219,61.970001220703125,28.8700008392334
2020-06-08,297.0988464355469,233.282470703125,142.23606872558594,132.04579162597656,159.72000122070312,62.205135345458984,22.535314559936523,25.809999465942383,67.23999786376953,62.77000045776367,28.3700008392334
2020-06-09,294.88348388671875,234.97259521484375,139.60665893554688,133.54563903808594,161.25999450683594,61.71962356567383,22.466346740722656,27.56999969482422,67.76000213623047,62.939998626708984,28.420000076293945
2020-06-10,293.238037109375,237.79263305664062,135.8159637451172,135.5258331298828,163.57000732421875,61.6313591003418,22.354272842407227,27.56999969482422,63.060001373291016,60.02000045776367,28.43000030517578
2020-06-11,276.3331298828125,226.0102081298828,125.45651245117188,138.0873260498047,162.38999938964844,60.04973220825195,22.57842254638672,40.790000915527344,69.95999908447266,56.470001220703125,26.360000610351562
2020-06-12,279.6424865722656,227.8065643310547,128.46678161621094,136.7559814453125,162.6199951171875,60.64561462402344,22.638769149780273,36.09000015258789,70.22000122070312,55.810001373291016,26.43000030517578
2020-06-15,282.2530212402344,230.5782928466797,131.43692016601562,136.83192443847656,162.3300018310547,61.23410415649414,22.543935775756836,34.400001525878906,68.11000061035156,58.09000015258789,26.979999542236328
2020-06-16,287.685791015625,234.53793334960938,134.59719848632812,134.7337646484375,162.25,61.4842414855957,22.612903594970703,33.66999816894531,66.62999725341797,60.4900016784668,27.639999389648438
2020-06-17,286.49078369140625,235.28160095214844,132.16407775878906,135.2898712158203,162.55999755859375,61.19733428955078,22.63014793395996,33.470001220703125,61.45000076293945,58.15999984741211,27.280000686645508
2020-06-18,286.60107421875,235.9190216064453,132.11746215820312,136.7223663330078,162.24000549316406,61.17525863647461,22.71635627746582,32.939998626708984,61.349998474121094,55.150001525878906,27.889999389648438
2020-06-19,284.96319580078125,235.88040161132812,131.43692016601562,136.83192443847656,164.02999877929688,60.96928405761719,22.742219924926758,35.119998931884766,58.72999954223633,53.45000076293945,28.229999542236328
2020-06-22,286.79132080078125,238.709228515625,132.75137329101562,136.8486328125,165.08999633789062,60.92518997192383,22.62152671813965,31.770000457763672,56.7599983215332,53.93000030517578,28.979999542236328
2020-06-23,288.111572265625,240.7408447265625,133.31072998046875,135.91343688964844,166.47999572753906,61.0134391784668,22.543935775756836,31.3700008392334,58.83000183105469,54.040000915527344,28.719999313354492
2020-06-24,280.7622375488281,235.77783203125,128.98512268066406,137.37107849121094,165.89999389648438,60.388145446777344,22.647390365600586,33.84000015258789,64.95999908447266,54.88999938964844,27.25
2020-06-25,283.7720947265625,238.02232360839844,130.93350219726562,137.7671661376953,165.8000030517578,60.410194396972656,22.68187141418457,32.220001220703125,62.689998626708984,51.56999969482422,27.940000534057617
2020-06-26,277.0321350097656,232.4014434814453,127.40963745117188,139.24172973632812,166.5399932861328,59.8364143371582,22.71635627746582,34.72999954223633,63.689998626708984,51.209999084472656,27.360000610351562
2020-06-29,281.1037902832031,234.93614196777344,131.57675170898438,138.80360412597656,166.6300048828125,59.498008728027344,22.724977493286133,31.780000686645508,60.040000915527344,52.959999084472656,28.270000457763672
2020-06-30,284.70477294921875,239.54122924804688,133.4784698486328,138.1294403076172,167.3699951171875,60.042396545410156,22.690494537353516,30.43000030517578,57.65999984741211,54.130001068115234,28.059999465942383
2020-07-01,286.698974609375,242.337158203125,132.21066284179688,137.8612518310547,166.6199951171875,60.22929763793945,22.638769149780273,28.6200008392334,53.43000030517578,53.279998779296875,28.350000381469727
2020-07-02,288.2777404785156,243.98184204101562,132.75137329101562,138.0045928955078,166.97999572753906,60.672550201416016,22.656009674072266,27.68000030517578,51.290000915527344,50.959999084472656,28.75
2020-07-06,292.7279968261719,249.97999572753906,133.71160888671875,137.43943786621094,167.97999572753906,61.108402252197266,22.535314559936523,27.940000534057617,50.72999954223633,52.029998779296875,28.959999084472656
2020-07-07,289.7088928222656,248.25796508789062,131.3436737060547,139.37127685546875,169.0399932861328,60.702083587646484,22.58704376220703,29.43000030517578,51.38999938964844,50.97999954223633,28.790000915527344
2020-07-08,291.92474365234375,251.52801513671875,132.32254028320312,138.81442260742188,170.08999633789062,60.864601135253906,22.466346740722656,28.079999923706055,48.849998474121094,49.79999923706055,29.18000030517578
2020-07-09,290.2628479003906,253.64663696289062,129.64700317382812,141.0247344970703,169.6300048828125,60.731605529785156,22.543935775756836,29.260000228881836,53.77000045776367,50.06999969482422,28.40999984741211
2020-07-10,293.22662353515625,255.37844848632812,131.73521423339844,140.3161163330078,169.19000244140625,60.938472747802734,22.50945472717285,27.290000915527344,49.709999084472656,49.189998626708984,29.030000686645508
2020-07-13,290.6875305175781,250.1251983642578,130.06654357910156,140.78004455566406,169.39999389648438,60.60607147216797,22.4749698638916,32.189998626708984,53.40999984741211,49.54999923706055,28.5
2020-07-14,294.4545593261719,251.89559936523438,132.22003173828125,140.9824981689453,170.19000244140625,61.12318420410156,22.43186378479004,29.520000457763672,53.040000915527344,50.810001373291016,28.8799991607666
2020-07-15,297.1597595214844,252.4083251953125,137.0677032470703,140.3245086669922,170.33999633789062,61.470375061035156,22.371517181396484,27.760000228881836,47.04999923706055,47.08000183105469,29.290000915527344
2020-07-16,296.18109130859375,250.68629455566406,136.25665283203125,140.99093627929688,168.72999572753906,61.529449462890625,22.449106216430664,28.0,46.119998931884766,46.43000030517578,29.15999984741211
2020-07-17,297.0397644042969,250.97653198242188,136.65748596191406,140.69566345214844,170.1199951171875,61.69937515258789,22.354272842407227,25.68000030517578,40.220001220703125,45.68000030517578,29.100000381469727
2020-07-20,299.4403381347656,258.0970458984375,136.0701446533203,141.04153442382812,170.94000244140625,62.06877899169922,22.31978988647461,24.459999084472656,42.59000015258789,46.81999969482422,29.1200008392334
2020-07-21,300.0774230957031,255.407470703125,137.99990844726562,141.12591552734375,173.0,62.35688781738281,22.181854248046875,24.84000015258789,41.099998474121094,46.45000076293945,29.719999313354492
2020-07-22,301.7854919433594,256.3072204589844,138.07449340820312,141.54771423339844,175.6300048828125,62.48244857788086,22.12150764465332,24.31999969482422,41.29999923706055,45.31999969482422,29.75
2020-07-23,298.18463134765625,249.61239624023438,138.21429443359375,143.201171875,177.17999267578125,62.43810272216797,22.07840347290039,26.079999923706055,43.83000183105469,43.93000030517578,29.40999984741211
2020-07-24,296.2641906738281,247.24215698242188,136.18202209472656,143.1927947998047,178.6999969482422,62.497196197509766,21.983572006225586,25.84000015258789,42.349998474121094,42.47999954223633,29.440000534057617
2020-07-27,298.42474365234375,251.65370178222656,137.59906005859375,142.66127014160156,182.22999572753906,62.64496612548828,21.819772720336914,24.739999771118164,41.369998931884766,42.61000061035156,29.719999313354492
2020-07-28,296.531982421875,248.4514617919922,136.22866821289062,143.64825439453125,183.75,62.48244857788086,21.854257583618164,25.440000534057617,41.09000015258789,41.27000045776367,29.350000381469727
2020-07-29,300.1789245605469,251.3151092529297,139.23046875,143.40370178222656,185.1300048828125,62.82963180541992,21.750804901123047,24.100000381469727,39.58000183105469,41.630001068115234,29.56999969482422
2020-07-30,299.1079406738281,252.630859375,138.680419921875,144.34852600097656,183.75999450683594,62.96265411376953,21.664592742919922,24.760000228881836,42.060001373291016,40.65999984741211,28.93000030517578
2020-07-31,301.47149658203125,257.13922119140625,137.3752899169922,144.25567626953125,185.42999267578125,63.0808219909668,21.79391098022461,24.459999084472656,44.43000030517578,41.97999954223633,29.06999969482422
2020-08-03,303.56744384765625,260.6123352050781,139.61270141601562,143.5293731689453,185.63999938964844,63.09638214111328,21.79391098022461,24.280000686645508,41.560001373291016,43.130001068115234,29.34000015258789
2020-08-04,304.73992919921875,261.57977294921875,140.5728759765625,144.8975830078125,189.58999633789062,63.07415008544922,21.716320037841797,23.760000228881836,40.279998779296875,44.11000061035156,29.780000686645508
2020-08-05,306.6327209472656,262.2280578613281,143.36959838867188,143.6307373046875,191.35000610351562,63.185386657714844,21.621488571166992,22.989999771118164,37.119998931884766,41.75,30.229999542236328
2020-08-06,308.6824035644531,265.7010803222656,143.31369018554688,144.43309020996094,193.88999938964844,63.32628631591797,21.621488571166992,22.649999618530273,37.59000015258789,42.599998474121094,30.18000030517578
2020-08-07,308.9040222167969,262.63421630859375,145.58837890625,143.4702911376953,190.80999755859375,63.17056655883789,21.750804901123047,22.209999084472656,37.43000030517578,41.459999084472656,29.850000381469727
2020-08-10,309.82733154296875,261.5120544433594,147.09860229492188,142.82843017578125,190.14999389648438,63.20024108886719,21.785289764404297,22.1299991607666,35.7400016784668,42.209999084472656,30.15999984741211
2020-08-11,307.2698059082031,256.5586242675781,146.250244140625,141.1309051513672,179.94000244140625,62.62910842895508,21.819772720336914,24.030000686645508,37.5,45.2599983215332,29.81999969482422
2020-08-12,311.5539245605469,263.0115661621094,146.84686279296875,139.8472442626953,179.10000610351562,62.64398193359375,21.750804901123047,22.280000686645508,34.7400016784668,44.22999954223633,30.559999465942383
2020-08-13,310.99066162109375,263.61138916015625,146.53924560546875,138.35235595703125,183.3300018310547,62.47336959838867,21.742183685302734,22.1299991607666,34.869998931884766,45.08000183105469,30.399999618530273
2020-08-14,310.9999084472656,263.3019104003906,146.44601440429688,137.81187438964844,182.5399932861328,62.36209487915039,21.707700729370117,22.049999237060547,35.099998474121094,43.09000015258789,30.329999923706055
2020-08-17,311.98785400390625,266.3589782714844,147.20114135742188,138.15811157226562,186.5,62.73295211791992,21.61286735534668,21.350000381469727,32.43000030517578,45.810001373291016,30.770000457763672
2020-08-18,312.6617736816406,268.9227294921875,145.79345703125,139.14622497558594,188.17999267578125,62.82933807373047,21.49217414855957,21.510000228881836,31.700000762939453,46.060001373291016,30.600000381469727
2020-08-19,311.3599548339844,267.1136474609375,145.80274963378906,138.2763214111328,182.24000549316406,62.65135192871094,21.664592742919922,22.540000915527344,32.849998474121094,44.599998474121094,30.65999984741211
2020-08-20,312.3294677734375,270.8189697265625,145.20614624023438,139.52627563476562,183.5,62.85907745361328,21.604246139526367,22.719999313354492,32.83000183105469,44.58000183105469,30.520000457763672
2020-08-21,313.43743896484375,272.69580078125,144.13409423828125,140.3623809814453,182.02999877929688,62.851654052734375,21.707700729370117,22.540000915527344,33.68000030517578,45.13999938964844,30.18000030517578
2020-08-24,316.6134338378906,274.3985290527344,145.64430236816406,140.1343231201172,181.0,63.140892028808594,21.742183685302734,22.3700008392334,32.25,46.33000183105469,30.350000381469727
2020-08-25,317.7214050292969,276.5559387207031,145.80274963378906,139.06179809570312,181.22000122070312,63.207637786865234,21.664592742919922,22.030000686645508,33.029998779296875,47.88999938964844,30.920000076293945
2020-08-26,320.9067687988281,282.4574279785156,144.88919067382812,138.52975463867188,183.36000061035156,63.20024108886719,21.638729095458984,23.270000457763672,33.790000915527344,47.9900016784668,30.93000030517578
2020-08-27,321.60845947265625,281.5770568847656,145.24343872070312,136.1734619140625,181.24000549316406,63.10380935668945,21.664592742919922,24.469999313354492,33.7400016784668,49.290000915527344,30.670000076293945
2020-08-28,323.685791015625,283.0088195800781,146.47398376464844,136.07212829589844,184.38999938964844,63.15570831298828,21.49217414855957,22.959999084472656,32.060001373291016,48.189998626708984,30.719999313354492
2020-08-31,322.51324462890625,285.28228759765625,144.8985137939453,136.97579956054688,184.8300018310547,63.066741943359375,21.466310501098633,26.40999984741211,32.59000015258789,47.02000045776367,30.579999923706055
2020-09-01,325.5509033203125,290.15826416015625,146.5579071044922,138.54249572753906,185.0500030517578,63.40999984741211,21.509416580200195,26.1200008392334,31.739999771118164,44.29999923706055,30.610000610351562
2020-09-02,330.2596435546875,292.9059143066406,147.7231903076172,139.86141967773438,182.6199951171875,63.4844856262207,21.587005615234375,26.56999969482422,35.4900016784668,44.86000061035156,29.860000610351562
2020-09-03,318.8939514160156,278.05560302734375,143.3603057861328,140.2587890625,181.13999938964844,63.08980178833008,21.595624923706055,33.599998474121094,41.279998779296875,45.7599983215332,29.639999389648438
2020-09-04,316.2903137207031,274.35015869140625,142.44671630859375,137.5955352783203,181.63999938964844,62.91852569580078,21.630111694335938,30.75,44.02000045776367,47.040000915527344,28.510000228881836
2020-09-08,307.6483154296875,261.1637878417969,139.70594787597656,138.44102478027344,181.2899932861328,62.56852722167969,21.742183685302734,31.459999084472656,55.900001525878906,50.68000030517578,26.75
2020-09-09,313.7236022949219,268.8356628417969,141.82208251953125,138.0689697265625,183.0500030517578,63.060028076171875,21.707700729370117,28.809999465942383,49.41999816894531,48.81999969482422,27.40999984741211
2020-09-10,308.27618408203125,263.47601318359375,139.9762725830078,138.7707977294922,182.4600067138672,62.762168884277344,21.750804901123047,29.709999084472656,52.15999984741211,45.209999084472656,26.790000915527344
2020-09-11,308.43304443359375,261.6475524902344,139.04400634765625,139.06668090820312,182.4499969482422,62.88874053955078,21.707700729370117,26.8700008392334,50.130001068115234,43.119998931884766,27.040000915527344
2020-09-14,312.49554443359375,266.2041931152344,142.70774841308594,139.05821228027344,183.88999938964844,62.821712493896484,21.655973434448242,25.850000381469727,49.40999984741211,44.209999084472656,26.940000534057617
2020-09-15,314.0744323730469,269.977294921875,142.9781036376953,138.7200164794922,183.4499969482422,62.99299240112305,21.673213958740234,25.59000015258789,45.189998626708984,43.060001373291016,27.520000457763672
2020-09-16,312.8279724121094,265.6720886230469,144.32984924316406,138.30577087402344,183.97000122070312,62.99299240112305,21.699079513549805,26.040000915527344,41.130001068115234,42.43000030517578,28.700000762939453
2020-09-17,310.0765686035156,261.52178955078125,143.2763671875,138.72845458984375,182.9600067138672,62.925960540771484,21.621488571166992,26.459999084472656,38.72999954223633,38.45000076293945,29.229999542236328
2020-09-18,306.5068054199219,258.1840515136719,142.9034881591797,138.2973175048828,183.1999969482422,62.769615173339844,21.647350311279297,25.829999923706055,39.06999969482422,37.2400016784668,29.059999465942383
2020-09-21,303.09552001953125,258.8031921386719,137.89736938476562,138.99903869628906,179.52000427246094,62.26319885253906,21.802532196044922,27.780000686645508,42.88999938964844,38.630001068115234,28.290000915527344
2020-09-22,306.1822509765625,263.61138916015625,138.9600830078125,138.88914489746094,178.64999389648438,62.47916793823242,21.880117416381836,26.860000610351562,41.279998779296875,39.349998474121094,28.170000076293945
2020-09-23,299.0817565917969,255.56228637695312,134.82017517089844,139.0751953125,174.7899932861328,61.84619903564453,22.000812530517578,28.579999923706055,44.63999938964844,38.630001068115234,28.030000686645508
2020-09-24,299.87884521484375,256.75225830078125,134.82017517089844,139.60781860351562,175.44000244140625,61.883419036865234,21.96632957458496,28.510000228881836,42.880001068115234,37.220001220703125,28.5
2020-09-25,304.7270202636719,262.7214660644531,137.00994873046875,139.60781860351562,174.94000244140625,61.77170944213867,22.026676177978516,26.3799991607666,41.40999984741211,36.970001220703125,28.350000381469727
2020-09-28,309.7882385253906,268.1778259277344,140.38819885253906,139.21034240722656,176.6999969482422,62.17387390136719,21.95770835876465,26.190000534057617,40.63999938964844,37.400001525878906,28.690000534057617
2020-09-29,308.10113525390625,266.9685363769531,139.75180053710938,139.37103271484375,178.19000244140625,62.225975036621094,21.854257583618164,26.270000457763672,46.130001068115234,36.619998931884766,27.700000762939453
2020-09-30,310.43719482421875,268.7969970703125,140.1728973388672,138.03512573242188,177.1199951171875,62.47916793823242,21.854257583618164,26.3700008392334,44.0,39.209999084472656,28.290000915527344
2020-10-01,312.43017578125,273.0635070800781,142.4094696044922,138.26290893554688,178.6999969482422,62.69384765625,21.819772720336914,26.700000762939453,49.349998474121094,38.650001525878906,27.510000228881836
2020-10-02,309.4638671875,265.3818359375,143.03648376464844,137.74652099609375,178.5399932861328,62.69384765625,21.871498107910156,27.6299991607666,55.5099983215332,39.970001220703125,26.350000381469727
2020-10-05,314.9515686035156,271.0414123535156,146.9854736328125,135.0550537109375,179.41000366210938,63.164974212646484,21.776668548583984,27.959999084472656,49.439998626708984,39.810001373291016,27.93000030517578
2020-10-06,310.47430419921875,266.2041931152344,146.56436157226562,135.7830047607422,177.3000030517578,63.022857666015625,21.837013244628906,29.479999542236328,46.599998474121094,57.75,28.389999389648438
2020-10-07,315.87860107421875,270.809326171875,149.76480102539062,134.79278564453125,177.22000122070312,63.247230529785156,21.8111515045166,28.059999465942383,45.5,56.97999954223633,28.389999389648438
2020-10-08,318.6780700683594,272.25079345703125,151.46792602539062,135.52061462402344,177.85000610351562,63.3892936706543,21.802532196044922,26.360000610351562,41.150001525878906,57.310001373291016,29.139999389648438
2020-10-09,321.52386474609375,276.41082763671875,152.25401306152344,135.4951629638672,181.0800018310547,63.53141403198242,21.673213958740234,25.0,42.380001068115234,57.52000045776367,28.690000534057617
2020-10-12,326.6964416503906,284.9438781738281,153.2740936279297,135.9268798828125,180.55999755859375,63.85297393798828,21.647350311279297,25.06999969482422,44.040000915527344,,28.06999969482422
2020-10-13,324.56439208984375,284.9340515136719,152.25401306152344,136.900146484375,177.72000122070312,63.56880187988281,21.776668548583984,26.06999969482422,46.06999969482422,55.59000015258789,28.459999084472656
2020-10-14,322.52496337890625,282.5541687011719,150.74742126464844,137.21334838867188,178.27000427246094,63.411746978759766,21.724943161010742,26.399999618530273,43.529998779296875,53.5,28.979999542236328
2020-10-15,322.12640380859375,280.6579895019531,152.3008270263672,136.97634887695312,178.9199981689453,63.366905212402344,21.828392028808594,26.969999313354492,43.83000183105469,55.619998931884766,28.940000534057617
2020-10-16,321.93170166015625,279.1197509765625,151.92648315429688,136.59544372558594,178.3000030517578,63.2921142578125,21.802532196044922,27.40999984741211,44.060001373291016,57.25,28.719999313354492
2020-10-19,317.03729248046875,274.56304931640625,150.111083984375,136.07920837402344,178.38999938964844,63.0677604675293,21.733562469482422,29.18000030517578,43.349998474121094,61.15999984741211,28.59000015258789
2020-10-20,318.3072509765625,275.1531066894531,150.43858337402344,134.7842559814453,179.25,63.2921142578125,21.664592742919922,29.350000381469727,43.849998474121094,60.41999816894531,29.049999237060547
2020-10-21,317.7047119140625,274.9403076171875,149.14720153808594,134.3187713623047,180.60000610351562,63.28464889526367,21.552520751953125,28.649999618530273,47.58000183105469,59.06999969482422,28.100000381469727
2020-10-22,319.44744873046875,274.9305725097656,151.7206573486328,132.92222595214844,178.8300018310547,63.39678192138672,21.638729095458984,28.110000610351562,46.61000061035156,59.72999954223633,28.510000228881836
2020-10-23,320.53204345703125,275.47235107421875,152.60028076171875,133.73477172851562,178.63999938964844,63.47157669067383,21.587005615234375,27.549999237060547,46.31999969482422,58.459999084472656,27.8799991607666
2020-10-26,314.608642578125,271.34136962890625,149.30625915527344,134.9789581298828,178.5500030517578,62.910667419433594,21.664592742919922,32.459999084472656,53.04999923706055,58.95000076293945,27.110000610351562
2020-10-27,313.5240478515625,273.4600830078125,148.0242156982422,135.88455200195312,179.02000427246094,62.94063949584961,21.621488571166992,33.349998474121094,50.220001220703125,57.880001068115234,27.690000534057617
2020-10-28,302.8080749511719,262.7987976074219,143.46690368652344,136.011474609375,176.1300048828125,62.41708755493164,21.759424209594727,40.279998779296875,59.61000061035156,57.130001068115234,26.309999465942383
2020-10-29,305.88568115234375,267.3941955566406,145.179443359375,134.691162109375,175.39999389648438,62.59660339355469,21.84563636779785,37.59000015258789,63.380001068115234,61.29999923706055,25.600000381469727
2020-10-30,302.6968994140625,260.6123352050781,143.26104736328125,133.3624267578125,176.1999969482422,62.731197357177734,21.871498107910156,38.02000045776367,68.83999633789062,61.90999984741211,25.25
2020-11-02,306.0896301269531,261.19281005859375,145.81573486328125,134.3612823486328,177.91000366210938,62.88066101074219,21.897361755371094,37.130001068115234,66.7300033569336,63.560001373291016,26.260000228881836
2020-11-03,311.4939270019531,265.7107849121094,149.95199584960938,133.58187866210938,178.9199981689453,63.421451568603516,21.776668548583984,35.54999923706055,63.630001068115234,64.37000274658203,26.719999313354492
2020-11-04,318.4555358886719,277.57171630859375,150.1204376220703,136.47950744628906,178.82000732421875,64.01480102539062,21.742183685302734,29.56999969482422,54.529998779296875,47.7400016784668,27.440000534057617
2020-11-05,324.6663818359375,284.808349609375,154.32212829589844,136.7167205810547,182.92999267578125,64.2401351928711,21.5352783203125,27.579999923706055,53.689998626708984,43.7599983215332,27.15999984741211
2020-11-06,324.5921630859375,285.0211486816406,153.114990234375,135.0645294189453,183.19000244140625,64.01480102539062,21.457687377929688,24.860000610351562,55.75,39.880001068115234,26.469999313354492
2020-11-09,328.6708679199219,279.19708251953125,158.6642608642578,132.2262420654297,175.0800018310547,64.50301361083984,21.595624923706055,25.75,52.20000076293945,44.939998626708984,28.06999969482422
2020-11-10,328.18890380859375,274.1954345703125,161.6119842529297,131.46360778808594,175.66000366210938,64.4128646850586,21.595624923706055,24.799999237060547,49.63999938964844,46.189998626708984,28.90999984741211
2020-11-11,330.6269226074219,280.32904052734375,161.54649353027344,131.93807983398438,174.89999389648438,64.3903579711914,21.621488571166992,23.450000762939453,49.2400016784668,,29.040000915527344
2020-11-12,327.41949462890625,279.0132751464844,159.06663513183594,134.1833953857422,175.9600067138672,63.954689025878906,21.621488571166992,25.350000381469727,50.900001525878906,44.16999816894531,28.65999984741211
2020-11-13,331.9524841308594,281.4609680175781,162.36065673828125,134.00543212890625,177.16000366210938,64.17252349853516,21.57838249206543,23.100000381469727,48.2400016784668,42.95000076293945,28.1299991607666
2020-11-16,336.09600830078125,283.6570129394531,166.22549438476562,133.6834716796875,177.14999389648438,64.53305053710938,21.526657104492188,22.450000762939453,46.88999938964844,42.4900016784668,28.809999465942383
2020-11-17,334.2884521484375,282.75726318359375,167.00218200683594,134.55618286132812,176.5,64.55558776855469,21.49217414855957,22.709999084472656,45.08000183105469,43.08000183105469,28.8700008392334
2020-11-18,330.2654113769531,280.6675720214844,164.6627197265625,134.94589233398438,175.49000549316406,64.43543243408203,21.500795364379883,23.84000015258789,46.060001373291016,43.619998931884766,29.0
2020-11-19,331.6558837890625,282.86370849609375,165.92601013183594,135.64073181152344,175.16000366210938,64.65324401855469,21.466310501098633,23.110000610351562,46.34000015258789,43.529998779296875,29.09000015258789
2020-11-20,329.3846435546875,280.9288024902344,166.10386657714844,136.8438720703125,175.69000244140625,64.53305053710938,21.49217414855957,23.700000762939453,43.939998626708984,42.310001373291016,29.270000457763672
2020-11-23,331.359130859375,280.93853759765625,169.21067810058594,136.21681213378906,172.22999572753906,64.63070678710938,21.526657104492188,22.65999984741211,42.790000915527344,43.040000915527344,29.520000457763672
2020-11-24,336.6986389160156,284.8857727050781,172.3923797607422,134.86117553710938,169.58999633789062,64.82597351074219,21.423206329345703,21.639999389648438,42.84000015258789,42.380001068115234,30.799999237060547
2020-11-25,336.1794738769531,286.63677978515625,171.80284118652344,134.446044921875,169.50999450683594,64.79595947265625,21.388721466064453,21.25,43.560001373291016,39.619998931884766,31.3700008392334
2020-11-27,337.11572265625,289.27801513671875,172.5327606201172,135.75082397460938,167.7899932861328,64.90107727050781,21.345617294311523,20.84000015258789,46.209999084472656,39.63999938964844,31.219999313354492
2020-11-30,335.6232604980469,289.86810302734375,169.39784240722656,135.5813751220703,166.6699981689453,64.83348083496094,21.397342681884766,20.56999969482422,47.369998931884766,40.84000015258789,30.969999313354492
2020-12-01,339.2941589355469,293.5831298828125,170.969970703125,133.5823516845703,170.17999267578125,65.00012969970703,21.20768165588379,20.770000457763672,47.810001373291016,41.529998779296875,30.6200008392334
2020-12-02,340.0080261230469,293.9603576660156,171.1477508544922,132.5221710205078,171.4600067138672,65.18110656738281,21.18181800842285,21.170000076293945,45.68000030517578,43.91999816894531,30.969999313354492
2020-12-03,339.9151306152344,294.3764343261719,172.1116485595703,133.5907745361328,172.80999755859375,65.21880340576172,21.069746017456055,21.280000686645508,40.95000076293945,42.529998779296875,31.25
2020-12-04,342.8445129394531,295.5760192871094,176.11685180664062,131.631591796875,172.32000732421875,65.4902572631836,21.095605850219727,20.790000915527344,38.34000015258789,43.88999938964844,31.559999465942383
2020-12-07,342.13995361328125,297.2497253417969,176.2852783203125,132.8189697265625,174.88999938964844,65.46009063720703,21.130090713500977,21.299999237060547,37.68000030517578,49.66999816894531,31.399999618530273
2020-12-08,343.14111328125,298.25592041015625,178.54989624023438,133.4465789794922,175.5,65.4073257446289,21.155954360961914,20.68000030517578,37.70000076293945,49.099998474121094,31.40999984741211
2020-12-09,340.06353759765625,291.5031433105469,177.2491912841797,133.00559997558594,172.5,65.30931091308594,21.164573669433594,22.270000457763672,39.52000045776367,48.47999954223633,31.34000015258789
2020-12-10,339.95233154296875,292.67364501953125,178.96165466308594,134.18455505371094,172.1699981689453,65.42994689941406,21.10422706604004,22.520000457763672,39.70000076293945,47.150001525878906,32.11000061035156
2020-12-11,339.55364990234375,292.0255126953125,178.08201599121094,134.65948486328125,172.49000549316406,65.3620834350586,21.155954360961914,23.309999465942383,39.5099983215332,47.52000045776367,31.940000534057617
2020-12-14,338.03338623046875,294.144287109375,178.29042053222656,134.28627014160156,171.5399932861328,65.37714385986328,21.095605850219727,24.719999313354492,39.959999084472656,49.220001220703125,32.16999816894531
2020-12-15,342.6034851074219,297.2884521484375,182.74929809570312,133.83677673339844,173.94000244140625,65.58076477050781,21.026639938354492,22.889999389648438,39.34000015258789,48.13999938964844,32.540000915527344
2020-12-16,343.14111328125,298.92352294921875,182.09219360351562,133.4805908203125,174.89999389648438,65.48272705078125,21.000778198242188,22.5,38.68000030517578,46.959999084472656,32.7400016784668
2020-12-17,345.0599365234375,300.87774658203125,184.2606201171875,133.12733459472656,176.74000549316406,65.58043670654297,20.888704299926758,21.93000030517578,36.86000061035156,44.150001525878906,33.15999984741211
2020-12-18,343.6822204589844,299.9682922363281,183.368896484375,132.7283477783203,176.44000244140625,65.6333999633789,20.914567947387695,21.56999969482422,37.150001525878906,44.63999938964844,33.47999954223633
2020-12-21,342.453369140625,299.4070739746094,183.27503967285156,133.2547149658203,175.8800048828125,65.39869689941406,20.957672119140625,25.15999984741211,41.560001373291016,46.65999984741211,32.63999938964844
2020-12-22,341.8761901855469,300.22125244140625,185.35891723632812,133.94241333007812,174.49000549316406,65.4819564819336,21.069746017456055,24.229999542236328,42.060001373291016,43.56999969482422,32.09000015258789
2020-12-23,342.18341064453125,298.7092590332031,186.9359893798828,133.01698303222656,175.64999389648438,65.77730560302734,20.974912643432617,23.309999465942383,39.88999938964844,42.7400016784668,32.75
2020-12-24,343.51458740234375,300.02752685546875,186.81396484375,133.54331970214844,176.35000610351562,65.91355895996094,20.992156982421875,21.530000686645508,39.40999984741211,42.11000061035156,32.91999816894531
2020-12-28,346.46575927734375,303.05133056640625,186.11932373046875,133.6028289794922,175.7100067138672,65.99691009521484,20.992156982421875,21.700000762939453,39.66999816894531,45.2599983215332,32.59000015258789
2020-12-29,345.80474853515625,303.32275390625,182.51461791992188,133.43299865722656,176.35000610351562,65.91355895996094,20.923189163208008,23.079999923706055,38.63999938964844,46.099998474121094,32.779998779296875
2020-12-30,346.29815673828125,303.3323059082031,184.37327575683594,133.7217254638672,177.6999969482422,66.04985809326172,20.836977005004883,22.770000457763672,38.0099983215332,47.189998626708984,32.90999984741211
2020-12-31,348.05755615234375,304.07861328125,184.04473876953125,133.91696166992188,178.36000061035156,66.10283660888672,20.89732551574707,22.75,37.83000183105469,48.97999954223633,33.0099983215332
2021-01-04,343.3191223144531,299.7851257324219,181.64163208007812,133.755615234375,182.3300018310547,65.9665756225586,20.914567947387695,26.969999313354492,42.119998931884766,49.59000015258789,32.380001068115234
2021-01-05,345.6836853027344,302.2565612792969,184.4484100341797,132.76226806640625,182.8699951171875,65.98930358886719,20.793872833251953,25.34000015258789,40.38999938964844,48.95000076293945,33.939998626708984
2021-01-06,347.7503356933594,298.0696105957031,191.9956817626953,130.03689575195312,179.89999389648438,65.8681640625,20.768009185791016,25.06999969482422,39.310001373291016,44.63999938964844,34.11000061035156
2021-01-07,352.9171142578125,305.28045654296875,195.41259765625,128.89068603515625,179.47999572753906,66.05744171142578,20.888704299926758,22.3700008392334,36.060001373291016,45.20000076293945,34.529998779296875
2021-01-08,354.92779541015625,309.20574951171875,194.99017333984375,128.4746856689453,173.33999633789062,66.1558837890625,20.923189163208008,21.559999465942383,36.650001525878906,44.810001373291016,35.43000030517578
2021-01-11,352.5354309082031,304.73773193359375,194.82118225097656,128.26242065429688,173.0,65.80001831054688,21.052501678466797,24.079999923706055,35.310001373291016,47.77000045776367,35.2599983215332
2021-01-12,352.6098937988281,304.2530517578125,198.31324768066406,128.16055297851562,174.1199951171875,65.88328552246094,20.9404296875,23.329999923706055,33.849998474121094,50.119998931884766,35.900001525878906
2021-01-13,353.55938720703125,306.307861328125,196.895751953125,129.60382080078125,173.3699951171875,66.08014678955078,21.009397506713867,22.209999084472656,36.790000915527344,45.599998474121094,35.79999923706055
2021-01-14,352.3212585449219,304.6698913574219,200.82896423339844,128.38980102539062,173.27999877929688,66.06502532958984,20.966293334960938,23.25,37.95000076293945,46.22999954223633,36.2400016784668
2021-01-15,349.7518615722656,302.2565612792969,197.83448791503906,128.89915466308594,171.1300048828125,65.95901489257812,21.10422706604004,24.34000015258789,40.38999938964844,45.13999938964844,35.34000015258789
2021-01-19,352.4981384277344,306.6665344238281,200.36903381347656,129.31527709960938,172.5800018310547,66.1482925415039,21.043882369995117,23.239999771118164,35.369998931884766,45.22999954223633,35.75
2021-01-20,357.3763122558594,313.79986572265625,201.2513885498047,129.442626953125,175.38999938964844,66.26945495605469,21.035259246826172,21.579999923706055,35.66999816894531,42.529998779296875,35.790000915527344
2021-01-21,357.7020568847656,316.30999755859375,199.50540161132812,128.53414916992188,175.27999877929688,66.23160552978516,20.9404296875,21.31999969482422,35.04999923706055,43.0099983215332,35.7599983215332
2021-01-22,356.4360046386719,315.3990478515625,201.8240203857422,128.9501495361328,173.89999389648438,66.10283660888672,20.98353385925293,21.90999984741211,36.25,43.09000015258789,35.22999954223633
2021-01-25,357.8416748046875,318.0061950683594,201.62689208984375,130.46994018554688,174.0500030517578,66.11800384521484,21.009397506713867,23.190000534057617,38.02000045776367,43.08000183105469,35.59000015258789
2021-01-26,357.2831115722656,318.47137451171875,200.22821044921875,130.22364807128906,173.6199951171875,66.01956939697266,20.949050903320312,23.020000457763672,37.130001068115234,43.13999938964844,35.45000076293945
2021-01-27,348.55096435546875,309.5934753417969,196.55783081054688,130.55479431152344,172.52000427246094,65.83028411865234,21.078367233276367,37.209999084472656,40.209999084472656,44.15999984741211,35.5
2021-01-28,351.548583984375,311.4253234863281,195.92889404296875,129.83316040039062,172.67999267578125,66.02713012695312,21.026639938354492,30.209999084472656,40.45000076293945,45.529998779296875,35.25
2021-01-29,344.51068115234375,304.87347412109375,192.96255493164062,129.052001953125,172.61000061035156,65.85298919677734,21.052501678466797,33.09000015258789,40.20000076293945,47.40999984741211,35.18000030517578
2021-02-01,350.24530029296875,312.49139404296875,197.70303344726562,129.20159912109375,174.22999572753906,66.06428527832031,21.155954360961914,30.239999771118164,39.15999984741211,46.279998779296875,36.119998931884766
2021-02-02,355.1978759765625,317.58941650390625,200.5192413330078,128.36866760253906,172.11000061035156,66.22389221191406,21.18181800842285,25.559999465942383,38.619998931884766,45.90999984741211,36.81999969482422
2021-02-03,355.4771423339844,316.3294677734375,201.12002563476562,127.22953033447266,171.85000610351562,66.277099609375,21.173194885253906,22.90999984741211,37.11000061035156,46.93000030517578,37.439998626708984
2021-02-04,359.51739501953125,320.0706787109375,205.22216796875,126.88961029052734,168.14999389648438,66.41386413574219,21.26802635192871,21.770000457763672,35.369998931884766,47.25,37.810001373291016
2021-02-05,360.93243408203125,321.1561279296875,208.06646728515625,125.8270492553711,169.80999755859375,66.51265716552734,21.147335052490234,20.8700008392334,34.939998626708984,47.20000076293945,38.189998626708984
2021-02-08,363.5389709472656,323.3076477050781,213.379638671875,126.37954711914062,171.52000427246094,66.71026611328125,21.138713836669922,21.239999771118164,34.47999954223633,48.45000076293945,38.939998626708984
2021-02-09,363.2969970703125,323.2399597167969,214.38404846191406,126.47309112548828,172.0800018310547,66.58865356445312,21.026639938354492,21.6299991607666,33.540000915527344,46.75,39.16999816894531
2021-02-10,363.1387023925781,322.5032958984375,212.9759979248047,127.31462097167969,172.7100067138672,66.57345581054688,21.01801872253418,21.989999771118164,33.77000045776367,46.27000045776367,39.279998779296875
2021-02-11,363.72515869140625,324.27691650390625,212.73193359375,126.61760711669922,171.2100067138672,66.60383605957031,21.009397506713867,21.25,34.33000183105469,45.95000076293945,38.970001220703125
2021-02-12,365.52197265625,326.0893859863281,213.3326873779297,125.04505920410156,170.69000244140625,66.71026611328125,21.026639938354492,19.969999313354492,34.25,47.0099983215332,39.939998626708984
2021-02-16,365.2054138183594,325.20745849609375,211.99034118652344,123.14104461669922,168.24000549316406,66.60383605957031,21.026639938354492,21.459999084472656,35.130001068115234,56.779998779296875,40.45000076293945
2021-02-17,365.2891845703125,323.64703369140625,210.3288116455078,123.92305755615234,166.3300018310547,66.5810546875,21.112850189208984,21.5,36.900001525878906,55.970001220703125,40.88999938964844
2021-02-18,363.7345275878906,322.23193359375,207.07144165039062,123.42157745361328,166.32000732421875,66.4898681640625,21.043882369995117,22.489999771118164,37.900001525878906,56.119998931884766,40.27000045776367
2021-02-19,363.0921936035156,320.8265686035156,211.38954162597656,121.781005859375,167.00999450683594,66.49746704101562,20.992156982421875,22.049999237060547,37.7599983215332,60.43000030517578,39.68000030517578
2021-02-22,360.29937744140625,312.5108947753906,210.01902770996094,120.8545150756836,169.50999450683594,66.29225158691406,20.93181037902832,23.450000762939453,38.56999969482422,62.41999816894531,41.279998779296875
2021-02-23,360.7368469238281,311.580322265625,208.1697540283203,120.50601959228516,169.1199951171875,66.45183563232422,20.949050903320312,23.110000610351562,39.75,61.72999954223633,41.619998931884766
2021-02-24,364.7119445800781,314.1488037109375,213.088623046875,119.71549224853516,169.0,66.520263671875,20.914567947387695,21.34000015258789,39.58000183105469,61.91999816894531,42.5
2021-02-25,355.9239501953125,303.1966857910156,205.2127685546875,117.76044464111328,165.82000732421875,65.88947296142578,20.98353385925293,28.889999389648438,40.58000183105469,74.16000366210938,42.459999084472656
2021-02-26,354.090087890625,304.4663391113281,204.93118286132812,121.65351104736328,161.80999755859375,65.69188690185547,21.138713836669922,27.950000762939453,42.4900016784668,75.66000366210938,41.310001373291016
2021-03-01,362.6732482910156,313.6253662109375,212.2156219482422,120.04678344726562,161.52999877929688,66.42937469482422,21.155954360961914,23.350000381469727,42.560001373291016,68.7300033569336,40.599998474121094
2021-03-02,359.8431396484375,308.5951843261719,208.1322021484375,120.05529022216797,162.41000366210938,66.33023834228516,21.078367233276367,24.100000381469727,40.959999084472656,57.70000076293945,40.06999969482422
2021-03-03,355.0768127441406,299.6397705078125,205.87930297851562,118.75318145751953,160.6199951171875,66.11669921875,21.138713836669922,26.670000076293945,39.83000183105469,65.83000183105469,41.13999938964844
2021-03-04,350.682861328125,294.735595703125,200.1249542236328,117.98724365234375,159.0399932861328,65.8650131225586,21.276647567749023,28.56999969482422,37.27000045776367,68.12999725341797,43.06999969482422
2021-03-05,357.13421630859375,299.1744079589844,204.36795043945312,118.21707916259766,159.13999938964844,66.06329345703125,21.354238510131836,24.65999984741211,36.61000061035156,69.37000274658203,44.439998626708984
2021-03-08,355.3561096191406,290.70367431640625,205.33482360839844,117.29791259765625,157.49000549316406,65.58283996582031,21.474931716918945,25.469999313354492,38.88999938964844,71.6500015258789,43.5
2021-03-09,360.4297180175781,302.1693420410156,209.65292358398438,118.92343139648438,160.83999633789062,65.67436218261719,21.354238510131836,24.030000686645508,37.970001220703125,67.44000244140625,43.11000061035156
2021-03-10,362.6732482910156,301.3067626953125,213.29515075683594,119.16171264648438,161.66000366210938,65.88027954101562,21.319753646850586,22.559999465942383,37.560001373291016,63.189998626708984,43.7400016784668
2021-03-11,366.35040283203125,308.2463073730469,217.98876953125,118.30215454101562,161.52000427246094,66.12432861328125,21.21630096435547,21.90999984741211,37.86000061035156,63.900001525878906,44.599998474121094
2021-03-12,366.84381103515625,305.7456970214844,219.2747802734375,115.79158782958984,161.49000549316406,65.94126892089844,21.28527069091797,20.690000534057617,37.5099983215332,70.83000183105469,44.349998474121094
2021-03-15,369.0315246582031,309.01202392578125,220.0539093017578,116.47245788574219,162.1999969482422,65.94892883300781,21.32837677001953,20.030000686645508,39.380001068115234,70.79000091552734,44.2599983215332
2021-03-16,368.56597900390625,310.7080383300781,216.37417602539062,116.0043716430664,162.35000610351562,65.7963638305664,21.32837677001953,19.790000915527344,39.099998474121094,70.80999755859375,43.83000183105469
2021-03-17,369.8228759765625,311.9874267578125,218.07322692871094,115.13631439208984,163.50999450683594,65.88788604736328,21.22492218017578,19.229999542236328,37.400001525878906,66.75,43.81999969482422
2021-03-18,364.4421081542969,302.4310302734375,211.4365234375,113.97039031982422,162.55999755859375,65.38452911376953,21.354238510131836,21.579999923706055,48.439998626708984,70.4800033569336,40.470001220703125
2021-03-19,363.76763916015625,303.49713134765625,213.0323028564453,114.67676544189453,163.24000549316406,65.63619232177734,21.36285972595215,20.950000762939453,44.380001068115234,68.80000305175781,41.77000045776367
2021-03-22,366.6723327636719,309.18878173828125,211.42709350585938,115.96179962158203,163.0,65.8726577758789,21.319753646850586,18.8799991607666,40.279998779296875,67.62000274658203,41.709999084472656
2021-03-23,363.7863464355469,307.8398742675781,203.75778198242188,117.00857543945312,161.80999755859375,65.94126892089844,21.44906997680664,20.299999237060547,48.619998931884766,60.77000045776367,39.369998931884766
2021-03-24,361.93707275390625,302.6480712890625,199.04539489746094,117.63835906982422,162.3699951171875,65.97941589355469,21.500795364379883,21.200000762939453,64.91000366210938,60.709999084472656,41.45000076293945
2021-03-25,363.97320556640625,302.1239318847656,203.76475524902344,116.71073150634766,161.77999877929688,66.09381866455078,21.56114387512207,19.809999465942383,49.880001068115234,59.540000915527344,39.88999938964844
2021-03-26,369.8385314941406,306.65594482421875,207.47970581054688,116.30225372314453,162.24000549316406,66.2920913696289,21.5352783203125,18.860000610351562,44.93000030517578,61.4900016784668,41.529998779296875
2021-03-29,369.65179443359375,306.5685729980469,201.63926696777344,115.3150405883789,160.30999755859375,66.33023834228516,21.587005615234375,20.739999771118164,44.15999984741211,65.95999908447266,41.91999816894531
2021-03-30,368.6711120605469,305.0256042480469,205.03439331054688,115.91926574707031,157.57000732421875,66.17008209228516,21.673213958740234,19.610000610351562,41.459999084472656,67.44000244140625,41.16999816894531
2021-03-31,370.16546630859375,309.693359375,207.79005432128906,115.27246856689453,159.9600067138672,66.49039459228516,21.655973434448242,19.399999618530273,45.650001525878906,71.2699966430664,40.529998779296875
2021-04-01,374.1629333496094,314.97265625,210.42340087890625,117.18566131591797,161.97999572753906,66.6312255859375,21.56114387512207,17.329999923706055,40.150001525878906,64.98999786376953,41.84000015258789
2021-04-05,379.5333557128906,321.26092529296875,211.5801544189453,116.67431640625,161.9199981689453,66.66181182861328,21.49217414855957,17.90999984741211,42.0,61.790000915527344,40.279998779296875
2021-04-06,379.3091735839844,321.03765869140625,210.95944213867188,117.4668960571289,163.22000122070312,66.776611328125,21.44045066833496,18.1200008392334,42.40999984741211,60.290000915527344,40.70000076293945
2021-04-07,379.7481384277344,321.81402587890625,207.55490112304688,116.64871215820312,162.75999450683594,66.75364685058594,21.466310501098633,17.15999984741211,41.27000045776367,62.540000915527344,40.86000061035156
2021-04-08,381.55072021484375,325.1716613769531,209.31361389160156,117.61177825927734,164.50999450683594,66.776611328125,21.371482849121094,16.950000762939453,40.70000076293945,60.08000183105469,40.81999969482422
2021-04-09,384.3246154785156,327.1417236328125,209.34181213378906,117.18566131591797,163.27000427246094,66.73072052001953,21.388721466064453,16.690000534057617,39.189998626708984,61.209999084472656,40.63999938964844
2021-04-12,384.4648132324219,326.71478271484375,208.52359008789062,117.134521484375,162.27999877929688,66.66181182861328,21.38010025024414,16.90999984741211,37.040000915527344,63.5,40.900001525878906
2021-04-13,385.60418701171875,330.5284729003906,207.9781036376953,118.01226043701172,163.42999267578125,66.70772552490234,21.302513122558594,16.649999618530273,35.20000076293945,61.20000076293945,41.400001525878906
2021-04-14,384.28729248046875,326.55950927734375,210.0283660888672,117.6373062133789,162.72000122070312,66.67711639404297,21.276647567749023,16.989999771118164,35.70000076293945,60.08000183105469,43.040000915527344
2021-04-15,388.4155578613281,331.5086364746094,210.9406280517578,119.60594177246094,165.35000610351562,66.9449691772461,21.276647567749023,16.56999969482422,34.20000076293945,59.04999923706055,43.27000045776367
2021-04-16,389.71380615234375,331.8968200683594,211.27920532226562,118.67703247070312,166.35000610351562,66.80722045898438,21.25078582763672,16.25,32.790000915527344,62.56999969482422,43.18000030517578
2021-04-19,387.7991027832031,328.85931396484375,208.5330352783203,118.33611297607422,165.88999938964844,66.70011138916016,21.130090713500977,17.290000915527344,35.06999969482422,63.959999084472656,43.31999969482422
2021-04-20,384.95977783203125,326.4623718261719,204.2632293701172,118.88152313232422,166.47999572753906,66.5853042602539,21.164573669433594,18.68000030517578,35.68000030517578,64.3499984741211,42.7400016784668
2021-04-21,388.602294921875,329.2572937011719,209.25718688964844,119.12015533447266,168.1300048828125,66.80722045898438,21.138713836669922,17.5,42.439998626708984,62.27000045776367,41.77000045776367
2021-04-22,385.05316162109375,325.2881774902344,208.39193725585938,119.63995361328125,167.0399932861328,66.68476867675781,21.199058532714844,18.709999084472656,39.38999938964844,59.619998931884766,42.09000015258789
2021-04-23,389.2280578613281,329.38336181640625,212.32315063476562,119.35877227783203,166.39999389648438,66.86078643798828,21.078367233276367,17.329999923706055,38.70000076293945,59.97999954223633,42.459999084472656
2021-04-26,390.04058837890625,331.5281677246094,214.53329467773438,119.1883544921875,166.83999633789062,66.8301773071289,21.078367233276367,17.639999389648438,41.22999954223633,60.97999954223633,42.33000183105469
2021-04-27,389.9565124511719,330.09185791015625,214.85305786132812,118.14862060546875,166.4199981689453,66.73835754394531,21.086986541748047,17.559999465942383,38.439998626708984,60.150001525878906,43.11000061035156
2021-04-28,389.844482421875,328.9757385253906,215.21981811523438,118.22529602050781,166.91000366210938,66.86844635009766,21.009397506713867,17.280000686645508,36.41999816894531,60.310001373291016,43.529998779296875
2021-04-29,392.32891845703125,330.15972900390625,214.42044067382812,117.87596130371094,166.22000122070312,66.9449691772461,21.01801872253418,17.610000610351562,36.369998931884766,59.02000045776367,44.2599983215332
2021-04-30,389.7511291503906,327.99560546875,211.50494384765625,118.14862060546875,165.66000366210938,66.91435241699219,21.190439224243164,18.610000610351562,38.38999938964844,58.130001068115234,43.27000045776367
2021-05-03,390.5917053222656,326.2489013671875,212.53945922851562,118.21949005126953,167.80999755859375,66.94046783447266,21.095605850219727,18.309999465942383,40.150001525878906,57.33000183105469,43.97999954223633
2021-05-04,388.1820373535156,320.37786865234375,210.00013732910156,119.02173614501953,166.5800018310547,66.9020767211914,21.190439224243164,19.479999542236328,37.150001525878906,58.5099983215332,44.869998931884766
2021-05-05,388.30340576171875,319.30059814453125,209.16311645507812,119.2180404663086,167.27000427246094,67.03258514404297,21.18181800842285,19.149999618530273,38.33000183105469,56.93000030517578,44.65999984741211
2021-05-06,391.404296875,321.7073059082031,209.34181213378906,119.4143295288086,170.05999755859375,67.00956726074219,21.078367233276367,18.389999389648438,37.7400016784668,57.75,44.40999984741211
2021-05-07,394.25286865234375,324.31781005859375,211.97515869140625,118.82540130615234,171.58999633789062,67.05562591552734,20.923189163208008,16.690000534057617,37.630001068115234,54.130001068115234,44.43000030517578
2021-05-10,390.3488464355469,316.1272888183594,206.58621215820312,117.62210083007812,172.11000061035156,66.9020767211914,20.923189163208008,19.65999984741211,37.9900016784668,55.47999954223633,44.47999954223633
2021-05-11,386.8650817871094,315.6906433105469,205.9279022216797,116.95639038085938,172.13999938964844,66.83296203613281,20.905946731567383,21.84000015258789,37.93000030517578,58.0099983215332,44.869998931884766
2021-05-12,378.64605712890625,307.5196533203125,199.2410888671875,115.72744750976562,170.42999267578125,66.51049041748047,21.06112289428711,27.59000015258789,36.939998626708984,58.470001220703125,45.220001220703125
2021-05-13,383.1944885253906,309.8971862792969,202.908935546875,115.90666198730469,171.1300048828125,66.74849700927734,21.026639938354492,23.1299991607666,37.939998626708984,56.59000015258789,43.810001373291016
2021-05-14,389.0786437988281,316.73870849609375,207.8652801513672,116.9905014038086,172.69000244140625,66.9635009765625,20.9404296875,18.809999465942383,36.459999084472656,54.9900016784668,44.709999084472656
2021-05-17,388.0885925292969,314.8172302246094,208.14744567871094,116.74298095703125,174.6999969482422,66.84062957763672,20.914567947387695,19.719999313354492,36.41999816894531,58.59000015258789,45.38999938964844
2021-05-18,384.74493408203125,312.6919860839844,206.5673828125,116.44432830810547,175.0399932861328,66.67935943603516,20.819734573364258,21.34000015258789,37.0099983215332,57.18000030517578,44.84000015258789
2021-05-19,383.7362365722656,313.05108642578125,204.9779815673828,116.16267395019531,175.16000366210938,66.50281524658203,20.914567947387695,22.18000030517578,38.81999969482422,57.310001373291016,43.43000030517578
2021-05-20,387.8644104003906,319.1065673828125,206.34169006347656,117.11859893798828,175.9600067138672,66.78692626953125,20.811113357543945,20.670000076293945,39.43000030517578,55.040000915527344,42.47999954223633
2021-05-21,387.5468444824219,317.34033203125,206.8777618408203,117.49407196044922,176.0399932861328,66.88670349121094,20.880083084106445,20.149999618530273,39.34000015258789,54.59000015258789,43.70000076293945
2021-05-24,391.4975891113281,322.67767333984375,208.22267150878906,117.92928314208984,176.35000610351562,66.9635009765625,20.82835578918457,18.399999618530273,35.540000915527344,54.939998626708984,45.02000045776367
2021-05-25,390.629150390625,323.1241149902344,206.2100067138672,119.02173614501953,177.9499969482422,66.97117614746094,20.802492141723633,18.84000015258789,36.22999954223633,53.720001220703125,44.91999816894531
2021-05-26,391.404296875,324.2497863769531,210.0565948486328,118.8169174194336,177.63999938964844,66.9942398071289,20.880083084106445,17.360000610351562,33.88999938964844,52.81999969482422,45.20000076293945
2021-05-27,391.6097106933594,323.03680419921875,212.2197265625,118.33895111083984,177.7100067138672,66.9635009765625,20.862838745117188,16.739999771118164,33.630001068115234,53.470001220703125,45.54999923706055
2021-05-28,392.3102111816406,324.0557861328125,212.07861328125,118.15118408203125,178.3800048828125,66.94046783447266,20.880083084106445,16.760000228881836,33.540000915527344,52.040000915527344,45.41999816894531
2021-06-01,391.9646301269531,322.978515625,214.4862518310547,118.1247329711914,177.89999389648438,67.14154052734375,20.845598220825195,17.899999618530273,33.43000030517578,54.9900016784668,46.33000183105469
2021-06-02,392.5810852050781,323.60931396484375,214.74020385742188,118.39823150634766,178.77000427246094,67.22628021240234,20.845598220825195,17.479999542236328,32.77000045776367,55.209999084472656,46.900001525878906
2021-06-03,391.12408447265625,320.241943359375,212.94386291503906,117.95378875732422,175.27000427246094,67.08761596679688,20.974912643432617,18.040000915527344,33.88999938964844,53.959999084472656,46.970001220703125
2021-06-04,394.701171875,325.6763610839844,213.865478515625,119.56916809082031,177.16000366210938,67.2340087890625,20.89732551574707,16.420000076293945,31.760000228881836,49.779998779296875,47.2599983215332
2021-06-07,394.3182067871094,326.6468200683594,216.73403930664062,119.20161437988281,177.8699951171875,67.257080078125,20.862838745117188,16.420000076293945,31.700000762939453,49.54999923706055,47.27000045776367
2021-06-08,394.40228271484375,326.80206298828125,219.02877807617188,120.03916931152344,177.32000732421875,67.30332946777344,20.888704299926758,17.06999969482422,31.950000762939453,49.93000030517578,47.880001068115234
2021-06-09,393.8138732910156,326.87969970703125,217.571044921875,121.0989761352539,176.97999572753906,67.35726928710938,20.905946731567383,17.889999389648438,31.790000915527344,52.84000015258789,47.58000183105469
2021-06-10,395.6445007324219,330.2859191894531,215.9575653076172,121.82546997070312,177.74000549316406,67.48053741455078,20.888704299926758,16.100000381469727,33.029998779296875,48.2599983215332,47.83000183105469
2021-06-11,396.2982482910156,331.14959716796875,218.23696899414062,121.62889862060547,175.74000549316406,67.50364685058594,20.992156982421875,15.649999618530273,32.54999923706055,50.849998474121094,48.06999969482422
2021-06-14,397.1856384277344,334.3229064941406,217.59646606445312,120.69731903076172,174.7100067138672,67.4419937133789,20.974912643432617,16.389999389648438,33.130001068115234,54.029998779296875,48.31999969482422
2021-06-15,396.4570617675781,332.139404296875,216.97479248046875,120.55203247070312,174.0500030517578,67.43431091308594,20.992156982421875,17.020000457763672,31.559999465942383,52.91999816894531,48.97999954223633
2021-06-16,394.2435302734375,330.9263916015625,216.5132598876953,120.44941711425781,171.11000061035156,67.34185028076172,21.164573669433594,18.149999618530273,33.83000183105469,54.279998779296875,48.75
2021-06-17,394.1128234863281,335.12835693359375,214.08319091796875,122.2528076171875,165.85000610351562,67.38811492919922,21.32837677001953,17.75,36.84000015258789,54.90999984741211,48.040000915527344
2021-06-18,388.79608154296875,332.49847412109375,209.2230224609375,124.5518569946289,164.92999267578125,67.35726928710938,21.397342681884766,20.700000762939453,33.95000076293945,60.45000076293945,48.36000061035156
2021-06-21,394.3620300292969,334.5649719238281,213.697021484375,122.46648406982422,166.9499969482422,67.48823547363281,21.29389190673828,17.889999389648438,35.0099983215332,61.86000061035156,49.36000061035156
2021-06-22,396.4703674316406,337.6836853027344,214.66714477539062,122.76561737060547,166.25,67.53445434570312,21.25940704345703,16.65999984741211,34.279998779296875,58.63999938964844,49.41999816894531
2021-06-23,395.9924621582031,337.84881591796875,215.3736114501953,122.44937896728516,166.13999938964844,67.46511840820312,21.29389190673828,16.31999969482422,34.68000030517578,55.599998474121094,49.720001220703125
2021-06-24,398.3351135253906,339.9375915527344,218.4158935546875,122.64595031738281,166.0399932861328,67.67314147949219,21.276647567749023,15.970000267028809,32.04999923706055,54.83000183105469,49.84000015258789
2021-06-25,399.7500305175781,339.5198669433594,218.78326416015625,121.37250518798828,166.58999633789062,67.74248504638672,21.28527069091797,15.619999885559082,31.299999237060547,55.58000183105469,50.25
2021-06-28,400.5558776855469,343.6490173339844,217.0501708984375,122.62030792236328,166.5800018310547,67.7347412109375,21.29389190673828,15.760000228881836,31.860000610351562,56.33000183105469,49.540000915527344
2021-06-29,400.77142333984375,344.89263916015625,216.0140838623047,122.82540130615234,164.8300018310547,67.81950378417969,21.345617294311523,16.020000457763672,31.989999771118164,56.79999923706055,49.88999938964844
2021-06-30,401.1087646484375,344.3484802246094,216.0423583984375,123.37242126464844,165.6300048828125,67.82721710205078,21.405963897705078,15.829999923706055,32.7400016784668,57.27000045776367,49.880001068115234
2021-07-01,403.32952880859375,344.4845886230469,217.94500732421875,123.37925720214844,166.1999969482422,67.96013641357422,21.466310501098633,15.479999542236328,32.470001220703125,57.52000045776367,50.619998931884766
2021-07-02,406.4123840332031,348.4388122558594,215.872802734375,124.12378692626953,167.2899932861328,68.0683822631836,21.38010025024414,15.069999694824219,32.869998931884766,52.40999984741211,50.93000030517578
2021-07-06,405.672119140625,349.94476318359375,212.73631286621094,125.57868194580078,168.1199951171875,68.02971649169922,21.457687377929688,16.440000534057617,37.59000015258789,56.54999923706055,49.900001525878906
2021-07-07,407.1057434082031,350.68310546875,210.75831604003906,126.69115447998047,168.75999450683594,68.05292510986328,21.49217414855957,16.200000762939453,42.0099983215332,60.650001525878906,48.65999984741211
2021-07-08,403.7886657714844,348.5650939941406,208.8179931640625,127.18753051757812,168.64999389648438,67.90607452392578,21.405963897705078,19.0,38.79999923706055,61.68000030517578,49.52000045776367
2021-07-09,408.0989685058594,350.74139404296875,213.22610473632812,125.39895629882812,169.2100067138672,68.0219955444336,21.354238510131836,16.18000030517578,37.02000045776367,59.91999816894531,50.40999984741211
2021-07-12,409.560791015625,352.111328125,213.40501403808594,125.23631286621094,169.0,67.998779296875,21.38010025024414,16.170000076293945,38.72999954223633,60.779998779296875,50.310001373291016
2021-07-13,408.1646728515625,352.111328125,209.3831329345703,124.27781677246094,169.22000122070312,67.79783630371094,21.509416580200195,17.1200008392334,35.400001525878906,60.79999923706055,51.150001525878906
2021-07-14,408.7737121582031,352.7427673339844,206.15249633789062,125.68992614746094,171.0399932861328,67.90607452392578,21.405963897705078,16.329999923706055,38.20000076293945,57.310001373291016,49.70000076293945
2021-07-15,407.3774719238281,350.26531982421875,204.9844970703125,127.0762939453125,171.07000732421875,67.8597183227539,21.466310501098633,17.010000228881836,38.040000915527344,56.97999954223633,49.040000915527344
2021-07-16,404.1822204589844,347.4283752441406,202.460205078125,126.83663177490234,169.41000366210938,67.76692962646484,21.49217414855957,18.450000762939453,37.150001525878906,58.2400016784668,49.13999938964844
2021-07-19,398.21331787109375,344.58172607421875,199.4273223876953,129.6179962158203,169.61000061035156,67.31086730957031,21.526657104492188,22.5,46.36000061035156,67.58000183105469,45.84000015258789
2021-07-20,403.9197692871094,348.58453369140625,205.61557006835938,128.36849975585938,169.38999938964844,67.6509780883789,21.552520751953125,19.729999542236328,52.2599983215332,69.30999755859375,46.5099983215332
2021-07-21,407.19012451171875,351.2757263183594,209.15708923339844,126.74249267578125,168.75999450683594,67.81330871582031,21.500795364379883,17.90999984741211,42.90999984741211,65.27999877929688,48.27000045776367
2021-07-22,408.0428466796875,353.5977783203125,205.83216857910156,127.94058227539062,169.08999633789062,67.85195922851562,21.526657104492188,17.690000534057617,36.439998626708984,64.95999908447266,49.16999816894531
2021-07-23,412.2408142089844,357.7268371582031,206.7929229736328,127.0848388671875,168.55999755859375,67.98336029052734,21.5352783203125,17.200000762939453,34.04999923706055,65.27999877929688,49.470001220703125
2021-07-26,413.2527160644531,358.00860595703125,207.39572143554688,126.70829010009766,168.16000366210938,67.88284301757812,21.466310501098633,17.579999923706055,35.59000015258789,69.02999877929688,49.66999816894531
2021-07-27,411.369384765625,354.06414794921875,204.97509765625,128.06044006347656,168.44000244140625,67.79010009765625,21.431827545166016,19.360000610351562,35.13999938964844,70.06999969482422,49.470001220703125
2021-07-28,411.2006530761719,355.4242248535156,207.9891815185547,128.0690460205078,169.2899932861328,67.84422302246094,21.371482849121094,18.309999465942383,34.619998931884766,62.400001525878906,49.720001220703125
2021-07-29,412.90606689453125,356.0558166503906,209.5903778076172,127.35873413085938,171.1699981689453,67.99108123779297,21.29389190673828,17.700000762939453,33.36000061035156,62.08000183105469,50.63999938964844
2021-07-30,410.9008483886719,354.2001647949219,208.20579528808594,127.95771789550781,169.82000732421875,67.89835357666016,21.354238510131836,18.239999771118164,32.849998474121094,61.189998626708984,50.65999984741211
2021-08-02,410.0386962890625,354.229248046875,207.1697235107422,129.09902954101562,169.61000061035156,67.73004150390625,21.32837677001953,19.459999084472656,36.22999954223633,64.29000091552734,49.18000030517578
2021-08-03,413.3745422363281,356.3763122558594,208.02679443359375,129.16761779785156,169.49000549316406,67.8075942993164,21.33699607849121,18.040000915527344,37.54999923706055,65.41999816894531,48.849998474121094
2021-08-04,411.3412780761719,356.89129638671875,205.43661499023438,129.4331817626953,169.52999877929688,67.68352508544922,21.371482849121094,17.969999313354492,42.27000045776367,62.66999816894531,47.20000076293945
2021-08-05,413.9461669921875,359.1550598144531,209.1288299560547,128.77345275878906,168.86000061035156,67.8386001586914,21.371482849121094,17.280000686645508,39.09000015258789,63.56999969482422,48.099998474121094
2021-08-06,414.6302185058594,357.5811462402344,210.40980529785156,126.62276458740234,164.63999938964844,67.76107025146484,21.49217414855957,16.149999618530273,39.310001373291016,62.63999938964844,47.56999969482422
2021-08-09,414.2928466796875,358.2417297363281,209.2512664794922,126.1686782836914,161.72000122070312,67.60599517822266,21.5352783203125,16.719999313354492,43.279998779296875,65.72000122070312,46.599998474121094
2021-08-10,414.80828857421875,356.40557861328125,209.6657257080078,125.5860366821289,161.77000427246094,67.45087432861328,21.552520751953125,16.790000915527344,39.279998779296875,66.55000305175781,47.68000030517578
2021-08-11,415.8390197753906,355.7934265136719,210.6923828125,125.50892639160156,164.0,67.55944061279297,21.509416580200195,16.170000076293945,38.290000915527344,60.65999984741211,48.29999923706055
2021-08-12,417.08526611328125,357.0759582519531,210.1931610107422,125.30325317382812,164.0399932861328,67.67577362060547,21.5352783203125,15.59000015258789,36.5,57.38999938964844,48.099998474121094
2021-08-13,417.8442687988281,358.32916259765625,208.2811279296875,127.28260803222656,166.38999938964844,67.8230972290039,21.431827545166016,15.449999809265137,35.90999984741211,55.45000076293945,47.43000030517578
2021-08-16,418.828125,358.48468017578125,206.3408203125,127.59098815917969,167.22000122070312,67.84639739990234,21.44906997680664,16.1200008392334,38.84000015258789,59.400001525878906,47.040000915527344
2021-08-17,416.08258056640625,355.3271179199219,203.8259735107422,127.53962707519531,166.97000122070312,67.69129180908203,21.57838249206543,17.90999984741211,39.5,60.279998779296875,46.58000183105469
2021-08-18,411.5285949707031,351.9072265625,202.04579162597656,127.9679946899414,167.10000610351562,67.53620147705078,21.57838249206543,21.56999969482422,40.86000061035156,58.04999923706055,45.400001525878906
2021-08-19,412.165771484375,353.6074523925781,199.62510681152344,128.9105224609375,166.61000061035156,67.5284194946289,21.68183708190918,21.670000076293945,40.97999954223633,59.380001068115234,44.77000045776367
2021-08-20,415.4454650878906,357.27020263671875,202.99713134765625,128.9962615966797,166.6999969482422,67.69129180908203,21.655973434448242,18.559999465942383,40.66999816894531,59.95000076293945,43.43000030517578
2021-08-23,419.099853515625,362.6138610839844,206.85887145996094,128.9105224609375,168.72999572753906,67.9006576538086,21.526657104492188,17.149999618530273,38.66999816894531,62.22999954223633,45.849998474121094
2021-08-24,419.76513671875,363.7213134765625,208.8933868408203,127.90802764892578,168.64999389648438,67.99372863769531,21.509416580200195,17.219999313354492,36.790000915527344,63.029998779296875,47.369998931884766
2021-08-25,420.6460266113281,364.1391296386719,209.62803649902344,126.84555053710938,167.47999572753906,68.06350708007812,21.49217414855957,16.790000915527344,35.599998474121094,64.51000213623047,47.810001373291016
2021-08-26,418.16290283203125,361.8267822265625,207.40513610839844,127.19691467285156,167.6699981689453,68.02466583251953,21.552520751953125,18.84000015258789,36.33000183105469,63.40999984741211,47.47999954223633
2021-08-27,421.9016418457031,365.3438720703125,213.2543487548828,128.0623016357422,170.19000244140625,68.21083068847656,21.457687377929688,16.389999389648438,34.93000030517578,57.97999954223633,48.150001525878906
2021-08-30,423.7569885253906,369.4438781738281,212.3783721923828,128.39646911621094,169.35000610351562,68.29615783691406,21.457687377929688,16.190000534057617,35.27000045776367,60.13999938964844,48.400001525878906
2021-08-31,423.1290588378906,369.14263916015625,212.7927703857422,127.5224838256836,169.69000244140625,68.31163024902344,21.457687377929688,16.479999542236328,34.279998779296875,59.540000915527344,48.040000915527344
2021-09-01,423.35400390625,369.754638671875,214.22450256347656,127.73607635498047,169.6999969482422,68.37000274658203,21.41458511352539,16.110000610351562,36.130001068115234,58.09000015258789,47.93000030517578
2021-09-02,424.6565246582031,369.57989501953125,215.712646484375,128.29373168945312,169.25,68.45558166503906,21.36285972595215,16.40999984741211,31.350000381469727,55.79999923706055,48.95000076293945
2021-09-03,424.553466796875,370.7166442871094,214.7142791748047,127.12696838378906,171.05999755859375,68.46334075927734,21.319753646850586,16.40999984741211,36.90999984741211,53.2599983215332,48.65999984741211
2021-09-07,423.0354919433594,371.24114990234375,213.23550415039062,126.05451202392578,167.7100067138672,68.28443145751953,21.423206329345703,18.139999389648438,32.90999984741211,57.04999923706055,48.040000915527344
2021-09-08,422.5201110839844,369.94903564453125,210.90902709960938,126.9124755859375,167.2899932861328,68.36223602294922,21.457687377929688,17.959999084472656,31.90999984741211,57.02000045776367,48.59000015258789
2021-09-09,420.7116394042969,368.67626953125,210.80543518066406,128.44818115234375,168.02999877929688,68.42445373535156,21.405963897705078,18.799999237060547,33.869998931884766,52.61000061035156,47.75
2021-09-10,417.3944396972656,365.87823486328125,208.74264526367188,127.31570434570312,167.17999267578125,68.32334899902344,21.44045066833496,20.950000762939453,33.540000915527344,51.72999954223633,48.79999923706055
2021-09-13,418.4626770019531,365.6256408691406,209.92947387695312,128.08778381347656,167.74000549316406,68.49446105957031,21.44045066833496,19.3700008392334,32.7400016784668,53.099998474121094,49.47999954223633
2021-09-14,416.20440673828125,364.5860290527344,207.2544403076172,129.64060974121094,168.82000732421875,68.46334075927734,21.44045066833496,19.459999084472656,33.630001068115234,51.72999954223633,49.310001373291016
2021-09-15,419.680908203125,367.2967224121094,209.1288299560547,129.18594360351562,167.8300018310547,68.56451416015625,21.397342681884766,18.18000030517578,32.380001068115234,53.93000030517578,50.689998626708984
2021-09-16,419.0155334472656,367.54931640625,209.2795867919922,128.5940704345703,164.02999877929688,68.54114532470703,21.49217414855957,18.690000534057617,33.15999984741211,53.70000076293945,50.70000076293945
2021-09-17,414.93389892578125,363.1966857910156,209.5526885986328,127.97633361816406,163.77000427246094,68.45558166503906,21.56976318359375,20.809999465942383,32.31999969482422,56.060001373291016,50.31999969482422
2021-09-20,408.0152282714844,355.6918640136719,204.570068359375,129.56346130371094,164.94000244140625,68.21442413330078,21.57838249206543,25.709999084472656,35.22999954223633,59.58000183105469,49.599998474121094
2021-09-21,407.6297912597656,356.1295471191406,204.88087463378906,129.45191955566406,166.0399932861328,68.33113098144531,21.56114387512207,24.360000610351562,34.45000076293945,59.20000076293945,49.58000183105469
2021-09-22,411.6061706542969,359.45599365234375,208.06448364257812,130.22412109375,165.4199981689453,68.45558166503906,21.621488571166992,20.8700008392334,32.43000030517578,55.91999816894531,50.47999954223633
2021-09-23,416.6071472167969,362.77264404296875,211.74728393554688,127.28136444091797,163.50999450683594,68.48667907714844,21.5352783203125,18.6299991607666,32.29999923706055,56.790000915527344,51.380001068115234
2021-09-24,417.2933654785156,363.1130676269531,210.72604370117188,126.03738403320312,163.3000030517578,68.38554382324219,21.595624923706055,17.75,34.0099983215332,58.459999084472656,51.81999969482422
2021-09-27,416.0994873046875,360.214599609375,213.9287567138672,125.57415008544922,163.63999938964844,68.32334899902344,21.621488571166992,18.760000228881836,34.97999954223633,60.5,52.90999984741211
2021-09-28,407.7144470214844,350.02142333984375,209.06329345703125,123.61805725097656,162.0500030517578,68.01216125488281,21.699079513549805,23.25,36.099998474121094,62.709999084472656,52.400001525878906
2021-09-29,408.400634765625,349.4476013183594,208.61924743652344,123.83252716064453,161.32000732421875,68.13662719726562,21.854257583618164,22.559999465942383,35.2599983215332,61.209999084472656,52.31999969482422
2021-09-30,403.4089660644531,348.16375732421875,206.6636199951172,123.81541442871094,164.22000122070312,68.0588607788086,21.819772720336914,23.139999389648438,38.68000030517578,61.06999969482422,52.560001373291016
2021-10-01,408.2032470703125,350.32293701171875,209.99859619140625,124.85733795166016,164.58999633789062,68.22196960449219,21.776668548583984,21.100000381469727,37.470001220703125,57.380001068115234,53.2599983215332
2021-10-04,402.93896484375,342.9698486328125,208.09019470214844,124.53960418701172,165.36000061035156,67.98004150390625,21.707700729370117,22.959999084472656,37.27000045776367,60.61000061035156,54.4900016784668
2021-10-05,407.13153076171875,347.5996398925781,208.80821228027344,123.33692169189453,164.58999633789062,67.94879913330078,21.750804901123047,21.299999237060547,37.20000076293945,62.83000183105469,55.630001068115234
2021-10-06,408.8236083984375,349.8269348144531,207.72177124023438,124.03271484375,165.02999877929688,67.90974426269531,21.8111515045166,21.0,41.02000045776367,60.650001525878906,54.15999984741211
2021-10-07,412.3582458496094,353.0365905761719,210.92440795898438,122.7356185913086,164.16000366210938,67.91756439208984,21.802532196044922,19.540000915527344,46.150001525878906,60.90999984741211,55.36000061035156
2021-10-08,411.6061706542969,351.2760925292969,209.3372802734375,121.87661743164062,164.22999572753906,67.71465301513672,21.785289764404297,18.770000457763672,38.0,59.650001525878906,55.470001220703125
2021-10-11,408.62628173828125,348.5819396972656,208.13743591308594,121.56735229492188,163.9199981689453,67.5039291381836,21.84563636779785,20.0,38.5099983215332,,56.18000030517578
2021-10-12,407.6203918457031,347.3661804199219,209.28057861328125,123.64613342285156,164.66000366210938,67.62879943847656,21.871498107910156,19.850000381469727,37.099998474121094,62.95000076293945,56.11000061035156
2021-10-13,409.08685302734375,350.1479187011719,210.27256774902344,124.84874725341797,167.58999633789062,67.80828094482422,21.750804901123047,18.639999389648438,36.04999923706055,60.84000015258789,56.15999984741211
2021-10-14,415.9678649902344,356.5964050292969,213.3902130126953,125.31266021728516,168.0,68.19072723388672,21.750804901123047,16.860000610351562,36.97999954223633,59.349998474121094,56.810001373291016
2021-10-15,419.13592529296875,358.84320068359375,212.71946716308594,124.58248901367188,165.3300018310547,68.07367706298828,21.724943161010742,16.299999237060547,34.04999923706055,62.70000076293945,57.150001525878906
2021-10-18,420.3766784667969,362.4516906738281,212.59666442871094,125.1666488647461,164.9199981689453,68.04242706298828,21.733562469482422,16.309999465942383,35.02000045776367,70.7699966430664,56.959999084472656
2021-10-19,423.619873046875,365.1944580078125,213.3902130126953,123.4400405883789,165.4499969482422,68.08926391601562,21.68183708190918,15.699999809265137,35.13999938964844,68.25,57.41999816894531
2021-10-20,425.2836608886719,364.7179260253906,214.80735778808594,122.60673522949219,166.89999389648438,68.11270141601562,21.647350311279297,15.489999771118164,35.15999984741211,65.47000122070312,58.119998931884766
2021-10-21,426.3929748535156,366.9451904296875,215.35528564453125,122.46068572998047,166.75,67.94097137451172,21.699079513549805,15.010000228881836,36.54999923706055,69.41999816894531,57.40999984741211
2021-10-22,425.9512023925781,363.8620910644531,214.84510803222656,123.80937957763672,167.77000427246094,67.77710723876953,21.655973434448242,15.430000305175781,36.869998931884766,72.04000091552734,58.029998779296875
2021-10-25,428.2354431152344,367.5872497558594,216.8857879638672,123.62039184570312,168.92999267578125,67.89415740966797,21.690458297729492,15.239999771118164,36.06999969482422,68.95999908447266,57.83000183105469
2021-10-26,428.6208801269531,368.7445983886719,215.25137329101562,124.64259338378906,167.67999267578125,67.90974426269531,21.733562469482422,15.979999542236328,35.5,66.69999694824219,58.45000076293945
2021-10-27,426.7220153808594,369.6005554199219,211.29286193847656,126.910400390625,168.1199951171875,67.8551254272461,21.724943161010742,16.979999542236328,37.630001068115234,70.05999755859375,56.900001525878906
2021-10-28,430.8393859863281,373.70501708984375,215.50648498535156,126.48094177246094,168.0800018310547,68.02684783935547,21.595624923706055,16.530000686645508,37.22999954223633,71.95999908447266,57.400001525878906
2021-10-29,431.713623046875,375.5433044433594,215.4497833251953,126.8674545288086,166.64999389648438,67.8473129272461,21.768047332763672,16.260000228881836,37.91999816894531,75.44999694824219,57.150001525878906
2021-11-01,432.4562683105469,376.8272399902344,221.03326416015625,125.95406341552734,167.52000427246094,67.77452087402344,21.699079513549805,16.40999984741211,36.7400016784668,78.33999633789062,57.529998779296875
2021-11-02,434.2046813964844,378.40283203125,221.49615478515625,126.51299285888672,167.16000366210938,67.93892669677734,21.750804901123047,16.030000686645508,35.560001373291016,71.04000091552734,57.529998779296875
2021-11-03,436.8556213378906,382.4197998046875,225.4546356201172,125.20571899414062,165.77000427246094,68.07205200195312,21.699079513549805,15.100000381469727,39.439998626708984,71.22000122070312,55.34000015258789
2021-11-04,438.91436767578125,387.3218688964844,225.36959838867188,126.52172088623047,167.64999389648438,68.25215148925781,21.8111515045166,15.4399995803833,38.560001373291016,64.61000061035156,54.91999816894531
2021-11-05,440.43719482421875,387.6915283203125,228.44949340820312,128.4138946533203,169.83999633789062,68.51050567626953,21.79391098022461,16.479999542236328,37.84000015258789,66.9000015258789,56.54999923706055
2021-11-08,440.8132019042969,387.166259765625,229.1580352783203,128.17315673828125,170.4499969482422,68.42437744140625,21.750804901123047,17.219999313354492,37.709999084472656,70.97000122070312,57.09000015258789
2021-11-09,439.3561706542969,384.5013427734375,227.8260040283203,129.84169006347656,171.2899932861328,68.47918701171875,21.724943161010742,17.780000686645508,36.33000183105469,73.0199966430664,57.970001220703125
2021-11-10,435.82159423828125,378.85028076171875,224.2359619140625,127.46778869628906,173.14999389648438,68.09551239013672,21.95770835876465,18.729999542236328,37.09000015258789,78.30999755859375,56.31999969482422
2021-11-11,435.9625549316406,379.9007263183594,226.0404052734375,127.27861785888672,174.1199951171875,67.97808074951172,22.00943374633789,17.65999984741211,36.20000076293945,,56.220001220703125
2021-11-12,439.2526550292969,383.8982849121094,226.2671356201172,126.71953582763672,174.4499969482422,68.00157165527344,21.983572006225586,16.290000915527344,36.099998474121094,78.61000061035156,55.97999954223633
2021-11-15,439.40313720703125,383.81060791015625,225.36959838867188,125.12836456298828,174.17999267578125,67.92326354980469,22.104267120361328,16.489999771118164,36.41999816894531,81.58999633789062,56.06999969482422
2021-11-16,441.1421813964844,386.54376220703125,225.78530883789062,124.8100814819336,172.9199981689453,67.9545669555664,22.190475463867188,16.3700008392334,34.689998626708984,81.58000183105469,56.20000076293945
2021-11-17,440.07061767578125,386.748046875,222.82823181152344,125.79916381835938,174.5,67.88414001464844,22.14737319946289,17.110000610351562,33.75,81.58000183105469,55.0
2021-11-18,441.5652770996094,390.7552795410156,221.88351440429688,126.27230072021484,173.94000244140625,67.82933044433594,22.087024688720703,17.59000015258789,37.68000030517578,74.51000213623047,55.54999923706055
2021-11-19,440.7756652832031,392.93402099609375,219.8617401123047,127.60543823242188,172.61000061035156,67.77452087402344,22.1990966796875,17.90999984741211,37.130001068115234,73.38999938964844,53.779998779296875
2021-11-22,439.53472900390625,388.3723449707031,218.9264678955078,126.10884857177734,168.74000549316406,67.51612854003906,22.311168670654297,19.170000076293945,36.61000061035156,79.20999908447266,54.45000076293945
2021-11-23,440.11761474609375,386.6021423339844,218.54852294921875,124.2853775024414,167.27999877929688,67.42215728759766,22.302549362182617,19.3799991607666,35.099998474121094,80.56999969482422,56.20000076293945
2021-11-24,441.29254150390625,387.8471984863281,218.7847442626953,126.28084564208984,167.1199951171875,67.40650177001953,22.388757705688477,18.579999923706055,34.790000915527344,83.1500015258789,55.880001068115234
2021-11-26,431.4504699707031,380.4940490722656,210.53709411621094,129.4718475341797,166.85000610351562,66.92107391357422,22.216341018676758,28.6200008392334,65.72000122070312,89.44999694824219,49.630001068115234
2021-11-29,436.7427978515625,388.7516174316406,210.40484619140625,128.43116760253906,166.6199951171875,67.33602905273438,22.259443283081055,22.959999084472656,63.34000015258789,89.41000366210938,50.16999816894531
2021-11-30,428.244873046875,383.0423583984375,206.11569213867188,130.3835906982422,165.5,67.05416107177734,22.155994415283203,27.190000534057617,75.2300033569336,84.04000091552734,47.90999984741211
2021-12-01,423.4882507324219,376.52569580078125,201.4769287109375,131.1879425048828,166.16000366210938,67.06356811523438,22.216341018676758,31.1200008392334,78.18000030517578,82.97000122070312,47.040000915527344
2021-12-02,429.9744873046875,379.2393493652344,207.0981903076172,131.35150146484375,165.24000549316406,67.55850219726562,22.22496223449707,27.950000762939453,57.27000045776367,82.55000305175781,48.290000915527344
2021-12-03,426.2331848144531,372.6448669433594,202.84681701660156,132.9188232421875,166.6300048828125,67.55850219726562,22.216341018676758,30.670000076293945,64.55000305175781,79.13999938964844,48.0
2021-12-06,431.28125,375.630859375,206.918701171875,131.09317016601562,166.22000122070312,67.8570327758789,22.250822067260742,27.18000030517578,56.209999084472656,87.88999938964844,50.5099983215332
2021-12-07,440.2022399902344,386.9425964355469,211.71803283691406,130.03392028808594,166.80999755859375,68.2183837890625,22.259443283081055,21.889999389648438,48.150001525878906,88.13999938964844,51.59000015258789
2021-12-08,441.3678894042969,388.673828125,213.16348266601562,127.78634643554688,166.89999389648438,68.2026596069336,22.155994415283203,19.899999618530273,45.220001220703125,80.29000091552734,52.41999816894531
2021-12-09,438.38787841796875,382.954833984375,208.33583068847656,128.50106811523438,165.8800048828125,67.89629364013672,22.233579635620117,21.579999923706055,47.43000030517578,79.54000091552734,51.02000045776367
2021-12-10,442.5146789550781,387.11761474609375,207.759521484375,128.1910858154297,166.5800018310547,68.05339813232422,22.1990966796875,18.690000534057617,46.22999954223633,74.36000061035156,52.029998779296875
2021-12-13,438.59466552734375,381.5250549316406,204.72335815429688,130.0856170654297,167.0,68.05339813232422,22.26806640625,20.309999465942383,45.880001068115234,76.41000366210938,51.439998626708984
2021-12-14,435.5772399902344,377.5761413574219,202.9608154296875,129.77561950683594,165.44000244140625,67.9355697631836,22.311168670654297,21.889999389648438,54.7599983215332,78.9800033569336,50.91999816894531
2021-12-15,442.3830871582031,386.1839294433594,206.18264770507812,128.52694702148438,166.14999389648438,68.1948013305664,22.27668571472168,19.290000915527344,56.529998779296875,74.05999755859375,51.619998931884766
2021-12-16,438.48193359375,376.2532653808594,202.01316833496094,128.57699584960938,168.16000366210938,68.14434814453125,22.181854248046875,20.56999969482422,49.970001220703125,69.0999984741211,51.869998931884766
2021-12-17,433.815185546875,374.376220703125,203.8705291748047,130.0338897705078,167.8000030517578,68.081298828125,22.337034225463867,21.56999969482422,48.310001373291016,72.45999908447266,50.779998779296875
2021-12-20,429.2022705078125,370.7445983886719,201.0087127685547,129.05975341796875,167.08999633789062,67.96305084228516,22.311168670654297,22.8700008392334,60.2400016784668,77.0199966430664,49.900001525878906
2021-12-21,436.824462890625,379.04193115234375,206.75123596191406,128.5683135986328,167.02000427246094,68.32564544677734,22.285306930541992,21.010000228881836,52.310001373291016,79.5199966430664,51.56999969482422
2021-12-22,441.192138671875,383.65814208984375,208.7412567138672,129.16317749023438,168.58999633789062,68.5069808959961,22.1990966796875,18.6299991607666,46.0,76.8499984741211,52.47999954223633
2021-12-23,443.937255859375,386.5506286621094,210.40904235839844,128.04241943359375,168.97000122070312,68.70404052734375,22.181854248046875,17.959999084472656,43.709999084472656,77.29000091552734,53.130001068115234
2021-12-27,450.2199401855469,392.9392395019531,212.38011169433594,128.35276794433594,169.3699951171875,68.77497100830078,22.190475463867188,17.68000030517578,43.58000183105469,80.12000274658203,54.52000045776367
2021-12-28,449.8519592285156,391.1180419921875,211.08189392089844,127.84410095214844,168.63999938964844,68.74341583251953,22.216341018676758,17.540000915527344,41.22999954223633,77.5199966430664,54.66999816894531
2021-12-29,450.4275207519531,391.0596008300781,211.30929565429688,126.44752502441406,168.58999633789062,68.63307189941406,22.155994415283203,16.950000762939453,40.2400016784668,78.0,55.08000183105469
2021-12-30,449.1822814941406,389.8909912109375,211.25245666503906,127.50794219970703,169.8000030517578,68.60155487060547,22.190475463867188,17.329999923706055,40.20000076293945,77.62000274658203,55.099998474121094
2021-12-31,448.0502624511719,387.4563293457031,210.79757690429688,127.75788879394531,170.9600067138672,68.58577728271484,22.095643997192383,17.219999313354492,42.619998931884766,77.0999984741211,54.36000061035156
2022-01-03,450.6444091796875,391.1861267089844,213.51724243164062,124.40432739257812,168.3300018310547,68.55424499511719,22.233579635620117,16.600000381469727,37.56999969482422,84.08000183105469,54.83000183105469
2022-01-04,450.49346923828125,386.1122741699219,213.19503784179688,123.88700103759766,169.57000732421875,68.38082122802734,22.250822067260742,16.90999984741211,39.47999954223633,83.11000061035156,55.59000015258789
2022-01-05,441.843017578125,374.25054931640625,205.97421264648438,123.21456146240234,169.05999755859375,67.85269927978516,22.22496223449707,19.729999542236328,44.4900016784668,78.68000030517578,55.43000030517578
2022-01-06,441.427978515625,373.9875793457031,207.14927673339844,123.53350067138672,166.99000549316406,67.86060333251953,22.24220085144043,19.610000610351562,36.86000061035156,77.7300033569336,56.88999938964844
2022-01-07,439.6827697753906,369.9361877441406,204.75180053710938,122.64554595947266,167.75,67.68717193603516,22.12150764465332,18.760000228881836,37.0,74.69000244140625,56.66999816894531
2022-01-10,439.1356201171875,370.17974853515625,204.0410919189453,122.94731140136719,168.25999450683594,67.74235534667969,22.173233032226562,19.399999618530273,37.650001525878906,78.12000274658203,56.15999984741211
2022-01-11,443.1354675292969,375.74053955078125,206.21112060546875,123.76628875732422,170.2899932861328,68.05765533447266,22.07840347290039,18.40999984741211,34.310001373291016,77.8499984741211,58.15999984741211
2022-01-12,444.3335266113281,377.2304992675781,204.67599487304688,123.2921142578125,170.74000549316406,68.16799926757812,21.93184471130371,17.6200008392334,34.38999938964844,74.55000305175781,58.90999984741211
2022-01-13,438.2112121582031,367.7937316894531,202.7996826171875,124.38699340820312,170.16000366210938,67.92366790771484,21.92322540283203,20.309999465942383,37.11000061035156,72.56999969482422,58.27000045776367
2022-01-14,438.3904113769531,370.0824279785156,203.083984375,122.50757598876953,169.6699981689453,67.86060333251953,21.983572006225586,19.190000534057617,41.18000030517578,76.58999633789062,59.970001220703125
2022-01-18,430.6267395019531,360.86944580078125,196.9434356689453,120.78337860107422,169.38999938964844,67.52954864501953,22.12150764465332,22.790000915527344,42.279998779296875,84.62999725341797,60.970001220703125
2022-01-19,426.1552734375,356.9057922363281,193.74044799804688,121.61961364746094,172.0800018310547,67.46644592285156,22.069780349731445,23.850000381469727,42.75,80.13999938964844,61.04999923706055
2022-01-20,421.4385681152344,352.27020263671875,190.23428344726562,122.36964416503906,171.64999389648438,67.34036254882812,22.138750076293945,25.59000015258789,41.150001525878906,80.95999908447266,60.65999984741211
2022-01-21,413.1654968261719,342.502197265625,186.67127990722656,123.82666015625,171.08999633789062,67.34823608398438,22.07840347290039,28.850000381469727,42.56999969482422,81.02999877929688,60.779998779296875
2022-01-24,414.9200744628906,344.0701599121094,190.97341918945312,122.8093032836914,172.02999877929688,67.27725982666016,22.14737319946289,29.899999618530273,47.84000015258789,83.7699966430664,60.11000061035156
2022-01-25,409.854248046875,336.0941162109375,188.4243621826172,122.61101531982422,172.5800018310547,67.08021545410156,22.155994415283203,31.15999984741211,47.630001068115234,84.56999969482422,60.970001220703125
2022-01-26,408.8260192871094,335.5681457519531,185.7046661376953,121.12818145751953,169.7899932861328,66.85163116455078,22.27668571472168,31.959999084472656,45.66999816894531,85.75,61.68000030517578
2022-01-27,406.8072814941406,332.1888122558594,181.48776245117188,123.35246276855469,167.60000610351562,66.5599594116211,22.466346740722656,30.489999771118164,46.900001525878906,85.62000274658203,61.86000061035156
2022-01-28,416.9105224609375,342.60931396484375,185.02239990234375,123.39554595947266,167.10000610351562,66.74916076660156,22.457725524902344,27.65999984741211,47.7400016784668,85.29000091552734,61.970001220703125
2022-01-31,424.41949462890625,353.5653991699219,190.6986083984375,122.75760650634766,168.08999633789062,66.76493072509766,22.302549362182617,24.829999923706055,42.349998474121094,85.13999938964844,62.47999954223633
2022-02-01,427.28729248046875,355.97088623046875,192.7075653076172,122.3501205444336,168.22999572753906,67.0299072265625,22.24220085144043,21.959999084472656,41.310001373291016,85.22000122070312,62.529998779296875
2022-02-02,431.4379577636719,358.8632507324219,190.79335021972656,122.76453399658203,168.83999633789062,67.1327896118164,22.155994415283203,22.09000015258789,41.86000061035156,84.8499984741211,62.52000045776367
2022-02-03,421.2969970703125,344.3135986328125,187.1829376220703,121.80624389648438,168.60000610351562,66.53152465820312,22.04391860961914,24.350000381469727,42.150001525878906,85.73999786376953,63.5099983215332
2022-02-04,423.278076171875,348.6571044921875,187.98843383789062,120.010498046875,168.86000061035156,66.27051544189453,22.026676177978516,23.219999313354492,43.880001068115234,87.68000030517578,64.91000366210938
2022-02-07,421.9196472167969,345.852294921875,188.91708374023438,120.0882568359375,170.11000061035156,66.2230224609375,22.035297393798828,22.860000610351562,43.34000015258789,87.44000244140625,64.68000030517578
2022-02-08,425.3911437988281,349.7381286621094,192.1389923095703,119.28534698486328,170.6300048828125,66.15182495117188,22.069780349731445,21.440000534057617,41.2599983215332,82.72000122070312,63.619998931884766
2022-02-09,431.6172180175781,357.1492919921875,195.78733825683594,119.50979614257812,171.2100067138672,66.49989318847656,22.04391860961914,19.959999084472656,39.400001525878906,81.76000213623047,64.16999816894531
2022-02-10,423.8629150390625,349.06610107421875,192.78334045410156,117.61048889160156,170.55999755859375,65.62179565429688,22.07840347290039,23.90999984741211,43.810001373291016,88.5199966430664,63.959999084472656
2022-02-11,415.5049133300781,337.9931640625,190.831298828125,119.3543701171875,173.80999755859375,65.39234924316406,22.173233032226562,27.360000610351562,47.439998626708984,94.02999877929688,65.73999786376953
2022-02-14,414.1465148925781,338.4118957519531,190.16790771484375,117.86945343017578,174.74000549316406,65.2815933227539,22.233579635620117,28.329999923706055,48.83000183105469,102.27999877929688,66.36000061035156
2022-02-15,420.8254089355469,346.8261413574219,195.26614379882812,116.53134155273438,173.0800018310547,65.39234924316406,22.14737319946289,25.700000762939453,48.36000061035156,94.0,64.27999877929688
2022-02-16,421.2969970703125,346.7385559082031,195.67361450195312,117.22201538085938,174.86000061035156,65.75627136230469,22.104267120361328,24.290000915527344,49.380001068115234,92.73999786376953,63.540000915527344
2022-02-17,412.2974853515625,336.4252624511719,190.6606903076172,118.09393310546875,177.25,65.47937774658203,22.112886428833008,28.110000610351562,53.13999938964844,96.16999816894531,64.16999816894531
2022-02-18,409.6278991699219,332.5881652832031,189.02130126953125,119.33712005615234,177.1199951171875,65.57431030273438,22.173233032226562,27.75,52.0099983215332,94.36000061035156,64.73999786376953
2022-02-22,405.2319641113281,329.2477111816406,186.35853576660156,119.64794921875,177.49000549316406,65.42402648925781,22.181854248046875,28.809999465942383,50.11000061035156,95.54000091552734,65.54000091552734
2022-02-23,398.04364013671875,320.8139343261719,182.87130737304688,117.99897766113281,178.2899932861328,65.3053207397461,22.207717895507812,31.020000457763672,50.5099983215332,95.1500015258789,66.23999786376953
2022-02-24,404.0338134765625,331.59478759765625,187.6662139892578,118.07669830322266,177.13999938964844,65.77208709716797,22.388757705688477,30.31999969482422,49.040000915527344,100.75,66.33999633789062
2022-02-25,412.9484558105469,336.73687744140625,191.8926239013672,118.1629867553711,176.5500030517578,66.14391326904297,22.27668571472168,27.59000015258789,49.5,93.33999633789062,65.80000305175781
2022-02-28,411.8918762207031,337.739990234375,192.669677734375,120.75296020507812,178.3800048828125,66.19136810302734,22.311168670654297,30.149999618530273,52.5,100.4000015258789,67.4800033569336
2022-03-01,405.61865234375,332.56866455078125,189.04029846191406,122.14910125732422,181.6199951171875,66.00635528564453,22.483591079711914,33.31999969482422,61.43000030517578,118.26000213623047,71.81999969482422
2022-03-02,413.08056640625,338.14898681640625,193.54148864746094,117.97370910644531,179.72999572753906,66.16517639160156,22.466346740722656,30.739999771118164,61.529998779296875,110.27999877929688,75.41999816894531
2022-03-03,411.0240173339844,333.3186340332031,191.2482452392578,119.17530822753906,180.8000030517578,65.96665954589844,22.55255889892578,30.479999542236328,64.37000274658203,115.18000030517578,74.52999877929688
2022-03-04,407.6846618652344,328.48809814453125,188.2537384033203,121.23277282714844,183.67999267578125,65.53790283203125,22.724977493286133,31.979999542236328,77.29000091552734,131.82000732421875,79.45999908447266
2022-03-07,395.6663818359375,316.37310791015625,183.57252502441406,120.30777740478516,186.41000366210938,64.96621704101562,22.888778686523438,36.45000076293945,78.91000366210938,140.02999877929688,82.37000274658203
2022-03-08,392.6665344238281,314.9025573730469,184.58648681640625,119.09750366210938,191.50999450683594,64.73596954345703,22.845670700073242,35.130001068115234,75.81999969482422,133.3699951171875,85.43000030517578
2022-03-09,403.1943054199219,326.2384338378906,189.78890991210938,117.93047332763672,185.82000732421875,65.27588653564453,22.62152671813965,32.45000076293945,73.25,110.9000015258789,75.47000122070312
2022-03-10,401.3735656738281,322.6156311035156,189.44776916503906,116.23612976074219,186.39999389648438,64.72801971435547,22.733598709106445,30.229999542236328,67.33999633789062,105.30999755859375,74.05999755859375
2022-03-11,396.2701721191406,315.9252014160156,186.4248504638672,116.6251449584961,185.08999633789062,64.2595443725586,22.854293823242188,30.75,68.01000213623047,99.02999877929688,76.4000015258789
2022-03-14,393.37408447265625,309.85784912109375,182.61546325683594,113.90206146240234,182.3000030517578,63.49728012084961,22.845670700073242,31.770000457763672,65.41999816894531,105.08000183105469,72.83999633789062
2022-03-15,402.02459716796875,319.5771789550781,185.52462768554688,113.7032470703125,178.88999938964844,63.97366714477539,22.819808959960938,29.829999923706055,63.619998931884766,101.02999877929688,68.62999725341797
2022-03-16,410.9391174316406,331.42919921875,191.3619842529297,114.81842041015625,180.00999450683594,64.87091827392578,22.656009674072266,26.670000076293945,59.349998474121094,100.56999969482422,68.27999877929688
2022-03-17,416.080322265625,335.441650390625,194.3658905029297,113.96257781982422,180.88999938964844,65.31556701660156,22.60428237915039,25.670000076293945,67.77999877929688,91.76000213623047,73.68000030517578
2022-03-18,420.63763427734375,342.3074645996094,196.4127655029297,115.3543701171875,179.3000030517578,65.52995300292969,22.63014793395996,23.8700008392334,69.08999633789062,91.7699966430664,74.63999938964844
2022-03-21,420.51458740234375,341.355712890625,194.67860412597656,112.68318176269531,180.6699981689453,64.77568054199219,22.71635627746582,23.530000686645508,70.77999877929688,101.94000244140625,79.54000091552734
2022-03-22,425.4352111816406,348.0643005371094,196.63070678710938,111.23948669433594,179.36000061035156,65.10913848876953,22.70773696899414,22.940000534057617,69.55999755859375,105.37999725341797,78.55999755859375
2022-03-23,419.9562683105469,343.0621032714844,193.21926879882812,113.67729949951172,181.80999755859375,64.9026870727539,22.733598709106445,23.56999969482422,72.58999633789062,105.72000122070312,81.94999694824219
2022-03-24,426.28680419921875,350.6872863769531,195.44107055664062,112.78692626953125,183.1300048828125,65.03768920898438,22.759462356567383,21.670000076293945,69.13999938964844,113.13999938964844,79.75
2022-03-25,428.36859130859375,350.394775390625,195.70689392089844,111.22223663330078,182.3800048828125,64.56920623779297,22.768083572387695,20.809999465942383,68.91000366210938,125.2699966430664,80.73999786376953
2022-03-28,431.4156494140625,355.81622314453125,195.77337646484375,112.17312622070312,179.05999755859375,64.97415161132812,22.83704948425293,19.6299991607666,67.04000091552734,129.27999877929688,74.52999877929688
2022-03-29,436.75262451171875,361.9396667480469,201.01451110839844,113.02037048339844,179.13999938964844,65.77611541748047,22.699115753173828,18.899999618530273,62.459999084472656,117.91999816894531,76.1500015258789
2022-03-30,434.0557861328125,357.9418640136719,196.979248046875,113.90206146240234,180.5800018310547,65.57760620117188,22.57842254638672,19.329999923706055,61.040000915527344,112.9800033569336,77.91000366210938
2022-03-31,427.3751220703125,353.5052185058594,194.8998565673828,114.17867279052734,180.64999389648438,65.33941650390625,22.67325210571289,20.559999465942383,57.65999984741211,106.87999725341797,74.12000274658203
2022-04-01,428.5862731933594,352.8324279785156,197.08367919921875,114.61336517333984,179.5,65.33464050292969,22.70773696899414,19.6299991607666,54.36000061035156,108.33999633789062,74.16999816894531
2022-04-04,432.2578430175781,360.0968017578125,197.40647888183594,113.81678009033203,180.3699951171875,65.82891845703125,22.811187744140625,18.56999969482422,54.310001373291016,108.37000274658203,76.86000061035156
2022-04-05,426.7977600097656,352.1011047363281,192.73504638671875,111.24540710449219,179.24000549316406,64.97586059570312,22.931884765625,21.030000686645508,53.79999923706055,116.37000274658203,74.80000305175781
2022-04-06,422.5301208496094,344.4564514160156,190.00054931640625,110.344970703125,179.66000366210938,64.46563720703125,22.949125289916992,22.100000381469727,53.150001525878906,123.91999816894531,73.05000305175781
2022-04-07,424.6593017578125,345.2755432128906,189.38339233398438,109.51385498046875,180.33999633789062,64.3619613647461,22.992229461669922,21.549999237060547,54.22999954223633,122.66999816894531,73.11000061035156
2022-04-08,423.5237121582031,340.4488830566406,187.87371826171875,108.32769012451172,181.47000122070312,63.971336364746094,22.992229461669922,21.15999984741211,53.13999938964844,124.86000061035156,74.11000061035156
2022-04-11,416.2847595214844,332.3948059082031,186.6108856201172,106.61343383789062,182.3699951171875,63.532859802246094,23.043956756591797,24.3700008392334,54.810001373291016,129.8699951171875,72.30000305175781
2022-04-12,414.7422790527344,330.99066162109375,187.1995391845703,106.46624755859375,183.77000427246094,64.01917266845703,23.121543884277344,24.260000228881836,55.25,117.79000091552734,75.9800033569336
2022-04-13,419.49261474609375,337.7186584472656,190.76011657714844,106.68269348144531,184.64999389648438,64.40184020996094,23.02671241760254,21.81999969482422,51.20000076293945,116.33000183105469,78.41999816894531
2022-04-14,414.2691955566406,329.99609375,188.90866088867188,104.54419708251953,184.0399932861328,63.971336364746094,23.130163192749023,22.700000762939453,53.380001068115234,119.66000366210938,79.56999969482422
2022-04-18,414.4395446777344,330.2496337890625,187.63633728027344,104.02472686767578,184.61000061035156,63.86768341064453,23.22499656677246,22.170000076293945,50.939998626708984,122.31999969482422,80.41000366210938
2022-04-19,421.129638671875,337.6308898925781,191.37728881835938,103.24549102783203,181.82000732421875,63.811866760253906,23.276723861694336,21.3700008392334,50.34000015258789,122.73999786376953,76.86000061035156
2022-04-20,420.8174133300781,332.7067565917969,192.10836791992188,105.32341003417969,182.7100067138672,64.01119995117188,23.112924575805664,20.31999969482422,52.22999954223633,125.12000274658203,77.23999786376953
2022-04-21,414.524658203125,325.8227233886719,187.80726623535156,104.54419708251953,182.05999755859375,63.57270050048828,23.18189239501953,22.68000030517578,49.86000061035156,130.69000244140625,78.12000274658203
2022-04-22,403.15045166015625,317.2907409667969,182.9458770751953,103.88618469238281,180.2899932861328,63.18999481201172,23.319826126098633,28.209999084472656,51.150001525878906,128.1199951171875,76.30999755859375
2022-04-25,405.48773193359375,321.3665771484375,184.05679321289062,104.92516326904297,177.0500030517578,63.72414779663086,23.431900024414062,27.020000457763672,52.86000061035156,131.6300048828125,74.6500015258789
2022-04-26,393.7444763183594,309.23663330078125,178.25547790527344,105.98138427734375,177.32000732421875,63.34947967529297,23.57845687866211,33.52000045776367,53.56999969482422,129.27000427246094,76.45999908447266
2022-04-27,394.8516540527344,308.8660583496094,177.51486206054688,104.62210083007812,175.97999572753906,63.03852462768555,23.725017547607422,31.600000381469727,53.380001068115234,130.11000061035156,76.37000274658203
2022-04-28,404.8253479003906,319.8356628417969,180.82859802246094,104.77794647216797,176.92999267578125,63.38931655883789,23.862951278686523,29.989999771118164,51.939998626708984,128.74000549316406,78.08000183105469
2022-04-29,389.86474609375,305.443603515625,175.60638427734375,103.41865539550781,176.91000366210938,62.6080207824707,23.76811981201172,33.400001525878906,53.099998474121094,128.39999389648438,77.16000366210938
2022-05-02,392.2115173339844,310.543212890625,177.44842529296875,101.62603759765625,173.6300048828125,62.612037658691406,23.88881492614746,32.34000015258789,54.150001525878906,135.1699981689453,78.37999725341797
2022-05-03,394.00946044921875,310.874755859375,178.96755981445312,102.31114959716797,174.08999633789062,62.94019317626953,23.84571075439453,29.25,54.040000915527344,126.45999908447266,76.69000244140625
2022-05-04,406.0081787109375,321.3861083984375,183.74343872070312,102.87491607666016,175.8000030517578,63.5804328918457,23.647424697875977,25.420000076293945,53.150001525878906,121.98999786376953,80.22000122070312
2022-05-05,391.57757568359375,305.1997985839844,176.29005432128906,100.05628967285156,175.1300048828125,62.45195770263672,23.84571075439453,31.200000762939453,54.720001220703125,122.72000122070312,80.4800033569336
2022-05-06,389.240234375,301.5432434082031,173.3561553955078,98.5819091796875,175.4199981689453,62.09978485107422,23.88881492614746,30.190000534057617,54.81999969482422,121.41999816894531,82.12999725341797
2022-05-09,376.7778015136719,289.74481201171875,166.0641326904297,99.44918823242188,172.8800048828125,61.443511962890625,23.897436141967773,34.75,57.900001525878906,125.22000122070312,76.56999969482422
2022-05-10,377.64837646484375,293.2648010253906,166.11158752441406,100.35115051269531,171.4199981689453,61.795654296875,23.949161529541016,32.9900016784668,56.060001373291016,126.76000213623047,74.52999877929688
2022-05-11,371.64898681640625,284.5671081542969,161.9813995361328,102.28512573242188,172.82000732421875,61.427490234375,23.975021362304688,32.560001373291016,53.43000030517578,118.05000305175781,78.18000030517578
2022-05-12,371.2610778808594,283.8943176269531,163.88034057617188,102.09436798095703,170.1699981689453,61.40347671508789,24.181928634643555,31.770000457763672,52.709999084472656,118.7300033569336,79.2300033569336
2022-05-13,380.1370849609375,294.4154052734375,169.073974609375,100.58529663085938,168.7899932861328,61.475502014160156,24.112960815429688,28.8700008392334,51.220001220703125,114.61000061035156,81.27999877929688
2022-05-16,378.5947265625,291.00262451171875,168.26695251464844,100.48120880126953,170.39999389648438,61.38748550415039,24.018129348754883,27.469999313354492,51.88999938964844,117.94999694824219,83.11000061035156
2022-05-17,386.382568359375,298.5400390625,173.4130859375,99.26705932617188,169.3300018310547,61.33144760131836,23.819847106933594,26.100000381469727,50.34000015258789,119.45999908447266,81.11000061035156
2022-05-18,370.8068542480469,283.8846130371094,167.33645629882812,101.38319396972656,169.4199981689453,60.82722473144531,23.940540313720703,30.959999084472656,51.88999938964844,114.86000061035156,79.29000091552734
2022-05-19,368.53570556640625,282.3634033203125,167.61180114746094,101.62603759765625,171.91000366210938,61.23542022705078,23.69053077697754,29.350000381469727,51.15999984741211,115.05000305175781,80.58000183105469
2022-05-20,368.69659423828125,281.4859313964844,167.18453979492188,102.77950286865234,172.02999877929688,61.19538879394531,23.742258071899414,29.43000030517578,50.720001220703125,111.0999984741211,81.6500015258789
2022-05-23,375.5950012207031,286.166259765625,169.20692443847656,101.08830261230469,172.8300018310547,61.435489654541016,23.5267333984375,28.479999542236328,48.630001068115234,110.19000244140625,81.97000122070312
2022-05-24,372.7278137207031,280.0817565917969,166.70030212402344,103.08303833007812,174.1300048828125,61.803653717041016,23.457761764526367,29.450000762939453,47.040000915527344,111.1500015258789,82.0
2022-05-25,376.02081298828125,284.0016174316406,169.70062255859375,103.49065399169922,173.0800018310547,62.74007797241211,23.543973922729492,28.3700008392334,46.7599983215332,105.69000244140625,82.4800033569336
2022-05-26,383.5341796875,291.8704528808594,173.48912048339844,103.02230072021484,172.75999450683594,63.61246109008789,23.466384887695312,27.5,46.029998779296875,102.48999786376953,84.58999633789062
2022-05-27,392.9496154785156,301.3969421386719,178.1605224609375,103.27385711669922,172.85000610351562,64.18073272705078,23.41465950012207,25.719999313354492,47.91999816894531,98.4800033569336,85.45999908447266
2022-05-31,390.74481201171875,300.5973815917969,175.94821166992188,101.08830261230469,171.13999938964844,63.62847900390625,23.457761764526367,26.190000534057617,49.81999969482422,107.12000274658203,85.47000122070312
2022-06-01,387.58428955078125,298.3742370605469,174.9512481689453,100.97276306152344,172.22999572753906,63.39307403564453,23.638805389404297,25.690000534057617,49.13999938964844,109.37999725341797,85.54000091552734
2022-06-02,394.9652099609375,306.54541015625,179.22393798828125,101.02490234375,174.35000610351562,63.65821075439453,23.431900024414062,24.719999313354492,47.79999923706055,99.2699966430664,87.25
2022-06-03,388.4831848144531,298.5693054199219,177.6098175048828,100.80770111083984,172.5800018310547,63.18415451049805,23.53535270690918,24.790000915527344,46.22999954223633,97.7300033569336,89.47000122070312
2022-06-06,389.66607666015625,299.5638122558594,178.3788604736328,98.94844055175781,171.82000732421875,62.710140228271484,23.587080001831055,25.06999969482422,47.900001525878906,102.26000213623047,88.38999938964844
2022-06-07,393.4038391113281,302.14776611328125,181.2558135986328,100.01708221435547,172.94000244140625,62.8547477722168,23.561216354370117,24.020000457763672,45.880001068115234,102.61000061035156,90.04000091552734
2022-06-08,389.12664794921875,299.97344970703125,178.454833984375,99.13088989257812,172.77999877929688,62.3164176940918,23.630184173583984,23.959999084472656,44.369998931884766,105.29000091552734,91.98999786376953
2022-06-09,379.87213134765625,291.9387512207031,174.75547790527344,99.46105194091797,172.22999572753906,61.81828308105469,23.80260467529297,26.09000015258789,43.869998931884766,105.29000091552734,91.08000183105469
2022-06-10,368.8574523925781,281.64190673828125,170.0145721435547,98.84419250488281,174.5399932861328,60.76573944091797,23.992265701293945,27.75,42.91999816894531,114.2300033569336,90.12999725341797
2022-06-13,354.8525695800781,268.5466003417969,162.0274200439453,95.74252319335938,169.92999267578125,58.73298263549805,24.225034713745117,34.02000045776367,47.560001373291016,139.2100067138672,90.36000061035156
2022-06-14,353.7833251953125,269.0341491699219,161.24684143066406,94.53489685058594,168.57000732421875,59.1186408996582,24.276758193969727,32.689998626708984,46.630001068115234,144.08999633789062,88.44999694824219
2022-06-15,358.8270263671875,275.7524108886719,163.60775756835938,96.298583984375,170.77000427246094,60.26760482788086,24.08709716796875,29.6200008392334,47.040000915527344,135.92999267578125,86.93000030517578
2022-06-16,346.9512939453125,264.6268005371094,156.0299530029297,97.0631332397461,172.69000244140625,59.31147384643555,23.85433006286621,32.95000076293945,46.27000045776367,138.10000610351562,87.66000366210938
2022-06-17,347.69921875,267.84454345703125,157.24850463867188,97.37591552734375,171.27000427246094,59.49626159667969,24.095718383789062,31.1299991607666,49.189998626708984,133.75,83.33999633789062
2022-06-21,356.4520263671875,274.60211181640625,160.0663604736328,95.72518920898438,170.6300048828125,59.45612716674805,24.009510040283203,30.190000534057617,46.560001373291016,138.91000366210938,84.05000305175781
2022-06-22,355.8058166503906,274.20159912109375,159.76173400878906,98.35765075683594,171.30999755859375,59.440040588378906,23.975021362304688,28.950000762939453,48.9900016784668,129.94000244140625,80.87999725341797
2022-06-23,359.2935791015625,278.28521728515625,161.67520141601562,99.16564178466797,170.25999450683594,59.865867614746094,24.000886917114258,29.049999237060547,48.58000183105469,125.9800033569336,78.9800033569336
2022-06-24,370.7169189453125,287.8203125,166.6826171875,97.79293060302734,170.08999633789062,60.291717529296875,23.949161529541016,27.229999542236328,46.9900016784668,127.0,81.2699966430664
2022-06-27,369.3009033203125,285.71014404296875,167.3014373779297,96.9588623046875,169.89999389648438,59.92210388183594,23.906055450439453,26.950000762939453,46.9900016784668,133.22000122070312,82.93000030517578
2022-06-28,361.755126953125,277.0054931640625,164.15989685058594,97.41067504882812,169.6199951171875,59.26326370239258,24.043991088867188,28.360000610351562,46.59000015258789,135.22000122070312,84.72000122070312
2022-06-29,361.4604187011719,277.2594299316406,162.49395751953125,98.93106842041016,169.49000549316406,59.174869537353516,24.181928634643555,28.15999984741211,48.56999969482422,130.42999267578125,82.94999694824219
2022-06-30,358.52386474609375,273.8205261230469,161.227783203125,99.79988098144531,168.4600067138672,59.14274978637695,24.104339599609375,28.709999084472656,48.900001525878906,135.5,80.3499984741211
2022-07-01,362.3157043457031,275.6278991699219,163.17935180664062,100.82450103759766,168.32000732421875,59.7068977355957,24.181928634643555,26.700000762939453,49.400001525878906,144.1699981689453,81.66999816894531
2022-07-05,363.0,280.34661865234375,164.53114318847656,101.61669158935547,164.75,59.650413513183594,24.526771545410156,27.540000915527344,52.61000061035156,156.16000366210938,74.77999877929688
2022-07-06,364.2259826660156,282.14422607421875,163.31265258789062,99.9104232788086,162.13999938964844,59.424407958984375,24.63884162902832,26.729999542236328,54.66999816894531,151.13999938964844,73.66999816894531
2022-07-07,369.6810302734375,288.1817626953125,167.17767333984375,99.03120422363281,162.22999572753906,60.392887115478516,24.647462844848633,26.079999923706055,52.869998931884766,149.7100067138672,76.55000305175781
2022-07-08,369.3769836425781,288.5433044433594,167.1586456298828,97.93435668945312,162.3000030517578,60.44132614135742,24.630220413208008,24.639999389648438,52.099998474121094,145.25,78.54000091552734
2022-07-11,365.1573181152344,282.378662109375,163.7981414794922,99.6231689453125,161.42999267578125,60.10237503051758,24.914714813232422,26.170000076293945,53.099998474121094,147.72000122070312,78.2300033569336
2022-07-12,361.92608642578125,279.64324951171875,163.23648071289062,100.21510314941406,160.8300018310547,60.344482421875,24.90609359741211,27.290000915527344,54.400001525878906,148.11000061035156,72.80999755859375
2022-07-13,360.02532958984375,279.0667724609375,163.09365844726562,101.36421966552734,161.60000610351562,60.2799186706543,24.854368209838867,26.81999969482422,51.7599983215332,136.10000610351562,73.19000244140625
2022-07-14,359.15106201171875,280.0633239746094,161.41818237304688,100.5372314453125,159.3300018310547,60.16691589355469,25.02678871154785,26.399999618530273,53.029998779296875,137.75999450683594,72.8499984741211
2022-07-15,366.0126953125,285.14349365234375,164.77865600585938,101.10305786132812,159.00999450683594,60.933631896972656,24.880231857299805,24.229999542236328,51.77000045776367,129.85000610351562,73.73999786376953
2022-07-18,362.9906005859375,282.7303466796875,164.31222534179688,100.04971313476562,159.16000366210938,60.344482421875,24.74229621887207,25.299999237060547,49.65999984741211,127.69000244140625,76.80999755859375
2022-07-19,372.7982177734375,291.42523193359375,170.10980224609375,99.5099868774414,159.5399932861328,61.14346694946289,24.587116241455078,24.5,48.77000045776367,124.69999694824219,78.05000305175781
2022-07-20,375.17413330078125,296.0462646484375,172.77532958984375,99.77117156982422,158.0399932861328,61.40979766845703,24.656084060668945,23.8799991607666,47.540000915527344,122.9000015258789,77.63999938964844
2022-07-21,378.9945983886719,300.29595947265625,173.66067504882812,101.49481201171875,160.27000427246094,62.13619613647461,24.587116241455078,23.110000610351562,51.099998474121094,121.1500015258789,75.48999786376953
2022-07-22,375.4783020019531,295.0301208496094,170.89041137695312,103.20103454589844,160.6699981689453,62.05546951293945,24.55263328552246,23.030000686645508,47.84000015258789,123.69999694824219,74.52999877929688
2022-07-25,375.9344482421875,293.349853515625,171.7757568359375,102.19121551513672,160.22999572753906,62.039329528808594,24.51814842224121,23.360000610351562,47.959999084472656,128.27000427246094,76.22000122070312
2022-07-26,371.4867858886719,287.5858154296875,170.71905517578125,102.2695541381836,160.0399932861328,61.603519439697266,24.707809448242188,24.690000534057617,47.810001373291016,128.5500030517578,75.16000366210938
2022-07-27,381.1329040527344,299.7391357421875,174.60316467285156,101.69503021240234,161.6699981689453,62.28144073486328,24.50090789794922,23.239999771118164,48.9900016784668,117.27999877929688,77.87000274658203
2022-07-28,385.9132080078125,302.6700439453125,177.0021514892578,102.50458526611328,163.63999938964844,62.919036865234375,24.483665466308594,22.329999923706055,47.16999816894531,119.93000030517578,77.12999725341797
2022-07-29,391.5393371582031,308.1897277832031,178.25875854492188,102.22604370117188,164.10000610351562,63.10464859008789,24.388832092285156,21.329999923706055,46.189998626708984,116.36000061035156,78.05000305175781
2022-08-01,390.3798828125,308.0041198730469,178.19212341308594,104.68799591064453,165.02999877929688,63.124088287353516,24.294002532958984,22.84000015258789,49.970001220703125,120.5,75.12999725341797
2022-08-02,387.8044128417969,307.0858459472656,178.02078247070312,102.47286224365234,164.0500030517578,62.832435607910156,24.44917869567871,23.93000030517578,52.77000045776367,129.22999572753906,75.93000030517578
2022-08-03,393.87725830078125,315.44854736328125,180.6387176513672,104.08624267578125,164.4499969482422,63.38337326049805,24.51814842224121,21.950000762939453,50.119998931884766,122.04000091552734,73.52999877929688
2022-08-04,393.61114501953125,316.9237976074219,180.2579345703125,104.05134582519531,167.1699981689453,63.55350112915039,24.36297035217285,21.440000534057617,55.13999938964844,120.56999969482422,71.52999877929688
2022-08-05,392.9459228515625,314.3348693847656,181.63829040527344,101.57456970214844,165.2899932861328,63.22941970825195,24.569873809814453,21.149999618530273,48.7599983215332,122.58000183105469,71.54000091552734
2022-08-08,392.4897155761719,313.3186950683594,183.56130981445312,103.21412658691406,166.69000244140625,63.28611373901367,24.535388946533203,21.290000915527344,46.400001525878906,124.12000274658203,73.54000091552734
2022-08-09,390.9311828613281,309.7724914550781,181.0575714111328,102.81295013427734,167.1999969482422,62.816226959228516,24.5095272064209,21.770000457763672,46.22999954223633,125.12000274658203,73.44999694824219
2022-08-10,399.1422424316406,318.4184875488281,186.226806640625,102.14147186279297,166.77999877929688,63.756072998046875,24.242277145385742,19.739999771118164,46.560001373291016,115.26000213623047,74.31999969482422
2022-08-11,399.1422424316406,316.61114501953125,186.9217987060547,99.7605972290039,166.33999633789062,63.39146041870117,24.259517669677734,20.200000762939453,45.369998931884766,111.11000061035156,76.27999877929688
2022-08-12,405.8992919921875,322.7757263183594,190.7392578125,100.77222442626953,167.8699951171875,63.9586067199707,24.354347229003906,19.530000686645508,44.0,106.27999877929688,74.9800033569336
2022-08-15,407.57196044921875,325.38421630859375,191.41519165039062,100.68505859375,165.7100067138672,63.8452033996582,24.569873809814453,19.950000762939453,46.630001068115234,113.81999969482422,72.87999725341797
2022-08-16,408.3702697753906,324.6221008300781,191.33897399902344,101.1036376953125,165.4199981689453,63.54541778564453,24.561254501342773,19.690000534057617,50.25,116.83000183105469,71.23999786376953
2022-08-17,405.4716491699219,320.9194641113281,188.12127685546875,100.04838562011719,164.35000610351562,62.889137268066406,24.595739364624023,19.899999618530273,51.54999923706055,117.69999694824219,72.05000305175781
2022-08-18,406.650146484375,321.6912841796875,189.36837768554688,100.19661712646484,163.9199981689453,62.98633575439453,24.785400390625,19.559999465942383,47.40999984741211,120.26000213623047,74.20999908447266
2022-08-19,401.185546875,315.419189453125,185.30343627929688,98.58324432373047,162.72000122070312,62.34629821777344,24.940576553344727,20.600000381469727,50.34000015258789,123.80999755859375,74.05999755859375
2022-08-22,392.83184814453125,307.1151428222656,181.4859619140625,98.25181579589844,161.63999938964844,61.64141845703125,25.14748191833496,23.799999237060547,50.63999938964844,135.88999938964844,74.68000030517578
2022-08-23,391.881591796875,306.86114501953125,181.7810821533203,97.7111587524414,162.77000427246094,61.79534912109375,25.044031143188477,24.110000610351562,47.349998474121094,133.85000610351562,76.83000183105469
2022-08-24,393.135986328125,307.7501220703125,183.1709747314453,96.99601745605469,163.25,61.8682746887207,25.061269760131836,22.81999969482422,48.33000183105469,133.1300048828125,78.04000091552734
2022-08-25,398.68609619140625,313.1918029785156,186.01742553710938,98.34776306152344,163.75,62.45161056518555,25.01816749572754,21.780000686645508,48.779998779296875,126.33000183105469,76.5
2022-08-26,385.19091796875,300.3545837402344,179.90570068359375,99.08908081054688,161.75999450683594,61.422637939453125,25.11299705505371,25.559999465942383,47.08000183105469,122.94999694824219,75.8499984741211
2022-08-29,382.64398193359375,297.3944396972656,178.24923706054688,98.26925659179688,161.86000061035156,61.187679290771484,25.121618270874023,26.209999084472656,47.72999954223633,130.13999938964844,78.69000244140625
2022-08-30,378.443359375,294.0825500488281,175.7550506591797,98.51343536376953,160.50999450683594,60.717735290527344,25.11299705505371,26.209999084472656,49.7400016784668,127.69000244140625,75.47000122070312
2022-08-31,375.5638427734375,292.3729248046875,174.68882751464844,97.57159423828125,159.27000427246094,60.385555267333984,25.09575653076172,25.8700008392334,52.11000061035156,124.83999633789062,73.11000061035156
2022-09-01,376.74224853515625,292.49993896484375,172.7848663330078,95.78520965576172,157.8699951171875,60.54515075683594,25.319902420043945,25.559999465942383,53.900001525878906,126.58000183105469,70.94999694824219
2022-09-02,372.76971435546875,288.3674011230469,171.44256591796875,96.32707214355469,159.25999450683594,60.50441360473633,25.328523635864258,25.469999313354492,53.900001525878906,120.72000122070312,71.43000030517578
2022-09-06,371.3631896972656,286.2962951660156,169.74803161621094,93.94120788574219,158.3300018310547,60.34158706665039,25.475078582763672,26.90999984741211,50.0,133.5399932861328,71.41999816894531
2022-09-07,378.03472900390625,292.07977294921875,173.44171142578125,95.42691802978516,159.94000244140625,61.21280288696289,25.294038772583008,24.639999389648438,53.31999969482422,133.1199951171875,67.62000274658203
2022-09-08,380.5057067871094,293.59405517578125,174.88873291015625,94.44808959960938,158.97999572753906,61.48149108886719,25.34576416015625,23.610000610351562,51.290000915527344,124.13999938964844,68.08999633789062
2022-09-09,386.4169006347656,300.0126953125,178.40155029296875,94.65782928466797,159.82000732421875,61.72576141357422,25.164722442626953,22.790000915527344,48.84000015258789,121.54000091552734,71.0999984741211
2022-09-12,390.57000732421875,303.5785827636719,180.5625762939453,93.87998962402344,160.6300048828125,61.91303634643555,25.035409927368164,23.8700008392334,44.150001525878906,123.06999969482422,72.37000274658203
2022-09-13,373.5870666503906,286.93133544921875,173.49887084960938,94.0985107421875,158.5399932861328,60.50441360473633,25.380250930786133,27.270000457763672,44.810001373291016,128.8699951171875,72.01000213623047
2022-09-14,375.0125732421875,289.2075500488281,174.17474365234375,94.42188262939453,157.92999267578125,60.5939826965332,25.328523635864258,26.15999984741211,45.619998931884766,125.3499984741211,72.7300033569336
2022-09-15,370.75494384765625,284.3912048339844,172.90863037109375,94.36067962646484,154.97999572753906,60.21131896972656,25.34576416015625,26.270000457763672,46.630001068115234,124.06999969482422,69.76000213623047
2022-09-16,367.9264831542969,282.6521911621094,170.39541625976562,93.57415008544922,155.83999633789062,60.41486740112305,25.34576416015625,26.299999237060547,47.439998626708984,124.94999694824219,69.9000015258789
2022-09-19,370.7797546386719,284.8533020019531,171.85191345214844,93.7926254272461,155.9600067138672,60.64287185668945,25.328523635864258,25.760000228881836,46.75,133.7899932861328,70.05000305175781
2022-09-20,366.5238037109375,282.5827331542969,169.5100555419922,92.85749816894531,155.07000732421875,60.0240592956543,25.44921875,27.15999984741211,48.22999954223633,134.66000366210938,69.22000122070312
2022-09-21,360.1302185058594,277.5228271484375,166.92063903808594,94.41313934326172,155.7899932861328,59.84491729736328,25.69922637939453,27.989999771118164,48.650001525878906,130.5399932861328,68.68000030517578
2022-09-22,357.105224609375,274.1071472167969,163.16029357910156,92.0009994506836,155.6999969482422,59.48664474487305,25.73371124267578,27.350000381469727,47.099998474121094,131.92999267578125,68.97000122070312
2022-09-23,351.1219177246094,269.6441955566406,159.27621459960938,92.37679290771484,153.00999450683594,58.72944259643555,26.138896942138672,29.920000076293945,50.81999969482422,137.27999877929688,65.31999969482422
2022-09-26,347.6484375,268.52838134765625,157.09544372558594,90.6114273071289,151.22999572753906,58.03736877441406,26.432010650634766,32.2599983215332,56.68000030517578,153.61000061035156,63.20000076293945
2022-09-27,346.7608947753906,268.63616943359375,157.6313018798828,88.22553253173828,151.5399932861328,57.91523361206055,26.440631866455078,32.599998474121094,55.88999938964844,158.1199951171875,64.41999816894531
2022-09-28,353.58392333984375,273.9798889160156,162.6168212890625,91.17950439453125,154.69000244140625,58.94929885864258,26.095792770385742,30.18000030517578,55.02000045776367,158.99000549316406,67.12999725341797
2022-09-29,346.19781494140625,266.0816955566406,158.97097778320312,90.70756530761719,154.66000366210938,58.39561080932617,25.992340087890625,31.84000015258789,54.40999984741211,148.13999938964844,66.7699966430664
2022-09-30,340.8444519042969,261.5697937011719,157.81312561035156,89.53646087646484,154.6699981689453,58.126914978027344,25.992340087890625,31.6200008392334,55.689998626708984,141.88999938964844,65.27999877929688
2022-10-03,349.8431701660156,267.70635986328125,161.9948272705078,90.95916748046875,158.42999267578125,58.88869857788086,25.871646881103516,30.100000381469727,56.2400016784668,152.94000244140625,67.88999938964844
2022-10-04,360.68365478515625,276.12322998046875,168.4156494140625,90.7051010131836,160.6999969482422,60.156959533691406,25.518186569213867,29.06999969482422,59.5099983215332,151.2100067138672,70.27999877929688
2022-10-05,359.8439025878906,275.9764404296875,167.17169189453125,89.83783721923828,159.80999755859375,59.919715881347656,25.759572982788086,28.549999237060547,54.20000076293945,152.00999450683594,71.94000244140625
2022-10-06,356.1318054199219,273.8036804199219,166.23390197753906,89.33845520019531,159.6300048828125,59.739681243896484,26.01820182800293,30.520000457763672,53.38999938964844,153.2899932861328,72.98999786376953
2022-10-07,346.19781494140625,263.3706970214844,161.34408569335938,88.47119903564453,157.8800048828125,59.011451721191406,26.12165641784668,31.360000610351562,53.63999938964844,148.4600067138672,75.0999984741211
2022-10-10,343.5545959472656,260.73797607421875,160.44459533691406,87.09581756591797,155.47999572753906,58.291385650634766,26.23373031616211,32.45000076293945,51.41999816894531,,73.77999877929688
2022-10-11,341.3788757324219,257.15582275390625,160.492431640625,87.48126983642578,155.16000366210938,58.47139358520508,26.2509708404541,33.630001068115234,51.91999816894531,155.57000732421875,71.75
2022-10-12,340.2527770996094,257.0677490234375,160.05226135253906,87.91055297851562,155.99000549316406,58.56958770751953,26.2509708404541,33.56999969482422,51.52000045776367,160.72000122070312,70.93000030517578
2022-10-13,349.2324523925781,263.09661865234375,164.01385498046875,87.06954193115234,154.91000366210938,58.70051193237305,26.07855224609375,31.940000534057617,50.52000045776367,155.0800018310547,72.5199966430664
2022-10-14,341.27386474609375,255.1886749267578,159.62167358398438,86.35118103027344,152.97999572753906,58.51232147216797,26.25959014892578,32.02000045776367,50.29999923706055,152.88999938964844,70.16999816894531
2022-10-17,350.0435791015625,263.6153869628906,164.71240234375,85.93069458007812,153.4199981689453,59.23235321044922,25.992340087890625,31.3700008392334,50.27000045776367,150.4199981689453,70.12999725341797
2022-10-18,354.1564636230469,265.699951171875,166.66448974609375,86.1321792602539,153.75,59.64967346191406,25.97509765625,30.5,49.119998931884766,145.7899932861328,68.69999694824219
2022-10-19,351.64666748046875,264.7311096191406,163.8320770263672,84.56405639648438,151.69000244140625,59.076904296875,26.16476058959961,30.760000228881836,47.779998779296875,147.72999572753906,70.04000091552734
2022-10-20,348.6980285644531,263.3804931640625,161.74600219726562,83.11859893798828,151.4499969482422,58.74960708618164,26.182003021240234,29.979999542236328,47.97999954223633,155.61000061035156,70.18000030517578
2022-10-21,357.1719665527344,269.55615234375,165.25787353515625,81.62059020996094,154.14999389648438,59.314205169677734,25.957855224609375,29.690000534057617,47.189998626708984,156.9499969482422,70.56999969482422
2022-10-24,361.5425109863281,272.52154541015625,165.96597290039062,80.94603729248047,153.64999389648438,59.35508346557617,25.983718872070312,29.850000381469727,47.779998779296875,154.02000427246094,70.37999725341797
2022-10-25,367.3157958984375,278.158935546875,170.49212646484375,83.30255126953125,154.0,59.9278678894043,25.69922637939453,28.459999084472656,47.29999923706055,147.77999877929688,70.61000061035156
2022-10-26,364.5484313964844,272.0126647949219,171.33419799804688,84.50273132324219,154.97999572753906,60.091522216796875,25.431974411010742,27.280000686645508,48.58000183105469,140.1999969482422,72.97000122070312
2022-10-27,362.60174560546875,267.0604248046875,171.3724822998047,85.38756561279297,154.74000549316406,60.53336715698242,25.630258560180664,27.389999389648438,49.02000045776367,142.77999877929688,73.62000274658203
2022-10-28,371.228271484375,275.23260498046875,175.26712036132812,84.80059814453125,153.16000366210938,60.999755859375,25.673364639282227,25.75,47.810001373291016,144.60000610351562,72.81999969482422
2022-10-31,368.5467834472656,272.03228759765625,175.42974853515625,84.19611358642578,151.91000366210938,60.08333969116211,25.88888931274414,25.8799991607666,47.40999984741211,147.9199981689453,71.52999877929688
2022-11-01,366.9340515136719,269.25274658203125,175.6690216064453,84.98299407958984,153.4600067138672,60.4447135925293,25.880268096923828,25.809999465942383,47.040000915527344,148.4199981689453,73.12000274658203
2022-11-02,357.7254638671875,260.02349853515625,169.84144592285156,84.6141357421875,152.38999938964844,59.89442443847656,25.992340087890625,25.860000610351562,47.75,141.1699981689453,74.08000183105469
2022-11-03,354.0419616699219,254.9439239501953,168.7027130126953,84.15748596191406,151.80999755859375,59.46731948852539,26.20786476135254,25.299999237060547,46.470001220703125,136.27999877929688,73.29000091552734
2022-11-04,359.13775634765625,259.0447692871094,170.9801788330078,82.74359130859375,156.47000122070312,59.877994537353516,25.716468811035156,24.549999237060547,47.5,128.44000244140625,76.81999969482422
2022-11-07,362.5731201171875,261.8928527832031,171.75526428222656,81.91808319091797,155.85000610351562,59.869789123535156,25.569910049438477,24.350000381469727,45.11000061035156,128.3300018310547,76.55999755859375
2022-11-08,364.5293273925781,263.80126953125,171.8222198486328,82.81385803222656,159.4499969482422,59.81229019165039,25.45783805847168,25.540000915527344,45.040000915527344,126.33000183105469,74.47000122070312
2022-11-09,357.0191650390625,257.7137451171875,167.1046905517578,83.0860824584961,158.64999389648438,59.09770202636719,25.647499084472656,26.09000015258789,45.380001068115234,124.4000015258789,71.66999816894531
2022-11-10,376.63897705078125,276.7299499511719,177.39144897460938,86.28273010253906,163.47999572753906,60.93757247924805,25.061269760131836,23.530000686645508,43.47999954223633,111.69000244140625,72.23999786376953
2022-11-11,380.2842102050781,281.8291015625,178.84593200683594,85.966552734375,164.55999755859375,61.15110778808594,24.699188232421875,22.520000457763672,42.060001373291016,,74.37999725341797
2022-11-14,377.04931640625,279.36279296875,176.8459930419922,85.75581359863281,164.9199981689453,60.699371337890625,24.811262130737305,23.729999542236328,44.41999816894531,119.98999786376953,71.91000366210938
2022-11-15,380.2651062011719,283.2287292480469,179.46791076660156,87.14334869384766,165.5,61.23324966430664,24.725051879882812,24.540000915527344,46.720001220703125,128.6199951171875,73.25
2022-11-16,377.36419677734375,279.36279296875,176.3101348876953,89.04906463623047,165.1199951171875,61.101829528808594,24.673328399658203,24.110000610351562,45.119998931884766,130.8300018310547,72.04000091552734
2022-11-17,376.2095642089844,278.7461853027344,174.67381286621094,88.10938262939453,163.9199981689453,60.83900451660156,24.768156051635742,23.93000030517578,45.34000015258789,132.17999267578125,70.13999938964844
2022-11-18,377.91766357421875,278.75592041015625,175.80296325683594,87.50343322753906,162.7899932861328,60.970420837402344,24.83712387084961,23.1200008392334,45.93000030517578,129.3300018310547,69.02999877929688
2022-11-21,376.54351806640625,275.88836669921875,174.88430786132812,87.87224578857422,161.8800048828125,60.945770263671875,25.052648544311523,22.360000610351562,47.11000061035156,132.1300048828125,69.02999877929688
2022-11-22,381.61065673828125,279.8619384765625,176.75030517578125,89.11931610107422,162.07000732421875,61.38930892944336,24.897472381591797,21.290000915527344,46.29999923706055,133.52999877929688,69.9800033569336
2022-11-23,384.0154724121094,282.6707763671875,177.20962524414062,90.6737060546875,163.0800018310547,61.73428726196289,24.63884162902832,20.350000381469727,51.560001373291016,136.1999969482422,67.41000366210938
2022-11-25,383.9295654296875,280.81121826171875,177.58282470703125,90.36631774902344,163.22000122070312,61.611087799072266,24.63884162902832,20.5,50.15999984741211,129.60000610351562,66.95999908447266
2022-11-28,377.80316162109375,276.69085693359375,174.00399780273438,90.6209945678711,161.92999267578125,60.96221160888672,24.819883346557617,22.209999084472656,50.529998779296875,131.72999572753906,66.87999725341797
2022-11-29,377.1542663574219,274.596435546875,174.51113891601562,89.5583724975586,162.72999572753906,61.22503662109375,24.86298942565918,21.889999389648438,47.90999984741211,131.22999572753906,68.33999633789062
2022-11-30,389.03485107421875,287.1141052246094,179.29566955566406,90.2170181274414,164.80999755859375,62.144981384277344,24.664705276489258,20.579999923706055,46.150001525878906,127.2699966430664,70.2300033569336
2022-12-01,388.7486572265625,287.4665222167969,178.90335083007812,93.09911346435547,167.83999633789062,62.3751335144043,24.36297035217285,19.84000015258789,45.61000061035156,119.7699966430664,70.44999694824219
2022-12-02,388.30010986328125,286.3213195800781,179.94638061523438,94.2698745727539,167.25999450683594,62.32563018798828,24.337106704711914,19.059999465942383,45.7599983215332,118.62000274658203,69.83999633789062
2022-12-05,381.3148498535156,281.5158996582031,174.98959350585938,92.94945526123047,164.38999938964844,61.73173522949219,24.535388946533203,20.75,45.40999984741211,126.5,67.72000122070312
2022-12-06,375.81829833984375,275.68280029296875,172.31024169921875,94.14663696289062,164.83999633789062,61.5090217590332,24.55263328552246,22.170000076293945,46.36000061035156,129.08999633789062,65.2300033569336
2022-12-07,375.1789245605469,274.5572814941406,171.8031005859375,96.36495208740234,166.3300018310547,61.84720230102539,24.47504234313965,22.68000030517578,47.90999984741211,131.10000610351562,63.650001525878906
2022-12-08,378.11810302734375,277.8066711425781,173.04705810546875,96.1008529663086,166.47000122070312,61.89672088623047,24.397451400756836,22.290000915527344,47.16999816894531,129.5399932861328,62.709999084472656
2022-12-09,375.29345703125,276.03515625,170.92269897460938,93.60086822509766,167.05999755859375,61.89672088623047,24.44917869567871,22.829999923706055,46.93000030517578,132.7899932861328,62.849998474121094
2022-12-12,380.70416259765625,279.4997253417969,172.9322509765625,93.90013885498047,165.67999267578125,62.13591003417969,24.466421127319336,25.0,44.9900016784668,141.92999267578125,64.41000366210938
2022-12-13,383.5860290527344,282.50445556640625,174.3646240234375,94.80683898925781,168.50999450683594,62.77928924560547,24.250896453857422,22.549999237060547,43.369998931884766,135.0800018310547,65.86000061035156
2022-12-14,381.1335144042969,280.4100341796875,173.2206268310547,95.21178436279297,168.10000610351562,62.42459487915039,24.138824462890625,21.139999389648438,41.81999969482422,120.26000213623047,67.36000061035156
2022-12-15,371.8103942871094,270.994873046875,168.88507080078125,95.58328247070312,165.35000610351562,62.18913269042969,24.36297035217285,22.829999923706055,43.70000076293945,111.26000213623047,66.1500015258789
2022-12-16,367.42071533203125,268.4110412597656,167.62576293945312,94.51555633544922,166.7899932861328,61.85744094848633,24.40607452392578,22.6200008392334,42.290000915527344,113.6500015258789,64.9000015258789
2022-12-19,364.3050842285156,264.6388854980469,165.35704040527344,92.92720031738281,166.32000732421875,61.54235076904297,24.41216278076172,22.420000076293945,42.470001220703125,118.31999969482422,66.06999969482422
2022-12-20,364.8036193847656,264.4328308105469,166.23182678222656,91.27709197998047,169.0800018310547,61.384796142578125,24.246919631958008,21.479999542236328,41.790000915527344,119.91999816894531,66.22000122070312
2022-12-21,370.25830078125,268.2687683105469,169.09657287597656,91.50653076171875,168.8000030517578,61.9072151184082,24.30780029296875,20.06999969482422,41.18000030517578,115.0,68.05999755859375
2022-12-22,364.9761962890625,261.7055358886719,166.885498046875,91.48887634277344,166.75999450683594,61.525753021240234,24.342588424682617,21.969999313354492,41.79999923706055,112.05000305175781,67.69999694824219
2022-12-23,367.0755920410156,262.29412841796875,167.64492797851562,90.14763641357422,167.25999450683594,61.68328857421875,24.33388900756836,20.8700008392334,41.209999084472656,113.16999816894531,69.31999969482422
2022-12-27,365.6280822753906,258.58575439453125,166.52020263671875,88.3651351928711,168.6699981689453,61.044857025146484,24.325191497802734,21.649999618530273,43.5,124.88999938964844,69.52999877929688
2022-12-28,361.0840759277344,255.17176818847656,163.9342498779297,87.8445053100586,167.91000366210938,60.223941802978516,24.41216278076172,22.139999389648438,43.95000076293945,120.06999969482422,68.58000183105469
2022-12-29,367.5837097167969,261.39154052734375,168.087158203125,88.84162902832031,168.85000610351562,61.00337600708008,24.264314651489258,21.440000534057617,42.599998474121094,120.25,68.52999877929688
2022-12-30,366.6154479980469,261.234619140625,167.61611938476562,87.85332489013672,169.63999938964844,61.05311584472656,24.1860408782959,21.670000076293945,41.2599983215332,121.61000061035156,70.11000061035156
2023-01-03,365.0720520019531,259.46868896484375,166.69325256347656,89.52989959716797,171.05999755859375,61.16921615600586,24.446949005126953,22.899999618530273,44.13999938964844,129.97000122070312,67.63999938964844
2023-01-04,367.8904724121094,260.7048034667969,168.76968383789062,90.75646209716797,172.6699981689453,61.8740234375,24.3599796295166,22.010000228881836,45.83000183105469,125.77999877929688,64.30000305175781
2023-01-05,363.69158935546875,256.6236267089844,166.96241760253906,91.1358871459961,170.52000427246094,61.74964904785156,24.586101531982422,22.459999084472656,43.93000030517578,119.52999877929688,64.77999877929688
2023-01-06,372.0318603515625,263.70684814453125,170.7115936279297,92.81250762939453,173.7100067138672,62.62858963012695,24.264314651489258,21.1299991607666,42.939998626708984,113.87000274658203,64.83000183105469
2023-01-09,371.8208923339844,265.4139404296875,170.99998474121094,93.30664825439453,174.10000610351562,62.85247039794922,24.11646842956543,21.969999313354492,42.75,116.66999816894531,65.87999725341797
2023-01-10,374.4284362792969,267.66046142578125,173.5282745361328,91.7624282836914,174.74000549316406,62.77783966064453,24.133861541748047,20.579999923706055,41.599998474121094,119.5199966430664,65.9000015258789
2023-01-11,379.1641845703125,272.2911071777344,175.69122314453125,93.25370788574219,174.6199951171875,63.192420959472656,24.133861541748047,21.09000015258789,41.189998626708984,115.16999816894531,68.05000305175781
2023-01-12,380.5446472167969,273.7626647949219,178.6425018310547,95.0891342163086,176.63999938964844,63.54896926879883,23.899045944213867,18.829999923706055,39.279998779296875,112.33999633789062,68.61000061035156
2023-01-13,382.0209045410156,275.6462707519531,179.8153076171875,94.19791412353516,178.75999450683594,63.54896926879883,23.890348434448242,18.350000381469727,38.189998626708984,113.55000305175781,70.05000305175781
2023-01-17,381.3211669921875,276.2054443359375,179.59422302246094,93.5890121459961,177.58999633789062,63.333396911621094,23.959924697875977,19.360000610351562,40.099998474121094,122.2699966430664,70.86000061035156
2023-01-18,375.30084228515625,272.6148376464844,176.6909942626953,95.8568115234375,177.0800018310547,63.40802764892578,23.959924697875977,20.34000015258789,39.25,112.61000061035156,69.51000213623047
2023-01-19,372.56866455078125,269.9365234375,174.99908447265625,95.25679016113281,179.88999938964844,63.03489303588867,23.899045944213867,20.520000457763672,39.02000045776367,114.52999877929688,70.58999633789062
2023-01-20,379.50927734375,277.3238525390625,177.88302612304688,93.71257781982422,179.2899932861328,63.1592903137207,23.864259719848633,19.850000381469727,37.810001373291016,114.76000213623047,71.55000305175781
2023-01-23,384.0628356933594,283.48486328125,180.08447265625,93.27134704589844,179.6300048828125,63.150970458984375,23.899045944213867,19.809999465942383,37.29999923706055,114.69000244140625,71.5
2023-01-24,383.6506652832031,282.90606689453125,179.69993591308594,94.61265563964844,180.27999877929688,63.192420959472656,23.872955322265625,19.200000762939453,38.2599983215332,112.76000213623047,70.22000122070312
2023-01-25,383.7944641113281,282.2781982421875,180.1998291015625,94.84205627441406,181.11000061035156,63.184146881103516,23.7946834564209,19.079999923706055,38.540000915527344,107.73999786376953,70.51000213623047
2023-01-26,388.0124816894531,287.7819519042969,181.2668914794922,94.40086364746094,179.47000122070312,63.3416862487793,23.855562210083008,18.729999542236328,38.119998931884766,104.27999877929688,70.93000030517578
2023-01-27,388.90399169921875,290.6465148925781,182.24746704101562,94.16259765625,179.22000122070312,63.150970458984375,23.890348434448242,18.510000228881836,38.599998474121094,100.69999694824219,69.5
2023-01-30,384.02447509765625,284.7700500488281,179.70957946777344,93.81843566894531,178.75999450683594,62.802711486816406,23.977317810058594,19.940000534057617,40.18000030517578,103.7699966430664,68.0999984741211
2023-01-31,389.67095947265625,289.0376281738281,184.073974609375,94.5685043334961,179.41000366210938,63.291969299316406,23.925138473510742,19.399999618530273,38.54999923706055,99.54000091552734,69.31999969482422
2023-02-01,393.8122863769531,295.21826171875,186.96754455566406,95.705322265625,181.6699981689453,63.95682907104492,23.699016571044922,17.8700008392334,37.9900016784668,97.33000183105469,67.36000061035156
2023-02-02,399.5450134277344,305.8136901855469,190.64939880371094,95.82918548583984,177.89999389648438,64.32344055175781,23.855562210083008,18.729999542236328,38.4900016784668,97.76000213623047,66.56999969482422
2023-02-03,395.29815673828125,300.3786315917969,189.370849609375,94.39599609375,173.4600067138672,63.64854431152344,24.168651580810547,18.329999923706055,39.47999954223633,98.98999786376953,64.4000015258789
2023-02-06,392.88238525390625,297.8377380371094,186.63108825683594,93.69709014892578,173.82000732421875,63.240272521972656,24.30780029296875,19.43000030517578,38.91999816894531,105.62999725341797,65.5
2023-02-07,398.0207824707031,304.00848388671875,188.015380859375,92.9450912475586,173.97999572753906,63.46526336669922,24.264314651489258,18.65999984741211,37.310001373291016,103.1500015258789,67.76000213623047
2023-02-08,393.6684875488281,298.6029052734375,185.26602172851562,93.3874282836914,174.41000366210938,63.198604583740234,24.290407180786133,19.6299991607666,37.02000045776367,100.75,68.68000030517578
2023-02-09,390.2556457519531,295.9638671875,182.5839080810547,92.50273895263672,173.02999877929688,62.79034423828125,24.255617141723633,20.709999084472656,35.75,102.44999694824219,67.91999816894531
2023-02-10,391.1664123535156,294.02142333984375,182.94918823242188,91.46768951416016,173.36000061035156,62.307098388671875,24.33388900756836,20.530000686645508,35.88999938964844,109.62999725341797,69.87000274658203
2023-02-13,395.75836181640625,298.73040771484375,185.15061950683594,92.23737335205078,172.47999572753906,62.465396881103516,24.264314651489258,20.34000015258789,37.77000045776367,110.66999816894531,69.5
2023-02-14,395.5762023925781,300.93780517578125,185.06414794921875,92.0250473022461,172.61000061035156,62.48204803466797,24.246919631958008,18.90999984741211,36.66999816894531,110.58999633789062,69.4000015258789
2023-02-15,396.8608093261719,303.2432861328125,186.93869018554688,91.16690063476562,170.88999938964844,62.382080078125,24.41216278076172,18.229999542236328,35.70000076293945,108.63999938964844,69.0199966430664
2023-02-16,391.3965148925781,297.5531921386719,185.15061950683594,89.87525177001953,170.75,61.88214111328125,24.446949005126953,20.170000076293945,35.029998779296875,111.01000213623047,68.44999694824219
2023-02-17,390.4186706542969,295.4536437988281,185.66017150878906,90.57415008544922,171.25999450683594,62.12380599975586,24.429555892944336,20.020000457763672,36.040000915527344,110.11000061035156,67.0199966430664
2023-02-21,382.58648681640625,288.4588317871094,180.1805877685547,88.81364440917969,170.6199951171875,61.16560745239258,24.507827758789062,22.8700008392334,37.04999923706055,119.62000274658203,66.69000244140625
2023-02-22,382.05926513671875,288.6746520996094,180.6708984375,89.62753295898438,169.66000366210938,61.56552505493164,24.586101531982422,22.290000915527344,38.36000061035156,118.20999908447266,64.91999816894531
2023-02-23,384.0916442871094,291.1959533691406,181.9590606689453,90.50337982177734,169.57000732421875,62.17377471923828,24.594797134399414,21.139999389648438,36.689998626708984,117.44999694824219,66.37999725341797
2023-02-24,379.9886169433594,286.32012939453125,180.25750732421875,89.32675170898438,168.35000610351562,61.798831939697266,24.77743148803711,21.670000076293945,37.25,122.83999633789062,67.0999984741211
2023-02-27,381.28277587890625,288.37054443359375,180.89198303222656,89.57447814941406,169.00999450683594,62.2154541015625,24.6469783782959,20.950000762939453,37.54999923706055,120.02999877929688,66.25
2023-02-28,379.87353515625,287.9977111816406,180.90158081054688,89.98143005371094,169.77999877929688,62.098785400390625,24.716552734375,20.700000762939453,35.41999816894531,123.5999984741211,67.20999908447266
2023-03-01,378.4164123535156,285.6824645996094,181.13229370117188,89.01473236083984,170.75999450683594,61.922733306884766,24.586101531982422,20.579999923706055,36.630001068115234,121.08000183105469,68.06999969482422
2023-03-02,381.3594665527344,288.0467529296875,181.56491088867188,88.22540283203125,170.66000366210938,61.998199462890625,24.716552734375,19.59000015258789,35.61000061035156,124.12000274658203,68.30000305175781
2023-03-03,387.47564697265625,294.00177001953125,184.09320068359375,90.36275482177734,172.49000549316406,62.63529586791992,24.620887756347656,18.489999771118164,35.20000076293945,122.5199966430664,69.86000061035156
2023-03-06,387.74407958984375,294.33526611328125,181.4014892578125,89.662109375,171.6199951171875,62.63529586791992,24.586101531982422,18.610000610351562,33.029998779296875,128.19000244140625,70.48999786376953
2023-03-07,381.8004150390625,290.7251281738281,179.2962188720703,90.2120132446289,168.6199951171875,62.191009521484375,24.890493392944336,19.59000015258789,33.7599983215332,133.3300018310547,67.8499984741211
2023-03-08,382.42364501953125,292.1770324707031,179.3827362060547,90.30069732666016,168.5399932861328,61.89759063720703,24.88179588317871,19.110000610351562,33.38999938964844,129.75999450683594,67.0999984741211
2023-03-09,375.367919921875,287.1147766113281,174.39344787597656,90.52241516113281,170.1999969482422,61.55390548706055,24.812219619750977,22.610000610351562,34.86000061035156,129.27999877929688,66.23999786376953
2023-03-10,369.9516296386719,283.0826416015625,169.36573791503906,93.6441650390625,173.8699951171875,61.562286376953125,24.655675888061523,24.799999237060547,36.7599983215332,140.05999755859375,67.13999938964844
2023-03-13,369.4242858886719,285.18212890625,166.60675048828125,93.85700988769531,177.86000061035156,61.226985931396484,24.429555892944336,26.520000457763672,38.130001068115234,173.58999633789062,65.25
2023-03-14,375.5309143066406,291.73553466796875,169.69261169433594,92.3138656616211,176.8300018310547,61.6712760925293,24.429555892944336,23.729999542236328,47.40999984741211,169.64999389648438,62.93000030517578
2023-03-15,373.1822509765625,293.26593017578125,166.8951416015625,94.09645080566406,178.2100067138672,61.470088958740234,24.690462112426758,26.139999389648438,49.779998779296875,169.64999389648438,60.02000045776367
2023-03-16,379.72979736328125,300.9966735839844,169.17347717285156,93.36035919189453,178.57000732421875,61.8724479675293,24.664371490478516,22.989999771118164,48.650001525878906,167.9600067138672,60.04999923706055
2023-03-17,375.2897033691406,299.57415771484375,164.60720825195312,94.76161193847656,183.77000427246094,61.503623962402344,24.525222778320312,25.510000228881836,51.47999954223633,180.11000061035156,58.65999984741211
2023-03-20,378.8983459472656,300.6372985839844,166.74130249023438,93.9279556274414,183.83999633789062,61.335960388183594,24.386072158813477,24.149999618530273,51.13999938964844,182.63999938964844,59.790000915527344
2023-03-21,383.87353515625,304.93115234375,169.8175506591797,93.12093353271484,180.3699951171875,62.006591796875,24.37737464904785,21.3799991607666,48.119998931884766,162.30999755859375,61.22999954223633
2023-03-22,377.3297424316406,300.7846984863281,165.00132751464844,94.36253356933594,183.44000244140625,62.06523132324219,24.194740295410156,22.260000228881836,46.970001220703125,142.83999633789062,61.61000061035156
2023-03-23,378.34979248046875,304.3514404296875,164.2689971923828,94.36253356933594,185.74000549316406,61.822139739990234,24.229530334472656,22.610000610351562,46.900001525878906,151.39999389648438,60.9900016784668
2023-03-24,380.8325500488281,305.4715881347656,165.7548828125,94.76161193847656,183.64999389648438,61.696441650390625,24.37737464904785,21.739999771118164,48.36000061035156,173.66000366210938,60.959999084472656
2023-03-27,381.5447082519531,303.3786926269531,167.59779357910156,92.53558349609375,181.9499969482422,61.54553985595703,24.299100875854492,20.600000381469727,45.40999984741211,161.6699981689453,64.1500015258789
2023-03-28,380.6882629394531,301.7672424316406,167.3565673828125,92.7040786743164,183.44000244140625,61.51201248168945,24.212133407592773,19.969999313354492,44.310001373291016,155.9600067138672,64.55000305175781
2023-03-29,386.22149658203125,307.2696533203125,169.25738525390625,92.51787567138672,182.52999877929688,62.28321075439453,24.273012161254883,19.1200008392334,43.33000183105469,150.5800018310547,64.1500015258789
2023-03-30,388.48297119140625,310.1781005859375,169.02578735351562,92.94356536865234,184.17999267578125,62.65202331542969,24.159954071044922,19.020000457763672,42.02000045776367,141.24000549316406,65.31999969482422
2023-03-31,393.95843505859375,315.3365783691406,172.13267517089844,94.3359146118164,183.22000122070312,63.3310546875,24.246919631958008,18.700000762939453,40.34000015258789,135.92999267578125,66.44000244140625
2023-04-03,395.45965576171875,314.5701599121094,172.2098846435547,94.77957916259766,184.5399932861328,63.2822151184082,24.133861541748047,18.549999237060547,39.4900016784668,138.1699981689453,70.2699966430664
2023-04-04,393.2655944824219,313.50897216796875,169.18984985351562,95.25082397460938,187.97999572753906,63.096954345703125,24.038196563720703,19.0,39.41999816894531,147.75,70.2699966430664
2023-04-05,392.2359619140625,310.4138488769531,167.53024291992188,96.24662780761719,187.8300018310547,62.74327087402344,24.107770919799805,19.079999923706055,39.13999938964844,153.89999389648438,70.23999786376953
2023-04-06,393.7659606933594,312.5067443847656,167.78111267089844,96.49557495117188,186.49000549316406,63.021156311035156,24.125164031982422,18.399999618530273,34.7599983215332,147.72999572753906,70.26000213623047
2023-04-10,394.1700744628906,312.32989501953125,169.57577514648438,94.93962097167969,185.11000061035156,62.96220016479492,24.264314651489258,18.969999313354492,34.310001373291016,143.0,69.76000213623047
2023-04-11,394.2759704589844,310.325439453125,170.91693115234375,95.13521575927734,186.27999877929688,63.096954345703125,24.177345275878906,19.100000381469727,34.22999954223633,139.77999877929688,71.06999969482422
2023-04-12,392.6689453125,307.5841064453125,169.66261291503906,95.03744506835938,187.19000244140625,63.08012390136719,24.046894073486328,19.09000015258789,33.7400016784668,129.67999267578125,72.43000030517578
2023-04-13,397.8846130371094,313.6072082519531,171.91075134277344,94.29058837890625,189.72000122070312,63.50954818725586,23.933834075927734,17.799999237060547,32.779998779296875,119.94999694824219,71.80000305175781
2023-04-14,396.9126892089844,313.0177307128906,170.30906677246094,93.42813110351562,186.36000061035156,63.39167022705078,24.072982788085938,17.06999969482422,32.5099983215332,118.83999633789062,72.08999633789062
2023-04-17,398.3369445800781,313.2829895019531,172.49932861328125,92.31674194335938,185.52999877929688,63.223262786865234,24.194740295410156,16.950000762939453,32.93000030517578,122.69000244140625,70.83999633789062
2023-04-18,398.59674072265625,313.3026428222656,171.76600646972656,92.64569091796875,186.25,63.265357971191406,24.107770919799805,16.829999923706055,33.689998626708984,122.77999877929688,70.7300033569336
2023-04-19,398.5293884277344,313.1552429199219,171.9879608154297,92.55677795410156,185.36000061035156,63.01273727416992,24.159954071044922,16.459999084472656,34.439998626708984,124.0199966430664,69.30000305175781
2023-04-20,396.3545837402344,310.767578125,171.1002655029297,93.3481216430664,186.08999633789062,62.95378112792969,24.159954071044922,17.170000076293945,36.40999984741211,120.61000061035156,67.5999984741211
2023-04-21,396.6625061035156,311.09185791015625,171.32215881347656,92.82352447509766,184.25,63.14744567871094,24.133861541748047,16.770000457763672,35.16999816894531,120.83999633789062,68.20999908447266
2023-04-24,397.0763244628906,310.443359375,171.2064208984375,93.72156524658203,184.80999755859375,63.32429504394531,24.05558967590332,16.889999389648438,34.279998779296875,126.27999877929688,69.25
2023-04-25,390.7731628417969,304.5871887207031,166.9803009033203,95.09967041015625,185.75,63.223262786865234,24.168651580810547,18.760000228881836,36.63999938964844,137.1300048828125,67.62000274658203
2023-04-26,389.1180725097656,306.4344787597656,165.3689422607422,94.08607482910156,184.74000549316406,62.979068756103516,24.090377807617188,18.84000015258789,39.25,130.38999938964844,65.36000061035156
2023-04-27,396.86456298828125,314.7666931152344,167.57846069335938,93.15253448486328,184.75,63.189579010009766,24.09907341003418,17.030000686645508,37.7599983215332,122.43000030517578,65.80999755859375
2023-04-28,400.2519836425781,316.9381408691406,169.0450897216797,94.6551284790039,184.8000030517578,63.45902633666992,24.133861541748047,15.779999732971191,35.630001068115234,122.45999908447266,67.5
2023-05-01,399.8477783203125,316.5745849609375,169.14158630371094,91.92578125,183.97000122070312,63.16811752319336,24.255617141723633,16.079999923706055,35.939998626708984,128.17999267578125,66.55000305175781
2023-05-02,395.3537902832031,313.8135681152344,165.6680908203125,94.21656799316406,187.52000427246094,63.10887908935547,24.194740295410156,17.780000686645508,39.47999954223633,137.5500030517578,63.04999923706055
2023-05-03,392.6400451660156,311.760009765625,166.2759246826172,94.74247741699219,189.11000061035156,63.075077056884766,24.064285278320312,18.34000015258789,43.22999954223633,134.5,60.310001373291016
2023-05-04,389.8590087890625,310.6595153808594,164.4136962890625,93.8065414428711,190.44000244140625,62.88899230957031,24.090377807617188,20.09000015258789,43.75,140.7100067138672,60.70000076293945
2023-05-05,397.0763244628906,317.26239013671875,168.32142639160156,93.49456024169922,187.4600067138672,63.227294921875,24.05558967590332,17.190000534057617,37.349998474121094,130.2100067138672,63.029998779296875
2023-05-08,397.1821594238281,318.04840087890625,167.93548583984375,92.18426513671875,187.69000244140625,63.049705505371094,24.090377807617188,16.979999542236328,35.540000915527344,135.07000732421875,64.26000213623047
2023-05-09,395.4404296875,316.0341796875,167.43380737304688,91.8544692993164,189.02000427246094,62.88899230957031,24.168651580810547,17.709999084472656,35.130001068115234,133.92999267578125,64.87000274658203
2023-05-10,397.28802490234375,319.4732360839844,168.28285217285156,92.74583435058594,188.75,63.269588470458984,24.125164031982422,16.940000534057617,34.130001068115234,125.5999984741211,64.38999938964844
2023-05-11,396.5951843261719,320.51470947265625,166.98995971679688,93.72633361816406,187.1300048828125,63.16811752319336,24.281709671020508,16.93000030517578,35.7400016784668,128.2100067138672,63.25
2023-05-12,396.0754699707031,319.3651428222656,166.65223693847656,92.94193267822266,186.80999755859375,62.93975830078125,24.43825340270996,17.030000686645508,37.31999969482422,120.5199966430664,62.06999969482422
2023-05-15,397.4419860839844,321.0943908691406,168.6881103515625,91.97929382324219,187.2100067138672,62.92281723022461,24.368677139282227,17.1200008392334,35.15999984741211,127.88999938964844,62.9900016784668
2023-05-16,394.7859802246094,321.45794677734375,166.2276611328125,91.70294952392578,184.8699951171875,62.48304748535156,24.429555892944336,17.989999771118164,35.97999954223633,130.3000030517578,62.540000915527344
2023-05-17,399.57830810546875,325.3489074707031,169.9327850341797,91.43553161621094,184.22999572753906,62.6522102355957,24.473041534423828,16.8700008392334,36.439998626708984,120.77999877929688,64.5999984741211
2023-05-18,403.427490234375,331.3917541503906,170.96519470214844,90.75811767578125,181.83999633789062,62.686031341552734,24.655675888061523,16.049999237060547,36.02000045776367,122.5,64.04000091552734
2023-05-19,402.8404846191406,330.64501953125,169.92312622070312,90.11630249023438,183.63999938964844,62.75368118286133,24.586101531982422,16.809999465942383,35.849998474121094,127.51000213623047,63.900001525878906
2023-05-22,403.0040588378906,331.75531005859375,171.99757385253906,89.79542541503906,183.2100067138672,63.03277587890625,24.603492736816406,17.209999084472656,35.52000045776367,132.2899932861328,63.90999984741211
2023-05-23,398.481201171875,327.5498962402344,171.1870880126953,90.05391693115234,183.42999267578125,62.70294189453125,24.67306900024414,18.530000686645508,35.11000061035156,131.6999969482422,64.87000274658203
2023-05-24,395.5943603515625,325.8697204589844,169.37315368652344,89.60824584960938,181.9499969482422,62.263187408447266,24.76003646850586,20.030000686645508,35.86000061035156,132.2899932861328,65.66000366210938
2023-05-25,399.0201721191406,333.799072265625,168.05126953125,89.38540649414062,180.1999969482422,62.22087860107422,24.873096466064453,19.139999389648438,36.7400016784668,139.5399932861328,64.08999633789062
2023-05-26,404.18768310546875,342.3277587890625,169.9617156982422,90.10740661621094,180.9199981689453,62.6014518737793,24.86440086364746,17.950000762939453,35.95000076293945,145.3699951171875,64.80000305175781
2023-05-30,404.3417053222656,343.8802490234375,169.33456420898438,91.00769805908203,182.0399932861328,62.87208938598633,24.838308334350586,17.459999084472656,39.68000030517578,141.36000061035156,62.29999923706055
2023-05-31,402.0995788574219,341.9249267578125,167.66534423828125,91.80097198486328,182.32000732421875,62.67756271362305,24.88179588317871,17.940000534057617,40.68000030517578,136.02000427246094,60.630001068115234
2023-06-01,405.9198913574219,345.8748779296875,169.47926330566406,92.16116333007812,183.75999450683594,63.05402755737305,24.586101531982422,15.649999618530273,40.5,124.62999725341797,62.54999923706055
2023-06-02,411.78997802734375,348.4688415527344,175.62550354003906,91.1512451171875,181.0500030517578,63.3769416809082,24.84700584411621,14.600000381469727,39.599998474121094,120.94999694824219,64.1500015258789
2023-06-05,411.00091552734375,348.7145080566406,173.271240234375,90.9814224243164,182.13999938964844,63.32598114013672,24.80352210998535,14.729999542236328,37.45000076293945,119.08000183105469,64.02999877929688
2023-06-06,411.8957824707031,348.6555480957031,177.83505249023438,91.51768493652344,182.33999633789062,63.42791748046875,24.88179588317871,13.960000038146973,36.06999969482422,114.41999816894531,63.790000915527344
2023-06-07,410.47161865234375,342.7405090332031,181.16241455078125,90.1592025756836,180.14999389648438,63.07951736450195,24.890493392944336,13.9399995803833,34.130001068115234,120.5,64.70999908447266
2023-06-08,412.954345703125,346.9949951171875,180.4851531982422,91.21382141113281,182.52999877929688,63.478919982910156,24.690462112426758,13.649999618530273,35.18000030517578,115.11000061035156,63.459999084472656
2023-06-09,413.69537353515625,348.32147216796875,179.024169921875,91.08869934082031,182.0399932861328,63.49591827392578,24.768735885620117,13.829999923706055,33.70000076293945,115.7699966430664,62.93000030517578
2023-06-12,417.4483337402344,354.20703125,179.76919555664062,91.35681915283203,181.8800048828125,63.42791748046875,24.77743148803711,15.010000228881836,36.349998474121094,119.80000305175781,60.2400016784668
2023-06-13,420.2005310058594,356.92877197265625,181.8300323486328,90.45414733886719,180.5399932861328,63.50441360473633,24.699159622192383,14.609999656677246,32.380001068115234,118.80000305175781,62.13999938964844
2023-06-14,420.700927734375,359.5227355957031,179.87559509277344,91.17807006835938,180.63999938964844,63.52991485595703,24.577404022216797,13.880000114440918,33.65999984741211,114.37000274658203,61.83000183105469
2023-06-15,425.9165954589844,363.80682373046875,181.3559112548828,92.05389404296875,181.91000366210938,63.8358268737793,24.43825340270996,14.5,33.06999969482422,107.33999633789062,63.40999984741211
2023-06-16,424.4658508300781,361.5173645019531,179.9046630859375,91.69641876220703,181.6300048828125,63.67439651489258,24.481735229492188,13.539999961853027,32.9900016784668,104.43000030517578,64.3499984741211
2023-06-20,422.2636413574219,360.9998474121094,179.1209259033203,92.33096313476562,179.75,63.50441360473633,24.551311492919922,13.880000114440918,34.75,104.43000030517578,63.91999816894531
2023-06-21,420.10009765625,356.0802917480469,178.7048797607422,92.55439758300781,179.49000549316406,63.34296798706055,24.43825340270996,13.199999809265137,33.2599983215332,110.83999633789062,65.04000091552734
2023-06-22,421.61651611328125,360.2816162109375,177.37933349609375,91.43726348876953,177.7100067138672,63.156002044677734,24.525222778320312,12.90999984741211,34.93000030517578,107.69999694824219,62.52000045776367
2023-06-23,418.4291076660156,356.7099914550781,174.70895385742188,92.34886169433594,178.1999969482422,63.0455322265625,24.655675888061523,13.4399995803833,35.36000061035156,105.73999786376953,62.41999816894531
2023-06-26,416.719482421875,351.9281005859375,174.8831024169922,92.44715881347656,178.50999450683594,63.07951736450195,24.62958335876465,14.25,36.66999816894531,109.0199966430664,62.72999954223633
2023-06-27,421.2881774902344,357.979248046875,177.4083709716797,92.20585632324219,177.69000244140625,63.291961669921875,24.56870460510254,13.739999771118164,39.29999923706055,110.8499984741211,61.29999923706055
2023-06-28,421.5006408691406,358.6778259277344,178.2791748046875,92.59907531738281,177.27999877929688,63.657386779785156,24.681764602661133,13.430000305175781,36.86000061035156,108.30000305175781,62.52000045776367
2023-06-29,423.1618957519531,357.9595031738281,180.33035278320312,90.92780303955078,177.08999633789062,63.48740768432617,24.7861270904541,13.539999961853027,35.41999816894531,113.44999694824219,62.959999084472656
2023-06-30,428.155517578125,363.4793395996094,181.1914520263672,92.00030517578125,178.27000427246094,63.7933464050293,24.681764602661133,13.59000015258789,33.279998779296875,110.63999938964844,63.54999923706055
2023-07-03,428.6481628417969,364.3353271484375,181.5591278076172,91.47874450683594,178.47000122070312,63.69336700439453,24.707857131958008,13.569999694824219,33.880001068115234,110.7699966430664,63.38999938964844
2023-07-05,428.0106506347656,364.32550048828125,179.7498321533203,90.6094741821289,177.83999633789062,63.49687576293945,24.8209171295166,14.180000305175781,33.90999984741211,110.52999877929688,64.62999725341797
2023-07-06,424.65899658203125,361.55084228515625,176.8472137451172,89.32797241210938,177.30999755859375,63.035518646240234,24.76003646850586,15.4399995803833,35.130001068115234,134.6300048828125,64.44000244140625
2023-07-07,423.5868835449219,360.3504638671875,178.7145538330078,88.79027557373047,178.63999938964844,63.09532928466797,24.551311492919922,14.829999923706055,34.54999923706055,130.41000366210938,65.8499984741211
2023-07-10,424.65899658203125,360.468505859375,181.77198791503906,88.90678405761719,178.77999877929688,63.41142654418945,24.490432739257812,15.069999694824219,38.349998474121094,131.72999572753906,65.54000091552734
2023-07-11,427.363525390625,362.2494201660156,183.6393280029297,89.36382293701172,179.4499969482422,63.753173828125,24.429555892944336,14.84000015258789,32.43000030517578,127.06999969482422,67.02999877929688
2023-07-12,430.802001953125,366.8246154785156,185.64218139648438,90.3585433959961,181.8800048828125,64.24871063232422,24.142559051513672,13.539999961853027,32.689998626708984,114.06999969482422,67.87000274658203
2023-07-13,434.2212219238281,373.0528259277344,187.141845703125,91.30845642089844,182.00999450683594,64.63319396972656,23.977317810058594,13.609999656677246,30.040000915527344,111.75,69.08999633789062
2023-07-14,433.9508056640625,372.9741516113281,185.3131866455078,90.7707748413086,181.42999267578125,64.16329956054688,24.020803451538086,13.34000015258789,30.0,112.4800033569336,67.47000122070312
2023-07-17,435.45758056640625,376.45721435546875,187.29664611816406,90.81558227539062,181.55999755859375,64.28292083740234,23.99471092224121,13.479999542236328,31.34000015258789,113.5,66.58000183105469
2023-07-18,438.6932678222656,379.536865234375,189.6090850830078,91.22779083251953,183.63999938964844,64.46231842041016,24.01210594177246,13.300000190734863,30.65999984741211,112.44999694824219,67.95999908447266
2023-07-19,439.6688232421875,379.44842529296875,190.41212463378906,92.25837707519531,183.6699981689453,64.51358795166016,24.107770919799805,13.760000228881836,31.059999465942383,107.19000244140625,67.69000244140625
2023-07-20,436.7518615722656,370.7013244628906,188.7479705810547,91.13819885253906,182.74000549316406,64.23164367675781,24.246919631958008,13.989999771118164,30.149999618530273,112.8499984741211,68.05000305175781
2023-07-21,436.7518615722656,369.5894775390625,188.14805603027344,91.16507720947266,182.17999267578125,64.39397430419922,24.316495895385742,13.600000381469727,29.649999618530273,106.66000366210938,68.98999786376953
2023-07-24,438.7029724121094,370.1798400878906,188.6125030517578,90.83348083496094,181.39999389648438,64.28292083740234,24.403465270996094,13.90999984741211,30.110000610351562,109.94999694824219,70.69000244140625
2023-07-25,439.9006652832031,372.6888122558594,188.59315490722656,90.66325378417969,182.41000366210938,64.24017333984375,24.37737464904785,13.859999656677246,30.6299991607666,113.0199966430664,71.16000366210938
2023-07-26,439.96826171875,371.4490966796875,190.08314514160156,90.75285339355469,183.3000030517578,64.49646759033203,24.30780029296875,13.1899995803833,29.969999313354492,104.87999725341797,70.66000366210938
2023-07-27,437.05120849609375,370.5635070800781,187.62562561035156,88.9874496459961,180.4199981689453,63.98387145996094,24.533918380737305,14.40999984741211,29.1200008392334,111.1500015258789,71.43000030517578
2023-07-28,441.33013916015625,377.313232421875,190.0541534423828,89.44447326660156,181.86000061035156,64.35124206542969,24.49913215637207,13.329999923706055,29.40999984741211,109.76000213623047,72.08999633789062
2023-07-31,442.17041015625,377.510009765625,192.2601318359375,89.6595687866211,182.35000610351562,64.50503540039062,24.542613983154297,13.630000114440918,28.479999542236328,112.02999877929688,73.16999816894531
2023-08-01,440.9051513671875,376.63433837890625,191.37966918945312,88.1903076171875,180.4600067138672,64.1856918334961,24.655675888061523,13.930000305175781,28.350000381469727,116.37999725341797,72.95999908447266
2023-08-02,434.7718200683594,368.3694152832031,188.7769775390625,87.24675750732422,179.60000610351562,63.91097640991211,24.742645263671875,16.09000015258789,28.739999771118164,115.1500015258789,71.4800033569336
2023-08-03,433.5258483886719,367.77911376953125,188.24481201171875,85.2338638305664,179.5399932861328,63.7049560546875,24.725248336791992,15.920000076293945,28.540000915527344,124.5999984741211,73.13999938964844
2023-08-04,431.5650939941406,366.0572204589844,187.8675079345703,86.7435302734375,180.19000244140625,64.08269500732422,24.603492736816406,17.100000381469727,28.059999465942383,115.91000366210938,73.79000091552734
2023-08-07,435.3320007324219,369.1565856933594,187.99327087402344,85.8898696899414,179.77999877929688,64.20286560058594,24.620887756347656,15.770000457763672,27.729999542236328,120.94000244140625,73.81999969482422
2023-08-08,433.43890380859375,366.0177917480469,186.81288146972656,86.88732147216797,178.63999938964844,64.34022521972656,24.73394775390625,15.989999771118164,27.139999389648438,118.73999786376953,74.05999755859375
2023-08-09,430.5412292480469,361.9936828613281,185.35189819335938,87.33662414550781,177.7899932861328,64.34878540039062,24.751338958740234,15.960000038146973,28.559999465942383,112.55000305175781,75.0999984741211
2023-08-10,430.6958312988281,362.66265869140625,184.5294647216797,85.89884948730469,177.60000610351562,64.33162689208984,24.794824600219727,15.850000381469727,27.270000457763672,108.63999938964844,74.19999694824219
2023-08-11,430.4446716308594,360.3504638671875,184.7906951904297,85.70114135742188,177.60000610351562,64.23721313476562,24.84700584411621,14.84000015258789,28.040000915527344,112.12999725341797,74.25
2023-08-14,432.8207092285156,364.3943786621094,184.47142028808594,85.512451171875,177.05999755859375,64.22862243652344,24.933975219726562,14.819999694824219,27.549999237060547,119.94000244140625,73.80999755859375
2023-08-15,427.7788391113281,360.52764892578125,182.03323364257812,84.9912338256836,176.58999633789062,64.02259063720703,24.942672729492188,16.459999084472656,28.299999237060547,121.80000305175781,72.62000274658203
2023-08-16,424.6396789550781,356.7099914550781,179.80789184570312,84.32625579833984,175.57000732421875,63.825157165527344,25.012248992919922,16.780000686645508,28.540000915527344,117.23999786376953,71.37000274658203
2023-08-17,421.404052734375,352.8136291503906,177.68893432617188,83.96681213378906,175.3000030517578,63.55901336669922,25.003551483154297,17.889999389648438,29.299999237060547,121.13999938964844,71.9800033569336
2023-08-18,421.60687255859375,352.37091064453125,178.656494140625,84.26334381103516,175.3300018310547,63.60195541381836,25.020944595336914,17.299999237060547,28.43000030517578,120.51000213623047,72.79000091552734
2023-08-21,424.3498840332031,358.048095703125,178.39523315429688,83.14006805419922,175.80999755859375,63.58479690551758,24.994853973388672,17.1299991607666,28.899999618530273,130.69000244140625,72.58000183105469
2023-08-22,423.2005310058594,357.5364685058594,177.86312866210938,83.77810668945312,176.10000610351562,63.61913299560547,25.081823348999023,16.969999313354492,28.559999465942383,126.6500015258789,72.27999877929688
2023-08-23,427.9140319824219,363.17425537109375,179.75950622558594,85.8539047241211,177.88999938964844,64.13418579101562,24.994853973388672,15.979999542236328,28.469999313354492,118.4000015258789,71.36000061035156
2023-08-24,421.9836120605469,355.41119384765625,177.2729034423828,85.28778839111328,177.85000610351562,63.7822265625,25.194883346557617,17.200000762939453,28.8799991607666,117.55999755859375,71.41000366210938
2023-08-25,424.9584655761719,358.1661376953125,178.02760314941406,85.56636810302734,177.6199951171875,64.0483627319336,25.22966957092285,15.680000305175781,28.809999465942383,110.37000274658203,72.44999694824219
2023-08-28,427.65325927734375,360.8620910644531,179.61436462402344,85.65620422363281,178.1300048828125,64.28871154785156,25.18618392944336,15.079999923706055,28.65999984741211,110.44999694824219,72.41000366210938
2023-08-29,433.83489990234375,368.7433166503906,182.1202850341797,86.54583740234375,179.8699951171875,64.69216918945312,25.047035217285156,14.449999809265137,27.6299991607666,110.68000030517578,73.31999969482422
2023-08-30,435.6217956542969,370.79974365234375,182.80723571777344,86.45598602294922,180.32000732421875,64.66641998291016,25.003551483154297,13.880000114440918,26.6299991607666,109.83999633789062,73.66000366210938
2023-08-31,434.98431396484375,371.9114990234375,182.48797607421875,86.8424072265625,180.02000427246094,64.62349700927734,25.125307083129883,13.569999694824219,26.559999465942383,107.93000030517578,75.05999755859375
2023-09-01,435.7956237792969,371.5179443359375,184.65525817871094,85.48953247070312,180.11000061035156,64.7450942993164,25.281850814819336,13.09000015258789,27.479999542236328,102.91999816894531,76.91999816894531
2023-09-05,433.91217041015625,371.9902648925781,180.7657470703125,84.29077911376953,178.63999938964844,64.3224868774414,25.412302017211914,14.010000228881836,28.649999618530273,109.63999938964844,77.76000213623047
2023-09-06,430.9952087402344,368.71380615234375,180.08847045898438,84.49807739257812,177.8300018310547,64.16725158691406,25.421001434326172,14.449999809265137,28.329999923706055,111.30999755859375,78.5199966430664
2023-09-07,429.6719665527344,366.0768737792969,178.34686279296875,84.73242950439453,178.02000427246094,64.38288116455078,25.48187828063965,14.399999618530273,27.59000015258789,105.19999694824219,77.94999694824219
2023-09-08,430.319091796875,366.5884704589844,177.9501953125,85.05690002441406,178.0800018310547,64.35699462890625,25.50796890258789,13.84000015258789,27.15999984741211,104.33999633789062,78.30000305175781
2023-09-11,433.1491394042969,370.9079284667969,178.3759307861328,84.44398498535156,178.41000366210938,64.46910858154297,25.386213302612305,13.800000190734863,24.3700008392334,107.2300033569336,78.37000274658203
2023-09-12,430.7730407714844,366.79510498046875,178.2017364501953,84.93069458007812,177.49000549316406,64.3656005859375,25.429698944091797,14.229999542236328,24.229999542236328,105.11000061035156,79.69999694824219
2023-09-13,431.27532958984375,368.1922912597656,177.03103637695312,84.9126968383789,177.0800018310547,64.53812408447266,25.44709014892578,13.479999542236328,25.059999465942383,101.86000061035156,79.68000030517578
2023-09-14,434.9939270019531,371.2030944824219,179.5272674560547,84.29978942871094,177.1699981689453,64.61573791503906,25.603635787963867,12.819999694824219,26.559999465942383,97.11000061035156,81.12000274658203
2023-09-15,429.7530212402344,364.84698486328125,177.65025329589844,83.7860336303711,178.33999633789062,64.37423706054688,25.58624267578125,13.789999961853027,27.15999984741211,96.61000061035156,81.29000091552734
2023-09-18,430.0050354003906,365.2273254394531,176.46986389160156,84.26374053955078,179.38999938964844,64.4173812866211,25.54275894165039,14.0,27.90999984741211,99.31999969482422,81.44999694824219
2023-09-19,429.1133117675781,364.4488525390625,175.78289794921875,83.6418228149414,179.22000122070312,64.218994140625,25.560150146484375,14.109999656677246,30.31999969482422,101.30999755859375,81.5
2023-09-20,425.1683044433594,359.1970520019531,174.02197265625,83.90318298339844,179.35000610351562,64.16725158691406,25.603635787963867,15.140000343322754,30.3799991607666,97.04000091552734,80.13999938964844
2023-09-21,418.1409912109375,352.6149597167969,171.3225555419922,81.74907684326172,178.0500030517578,63.71014404296875,25.621028900146484,17.540000915527344,31.350000381469727,106.0,80.41000366210938
2023-09-22,417.20074462890625,352.6642150878906,170.93553161621094,82.40702056884766,178.6199951171875,63.82228469848633,25.681907653808594,17.200000762939453,30.610000610351562,101.11000061035156,80.62999725341797
2023-09-25,418.95513916015625,354.3392639160156,171.6998748779297,80.37905883789062,177.6999969482422,63.73604202270508,25.777572631835938,16.899999618530273,30.959999084472656,117.33000183105469,80.38999938964844
2023-09-26,412.8001708984375,349.0184020996094,169.49227905273438,80.09967041015625,176.27999877929688,63.46004104614258,25.855846405029297,18.940000534057617,31.299999237060547,117.72000122070312,80.87999725341797
2023-09-27,412.9649963378906,349.8363037109375,171.0767822265625,79.68507385253906,174.10000610351562,63.373775482177734,25.977603912353516,18.219999313354492,32.47999954223633,122.08999633789062,82.9000015258789
2023-09-28,415.3591003417969,352.7627258300781,172.6223907470703,79.92841339111328,173.22999572753906,63.67564010620117,25.838449478149414,17.34000015258789,31.6200008392334,115.23999786376953,81.56999969482422
2023-09-29,414.3510437011719,353.0188903808594,171.80584716796875,79.93742370605469,171.4499969482422,63.580772399902344,25.855846405029297,17.520000457763672,32.2400016784668,113.55000305175781,80.86000061035156
2023-10-02,414.186279296875,355.965087890625,169.2104034423828,78.59928131103516,169.64999389648438,63.19497299194336,26.055871963500977,17.610000610351562,32.0,127.58999633789062,79.38999938964844
2023-10-03,408.64190673828125,349.7181091308594,166.3621368408203,76.90847778320312,169.16000366210938,62.55339813232422,26.08196449279785,19.780000686645508,33.25,141.6699981689453,79.93000030517578
2023-10-04,411.61767578125,354.47723388671875,166.43994140625,77.99347686767578,169.13999938964844,62.874202728271484,26.003692626953125,18.579999923706055,35.349998474121094,128.22999572753906,75.58999633789062
2023-10-05,411.4625244140625,353.4327392578125,166.5663299560547,77.60466003417969,168.8300018310547,62.934871673583984,25.916723251342773,18.489999771118164,36.59000015258789,130.17999267578125,73.98999786376953
2023-10-06,416.3477478027344,359.3547058105469,168.17025756835938,76.66434478759766,169.6999969482422,63.021575927734375,25.86454200744629,17.450000762939453,35.68000030517578,126.63999938964844,74.16000366210938
2023-10-09,419.0133361816406,361.18743896484375,169.14230346679688,78.46363830566406,172.82000732421875,63.48975372314453,25.855846405029297,17.700000762939453,39.849998474121094,,77.12999725341797
2023-10-10,421.1941833496094,363.187744140625,171.0573272705078,78.35514831542969,172.52999877929688,63.47240447998047,25.794967651367188,17.030000686645508,39.540000915527344,136.1699981689453,76.70999908447266
2023-10-11,422.9195556640625,365.7791442871094,170.76571655273438,79.9916763305664,173.7899932861328,63.463722229003906,25.794967651367188,16.09000015258789,38.939998626708984,127.18000030517578,75.66999816894531
2023-10-12,420.34124755859375,364.50799560546875,166.90655517578125,77.8216781616211,173.25999450683594,63.125606536865234,26.012388229370117,16.690000534057617,38.52000045776367,126.37000274658203,75.41999816894531
2023-10-13,418.2475280761719,359.9261779785156,165.51644897460938,79.21410369873047,178.8300018310547,63.073585510253906,26.029783248901367,19.31999969482422,44.2400016784668,128.3300018310547,78.98999786376953
2023-10-16,422.64813232421875,363.9956359863281,168.18968200683594,77.939208984375,177.9600067138672,63.05623245239258,25.916723251342773,17.209999084472656,40.70000076293945,130.16000366210938,78.38999938964844
2023-10-17,422.62872314453125,362.80340576171875,170.06581115722656,77.08027648925781,178.2899932861328,62.76148223876953,25.9254207611084,17.8799991607666,41.369998931884766,130.1699981689453,78.80000305175781
2023-10-18,416.9971923828125,358.04412841796875,166.5663299560547,76.40214538574219,180.8699951171875,62.4580192565918,26.021085739135742,19.219999313354492,44.400001525878906,129.1699981689453,79.83999633789062
2023-10-19,413.3332824707031,354.69403076171875,163.9125213623047,74.83792114257812,183.08999633789062,62.23259353637695,25.942813873291016,21.399999618530273,45.70000076293945,134.6199951171875,81.68000030517578
2023-10-20,408.25421142578125,349.4027099609375,161.79339599609375,75.26288604736328,183.58999633789062,62.3626594543457,25.951509475708008,21.709999084472656,43.790000915527344,135.4499969482422,80.69999694824219
2023-10-23,407.5466003417969,350.4570007324219,160.4227752685547,76.16704559326172,182.97000122070312,62.614097595214844,25.82105827331543,20.3700008392334,41.7400016784668,131.8300018310547,78.88999938964844
2023-10-24,410.6192932128906,353.8663330078125,161.8225555419922,77.17066955566406,182.9499969482422,62.934871673583984,25.96890640258789,18.969999313354492,41.08000183105469,128.1300048828125,76.93000030517578
2023-10-25,404.7259826660156,345.20513916015625,159.14932250976562,75.45277404785156,183.72000122070312,62.596736907958984,26.038482666015625,20.190000534057617,44.90999984741211,131.2100067138672,78.45999908447266
2023-10-26,399.87957763671875,338.62310791015625,159.55760192871094,76.61009979248047,184.00999450683594,62.81349563598633,26.0993595123291,20.68000030517578,43.93000030517578,130.94000244140625,76.88999938964844
2023-10-27,398.0669860839844,340.2488708496094,157.68145751953125,76.28461456298828,186.14999389648438,62.73545455932617,26.0645694732666,21.270000457763672,46.63999938964844,129.16000366210938,78.36000061035156
2023-10-30,402.8262023925781,344.0819091796875,158.5563507080078,75.94102478027344,185.10000610351562,62.75278091430664,25.960208892822266,19.75,44.0099983215332,131.89999389648438,76.05000305175781
2023-10-31,405.3560485839844,345.7273864746094,159.92698669433594,75.57030487060547,184.08999633789062,62.91754150390625,26.11675262451172,18.139999389648438,41.9900016784668,126.86000061035156,75.0199966430664
2023-11-01,409.6790771484375,351.7281494140625,160.8407440185547,77.2088394165039,183.50999450683594,63.51723098754883,26.125450134277344,16.8700008392334,40.52000045776367,120.55000305175781,74.75
2023-11-02,417.53033447265625,358.11322021484375,165.1276092529297,78.96894836425781,184.1199951171875,64.2319564819336,25.9949951171875,15.65999984741211,39.790000915527344,118.63999938964844,76.18000030517578
2023-11-03,421.3395690917969,362.3205261230469,169.61865234375,79.5042495727539,184.7899932861328,64.85956573486328,25.751482009887695,14.90999984741211,38.529998779296875,118.73999786376953,74.8499984741211
2023-11-06,422.3089294433594,363.798583984375,167.49951171875,78.73304748535156,183.35000610351562,64.59806823730469,25.777572631835938,14.890000343322754,36.310001373291016,121.73999786376953,74.91000366210938
2023-11-07,423.5107727050781,367.2374267578125,166.90655517578125,79.89434051513672,182.58999633789062,64.60680389404297,25.86454200744629,14.8100004196167,38.720001220703125,120.08999633789062,71.80000305175781
2023-11-08,423.8209228515625,367.4739074707031,165.1276092529297,81.25527954101562,180.77000427246094,64.64166259765625,25.855846405029297,14.449999809265137,40.439998626708984,117.0999984741211,70.19000244140625
2023-11-09,420.5156555175781,364.64599609375,162.57106018066406,79.38629150390625,181.49000549316406,64.24069213867188,25.96890640258789,15.289999961853027,41.22999954223633,117.05000305175781,70.25
2023-11-10,427.0777893066406,372.84405517578125,164.3888397216797,79.83085632324219,179.50999450683594,64.55448913574219,25.951509475708008,14.170000076293945,39.290000915527344,116.79000091552734,71.79000091552734
2023-11-13,426.670654296875,371.6813659667969,164.4471435546875,79.6493911743164,180.50999450683594,64.49346923828125,25.916723251342773,14.760000228881836,39.400001525878906,124.47000122070312,72.91999816894531
2023-11-14,434.94842529296875,379.68231201171875,173.47781372070312,81.4548568725586,182.1199951171875,65.14722442626953,25.50796890258789,14.15999984741211,38.290000915527344,124.11000061035156,72.69000244140625
2023-11-15,435.86920166015625,379.9680480957031,173.77914428710938,80.31169891357422,181.63999938964844,64.93800354003906,25.603635787963867,14.180000305175781,39.5099983215332,122.19000244140625,71.33999633789062
2023-11-16,436.40234375,380.2932434082031,170.9698486328125,81.3097152709961,183.69000244140625,65.02517700195312,25.621028900146484,14.319999694824219,42.529998779296875,116.08000183105469,68.05000305175781
2023-11-17,436.9451599121094,380.38189697265625,173.31256103515625,81.69075775146484,183.6699981689453,65.1733627319336,25.48187828063965,13.800000190734863,40.43000030517578,113.11000061035156,70.75
2023-11-20,440.30859375,385.01300048828125,174.32351684570312,82.18976593017578,183.3699951171875,65.24307250976562,25.403606414794922,13.40999984741211,39.0,115.08999633789062,72.30000305175781
2023-11-21,439.34893798828125,382.77630615234375,172.07801818847656,82.15348052978516,185.35000610351562,65.33025360107422,25.429698944091797,13.350000381469727,38.52000045776367,112.79000091552734,72.52999877929688
2023-11-22,441.0451965332031,384.3429870605469,173.1570281982422,82.44380187988281,184.55999755859375,65.44356536865234,25.516666412353516,12.850000381469727,42.7599983215332,111.56999969482422,71.61000061035156
2023-11-24,441.3165588378906,383.8010559082031,174.32351684570312,81.4730224609375,185.52000427246094,65.37384796142578,25.403606414794922,12.460000038146973,43.380001068115234,107.43000030517578,70.81999969482422
2023-11-27,440.52178955078125,383.46600341796875,173.74026489257812,82.83392333984375,186.77000427246094,65.4697265625,25.351425170898438,12.6899995803833,43.900001525878906,109.30999755859375,69.95999908447266
2023-11-28,440.9580078125,384.47113037109375,173.0695343017578,82.99724578857422,189.25999450683594,65.75737762451172,25.26445770263672,12.6899995803833,43.13999938964844,110.05999755859375,71.26000213623047
2023-11-29,440.6477966308594,384.0966491699219,173.98329162597656,84.04060363769531,189.5399932861328,66.11473846435547,25.290546417236328,12.979999542236328,42.900001525878906,114.58999633789062,72.5199966430664
2023-11-30,442.3828125,383.1310119628906,174.64431762695312,83.06979370117188,188.75,65.9926986694336,25.473182678222656,12.920000076293945,39.400001525878906,115.31999969482422,70.13999938964844
2023-12-01,444.9999084472656,384.2247314453125,179.74774169921875,84.63435363769531,192.00999450683594,66.53910064697266,25.39491081237793,12.630000114440918,35.70000076293945,111.51000213623047,69.23999786376953
2023-12-04,442.6639099121094,380.6578369140625,181.67247009277344,84.29761505126953,187.86000061035156,66.37274932861328,25.50796890258789,13.079999923706055,38.08000183105469,118.25,68.47000122070312
2023-12-05,442.5766906738281,381.61358642578125,179.2422637939453,86.10879516601562,187.14999389648438,66.43402099609375,25.603635787963867,12.850000381469727,36.36000061035156,127.19999694824219,67.58000183105469
2023-12-06,440.793212890625,379.4063720703125,178.92149353027344,87.25558471679688,187.83999633789062,66.44278717041016,25.664514541625977,12.970000267028809,39.720001220703125,124.9800033569336,64.76000213623047
2023-12-07,444.1566467285156,384.7075500488281,180.21434020996094,86.75498962402344,188.14999389648438,66.55662536621094,25.52536392211914,13.0600004196167,37.81999969482422,129.74000549316406,65.11000061035156
2023-12-08,446.06610107421875,386.42205810546875,181.58499145507812,86.04508209228516,185.63999938964844,66.4252700805664,25.621028900146484,12.350000381469727,36.2400016784668,121.6500015258789,66.52999877929688
2023-12-11,447.80108642578125,389.72296142578125,181.96409606933594,85.86305236816406,183.58999633789062,66.38150024414062,25.65581703186035,12.630000114440918,35.29999923706055,126.66000366210938,66.80000305175781
2023-12-12,449.84637451171875,392.8268127441406,181.77938842773438,86.11788177490234,183.49000549316406,66.53035736083984,25.58624267578125,12.069999694824219,36.380001068115234,118.62000274658203,64.25
2023-12-13,456.0498046875,397.82244873046875,187.93267822265625,88.1384048461914,187.6300048828125,67.54605865478516,25.368820190429688,12.1899995803833,36.599998474121094,113.7699966430664,65.33000183105469
2023-12-14,457.513427734375,397.4776611328125,193.16249084472656,90.43114471435547,188.72999572753906,67.8443603515625,25.134004592895508,12.479999542236328,33.97999954223633,118.04000091552734,67.16000366210938
2023-12-15,456.7601013183594,399.39898681640625,191.53909301757812,90.5315933227539,187.0,67.6948013305664,25.299243927001953,12.279999732971191,35.130001068115234,115.75,67.1500015258789
2023-12-18,459.3294677734375,401.9146423339844,191.60714721679688,89.81026458740234,187.85000610351562,67.73878479003906,25.295543670654297,12.5600004196167,37.09000015258789,118.45999908447266,68.08999633789062
2023-12-19,462.1225280761719,403.9683532714844,195.3204803466797,90.29418182373047,189.1300048828125,67.93238067626953,25.18451690673828,12.529999732971191,35.040000915527344,115.02999877929688,69.36000061035156
2023-12-20,455.71881103515625,397.9654235839844,191.49989318847656,90.90592956542969,188.10000610351562,67.94114685058594,25.295543670654297,13.670000076293945,34.97999954223633,111.87000274658203,68.79000091552734
2023-12-21,460.0398864746094,402.595947265625,194.75851440429688,90.33071899414062,189.42999267578125,68.2491683959961,25.129003524780273,13.649999618530273,35.439998626708984,111.93000030517578,69.02999877929688
2023-12-22,460.96441650390625,403.1982421875,196.57322692871094,89.91983032226562,190.27000427246094,68.16995239257812,25.1197509765625,13.029999732971191,33.31999969482422,111.37999725341797,68.69000244140625
2023-12-26,462.910888671875,405.66650390625,199.1294403076172,90.17549133300781,191.72000122070312,68.30194091796875,25.064239501953125,12.989999771118164,34.529998779296875,116.0,70.20999908447266
2023-12-27,463.7478332519531,406.4923400878906,199.83187866210938,91.77336883544922,192.58999633789062,68.58355712890625,24.934709548950195,12.430000305175781,35.40999984741211,114.52999877929688,68.91999816894531
2023-12-28,463.9230041503906,406.2947692871094,199.07086181640625,91.10682678222656,191.47000122070312,68.36355590820312,25.017976760864258,12.470000267028809,36.45000076293945,113.77999877929688,67.18000030517578
2023-12-29,462.5799865722656,404.53643798828125,195.82199096679688,90.28506469726562,191.1699981689453,68.09957885742188,25.064239501953125,12.449999809265137,36.220001220703125,114.62000274658203,66.6500015258789
2024-01-02,459.9912109375,397.69073486328125,194.6609649658203,89.76458740234375,190.72000122070312,67.87077331542969,25.27703857421875,13.199999809265137,39.04999923706055,127.0199966430664,65.7699966430664
2024-01-03,456.234619140625,393.48260498046875,189.47052001953125,90.13895416259766,189.1300048828125,67.68598175048828,25.360309600830078,14.039999961853027,38.220001220703125,124.56999969482422,68.19000244140625
2024-01-04,454.7649841308594,391.4575500488281,189.0998077392578,88.76935577392578,189.32000732421875,67.42200469970703,25.360309600830078,14.130000114440918,37.58000183105469,121.12000274658203,67.56999969482422
2024-01-05,455.38787841796875,391.92181396484375,188.54364013671875,87.92017364501953,189.35000610351562,67.47480773925781,25.360309600830078,13.350000381469727,36.06999969482422,116.19000244140625,69.02999877929688
2024-01-08,461.8890075683594,400.02203369140625,191.93890380859375,88.78760528564453,187.8699951171875,67.85319519042969,25.314048767089844,13.079999923706055,36.790000915527344,117.72000122070312,66.4000015258789
2024-01-09,461.188232421875,400.81231689453125,190.22177124023438,88.22151184082031,187.92999267578125,67.95877838134766,25.397319793701172,12.760000228881836,36.09000015258789,114.91999816894531,67.38999938964844
2024-01-10,463.7965393066406,403.52886962890625,190.32908630371094,87.81063079833984,187.5,68.08197021484375,25.351057052612305,12.6899995803833,36.349998474121094,109.62999725341797,66.55999755859375
2024-01-11,463.59210205078125,404.3685302734375,188.8363494873047,88.30367279052734,187.8699951171875,68.30194091796875,25.36956214904785,12.4399995803833,36.779998779296875,103.44999694824219,67.6500015258789
2024-01-12,463.9132385253906,404.575927734375,188.52415466308594,88.13017272949219,189.7100067138672,68.37234497070312,25.397319793701172,12.699999809265137,40.63999938964844,106.51000213623047,68.0199966430664
2024-01-16,462.21014404296875,404.53643798828125,186.1923370361328,86.57795715332031,187.91000366210938,67.94114685058594,25.61937141418457,13.84000015258789,38.34000015258789,113.44000244140625,67.25
2024-01-17,459.6408386230469,402.2545166015625,184.86546325683594,86.44100189208984,185.83999633789062,67.6507797241211,25.637874603271484,14.789999961853027,37.060001373291016,105.86000061035156,67.94000244140625
2024-01-18,463.7283630371094,407.96417236328125,185.9582061767578,85.63750457763672,187.3699951171875,67.79158020019531,25.665630340576172,14.130000114440918,35.97999954223633,107.22000122070312,69.05999755859375
2024-01-19,469.50927734375,416.0545349121094,187.74363708496094,85.91140747070312,187.92999267578125,67.9059829711914,25.628623962402344,13.300000190734863,35.790000915527344,104.97000122070312,68.81999969482422
2024-01-22,470.5019836425781,416.59783935546875,191.75355529785156,86.42273712158203,187.22000122070312,67.95877838134766,25.637874603271484,13.1899995803833,35.709999084472656,106.87000274658203,69.69000244140625
2024-01-23,471.8741760253906,418.3265380859375,191.1974334716797,85.73796081542969,187.9499969482422,67.87957763671875,25.7026424407959,12.550000190734863,34.9900016784668,107.69999694824219,69.66000366210938
2024-01-24,472.3900146484375,420.6479187011719,189.6265869140625,85.23573303222656,186.39999389648438,67.8443603515625,25.628623962402344,13.140000343322754,33.9900016784668,105.77999877929688,70.54000091552734
2024-01-25,474.9593200683594,421.16162109375,191.1974334716797,85.79271697998047,187.13999938964844,68.36355590820312,25.7026424407959,13.449999809265137,35.099998474121094,105.88999938964844,72.2300033569336
2024-01-26,474.3559265136719,418.6524963378906,191.20718383789062,85.62835693359375,187.00999450683594,68.31076049804688,25.7026424407959,13.260000228881836,34.779998779296875,100.2300033569336,73.0999984741211
2024-01-29,478.11248779296875,422.939697265625,194.5536346435547,86.61447143554688,188.3300018310547,68.4603500366211,25.7026424407959,13.600000381469727,36.31999969482422,106.33999633789062,72.05000305175781
2024-01-30,477.7427062988281,420.1243591308594,192.89505004882812,87.39972686767578,188.58999633789062,68.37234497070312,25.68413734436035,13.3100004196167,36.189998626708984,104.26000213623047,72.80999755859375
2024-01-31,469.947265625,411.895751953125,188.1826629638672,88.2580337524414,188.4499969482422,68.17875671386719,25.7489013671875,14.350000381469727,37.25,107.27999877929688,70.91999816894531
2024-02-01,476.09796142578125,416.74603271484375,190.6803436279297,89.9892807006836,190.41000366210938,68.57141876220703,25.61937141418457,13.880000114440918,35.380001068115234,113.91999816894531,69.06999969482422
2024-02-02,481.1100769042969,423.78924560546875,189.67539978027344,88.00155639648438,188.61000061035156,68.26188659667969,25.850675582885742,13.850000381469727,34.849998474121094,106.72000122070312,67.51000213623047
2024-02-05,479.35821533203125,423.2361145019531,187.26556396484375,86.2244873046875,187.57000732421875,67.94354248046875,25.989459991455078,13.670000076293945,34.43000030517578,108.68000030517578,68.18000030517578
2024-02-06,480.7499694824219,422.38653564453125,188.9534454345703,87.06720733642578,188.5500030517578,68.1911392211914,25.915441513061523,13.0600004196167,33.0099983215332,110.5999984741211,68.80999755859375
2024-02-07,484.7596130371094,426.7329406738281,188.514404296875,86.64582824707031,188.5,68.30610656738281,25.887685775756836,12.829999923706055,31.209999084472656,107.86000061035156,69.41999816894531
2024-02-08,484.9737243652344,427.5232238769531,191.37303161621094,86.14202880859375,188.3300018310547,68.2707290649414,25.915441513061523,12.789999961853027,31.639999389648438,108.5999984741211,71.5199966430664
2024-02-09,487.77655029296875,431.73138427734375,194.4853515625,85.96797943115234,187.60000610351562,68.41221618652344,25.89693832397461,12.930000305175781,32.439998626708984,106.20999908447266,71.66999816894531
2024-02-12,487.5624694824219,430.0422058105469,198.01719665527344,86.0687484741211,187.11000061035156,68.26188659667969,25.924694061279297,13.930000305175781,32.689998626708984,109.77999877929688,72.11000061035156
2024-02-13,480.8472595214844,423.3348083496094,189.87054443359375,84.5939712524414,184.52999877929688,67.7136001586914,26.12824249267578,15.850000381469727,32.369998931884766,113.22000122070312,72.6500015258789
2024-02-14,485.217041015625,427.94805908203125,194.28045654296875,85.02450561523438,184.4199981689453,67.97891235351562,26.081981658935547,14.380000114440918,32.7599983215332,111.97000122070312,71.55000305175781
2024-02-15,488.5649108886719,429.22235107421875,199.46112060546875,85.46418762207031,185.66000366210938,68.21766662597656,25.980205535888672,14.010000228881836,32.02000045776367,112.08999633789062,72.83999633789062
2024-02-16,486.1318664550781,425.33026123046875,196.7488555908203,84.96954345703125,186.33999633789062,68.01428985595703,25.989459991455078,14.239999771118164,30.84000015258789,109.19999694824219,73.41000366210938
2024-02-20,483.4555358886719,422.1197814941406,194.03652954101562,85.04280090332031,187.47000122070312,68.15576171875,25.952449798583984,15.420000076293945,31.809999465942383,111.0199966430664,72.41999816894531
2024-02-21,483.8934326171875,420.4305725097656,193.1194610595703,84.43824005126953,187.47999572753906,68.03197479248047,25.924694061279297,15.34000015258789,31.049999237060547,114.2699966430664,73.19999694824219
2024-02-22,493.9078369140625,432.7389831542969,194.5829315185547,84.8504638671875,187.55999755859375,68.35916900634766,25.924694061279297,14.539999961853027,30.549999237060547,115.58999633789062,73.5999984741211
2024-02-23,494.2485046386719,431.46466064453125,195.02195739746094,85.98632049560547,188.6199951171875,68.40338134765625,25.943199157714844,13.75,31.309999465942383,108.30999755859375,71.91999816894531
2024-02-26,492.4382629394531,431.23748779296875,196.25125122070312,85.72982025146484,188.1999969482422,68.18228149414062,25.89693832397461,13.739999771118164,31.709999084472656,110.7699966430664,72.79000091552734
2024-02-27,493.35308837890625,432.27471923828125,199.0318603515625,85.1252670288086,188.0,68.2707290649414,25.915441513061523,13.430000305175781,31.350000381469727,110.80000305175781,73.8499984741211
2024-02-28,492.7010498046875,429.9730224609375,197.3927764892578,85.66571044921875,188.33999633789062,68.26188659667969,25.93394660949707,13.84000015258789,31.209999084472656,108.70999908447266,73.62000274658203
2024-02-29,494.4722595214844,433.6576843261719,198.76841735839844,86.27029418945312,189.30999755859375,68.38569641113281,25.989459991455078,13.399999618530273,31.5,109.0999984741211,73.36000061035156
2024-03-01,499.1145324707031,440.1872253417969,200.87583923339844,86.80782318115234,192.88999938964844,68.641845703125,25.943199157714844,13.109999656677246,31.079999923706055,106.4800033569336,74.95999908447266
2024-03-04,498.57928466796875,438.6165771484375,200.69044494628906,86.45863342285156,196.00999450683594,68.62405395507812,25.943199157714844,13.489999771118164,30.469999313354492,109.56999969482422,74.01000213623047
2024-03-05,493.59637451171875,430.7435607910156,198.76841735839844,87.68995666503906,197.19000244140625,68.57067108154297,25.915441513061523,14.460000038146973,30.190000534057617,110.33000183105469,73.44999694824219
2024-03-06,496.09759521484375,433.4502258300781,200.25143432617188,88.20455932617188,198.80999755859375,68.73966979980469,25.822919845581055,14.5,29.56999969482422,105.33000183105469,74.33999633789062
2024-03-07,501.0220947265625,440.0291748046875,201.9197540283203,88.12184143066406,199.94000244140625,68.81971740722656,25.693389892578125,14.4399995803833,29.56999969482422,105.44999694824219,74.2300033569336
2024-03-08,498.01483154296875,433.6773986816406,201.79293823242188,87.96564483642578,201.6300048828125,68.83750915527344,25.7026424407959,14.739999771118164,29.639999389648438,100.87999725341797,73.36000061035156
2024-03-11,497.5865783691406,432.0672607421875,200.19288635253906,87.9197006225586,202.0,68.82859802246094,25.730396270751953,15.220000267028809,29.110000610351562,106.62999725341797,73.62000274658203
2024-03-12,502.9393005371094,438.26092529296875,199.9197235107422,87.18457794189453,199.7899932861328,68.890869140625,25.7489013671875,13.84000015258789,29.360000610351562,101.36000061035156,73.3499984741211
2024-03-13,502.1509704589844,434.8924255371094,200.70022583007812,86.76187133789062,201.19000244140625,68.91754913330078,25.721145629882812,13.75,29.520000457763672,97.02999877929688,75.08999633789062
2024-03-14,501.1582946777344,433.7959899902344,197.10983276367188,85.42948150634766,200.35000610351562,68.58849334716797,25.859928131103516,14.399999618530273,31.510000228881836,98.66999816894531,76.30000305175781
2024-03-15,497.7170715332031,428.6394958496094,197.4805908203125,85.40193176269531,199.7100067138672,68.54398345947266,25.887685775756836,14.40999984741211,29.770000457763672,97.81999969482422,76.33000183105469
2024-03-18,500.67510986328125,432.72760009765625,196.3488311767578,85.14462280273438,200.02999877929688,68.7041015625,25.943199157714844,14.329999923706055,29.809999465942383,102.87000274658203,77.9800033569336
2024-03-19,503.4574279785156,433.8057861328125,197.1781463623047,85.38353729248047,199.8000030517578,68.97978973388672,26.007965087890625,13.819999694824219,29.219999313354492,99.98999786376953,78.43000030517578
2024-03-20,508.1140441894531,438.94927978515625,201.08071899414062,85.35597229003906,202.17999267578125,69.21104431152344,25.887685775756836,13.039999961853027,28.81999969482422,92.72000122070312,77.25
2024-03-21,509.793212890625,441.0264587402344,203.39105224609375,85.53975677490234,201.97000122070312,69.17544555664062,26.0634765625,12.920000076293945,27.530000686645508,90.81999969482422,76.81999969482422
2024-03-22,508.82672119140625,441.5309143066406,200.58383178710938,86.3575668334961,200.35000610351562,69.10431671142578,26.202260971069336,13.0600004196167,26.920000076293945,91.04000091552734,76.68000030517578
2024-03-25,507.42095947265625,439.92852783203125,201.04354858398438,85.92568969726562,200.99000549316406,68.99757385253906,26.137495040893555,13.1899995803833,27.489999771118164,92.23999786376953,77.76000213623047
2024-03-26,506.4836730957031,438.504150390625,200.681640625,86.16458892822266,201.63999938964844,68.91754913330078,26.1560001373291,13.239999771118164,27.25,90.62999725341797,77.29000091552734
2024-03-27,510.7401123046875,439.9977722167969,205.05384826660156,87.0191650390625,203.10000610351562,69.28218841552734,26.174503326416016,12.779999732971191,26.600000381469727,86.27999877929688,77.51000213623047
2024-03-28,510.6425476074219,439.1866760253906,205.6994171142578,86.9456558227539,205.72000122070312,69.1310043334961,26.24852180480957,13.010000228881836,26.270000457763672,86.37999725341797,78.7300033569336
2024-04-01,509.7540588378906,440.116455078125,203.76275634765625,85.32491302490234,207.82000732421875,68.84939575195312,26.350296020507812,13.649999618530273,27.649999618530273,94.19999694824219,79.66999816894531
2024-04-02,506.5130615234375,436.31817626953125,200.01651000976562,84.85472106933594,210.88999938964844,68.73320770263672,26.31328773498535,14.609999656677246,29.040000915527344,96.56999969482422,80.79000091552734
2024-04-03,507.0694580078125,437.29742431640625,201.3272247314453,84.8362808227539,212.74000549316406,68.78684997558594,26.19300651550293,14.329999923706055,29.079999923706055,97.87999725341797,81.25
2024-04-04,500.880126953125,430.6108703613281,199.31228637695312,85.44475555419922,211.52000427246094,68.73320770263672,26.19300651550293,16.350000381469727,32.16999816894531,96.12999725341797,82.2699966430664
2024-04-05,506.11279296875,435.68511962890625,199.97740173339844,84.2554702758789,215.13999938964844,68.67063903808594,26.220766067504883,16.030000686645508,32.36000061035156,94.30999755859375,82.4000015258789
2024-04-08,506.3958740234375,435.8136901855469,201.07290649414062,84.24623107910156,216.47999572753906,68.83152770996094,26.183753967285156,15.1899995803833,30.56999969482422,99.37000274658203,82.19999694824219
2024-04-09,506.9815673828125,437.4260559082031,201.86520385742188,85.02989196777344,217.6699981689453,68.97456359863281,26.174503326416016,14.979999542236328,28.959999084472656,98.7300033569336,81.1500015258789
2024-04-10,501.9051513671875,433.6079406738281,196.53439331054688,83.17679595947266,215.61000061035156,68.36670684814453,26.452070236206055,15.800000190734863,30.079999923706055,109.58999633789062,82.08999633789062
2024-04-11,505.6929931640625,440.5318603515625,197.86463928222656,82.7988052368164,219.8000030517578,68.30413055419922,26.4705753326416,14.90999984741211,31.270000457763672,108.86000061035156,81.55000305175781
2024-04-12,498.7128601074219,433.5090026855469,194.3434295654297,83.2413330078125,216.88999938964844,68.26838684082031,26.68337631225586,17.309999465942383,32.189998626708984,112.81999969482422,81.52999877929688
2024-04-15,492.4649353027344,426.3773498535156,191.4970703125,81.95062255859375,220.9499969482422,67.87503814697266,26.72963523864746,19.229999542236328,35.59000015258789,121.1500015258789,81.6500015258789
2024-04-16,491.5667724609375,426.41693115234375,190.79281616210938,81.40669250488281,221.22000122070312,67.65158081054688,26.766645431518555,18.399999618530273,33.61000061035156,119.58999633789062,81.33000183105469
2024-04-17,488.6575622558594,421.2140197753906,188.77786254882812,82.31017303466797,219.58999633789062,67.7409439086914,26.68337631225586,18.209999084472656,33.0,113.29000091552734,78.91000366210938
2024-04-18,487.65203857421875,418.8104553222656,188.62136840820312,81.89532470703125,220.33999633789062,67.79458618164062,26.738889694213867,18.0,31.399999618530273,108.66000366210938,78.77999877929688
2024-04-19,483.39556884765625,410.1456298828125,188.91482543945312,82.1903305053711,221.02999877929688,67.91975402832031,26.738889694213867,18.709999084472656,31.860000610351562,111.26000213623047,78.8499984741211
2024-04-22,487.8473205566406,414.27032470703125,191.02755737304688,82.05203247070312,215.57000732421875,68.29520416259766,26.74814224243164,16.940000534057617,29.700000762939453,108.55999755859375,78.77999877929688
2024-04-23,493.63641357421875,420.4523620605469,194.2260284423828,82.07969665527344,215.0399932861328,68.57230377197266,26.637115478515625,15.6899995803833,28.860000610351562,106.8499984741211,79.9800033569336
2024-04-24,493.4021301269531,421.8768005371094,193.3555145263672,81.4988784790039,214.63999938964844,68.42034912109375,26.664871215820312,15.970000267028809,29.040000915527344,110.20999908447266,79.63999938964844
2024-04-25,491.52764892578125,419.83917236328125,192.1817626953125,80.9272689819336,215.9199981689453,68.27730560302734,26.609357833862305,15.369999885559082,28.34000015258789,108.55000305175781,80.44000244140625
2024-04-26,496.1844177246094,426.3179626464844,194.0206298828125,81.35135650634766,216.6199951171875,68.49185180664062,26.72963523864746,15.029999732971191,27.809999465942383,104.4000015258789,80.38999938964844
2024-04-29,497.94158935546875,428.0489807128906,195.5856475830078,82.03360748291016,216.17999267578125,68.69745635986328,26.646366119384766,14.670000076293945,27.84000015258789,105.41999816894531,79.5
2024-04-30,490.0535888671875,419.97760009765625,191.61444091796875,81.33292388916016,211.8699951171875,68.19685363769531,26.81290626525879,15.649999618530273,27.8700008392334,107.45999908447266,78.37999725341797
2024-05-01,488.4623107910156,416.94097900390625,192.0154571533203,81.93244171142578,213.7899932861328,68.55630493164062,26.7851505279541,15.390000343322754,28.700000762939453,100.63999938964844,75.93000030517578
2024-05-02,493.0311279296875,422.26251220703125,195.54647827148438,82.28400421142578,213.1300048828125,68.9786605834961,26.581600189208984,14.680000305175781,27.649999618530273,100.69999694824219,75.93000030517578
2024-05-03,499.14239501953125,430.7492980957031,197.48318481445312,83.11666870117188,212.9600067138672,69.26620483398438,26.50758171081543,13.489999771118164,28.09000015258789,95.95999908447266,75.12999725341797
2024-05-06,504.29693603515625,435.4674987792969,200.0360870361328,83.4404525756836,215.1999969482422,69.34709167480469,26.535341262817383,13.489999771118164,28.579999923706055,94.5,75.66000366210938
2024-05-07,504.8533630371094,435.5367736816406,200.4860076904297,83.94928741455078,214.2100067138672,69.35609436035156,26.609357833862305,13.229999542236328,27.829999923706055,98.04000091552734,75.5
2024-05-08,504.9022521972656,435.2795715332031,199.32205200195312,83.4404525756836,213.5800018310547,69.19432830810547,26.646366119384766,13.0,27.90999984741211,95.58000183105469,76.11000061035156
2024-05-09,507.8113708496094,436.2290954589844,201.35655212402344,83.84750366210938,216.9499969482422,69.21228790283203,26.55384635925293,12.6899995803833,27.950000762939453,93.8499984741211,76.5199966430664
2024-05-10,508.465576171875,437.2578430175781,199.84043884277344,83.37569427490234,218.7100067138672,69.10446166992188,26.590852737426758,12.550000190734863,27.8799991607666,94.2300033569336,75.30000305175781
2024-05-13,508.53387451171875,438.26678466796875,200.2610626220703,83.5884780883789,216.25999450683594,69.08647918701172,26.581600189208984,13.600000381469727,28.040000915527344,105.3499984741211,76.12999725341797
2024-05-14,510.8670959472656,441.0858154296875,202.33468627929688,84.0603256225586,218.08999633789062,69.19432830810547,26.52608871459961,13.420000076293945,28.010000228881836,106.55000305175781,75.20999908447266
2024-05-15,517.1930541992188,447.98004150390625,204.85821533203125,85.20751190185547,220.88999938964844,69.59871673583984,26.359548568725586,12.449999809265137,28.06999969482422,93.77999877929688,75.87999725341797
2024-05-16,516.1289672851562,447.07012939453125,203.3812713623047,85.12425231933594,220.02999877929688,69.43694305419922,26.424314498901367,12.420000076293945,27.079999923706055,91.83000183105469,76.25
2024-05-17,516.8710327148438,446.85247802734375,203.52798461914062,84.5506591796875,223.66000366210938,69.44595336914062,26.424314498901367,11.989999771118164,28.059999465942383,89.3499984741211,76.97000122070312
2024-05-20,517.4664916992188,449.9682922363281,203.9779052734375,84.30084228515625,224.55999755859375,69.48188781738281,26.461322784423828,12.149999618530273,27.889999389648438,88.12999725341797,76.7300033569336
2024-05-21,518.7355346679688,450.84857177734375,203.78228759765625,84.73567199707031,224.22999572753906,69.42797088623047,26.461322784423828,11.859999656677246,27.3799991607666,85.33999633789062,76.16000366210938
2024-05-22,517.241943359375,450.7595520019531,202.06082153320312,84.83743286132812,220.11000061035156,69.27519989013672,26.544593811035156,12.289999961853027,27.709999084472656,82.48999786376953,74.87000274658203
2024-05-23,513.4638671875,448.7318420410156,198.7449493408203,84.29161071777344,215.72000122070312,69.0325698852539,26.60010528564453,12.770000457763672,28.65999984741211,86.1500015258789,74.44999694824219
2024-05-24,516.8611450195312,452.9752197265625,200.94573974609375,84.5413818359375,215.9199981689453,69.27519989013672,26.516834259033203,11.930000305175781,27.559999465942383,83.56999969482422,75.3499984741211
2024-05-28,517.2223510742188,454.6864013671875,200.671875,83.32942962646484,218.19000244140625,68.99663543701172,26.479827880859375,12.920000076293945,27.530000686645508,89.66999816894531,77.66000366210938
2024-05-29,513.6005249023438,451.48162841796875,197.70814514160156,82.3210220336914,216.16000366210938,68.78994750976562,26.62786293029785,14.279999732971191,26.770000457763672,93.44999694824219,76.56999969482422
2024-05-30,510.1934814453125,446.644775390625,199.58616638183594,83.11666870117188,216.57000732421875,69.06851959228516,26.544593811035156,14.470000267028809,29.239999771118164,91.08999633789062,75.52999877929688
2024-05-31,514.8404541015625,445.81390380859375,201.26852416992188,83.68099975585938,215.3000030517578,69.3111572265625,26.52608871459961,12.920000076293945,30.34000015258789,91.13999938964844,74.81999969482422
2024-06-03,515.2600708007812,448.2075500488281,200.1339111328125,85.03450012207031,217.22000122070312,69.52601623535156,26.387304306030273,13.109999656677246,30.84000015258789,93.91999816894531,71.83000183105469
2024-06-04,515.8361206054688,449.43414306640625,197.55165100097656,86.02779388427734,215.27000427246094,69.48989868164062,26.396556854248047,13.15999984741211,30.59000015258789,100.11000061035156,71.08999633789062
2024-06-05,521.9668579101562,458.4945983886719,200.57403564453125,86.65906524658203,217.82000732421875,69.71563720703125,26.433565139770508,12.630000114440918,29.18000030517578,102.43000030517578,71.88999938964844
2024-06-06,521.9571533203125,458.3363037109375,199.13621520996094,86.52909851074219,219.42999267578125,69.59825134277344,26.396556854248047,12.579999923706055,27.709999084472656,100.98999786376953,73.26000213623047
2024-06-07,521.322509765625,457.9308166503906,196.7985076904297,84.94166564941406,211.60000610351562,69.41767883300781,26.618610382080078,12.220000267028809,26.420000076293945,91.81999969482422,73.0199966430664
2024-06-10,522.9332275390625,459.7804870605469,197.47341918945312,84.37537384033203,213.5399932861328,69.48088073730469,26.68337631225586,12.739999771118164,25.690000534057617,94.16000366210938,75.45999908447266
2024-06-11,524.1928100585938,462.9358215332031,196.798583984375,85.24799346923828,214.14999389648438,69.57115936279297,26.720382690429688,12.850000381469727,25.540000915527344,97.2699966430664,75.51000213623047
2024-06-12,528.4978637695312,468.9992370605469,199.81961059570312,85.88855743408203,214.72000122070312,69.85104370117188,26.60010528564453,12.039999961853027,24.799999237060547,91.7300033569336,75.9800033569336
2024-06-13,529.5620727539062,471.5413513183594,198.07366943359375,87.15106964111328,212.97000122070312,69.84200286865234,26.701879501342773,11.9399995803833,24.450000762939453,91.93000030517578,75.73999786376953
2024-06-14,529.88427734375,473.9844970703125,194.9251251220703,87.88444519042969,215.72999572753906,69.57115936279297,26.82215690612793,12.65999984741211,24.709999084472656,100.16000366210938,76.08000183105469
2024-06-17,534.1015625,479.790771484375,196.56317138671875,87.01182556152344,214.61000061035156,69.61629486083984,26.75739288330078,12.75,24.170000076293945,99.06999969482422,77.79000091552734
2024-06-18,535.45849609375,479.9390869140625,196.906494140625,87.8101806640625,215.47000122070312,69.8329849243164,26.74814224243164,12.300000190734863,23.729999542236328,97.98999786376953,78.66999816894531
2024-06-20,534.00390625,476.23974609375,196.07275390625,87.22534942626953,218.16000366210938,69.78784942626953,26.859169006347656,13.279999732971191,24.229999542236328,94.13999938964844,79.41000366210938
2024-06-21,533.2880249023438,474.9637451171875,196.51414489746094,87.22534942626953,214.77999877929688,69.86909484863281,26.923933029174805,13.199999809265137,24.739999771118164,94.08999633789062,78.6500015258789
2024-06-24,531.5545043945312,469.5564270019531,197.3674774169922,87.57811737060547,215.6300048828125,69.79686737060547,26.831409454345703,13.329999923706055,25.420000076293945,95.19999694824219,79.69999694824219
2024-06-25,533.6015014648438,474.92608642578125,196.72010803222656,87.72662353515625,214.55999755859375,69.88714599609375,26.859169006347656,12.84000015258789,25.75,96.97000122070312,78.9000015258789
2024-06-26,534.2673950195312,475.9068908691406,196.2002410888672,86.47341918945312,212.5800018310547,69.73365020751953,26.988698959350586,12.550000190734863,26.239999771118164,97.91000366210938,78.75
2024-06-27,535.1097412109375,477.1353759765625,198.19139099121094,86.81686401367188,214.99000549316406,69.81492614746094,26.951688766479492,12.239999771118164,26.280000686645508,95.69000244140625,79.91999816894531
2024-06-28,533.0039672851562,474.6585998535156,199.0054931640625,85.20159149169922,215.00999450683594,69.64338684082031,26.951688766479492,12.4399995803833,26.540000915527344,98.58999633789062,79.58999633789062
2024-07-01,534.1009521484375,477.4424743652344,197.33804321289062,83.73110961914062,215.57000732421875,69.6297836303711,26.960941314697266,12.220000267028809,27.290000915527344,106.2300033569336,81.54000091552734
2024-07-02,537.6953125,482.4554748535156,198.0148468017578,84.38301086425781,215.55999755859375,69.82038116455078,26.923933029174805,12.029999732971191,25.81999969482422,107.51000213623047,81.11000061035156
2024-07-03,540.0949096679688,486.477783203125,197.96580505371094,85.49122619628906,217.99000549316406,70.06542205810547,26.81290626525879,12.09000015258789,24.6200008392334,102.83000183105469,81.2699966430664
2024-07-05,543.2092895507812,491.55023193359375,197.02418518066406,86.1989974975586,220.92999267578125,70.2741470336914,26.720382690429688,12.479999542236328,23.780000686645508,98.77999877929688,81.30999755859375
2024-07-08,543.8360595703125,492.71923828125,198.40719604492188,86.3852310180664,218.19000244140625,70.2560043334961,26.766645431518555,12.369999885559082,23.809999465942383,97.95999908447266,80.41999816894531
2024-07-09,544.3649291992188,493.1452331542969,197.54403686523438,86.00342559814453,218.55999755859375,70.1743392944336,26.803653717041016,12.510000228881836,24.190000534057617,95.62000274658203,79.7699966430664
2024-07-10,549.7515258789062,498.2870178222656,199.476318359375,86.27348327636719,219.36000061035156,70.33767700195312,26.775897979736328,12.850000381469727,24.010000228881836,92.97000122070312,80.4800033569336
2024-07-11,545.0114135742188,487.3594970703125,206.64634704589844,87.11163330078125,223.25,70.5918197631836,26.637115478515625,12.920000076293945,24.010000228881836,89.66999816894531,80.94000244140625
2024-07-12,548.4490356445312,490.2226867675781,209.0592803955078,87.48416900634766,223.11000061035156,70.7733383178711,26.544593811035156,12.460000038146973,24.1200008392334,86.79000091552734,80.25
2024-07-15,549.957275390625,491.5402526855469,213.03173828125,86.47836303710938,223.8300018310547,70.78241729736328,26.590852737426758,13.119999885559082,23.829999923706055,94.5,80.12000274658203
2024-07-16,553.2186279296875,491.728515625,220.2998504638672,87.69833374023438,228.2899932861328,71.05467987060547,26.590852737426758,13.1899995803833,24.40999984741211,93.87000274658203,79.05999755859375
2024-07-17,545.4618530273438,477.2939147949219,217.99481201171875,87.71696472167969,227.22999572753906,70.97299194335938,26.4705753326416,14.479999542236328,25.280000686645508,91.0,80.62000274658203
2024-07-18,541.27001953125,475.0350646972656,213.77716064453125,87.04644775390625,225.77999877929688,70.8277587890625,26.590852737426758,15.930000305175781,25.68000030517578,91.97000122070312,79.9000015258789
2024-07-19,537.6757202148438,470.8245544433594,212.68841552734375,86.53424835205078,221.72999572753906,70.7733383178711,26.664871215820312,16.520000457763672,26.829999923706055,94.29000091552734,78.0
2024-07-22,543.2190551757812,477.83880615234375,216.07235717773438,86.28279876708984,221.8000030517578,71.03652954101562,26.646366119384766,14.90999984741211,26.829999923706055,94.44999694824219,77.62000274658203
2024-07-23,542.3670654296875,476.1545715332031,218.3675537109375,86.1617431640625,222.5800018310547,71.04562377929688,26.692626953125,14.720000267028809,26.739999771118164,95.04000091552734,76.62000274658203
2024-07-24,530.0756225585938,459.07476806640625,213.67910766601562,85.23043823242188,221.8000030517578,70.81871795654297,26.68337631225586,18.040000915527344,26.850000381469727,94.80999755859375,76.80999755859375
2024-07-25,527.3136596679688,454.01220703125,216.3470001220703,85.92890930175781,218.3300018310547,70.8277587890625,26.68337631225586,18.459999084472656,26.489999771118164,99.08000183105469,77.45999908447266
2024-07-26,533.219482421875,458.6685791015625,219.92710876464844,86.59944152832031,220.6300048828125,71.05467987060547,26.664871215820312,16.389999389648438,29.770000457763672,97.76000213623047,76.11000061035156
2024-07-29,533.5328369140625,459.5899353027344,217.48480224609375,87.06507110595703,220.32000732421875,70.99114990234375,26.738889694213867,16.600000381469727,30.81999969482422,98.6500015258789,75.19000244140625
2024-07-30,530.8297729492188,453.27911376953125,218.3087158203125,87.40034484863281,222.52000427246094,71.02747344970703,26.75739288330078,17.690000534057617,31.489999771118164,100.41999816894531,74.45999908447266
2024-07-31,539.458251953125,466.693359375,219.57400512695312,88.29435729980469,226.5500030517578,71.2815933227539,26.609357833862305,16.360000610351562,33.689998626708984,99.41000366210938,77.73999786376953
2024-08-01,531.8190307617188,455.3892822265625,212.43338012695312,89.05587768554688,225.77000427246094,71.12557983398438,26.701879501342773,18.59000015258789,33.41999816894531,101.81999969482422,76.29000091552734
2024-08-02,521.9173583984375,444.5806884765625,204.9200439453125,91.83097076416016,225.33999633789062,70.88835906982422,26.433565139770508,23.389999389648438,38.83000183105469,112.26000213623047,73.38999938964844
2024-08-05,506.7171936035156,431.32501220703125,198.3286895751953,92.31688690185547,222.47999572753906,70.45043182373047,26.28553009033203,38.56999969482422,43.630001068115234,121.22000122070312,73.22000122070312
2024-08-06,511.388916015625,435.4463806152344,200.48658752441406,90.25187683105469,220.6999969482422,70.71501922607422,26.368799209594727,27.709999084472656,40.41999816894531,119.23999786376953,72.44999694824219
2024-08-07,507.9708251953125,430.7305603027344,198.11293029785156,89.61650848388672,220.5500030517578,70.85187530517578,26.424314498901367,27.850000381469727,38.0099983215332,112.69000244140625,74.69000244140625
2024-08-08,519.7136840820312,443.9070129394531,202.92892456054688,89.06522369384766,224.00999450683594,71.14382934570312,26.461322784423828,23.790000915527344,34.77000045776367,110.41999816894531,75.36000061035156
2024-08-09,522.0054931640625,446.22528076171875,202.5071563720703,89.94355010986328,224.55999755859375,71.13469696044922,26.433565139770508,20.3700008392334,33.369998931884766,108.26000213623047,76.22000122070312
2024-08-12,522.2797241210938,447.186279296875,200.68276977539062,90.27057647705078,228.41000366210938,71.18029022216797,26.433565139770508,20.709999084472656,35.16999816894531,118.26000213623047,78.62999725341797
2024-08-13,530.8689575195312,458.2821960449219,203.98825073242188,90.8966064453125,228.05999755859375,71.50875091552734,26.294782638549805,18.1200008392334,33.2599983215332,118.44000244140625,77.63999938964844
2024-08-14,532.543701171875,458.4307556152344,202.72293090820312,91.46658325195312,226.1999969482422,71.63645935058594,26.322540283203125,16.190000534057617,31.510000228881836,106.33999633789062,76.58999633789062
2024-08-15,541.6716918945312,470.0121765136719,207.98031616210938,90.7284164428711,226.91000366210938,71.70032501220703,26.415061950683594,15.229999542236328,31.139999389648438,103.73999786376953,77.41000366210938
2024-08-16,542.8860473632812,470.6164855957031,208.52960205078125,91.0461196899414,231.99000549316406,71.92841339111328,26.28553009033203,14.800000190734863,31.0,102.80999755859375,76.31999969482422
2024-08-19,548.0768432617188,476.7985534667969,211.079833984375,91.46658325195312,231.61000061035156,72.0470199584961,26.146747589111328,14.649999618530273,32.029998779296875,110.12999725341797,74.37999725341797
2024-08-20,547.185546875,475.7979431152344,208.6178741455078,92.1954116821289,232.4600067138672,71.9831771850586,26.054224014282227,15.880000114440918,32.04999923706055,111.56999969482422,73.83000183105469
2024-08-21,549.0660400390625,478.01708984375,211.3348388671875,92.25148010253906,232.14999389648438,72.14737701416016,25.97095489501953,16.270000457763672,32.70000076293945,111.37999725341797,72.5999984741211
2024-08-22,544.7566528320312,470.4382629394531,209.47122192382812,91.33577728271484,229.3699951171875,72.05614471435547,26.09123420715332,17.549999237060547,31.729999542236328,108.5,73.58000183105469
2024-08-23,550.5448608398438,475.540283203125,216.16065979003906,91.93377685546875,232.02000427246094,72.4393310546875,25.869178771972656,15.859999656677246,30.540000915527344,105.62999725341797,75.55000305175781
2024-08-26,549.2326049804688,470.92364501953125,216.2292938232422,91.70018005371094,232.75999450683594,72.2933578491211,25.924694061279297,16.149999618530273,30.989999771118164,106.66000366210938,77.83000183105469
2024-08-27,549.9866333007812,472.3304138183594,214.55203247070312,91.54134368896484,233.38999938964844,72.33897399902344,25.8414249420166,15.430000305175781,31.25,109.22000122070312,76.48999786376953
2024-08-28,546.7938842773438,466.970703125,213.10037231445312,91.42921447753906,231.75,72.30248260498047,25.989459991455078,17.110000610351562,32.119998931884766,108.76000213623047,75.4800033569336
2024-08-29,546.8427124023438,466.28717041015625,214.62071228027344,91.13020324707031,232.9499969482422,72.37548065185547,26.081981658935547,15.649999618530273,31.809999465942383,106.69999694824219,76.7699966430664
2024-08-30,552.0628662109375,471.8450012207031,215.8663787841797,90.15843963623047,231.2899932861328,72.38460540771484,26.1560001373291,15.0,33.36000061035156,107.7699966430664,74.33999633789062
2024-09-03,540.7020874023438,457.5193176269531,209.26522827148438,91.63301086425781,230.2899932861328,72.12792205810547,26.202260971069336,20.719999313354492,35.36000061035156,114.19999694824219,71.08999633789062
2024-09-04,539.5953369140625,456.3304748535156,208.91213989257812,92.81419372558594,230.42999267578125,72.39375305175781,26.072729110717773,21.31999969482422,37.95000076293945,119.1500015258789,69.61000061035156
2024-09-05,538.282958984375,456.75653076171875,207.87240600585938,93.33912658691406,232.35000610351562,72.64127349853516,26.035720825195312,19.899999618530273,36.61000061035156,114.80999755859375,69.88999938964844
2024-09-06,529.2235717773438,444.521240234375,203.91957092285156,93.32974243164062,230.6300048828125,72.54960632324219,26.072729110717773,22.3799991607666,37.58000183105469,107.23999786376953,68.93000030517578
2024-09-09,535.1488037109375,450.2375793457031,204.48846435546875,93.73283386230469,231.60000610351562,72.72378540039062,26.183753967285156,19.450000762939453,37.0,104.61000061035156,69.2699966430664
2024-09-10,537.4798583984375,454.39862060546875,204.3217315673828,94.3890609741211,232.6199951171875,72.5862808227539,26.19300651550293,19.079999923706055,40.22999954223633,108.36000061035156,66.95999908447266
2024-09-11,542.9938354492188,464.26605224609375,204.9200439453125,94.31403350830078,232.25,72.69628143310547,26.220766067504883,17.690000534057617,37.7599983215332,103.79000091552734,67.8499984741211
2024-09-12,547.567626953125,468.82330322265625,207.55856323242188,93.87344360351562,236.3300018310547,72.79712677001953,26.109737396240234,17.06999969482422,36.06999969482422,98.02999877929688,69.88999938964844
2024-09-13,550.4274291992188,470.92364501953125,212.67860412597656,94.12657165527344,238.67999267578125,72.99879455566406,26.072729110717773,16.559999465942383,35.220001220703125,100.5999984741211,69.83999633789062
2024-09-16,551.240234375,468.8431701660156,213.4436798095703,94.98897552490234,238.66000366210938,73.18215942382812,25.989459991455078,17.139999389648438,34.709999084472656,101.22000122070312,70.87999725341797
2024-09-17,551.4655151367188,469.0907897949219,215.20921325683594,94.52962493896484,237.33999633789062,73.20049285888672,26.072729110717773,17.610000610351562,35.290000915527344,101.58000183105469,71.72000122070312
2024-09-18,549.8299560546875,467.0598449707031,215.2484588623047,93.35787200927734,235.50999450683594,73.26463317871094,26.100486755371094,18.229999542236328,36.189998626708984,98.61000061035156,70.66000366210938
2024-09-19,559.2124633789062,478.869140625,219.68191528320312,93.04852294921875,239.1699981689453,73.48466491699219,25.989459991455078,16.329999923706055,33.720001220703125,92.63999938964844,72.75
2024-09-20,558.245849609375,477.9576721191406,217.32786560058594,92.6922836303711,242.2100067138672,73.57633972167969,26.035720825195312,16.149999618530273,32.220001220703125,91.0,72.91999816894531
2024-09-23,559.6408081054688,479.22454833984375,216.53338623046875,92.49543762207031,242.67999267578125,73.43882751464844,26.072729110717773,15.890000343322754,34.38999938964844,93.87000274658203,72.25
2024-09-24,561.2421264648438,481.5361022949219,216.8962860107422,92.4766845703125,246.07000732421875,73.447998046875,25.924694061279297,15.390000343322754,33.7599983215332,93.30000305175781,73.29000091552734
2024-09-25,560.0043334960938,481.982666015625,214.25076293945312,91.70800018310547,245.72999572753906,73.365478515625,26.100486755371094,15.40999984741211,34.400001525878906,91.63999938964844,71.4800033569336
2024-09-26,562.2244873046875,485.6037902832031,215.39244079589844,91.92359924316406,246.97999572753906,73.48466491699219,25.980205535888672,15.369999885559082,39.7599983215332,90.13999938964844,69.01000213623047
2024-09-27,561.4091186523438,482.9052734375,216.8490447998047,92.40170288085938,245.02000427246094,73.66800689697266,25.97095489501953,16.959999084472656,39.619998931884766,92.52999877929688,70.2699966430664
2024-09-30,563.6588134765625,484.21484375,217.4001922607422,91.96110534667969,243.05999755859375,73.61300659179688,26.072729110717773,16.729999542236328,39.86000061035156,94.61000061035156,69.91999816894531
2024-10-01,558.6093139648438,477.46856689453125,214.4475860595703,92.62506866455078,245.61000061035156,73.57615661621094,26.183753967285156,19.260000228881836,42.869998931884766,104.13999938964844,72.11000061035156
2024-10-02,558.8450317382812,478.1431884765625,214.15235900878906,91.8445053100586,245.66000366210938,73.5853500366211,26.294782638549805,18.899999618530273,46.52000045776367,102.16999816894531,72.76000213623047
2024-10-03,557.8233642578125,477.78607177734375,212.7154083251953,90.97927856445312,245.49000549316406,73.41033935546875,26.3780517578125,20.489999771118164,54.5,101.16000366210938,75.7300033569336
2024-10-04,562.8925170898438,483.47076416015625,215.68768310546875,89.86014556884766,245.0,73.32742309570312,26.52608871459961,19.209999084472656,46.369998931884766,100.1500015258789,76.3499984741211
2024-10-07,557.8037109375,478.29205322265625,213.99485778808594,89.18301391601562,244.1699981689453,73.01422119140625,26.544593811035156,22.639999389648438,48.31999969482422,124.2300033569336,79.19999694824219
2024-10-08,563.0791015625,485.4350891113281,214.14248657226562,89.33348846435547,242.3699951171875,73.18924713134766,26.544593811035156,21.420000076293945,52.349998474121094,123.7699966430664,75.79000091552734
2024-10-09,566.9793701171875,489.25469970703125,214.61489868164062,88.82563781738281,241.0500030517578,73.14320373535156,26.664871215820312,20.860000610351562,48.79999923706055,122.38999938964844,75.25
2024-10-10,565.9871215820312,488.6991271972656,213.4240264892578,88.47767639160156,242.82000732421875,73.1063232421875,26.65561866760254,20.93000030517578,52.36000061035156,116.55999755859375,77.7699966430664
2024-10-11,569.3764038085938,489.4630126953125,217.76434326171875,88.12030792236328,245.47000122070312,73.2998046875,26.674123764038086,20.459999084472656,52.68000030517578,118.47000122070312,77.48999786376953
2024-10-14,574.0328369140625,493.5703125,219.36859130859375,88.1861343383789,245.07000732421875,73.3366470336914,26.75739288330078,19.700000762939453,51.619998931884766,,75.93000030517578
2024-10-15,569.5728759765625,486.9729309082031,219.5457763671875,89.25823974609375,245.9199981689453,73.31822204589844,26.775897979736328,20.639999389648438,48.63999938964844,127.2300033569336,72.76000213623047
2024-10-16,572.0485229492188,487.03240966796875,223.1577911376953,89.6344223022461,247.14999389648438,73.44718933105469,26.849916458129883,19.579999923706055,47.84000015258789,121.86000061035156,72.4000015258789
2024-10-17,572.0975341796875,487.3697204589844,222.54757690429688,88.21436309814453,248.6300048828125,73.3366470336914,26.933185577392578,19.110000610351562,46.880001068115234,122.13999938964844,72.62000274658203
2024-10-18,574.298095703125,490.5643005371094,222.0850067138672,88.28018951416016,251.27000427246094,73.51167297363281,26.859169006347656,18.030000686645508,47.220001220703125,123.12999725341797,71.37999725341797
2024-10-21,573.3550415039062,491.5068054199219,218.591064453125,86.73784637451172,251.22000122070312,73.2168960571289,26.979446411132812,18.3700008392334,46.81999969482422,128.9499969482422,72.26000213623047
2024-10-22,573.0504760742188,492.0425109863281,217.76434326171875,86.82249450683594,253.92999267578125,73.11555480957031,27.0072021484375,18.200000762939453,47.689998626708984,129.25999450683594,73.9800033569336
2024-10-23,567.8142700195312,484.5025634765625,215.77627563476562,86.58737182617188,250.8699951171875,72.89447021484375,27.0997257232666,19.239999771118164,47.779998779296875,129.0500030517578,73.55000305175781
2024-10-24,569.0423583984375,488.4312744140625,216.24868774414062,87.14225006103516,252.8000030517578,73.1063232421875,26.99795150756836,19.079999923706055,46.65999984741211,127.4800033569336,73.05999755859375
2024-10-25,568.8458862304688,491.4075927734375,215.43179321289062,86.65321350097656,253.32000732421875,73.03263092041016,27.090473175048828,20.329999923706055,48.970001220703125,128.39999389648438,74.2300033569336
2024-10-28,570.6043701171875,491.4869689941406,218.94540405273438,86.41809844970703,253.3300018310547,73.2168960571289,27.090473175048828,19.799999237060547,42.959999084472656,130.9199981689453,70.43000030517578
2024-10-29,571.52783203125,496.2093505859375,218.2367706298828,86.54975128173828,256.0899963378906,73.2353286743164,27.0997257232666,19.34000015258789,42.470001220703125,131.8699951171875,69.66000366210938
2024-10-30,569.7987060546875,492.4591979980469,217.94151306152344,86.80368041992188,257.5,73.1063232421875,27.034957885742188,20.350000381469727,41.130001068115234,130.8000030517578,71.36000061035156
2024-10-31,558.6289672851562,480.0281982421875,214.31964111328125,86.94474029541016,253.50999450683594,72.90369415283203,27.016454696655273,23.15999984741211,48.790000915527344,135.17999267578125,73.08000183105469
2024-11-01,560.9866943359375,483.5799255371094,215.52037048339844,85.71897888183594,252.47000122070312,72.90830993652344,27.12748146057129,21.8799991607666,44.13999938964844,132.5800018310547,72.0199966430664
2024-11-04,559.7783813476562,482.171142578125,216.6128387451172,87.04949188232422,252.8300018310547,73.11199188232422,27.025705337524414,21.979999542236328,45.75,136.25,74.29000091552734
2024-11-05,566.5470581054688,488.3221740722656,220.68743896484375,87.51185607910156,253.39999389648438,73.31566619873047,26.91468048095703,20.489999771118164,45.61000061035156,130.42999267578125,74.7300033569336
2024-11-06,580.6346435546875,501.5865783691406,233.47219848632812,85.11505889892578,245.6999969482422,73.4452896118164,27.349533081054688,16.270000457763672,44.7400016784668,117.63999938964844,74.54000091552734
2024-11-07,585.1242065429688,509.483642578125,232.64547729492188,86.18135070800781,249.64999389648438,73.76007080078125,27.12748146057129,15.199999809265137,42.54999923706055,104.08000183105469,74.66000366210938
2024-11-08,587.6587524414062,510.0789489746094,234.35797119140625,87.27594757080078,247.9600067138672,73.88043212890625,27.31252670288086,14.9399995803833,38.7599983215332,99.8499984741211,73.12999725341797
2024-11-11,588.2186889648438,509.7813415527344,237.8814239501953,86.8513412475586,242.13999938964844,73.79708862304688,27.469812393188477,14.970000267028809,37.7400016784668,,70.94000244140625
2024-11-12,586.3914184570312,508.85858154296875,233.70840454101562,85.54911804199219,240.0500030517578,73.50083923339844,27.590091705322266,14.710000038146973,34.31999969482422,108.55000305175781,70.69000244140625
2024-11-13,586.67626953125,508.203857421875,231.3955535888672,84.73760986328125,237.6300048828125,73.51937103271484,27.747379302978516,14.020000457763672,37.119998931884766,102.08000183105469,70.7300033569336
2024-11-14,582.9039306640625,504.6719970703125,228.275634765625,85.22827911376953,237.00999450683594,73.36194610595703,27.85840606689453,14.3100004196167,30.899999618530273,99.43000030517578,71.29000091552734
2024-11-15,575.437744140625,492.647705078125,224.8702850341797,85.00182342529297,236.58999633789062,73.35271453857422,27.830650329589844,16.139999389648438,35.06999969482422,102.47000122070312,69.75
2024-11-18,577.7955322265625,496.0704650878906,225.31317138671875,85.15280151367188,241.08999633789062,73.49156951904297,27.69186782836914,15.579999923706055,36.88999938964844,102.01000213623047,72.06999969482422
2024-11-19,579.9075927734375,499.4832763671875,226.986328125,85.58686828613281,243.25,73.60267639160156,27.682613372802734,16.350000381469727,37.279998779296875,105.12000274658203,72.30999755859375
2024-11-20,580.1040649414062,499.1955871582031,227.2815704345703,85.313232421875,244.6199951171875,73.58417510986328,27.82139778137207,17.15999984741211,36.7400016784668,106.69000244140625,72.0199966430664
2024-11-21,583.2183227539062,500.99127197265625,230.7361297607422,85.2471694946289,246.66000366210938,73.6119384765625,27.91391944885254,16.8700008392334,36.90999984741211,101.9000015258789,73.19999694824219
2024-11-22,585.02587890625,501.7948913574219,234.9977264404297,85.29434967041016,249.83999633789062,73.5934066772461,28.061954498291016,15.239999771118164,35.7400016784668,99.13999938964844,74.25
2024-11-25,587.0103149414062,502.5885314941406,238.57034301757812,87.50242614746094,242.47999572753906,73.87117004394531,27.867658615112305,14.600000381469727,37.439998626708984,99.95999908447266,72.0999984741211
2024-11-26,590.0753784179688,505.287109375,236.81849670410156,87.1627426147461,242.9499969482422,73.73228454589844,27.9046688079834,14.100000381469727,38.7400016784668,99.18000030517578,71.61000061035156
2024-11-27,588.2874145507812,501.3087158203125,237.1432647705078,87.76663970947266,243.49000549316406,73.9544677734375,27.664108276367188,14.100000381469727,37.0,97.73999786376953,71.72000122070312
2024-11-29,591.9419555664062,505.71368408203125,238.04873657226562,88.6725082397461,245.58999633789062,74.10261535644531,27.617849349975586,13.510000228881836,34.95000076293945,95.22000122070312,71.61000061035156
2024-12-02,593.0028686523438,511.2198181152344,237.9306182861328,88.88560485839844,243.44000244140625,74.07564544677734,27.784387588500977,13.34000015258789,34.709999084472656,97.80999755859375,71.04000091552734
2024-12-03,593.278076171875,512.7872924804688,236.23780822753906,88.11858367919922,243.92999267578125,74.07564544677734,27.775136947631836,13.300000190734863,34.54999923706055,95.5999984741211,73.04000091552734
2024-12-04,596.9619750976562,519.1268310546875,237.08424377441406,89.06549072265625,244.6699981689453,74.2523422241211,27.765884399414062,13.449999809265137,33.81999969482422,92.25,71.87999725341797
2024-12-05,595.9795532226562,517.6882934570312,234.31863403320312,89.24539947509766,242.86000061035156,74.18721771240234,27.617849349975586,13.539999961853027,29.450000762939453,91.4800033569336,71.47000122070312
2024-12-06,597.1093139648438,522.3214111328125,235.15518188476562,89.37796020507812,242.9499969482422,74.30813598632812,27.69186782836914,12.770000457763672,30.979999542236328,83.19999694824219,70.23999786376953
2024-12-09,594.0344848632812,518.2539672851562,233.97413635253906,88.55416107177734,245.36000061035156,74.21515655517578,27.738126754760742,14.1899995803833,27.700000762939453,85.62999725341797,71.16999816894531
2024-12-10,592.1876220703125,516.4878540039062,232.96041870117188,88.13751983642578,248.58999633789062,74.2523422241211,27.802892684936523,14.180000305175781,28.610000610351562,90.0999984741211,71.4000015258789
2024-12-11,596.7655029296875,525.734375,234.01353454589844,87.30426788330078,250.9600067138672,74.27094268798828,27.895414352416992,13.579999923706055,31.989999771118164,82.4000015258789,73.33000183105469
2024-12-12,593.690673828125,522.34130859375,230.97232055664062,86.24372100830078,247.27999877929688,74.06634521484375,27.98793601989746,13.920000076293945,33.63999938964844,82.66000366210938,73.20999908447266
2024-12-13,593.57275390625,526.3394165039062,229.38775634765625,85.36312103271484,244.2899932861328,73.85246276855469,27.997188568115234,13.8100004196167,34.91999816894531,85.66000366210938,74.20999908447266
2024-12-16,596.1072387695312,533.9191284179688,230.7361297607422,85.6187744140625,244.8800048828125,73.99193572998047,27.950927734375,14.6899995803833,33.40999984741211,90.87999725341797,73.69999694824219
2024-12-17,593.6513671875,531.5678100585938,228.0946044921875,85.82708740234375,243.94000244140625,73.8338394165039,27.978683471679688,15.869999885559082,30.709999084472656,90.41999816894531,73.30000305175781
2024-12-18,575.9584350585938,512.3905639648438,217.99630737304688,84.75387573242188,239.25999450683594,73.07569885253906,28.30251121520996,27.6200008392334,32.599998474121094,87.20999908447266,72.94000244140625
2024-12-19,575.7815551757812,510.1086120605469,217.0289306640625,83.47058868408203,239.60000610351562,73.00090789794922,28.35802459716797,24.09000015258789,30.5,90.41000366210938,72.61000061035156
2024-12-20,582.697265625,514.563232421875,219.0624237060547,83.94588470458984,242.10000610351562,73.4589614868164,28.219242095947266,18.360000610351562,29.270000457763672,91.75,73.0999984741211
2024-12-23,586.1866455078125,519.576416015625,218.55897521972656,83.17591857910156,240.9600067138672,73.26266479492188,28.322710037231445,16.780000686645508,30.15999984741211,95.8499984741211,73.05999755859375
2024-12-24,592.7021484375,526.6217651367188,220.5134735107422,83.52762603759766,241.44000244140625,73.49636840820312,28.400068283081055,14.270000457763672,30.350000381469727,96.94999694824219,73.6500015258789
2024-12-26,592.7415771484375,526.2640991210938,222.7739715576172,83.48009490966797,243.07000732421875,73.68333435058594,28.34204864501953,14.729999542236328,30.010000228881836,95.19999694824219,73.12999725341797
2024-12-27,586.5020751953125,519.2684326171875,219.5263671875,82.79569244384766,241.39999389648438,73.43093872070312,28.293699264526367,15.949999809265137,30.209999084472656,94.80000305175781,73.8499984741211
2024-12-30,579.8091430664062,512.3621215820312,217.83836364746094,83.4610824584961,240.6300048828125,73.53376770019531,28.322710037231445,17.399999618530273,30.770000457763672,99.08000183105469,74.81999969482422
2024-12-31,577.69970703125,508.009765625,218.11477661132812,83.01432037353516,242.1300048828125,73.5244140625,28.448415756225586,17.350000381469727,30.020000457763672,98.80000305175781,75.55000305175781
2025-01-02,576.2803344726562,507.0160827636719,218.29244995117188,83.2424545288086,245.4199981689453,73.70203399658203,28.690160751342773,17.93000030517578,29.540000915527344,96.66999816894531,76.93000030517578
2025-01-03,583.4857788085938,515.3134765625,221.5400848388672,82.97630310058594,243.49000549316406,73.814208984375,28.603132247924805,16.1299991607666,29.979999542236328,93.3499984741211,77.91999816894531
2025-01-06,586.8470458984375,521.2359619140625,221.62892150878906,82.60557556152344,243.19000244140625,73.9450912475586,28.41940689086914,16.040000915527344,29.309999465942383,97.88999938964844,77.30000305175781
2025-01-07,580.2132568359375,511.93487548828125,219.85211181640625,81.67400360107422,244.55999755859375,73.70203399658203,28.525774002075195,17.81999969482422,31.09000015258789,102.77999877929688,78.16999816894531
2025-01-08,581.0609130859375,512.0243530273438,218.85511779785156,81.77855682373047,245.86000061035156,73.7955093383789,28.63214111328125,17.700000762939453,31.559999465942383,100.76000213623047,77.30000305175781
2025-01-10,572.1896362304688,503.9952392578125,214.0379638671875,81.23674774169922,248.2100067138672,73.41224670410156,28.77718734741211,19.540000915527344,33.90999984741211,96.56999969482422,80.63999938964844
2025-01-13,573.0768432617188,502.3754577636719,214.45254516601562,81.20821380615234,245.74000549316406,73.3935317993164,28.864215850830078,19.190000534057617,33.97999954223633,103.51000213623047,82.2300033569336
2025-01-14,573.8652954101562,501.89849853515625,216.89076232910156,81.07513427734375,247.02999877929688,73.48703002929688,28.680490493774414,18.709999084472656,33.5099983215332,101.98999786376953,81.66999816894531
2025-01-15,584.3040161132812,513.4453125,221.1551055908203,82.47248077392578,248.8800048828125,74.13206481933594,28.63214111328125,16.1200008392334,32.93000030517578,93.0999984741211,84.33999633789062
2025-01-16,583.1802978515625,509.84814453125,221.5993194580078,82.7386474609375,250.60000610351562,74.21617889404297,28.63214111328125,16.600000381469727,33.130001068115234,92.72000122070312,82.94000244140625
2025-01-17,589.035400390625,518.4535522460938,222.55682373046875,82.8812255859375,249.27000427246094,74.28162384033203,28.738508224487305,15.970000267028809,33.52000045776367,95.5999984741211,82.5199966430664
2025-01-21,594.4270629882812,521.4942626953125,226.83106994628906,83.62269592285156,253.1300048828125,74.47795104980469,28.371057510375977,15.0600004196167,35.099998474121094,96.77999877929688,81.11000061035156
2025-01-22,597.7686157226562,528.1620483398438,225.35035705566406,83.18543243408203,254.42999267578125,74.3750991821289,28.41940689086914,15.100000381469727,34.68000030517578,89.9000015258789,80.43000030517578
2025-01-23,601.03125,529.284912109375,226.3769989013672,82.53903198242188,254.07000732421875,74.46859741210938,28.40973663330078,15.020000457763672,34.18000030517578,88.51000213623047,79.20999908447266
2025-01-24,599.2766723632812,526.2938232421875,225.7452392578125,82.90975952148438,255.64999389648438,74.55272674560547,28.235681533813477,14.850000381469727,29.979999542236328,86.75,79.5999984741211
2025-01-27,590.7997436523438,510.9710388183594,223.58343505859375,83.88884735107422,252.99000549316406,74.60881805419922,28.245349884033203,17.899999618530273,35.97999954223633,95.05000305175781,77.93000030517578
2025-01-28,595.8760986328125,518.5231323242188,223.83023071289062,83.83181762695312,255.17999267578125,74.58077239990234,28.361387252807617,16.40999984741211,31.950000762939453,92.83000183105469,78.86000061035156
2025-01-29,593.204833984375,517.5493774414062,223.31690979003906,83.66071319580078,254.1999969482422,74.53402709960938,28.41940689086914,16.559999465942383,33.02000045776367,90.7300033569336,77.77999877929688
2025-01-30,596.388671875,519.7553100585938,225.58729553222656,83.97439575195312,258.04998779296875,74.67424774169922,28.41940689086914,15.84000015258789,31.049999237060547,90.54000091552734,77.75
2025-01-31,593.2147216796875,519.0000610351562,223.56369018554688,83.42305755615234,258.55999755859375,74.52468872070312,28.535444259643555,16.43000030517578,29.959999084472656,91.76000213623047,78.0199966430664
2025-02-03,589.2225952148438,514.846435546875,220.9477996826172,84.10230255126953,259.94000244140625,74.4307861328125,28.661149978637695,18.6200008392334,35.29999923706055,94.1500015258789,77.81999969482422
2025-02-04,593.1752319335938,521.1663208007812,224.0078887939453,84.35986328125,262.5,74.66555786132812,28.400068283081055,17.209999084472656,33.619998931884766,90.27999877929688,77.51000213623047
2025-02-05,595.580322265625,523.5313720703125,226.44607543945312,85.7526626586914,264.1300048828125,74.86274719238281,28.35171890258789,15.770000457763672,34.25,94.68000030517578,76.08999633789062
2025-02-06,597.6502685546875,526.2640991210938,225.7057647705078,85.7145004272461,263.42999267578125,74.75005340576172,28.332378387451172,15.5,36.25,93.9000015258789,75.44999694824219
2025-02-07,592.1796875,519.6260986328125,223.08987426757812,85.16120147705078,263.8999938964844,74.5152816772461,28.458086013793945,16.540000915527344,29.65999984741211,93.12999725341797,75.86000061035156
2025-02-10,596.2013549804688,525.9161987304688,224.09674072265625,84.90361785888672,268.3699951171875,74.66555786132812,28.545114517211914,15.8100004196167,32.09000015258789,87.68000030517578,77.4000015258789
2025-02-11,596.6548461914062,524.6641845703125,222.79373168945312,84.35986328125,267.3900146484375,74.63737487792969,28.448415756225586,16.020000457763672,29.760000228881836,85.58000183105469,78.2699966430664
2025-02-12,594.732666015625,524.9722290039062,220.74050903320312,83.21509552001953,267.6700134277344,74.47772216796875,28.467756271362305,15.890000343322754,31.790000915527344,86.58000183105469,76.31999969482422
2025-02-13,601.0115356445312,532.5243530273438,223.22805786132812,84.5983657836914,270.30999755859375,74.81580352783203,28.235681533813477,15.100000381469727,31.469999313354492,84.56999969482422,76.38999938964844
2025-02-14,600.9819946289062,534.7601928710938,223.06027221679688,85.04671478271484,266.2900085449219,74.90031433105469,28.158323287963867,14.770000457763672,28.459999084472656,84.66999816894531,75.81999969482422
2025-02-18,602.7463989257812,535.9725341796875,224.28428649902344,84.04505157470703,270.70001220703125,74.8345718383789,28.21634292602539,15.350000381469727,27.469999313354492,84.51000213623047,76.95999908447266
2025-02-19,604.1658325195312,536.12158203125,223.5143280029297,84.14999389648438,270.8500061035156,74.89092254638672,28.245349884033203,15.270000457763672,28.360000610351562,83.86000061035156,77.44999694824219
2025-02-20,601.6522827148438,533.8460083007812,221.3722686767578,84.46479797363281,270.989990234375,74.93787384033203,28.022947311401367,15.65999984741211,29.299999237060547,86.26000213623047,77.76000213623047
2025-02-21,591.3616333007812,522.7661743164062,214.99546813964844,85.48554992675781,270.739990234375,74.79701232910156,28.119644165039062,18.209999084472656,35.790000915527344,91.83000183105469,75.3499984741211
2025-02-24,588.6705932617188,516.5953369140625,213.44566345214844,85.73357391357422,272.2099914550781,74.89092254638672,28.13898468017578,18.979999542236328,31.299999237060547,88.44000244140625,75.97000122070312
2025-02-25,585.7431030273438,510.08660888671875,212.63623046875,87.2122573852539,268.6199951171875,75.07872772216797,28.032615661621094,19.43000030517578,32.77000045776367,96.61000061035156,74.12999725341797
2025-02-26,586.0386962890625,511.31884765625,212.9027557373047,87.72738647460938,269.0299987792969,75.18203735351562,28.090635299682617,19.100000381469727,33.36000061035156,97.5199966430664,73.8499984741211
2025-02-27,576.6844482421875,497.1188049316406,209.65512084960938,87.10731506347656,264.92999267578125,75.04118347167969,28.293699264526367,21.1299991607666,31.719999313354492,96.2699966430664,75.27999877929688
2025-02-28,585.6839599609375,504.9690246582031,211.88601684570312,88.17577362060547,263.2699890136719,75.24777221679688,28.41940689086914,19.6299991607666,29.969999313354492,104.45999908447266,75.22000122070312
2025-03-03,575.4227905273438,493.9190673828125,206.0915985107422,88.58726501464844,266.739990234375,75.09115600585938,28.14865493774414,22.780000686645508,38.52000045776367,105.6500015258789,73.31999969482422
2025-03-04,568.6116333007812,492.42852783203125,203.76199340820312,87.49630737304688,269.05999755859375,75.08171844482422,27.897239685058594,23.510000228881836,37.52000045776367,108.87000274658203,73.30999755859375
2025-03-05,574.722900390625,498.84783935546875,205.78561401367188,86.79772186279297,269.6199951171875,75.11946105957031,27.55879783630371,21.93000030517578,35.040000915527344,104.31999969482422,71.41999816894531
2025-03-06,564.5209350585938,485.1248474121094,202.6366729736328,86.51062774658203,268.25,74.83641052246094,27.539459228515625,24.8700008392334,37.13999938964844,108.94999694824219,71.12999725341797
2025-03-07,567.6849975585938,488.6922302246094,203.29803466796875,86.23311614990234,268.3900146484375,74.95906066894531,27.452430725097656,23.3700008392334,29.75,104.41000366210938,72.08999633789062
2025-03-10,552.5643920898438,469.7522888183594,198.18475341796875,87.13268280029297,266.0400085449219,74.676025390625,27.471771240234375,27.860000610351562,34.81999969482422,112.5,70.88999938964844
2025-03-11,547.9710083007812,468.6293640136719,198.16502380371094,86.51062774658203,269.1600036621094,74.41184997558594,27.317054748535156,26.920000076293945,31.829999923706055,114.5999984741211,71.44999694824219
2025-03-12,550.8787841796875,473.9158935546875,198.510498046875,85.99385833740234,270.3299865722656,74.49677276611328,27.384742736816406,24.229999542236328,31.09000015258789,104.11000061035156,72.80000305175781
2025-03-13,543.535400390625,465.38995361328125,195.54913330078125,86.74988555908203,275.1300048828125,74.08163452148438,27.481441497802734,24.65999984741211,32.79999923706055,106.19000244140625,71.62000274658203
2025-03-14,554.7623901367188,476.6386413574219,200.27745056152344,86.29051208496094,275.239990234375,74.42127990722656,27.452430725097656,21.770000457763672,33.52000045776367,101.01000213623047,72.27999877929688
2025-03-17,559.0404663085938,479.7290344238281,202.80447387695312,86.7211685180664,276.7300109863281,74.6005630493164,27.346065521240234,20.510000228881836,30.899999618530273,99.77999877929688,72.70999908447266
2025-03-18,552.998046875,471.5509033203125,201.04345703125,86.80729675292969,279.9599914550781,74.46847534179688,27.326725006103516,21.700000762939453,36.119998931884766,96.68000030517578,72.20999908447266
2025-03-19,559.0206909179688,477.8608703613281,204.16976928710938,87.25707244873047,281.1099853515625,74.95906066894531,27.394412994384766,19.899999618530273,33.869998931884766,91.4000015258789,72.41999816894531
2025-03-20,557.4041748046875,476.24114990234375,202.8737335205078,87.3144760131836,280.75,74.85528564453125,27.471771240234375,19.799999237060547,29.719999313354492,95.73999786376953,73.7300033569336
2025-03-21,557.5880737304688,477.8111877441406,201.61727905273438,86.79772186279297,278.489990234375,74.74205780029297,27.55879783630371,19.280000686645508,28.43000030517578,94.54000091552734,73.79000091552734
2025-03-24,567.5735473632812,488.2964782714844,206.6332244873047,85.90773010253906,277.25,74.95906066894531,27.607147216796875,17.479999542236328,29.670000076293945,95.22000122070312,74.87999725341797
2025-03-25,568.93798828125,491.08294677734375,205.485595703125,85.8981704711914,278.4700012207031,74.92131042480469,27.57813835144043,17.149999618530273,28.270000457763672,93.56999969482422,74.81999969482422
2025-03-26,562.1458740234375,482.04669189453125,203.39810180664062,85.33353424072266,278.239990234375,74.6194076538086,27.70384407043457,18.329999923706055,28.84000015258789,91.41000366210938,75.41999816894531
2025-03-27,560.6528930664062,479.2999572753906,202.42852783203125,85.08472442626953,281.9700012207031,74.47789764404297,27.616817474365234,18.690000534057617,28.489999771118164,91.02999877929688,75.4800033569336
2025-03-28,549.3623657226562,466.6810607910156,198.31288146972656,86.26181030273438,284.05999755859375,74.3458023071289,27.56846809387207,21.649999618530273,28.700000762939453,96.83000183105469,74.7699966430664
2025-03-31,553.0501098632812,466.66119384765625,197.36314392089844,87.113525390625,288.1400146484375,74.43072509765625,27.59747886657715,22.280000686645508,30.8799991607666,101.3499984741211,77.33000183105469
2025-04-01,554.6121826171875,470.4229431152344,197.38290405273438,87.868408203125,287.57000732421875,74.60326385498047,27.62648582458496,21.770000457763672,30.56999969482422,104.7300033569336,77.08000183105469
2025-04-02,558.1219482421875,473.8563232421875,200.4993438720703,87.810791015625,288.1600036621094,74.75495910644531,27.51045036315918,21.510000228881836,29.979999542236328,106.38999938964844,77.73999786376953
2025-04-03,530.6173095703125,448.48907470703125,187.62803649902344,88.21417236328125,286.4200134277344,73.82585144042969,27.026962280273438,30.020000457763672,35.45000076293945,112.0,72.25
2025-04-04,499.5533447265625,420.6339416503906,179.2582244873047,89.17457580566406,279.7200012207031,72.77350616455078,27.326725006103516,45.310001373291016,44.720001220703125,125.70999908447266,67.91999816894531
2025-04-07,498.6635437011719,421.6490173339844,177.63572692871094,86.48541259765625,273.7099914550781,72.14777374267578,27.442760467529297,46.97999954223633,52.810001373291016,137.3000030517578,65.9800033569336
2025-04-08,490.85308837890625,414.0557861328125,172.95616149902344,84.85269927978516,275.20001220703125,71.81597137451172,27.317054748535156,52.33000183105469,55.2599983215332,139.8800048828125,63.34000015258789
2025-04-09,542.4021606445312,463.7552185058594,187.65769958496094,85.35212707519531,285.3800048828125,73.74053192138672,27.35573387145996,33.619998931884766,42.900001525878906,128.8300018310547,67.58000183105469
2025-04-10,518.6346435546875,444.03070068359375,179.772705078125,82.99909210205078,292.3500061035156,72.53648376464844,26.785219192504883,40.720001220703125,49.0,128.35000610351562,65.31999969482422
2025-04-11,527.8886108398438,452.21112060546875,182.39442443847656,83.45050811767578,297.92999267578125,72.75453186035156,26.543476104736328,37.560001373291016,50.880001068115234,137.25999450683594,66.45999908447266
2025-04-14,533.0098266601562,455.2762756347656,184.5413055419922,84.04595947265625,296.2300109863281,73.11481475830078,26.45644760131836,30.889999389648438,47.7599983215332,132.4600067138672,66.66000366210938
2025-04-15,531.516845703125,455.7838134765625,184.7688446044922,84.34368133544922,297.7799987792969,73.31388854980469,26.60149383544922,30.1200008392334,42.310001373291016,122.55999755859375,66.4800033569336
2025-04-16,519.7023315429688,442.0403137207031,182.99794006347656,84.81427001953125,307.4700012207031,73.3044204711914,26.37908935546875,32.63999938964844,43.560001373291016,119.4000015258789,67.75
2025-04-17,520.44384765625,441.9607238769531,184.4918212890625,84.0651626586914,306.1199951171875,73.73104095458984,26.398427963256836,29.649999618530273,41.27000045776367,114.63999938964844,69.4800033569336
2025-04-21,508.05584716796875,431.02362060546875,180.79171752929688,82.59571838378906,315.5899963378906,73.29492950439453,26.147014617919922,33.81999969482422,41.209999084472656,128.55999755859375,68.62000274658203
2025-04-22,521.2744140625,442.33892822265625,185.4712677001953,83.05673217773438,311.1099853515625,73.57936096191406,26.29206085205078,30.56999969482422,43.150001525878906,118.3499984741211,69.37000274658203
2025-04-23,529.3516845703125,452.37030029296875,188.22164916992188,83.86347198486328,303.6499938964844,73.94910430908203,26.53380584716797,28.450000762939453,43.560001373291016,116.5999984741211,68.05000305175781
2025-04-24,540.4940185546875,465.09869384765625,191.9910125732422,84.7470474243164,308.07000732421875,74.61276245117188,26.417766571044922,26.469999313354492,44.369998931884766,108.27999877929688,68.45999908447266
2025-04-25,544.3992919921875,470.2835998535156,192.05038452148438,85.371337890625,304.7300109863281,74.6791000366211,26.485454559326172,24.84000015258789,43.529998779296875,105.79000091552734,69.02999877929688
2025-04-28,544.60693359375,470.13433837890625,192.86163330078125,85.90914916992188,309.07000732421875,74.71702575683594,26.321069717407227,25.149999618530273,43.54999923706055,110.01000213623047,67.76000213623047
2025-04-29,548.0375366210938,473.23931884765625,193.99937438964844,86.62945556640625,306.05999755859375,74.9161376953125,26.408098220825195,24.170000076293945,48.40999984741211,112.2699966430664,65.8499984741211
2025-04-30,548.2550048828125,473.1795959472656,192.78248596191406,85.92835235595703,303.7699890136719,74.51792907714844,26.50479507446289,24.700000762939453,54.459999084472656,112.4800033569336,63.560001373291016
2025-05-01,552.1405639648438,479.35968017578125,193.97959899902344,85.49267578125,297.4599914550781,74.61419677734375,26.65951156616211,24.600000381469727,51.959999084472656,107.33000183105469,64.5199966430664
2025-05-02,560.3366088867188,486.4752502441406,198.3425750732422,84.56726837158203,297.9800109863281,74.8428955078125,26.620832443237305,22.68000030517578,50.59000015258789,101.4000015258789,64.01000213623047
2025-05-05,557.1234130859375,483.5892028808594,196.81900024414062,84.09493255615234,306.8800048828125,74.8143081665039,26.57248306274414,23.639999389648438,42.58000183105469,104.44999694824219,62.369998931884766
2025-05-06,552.466796875,479.09100341796875,194.672119140625,84.37448120117188,315.4800109863281,74.75711822509766,26.408098220825195,24.760000228881836,42.13999938964844,106.18000030517578,64.5999984741211
2025-05-07,554.7901611328125,480.97186279296875,195.315185546875,84.73114776611328,310.75,74.8238296508789,26.60149383544922,23.549999237060547,42.65999984741211,99.87000274658203,63.5099983215332
2025-05-08,558.6558227539062,485.9378662109375,199.0351104736328,83.7864761352539,304.6300048828125,74.80477905273438,26.823896408081055,22.479999542236328,40.599998474121094,98.66000366210938,65.5999984741211
2025-05-09,557.9440307617188,485.619384765625,198.6690673828125,83.91179656982422,306.8399963378906,74.85240936279297,26.746540069580078,21.899999618530273,39.81999969482422,100.4000015258789,66.61000061035156
2025-05-12,576.3826293945312,505.40362548828125,205.6537628173828,83.1309814453125,298.19000244140625,75.59569549560547,27.123659133911133,18.389999389648438,37.5,102.9000015258789,67.5999984741211
2025-05-13,580.1889038085938,513.1063842773438,206.4056854248047,82.79360961914062,299.4599914550781,75.7291030883789,26.891584396362305,18.219999313354492,36.709999084472656,100.12999725341797,69.58999633789062
2025-05-14,580.930419921875,516.1814575195312,204.5753936767578,82.24415588378906,293.1600036621094,75.45276641845703,26.949604034423828,18.6200008392334,36.720001220703125,100.7300033569336,68.7300033569336
2025-05-15,583.7679443359375,516.748779296875,205.9110107421875,82.96710205078125,297.8399963378906,75.59569549560547,26.881916046142578,17.829999923706055,37.400001525878906,98.6500015258789,67.58999633789062
2025-05-16,587.465576171875,518.997802734375,207.6126708984375,83.1888427734375,294.239990234375,75.68146514892578,26.959272384643555,17.239999771118164,37.880001068115234,96.69999694824219,68.0999984741211
2025-05-19,588.1082153320312,519.4954833984375,206.74205017089844,82.94784545898438,298.0299987792969,75.64334869384766,26.775548934936523,18.139999389648438,38.0,103.80999755859375,68.51000213623047
2025-05-20,586.130859375,517.7638549804688,206.8508758544922,82.35018920898438,303.5799865722656,75.60521697998047,26.698190689086914,18.09000015258789,34.619998931884766,101.37000274658203,68.66000366210938
2025-05-21,576.2540893554688,510.5686340332031,201.04345703125,80.94281768798828,305.82000732421875,75.10017395019531,26.5821533203125,20.8700008392334,39.119998931884766,102.0999984741211,67.58999633789062
2025-05-22,576.4814453125,511.5240173339844,201.03355407714844,81.3669662475586,303.1099853515625,75.25265502929688,26.65951156616211,20.280000686645508,41.439998626708984,99.47000122070312,67.13999938964844
2025-05-23,572.5465698242188,506.78692626953125,200.400390625,81.50192260742188,309.75,75.23359680175781,26.46611785888672,22.290000915527344,43.130001068115234,100.91000366210938,67.98999786376953
2025-05-27,584.4501342773438,518.7091674804688,205.485595703125,82.6393814086914,304.5,75.69099426269531,26.611164093017578,18.959999084472656,41.939998626708984,97.93000030517578,67.27999877929688
2025-05-28,581.06884765625,516.4103393554688,203.3189239501953,82.28270721435547,303.80999755859375,75.64334869384766,26.698190689086914,19.309999465942383,40.41999816894531,93.19999694824219,67.88999938964844
2025-05-29,583.362548828125,517.4254760742188,203.92242431640625,83.04423522949219,305.6099853515625,75.75769805908203,26.553142547607422,19.18000030517578,40.2599983215332,92.66999816894531,67.19000244140625
2025-05-30,582.7101440429688,516.609375,202.8836212158203,83.16956329345703,303.6000061035156,75.82439422607422,26.543476104736328,18.56999969482422,40.709999084472656,92.11000061035156,67.1500015258789
2025-06-02,585.9925537109375,520.6896362304688,203.51681518554688,82.39552307128906,311.6700134277344,75.81099700927734,26.35974884033203,18.360000610351562,38.70000076293945,95.76000213623047,69.55000305175781
2025-06-03,589.3341064453125,524.7598876953125,206.80140686035156,82.25039672851562,308.9100036621094,75.9546127319336,26.53380584716797,17.690000534057617,37.75,100.0,69.88999938964844
2025-06-04,589.1759643554688,526.2228393554688,206.21771240234375,83.58557891845703,310.8999938964844,76.0982437133789,26.417766571044922,17.610000610351562,37.70000076293945,96.9800033569336,69.33999633789062
2025-06-05,586.3285522460938,522.2620239257812,206.30674743652344,83.64363861083984,309.3299865722656,75.93547058105469,26.398427963256836,18.479999542236328,34.88999938964844,94.6500015258789,69.93000030517578
2025-06-06,592.3495483398438,527.3673095703125,209.6407928466797,82.579345703125,305.17999267578125,75.92589569091797,26.53380584716797,16.770000457763672,35.720001220703125,89.6500015258789,71.37999725341797
2025-06-09,592.8834228515625,528.1436157226562,211.0852508544922,82.66642761230469,306.6199951171875,75.96418762207031,26.46611785888672,17.15999984741211,34.41999816894531,92.62000274658203,72.05000305175781
2025-06-10,596.2449951171875,531.6366577148438,212.2229766845703,83.09212493896484,306.7099914550781,76.14611053466797,26.49512481689453,16.950000762939453,35.04999923706055,91.22000122070312,71.5999984741211
2025-06-11,594.5443725585938,529.8452758789062,211.35238647460938,83.34370422363281,308.3699951171875,76.12696075439453,26.398427963256836,17.260000228881836,43.2400016784668,89.36000061035156,74.81999969482422
2025-06-12,596.9072265625,531.0892333984375,210.5114288330078,84.34026336669922,312.20001220703125,76.21312713623047,26.205034255981445,18.020000457763672,45.369998931884766,88.98999786376953,75.05000305175781
2025-06-13,590.2338256835938,524.4215698242188,206.66290283203125,83.52753448486328,316.2900085449219,75.98334503173828,26.272722244262695,20.81999969482422,57.22999954223633,95.30999755859375,80.22000122070312
2025-06-16,595.8494873046875,531.7162475585938,209.0994415283203,82.68577575683594,311.7799987792969,76.13653564453125,26.30173110961914,19.110000610351562,56.599998474121094,93.4800033569336,78.58999633789062
2025-06-17,590.7578735351562,526.5313110351562,206.89703369140625,83.6920166015625,311.94000244140625,76.05036163330078,26.475786209106445,21.600000381469727,71.55999755859375,97.18000030517578,82.30000305175781
2025-06-18,590.6688232421875,526.4417724609375,207.98829650878906,83.83715057373047,310.260009765625,76.1652603149414,26.52413558959961,20.139999389648438,66.86000061035156,93.63999938964844,82.2699966430664
2025-06-20,589.2816162109375,524.292236328125,207.55181884765625,83.68233489990234,310.1300048828125,76.40461730957031,26.49512481689453,20.6200008392334,64.66999816894531,90.0999984741211,83.12000274658203
2025-06-23,595.1022338867188,529.6832275390625,210.0915069580078,83.95325469970703,311.0799865722656,76.54822540283203,26.38875961303711,19.829999923706055,53.650001525878906,95.02999877929688,76.41000366210938
2025-06-24,601.6764526367188,537.7831420898438,212.77012634277344,84.56278991699219,306.19000244140625,76.75888061523438,26.253381729125977,17.479999542236328,48.79999923706055,92.62000274658203,73.0
2025-06-25,602.0136108398438,539.157958984375,210.28993225097656,84.66922760009766,307.1199951171875,76.73973083496094,26.185693740844727,16.760000228881836,42.75,91.23999786376953,73.30999755859375
2025-06-26,606.7236328125,544.19921875,213.70266723632812,85.09494018554688,306.7799987792969,76.9599380493164,26.07932472229004,16.59000015258789,41.86000061035156,89.47000122070312,73.58999633789062
2025-06-27,609.738037109375,546.0624389648438,213.7720947265625,84.5531234741211,301.2200012207031,76.92164611816406,26.127676010131836,16.31999969482422,41.22999954223633,87.93000030517578,73.27999877929688
2025-06-30,612.6533813476562,549.5992431640625,214.0796356201172,85.38520812988281,304.8299865722656,77.21846008300781,25.992298126220703,16.729999542236328,38.88999938964844,90.26000213623047,73.11000061035156
2025-07-01,612.455078125,544.9664916992188,216.2820587158203,85.59690856933594,307.54998779296875,77.12129974365234,25.982629776000977,16.829999923706055,38.0,93.4800033569336,73.93000030517578
2025-07-02,615.2315063476562,548.7622680664062,219.2781219482422,85.05307006835938,309.25,77.26558685302734,25.963289260864258,16.639999389648438,40.2400016784668,91.37000274658203,75.58999633789062
2025-07-03,620.0803833007812,554.1622924804688,221.3118896484375,84.4606704711914,307.1400146484375,77.31369018554688,26.0889949798584,16.3799991607666,37.75,86.08999633789062,75.19000244140625
2025-07-07,615.4595336914062,549.9878540039062,217.9884033203125,83.65461730957031,307.3699951171875,77.05396270751953,26.176023483276367,17.790000915527344,41.22999954223633,88.52999877929688,76.4800033569336
2025-07-08,615.1224365234375,550.2966918945312,219.49636840820312,83.54779052734375,304.1600036621094,76.94813537597656,26.195363998413086,16.809999465942383,35.709999084472656,88.05000305175781,76.95999908447266
2025-07-09,618.8110961914062,554.1921997070312,221.8773651123047,84.42182922363281,305.5199890136719,77.1597671508789,26.195363998413086,15.9399995803833,34.16999816894531,84.30999755859375,76.93000030517578
2025-07-10,620.5563354492188,553.3952026367188,223.0182342529297,84.48009490966797,306.20001220703125,77.08280944824219,26.243711471557617,15.779999732971191,32.79999923706055,81.58000183105469,75.38999938964844
2025-07-11,618.3748168945312,552.1497802734375,219.94281005859375,83.3147201538086,309.1400146484375,76.98661041259766,26.321069717407227,16.399999618530273,37.060001373291016,85.4800033569336,77.29000091552734
2025-07-14,619.5547485351562,554.1524047851562,221.42100524902344,83.13990783691406,308.010009765625,77.0443344116211,26.38875961303711,17.200000762939453,33.529998779296875,90.7300033569336,75.62000274658203
2025-07-15,616.9072875976562,554.660400390625,217.0856475830078,82.5572280883789,306.7300109863281,76.81346893310547,26.53380584716797,17.3799991607666,34.380001068115234,88.94999694824219,75.26000213623047
2025-07-16,618.9697265625,555.2283325195312,219.26821899414062,82.67375946044922,308.260009765625,77.01547241210938,26.43710708618164,17.15999984741211,33.15999984741211,89.5199966430664,75.19000244140625
2025-07-17,622.7576293945312,559.7216796875,222.1452178955078,82.65434265136719,307.5899963378906,77.09243774414062,26.553142547607422,16.520000457763672,32.84000015258789,85.56999969482422,76.16000366210938
2025-07-18,622.301513671875,559.1836547851562,220.5678253173828,82.78057861328125,308.3900146484375,77.19824981689453,26.51446533203125,16.40999984741211,32.16999816894531,83.29000091552734,75.93000030517578
2025-07-21,623.4815063476562,562.0828857421875,219.67494201660156,83.51866912841797,313.1300048828125,77.30406951904297,26.340410232543945,16.649999618530273,31.3799991607666,86.62000274658203,75.58999633789062
2025-07-22,623.5707397460938,559.1736450195312,221.50038146972656,84.02365112304688,316.1000061035156,77.43875885009766,26.205034255981445,16.5,32.2599983215332,89.88999938964844,75.3499984741211
2025-07-23,628.8757934570312,561.7242431640625,224.88333129882812,83.55751037597656,312.17999267578125,77.47721099853516,26.166353225708008,15.369999885559082,32.38999938964844,85.94999694824219,75.27999877929688
2025-07-24,629.083984375,562.9197998046875,221.7781524658203,83.41182708740234,310.2699890136719,77.38102722167969,26.234041213989258,15.390000343322754,32.369998931884766,82.75,76.08999633789062
2025-07-25,631.741455078125,564.2747802734375,222.60157775878906,83.93624877929688,307.3999938964844,77.42911529541016,26.29206085205078,14.930000305175781,32.880001068115234,82.08999633789062,74.8499984741211
2025-07-28,631.5828247070312,566.0381469726562,222.3436279296875,83.39239501953125,305.4100036621094,77.3906478881836,26.59182357788086,15.029999732971191,35.369998931884766,83.7300033569336,77.16999816894531
2025-07-29,629.9168701171875,565.1614379882812,220.9249725341797,84.80058288574219,306.25,77.43875885009766,26.65951156616211,15.979999542236328,38.040000915527344,85.06999969482422,79.80000305175781
2025-07-30,629.1236572265625,565.918701171875,219.80392456054688,84.36356353759766,300.9599914550781,77.27520751953125,26.920595169067383,15.479999542236328,37.75,81.87999725341797,81.04000091552734
2025-07-31,626.7637329101562,562.9197998046875,217.651123046875,84.412109375,302.9599914550781,77.32330322265625,26.978612899780273,16.719999313354492,36.779998779296875,79.83999633789062,79.58999633789062
2025-08-01,616.49072265625,551.8309936523438,213.216552734375,85.6121597290039,309.1099853515625,77.32717895507812,26.65951156616211,20.3799991607666,39.369998931884766,83.83000183105469,77.45999908447266
2025-08-04,625.8612670898438,562.0130615234375,217.9884033203125,85.84613800048828,310.9100036621094,77.58821105957031,26.64984130859375,17.520000457763672,38.790000915527344,87.94999694824219,76.11000061035156
2025-08-05,622.6881713867188,558.1973266601562,219.09954833984375,86.1093521118164,311.1600036621094,77.5495376586914,26.64984130859375,17.850000381469727,35.29999923706055,89.19999694824219,75.0199966430664
2025-08-06,627.457763671875,565.2212524414062,218.8118438720703,85.6121597290039,310.5,77.62689208984375,26.49512481689453,16.770000457763672,36.66999816894531,83.88999938964844,73.79000091552734
2025-08-07,626.9321899414062,567.1341552734375,218.0975341796875,85.4659423828125,313.1199951171875,77.5495376586914,26.475786209106445,16.56999969482422,35.0099983215332,80.1500015258789,73.41999816894531
2025-08-08,631.8207397460938,572.4244384765625,218.57376098632812,85.09549713134766,313.04998779296875,77.55921173095703,26.52413558959961,15.149999618530273,34.060001373291016,79.19999694824219,73.30000305175781
2025-08-11,630.5713500976562,570.730712890625,218.52415466308594,85.19297790527344,308.54998779296875,77.55921173095703,26.630502700805664,16.25,31.399999618530273,81.76000213623047,73.80000305175781
2025-08-12,637.2844848632812,577.9041137695312,225.01231384277344,84.76403045654297,308.2699890136719,77.73324584960938,26.49512481689453,14.729999542236328,30.309999465942383,77.41999816894531,72.94999694824219
2025-08-13,639.4659423828125,578.1930541992188,229.38735961914062,85.4659423828125,309.2099914550781,77.93626403808594,26.42743682861328,14.489999771118164,33.81999969482422,77.30999755859375,72.45999908447266
2025-08-14,639.525390625,577.7447509765625,226.43096923828125,84.832275390625,307.25,77.73324584960938,26.52413558959961,14.829999923706055,35.959999084472656,76.7699966430664,73.73999786376953
2025-08-15,638.0281372070312,575.2042236328125,225.3297882080078,84.22786712646484,307.42999267578125,77.791259765625,26.43710708618164,15.09000015258789,37.220001220703125,76.66000366210938,72.80000305175781
2025-08-18,637.8892822265625,574.9749755859375,226.15321350097656,83.98414611816406,306.95001220703125,77.73324584960938,26.50479507446289,14.989999771118164,32.150001525878906,81.81999969482422,73.16999816894531
2025-08-19,634.4286499023438,567.1740112304688,224.4170684814453,84.47158813476562,305.2699890136719,77.71390533447266,26.57248306274414,15.569999694824219,33.040000915527344,82.1500015258789,72.30000305175781
2025-08-20,632.742919921875,563.8064575195312,223.62339782714844,84.65679168701172,308.3599853515625,77.68489837646484,26.553142547607422,15.6899995803833,32.5099983215332,80.75,73.5199966430664
2025-08-21,630.2044677734375,561.1962280273438,224.17898559570312,84.23760986328125,307.2900085449219,77.53986358642578,26.688520431518555,16.600000381469727,31.540000915527344,80.5199966430664,74.12999725341797
2025-08-22,639.8824462890625,569.85400390625,232.96875,84.86153411865234,310.5799865722656,78.16830444335938,26.42743682861328,14.220000267028809,30.350000381469727,78.0999984741211,74.63999938964844
2025-08-25,637.0662231445312,568.2100830078125,230.518310546875,84.61781311035156,309.8299865722656,78.01362609863281,26.64017105102539,14.789999961853027,31.239999771118164,77.55999755859375,75.75
2025-08-26,639.733642578125,570.4916381835938,232.423095703125,84.56906127929688,312.0799865722656,78.18765258789062,26.57248306274414,14.619999885559082,33.72999954223633,79.36000061035156,74.05000305175781
2025-08-27,641.1912841796875,571.368408203125,234.0699462890625,84.47158813476562,312.7099914550781,78.28433990478516,26.5821533203125,14.850000381469727,31.940000534057617,77.66000366210938,74.68000030517578
2025-08-28,643.4619750976562,574.9451293945312,234.3477325439453,85.02725982666016,315.0299987792969,78.32301330566406,26.485454559326172,14.430000305175781,33.97999954223633,77.55000305175781,75.23999786376953
2025-08-29,639.6245727539062,568.2899169921875,233.30604553222656,84.42283630371094,318.07000732421875,78.177978515625,26.46611785888672,15.359999656677246,32.630001068115234,79.38999938964844,74.83999633789062
2025-09-02,634.884765625,563.5274658203125,232.04611206054688,83.79459381103516,325.5899963378906,78.09346771240234,26.64017105102539,17.170000076293945,34.279998779296875,85.27999877929688,76.76000213623047
2025-09-03,638.3255615234375,567.9611206054688,231.81793212890625,84.71444702148438,328.1400146484375,78.30718994140625,26.59182357788086,16.350000381469727,35.220001220703125,89.66999816894531,74.83000183105469
2025-09-04,643.6602783203125,573.1019287109375,234.71478271484375,85.36029815673828,326.69000244140625,78.52090454101562,26.630502700805664,15.300000190734863,35.029998779296875,88.26000213623047,74.18000030517578
2025-09-05,641.796142578125,573.9288940429688,235.8854522705078,86.66179656982422,331.04998779296875,78.55976104736328,26.49512481689453,15.180000305175781,33.33000183105469,85.29000091552734,72.62999725341797
2025-09-08,643.3727416992188,576.7284545898438,236.36163330078125,87.81649780273438,334.82000732421875,78.55976104736328,26.408098220825195,15.109999656677246,35.029998779296875,84.0,73.04000091552734
2025-09-09,644.8601684570312,578.3624877929688,234.97274780273438,87.31742858886719,334.05999755859375,78.47233581542969,26.51446533203125,15.039999961853027,33.439998626708984,82.19999694824219,73.38999938964844
2025-09-10,646.724365234375,578.5517578125,234.55606079101562,87.81649780273438,335.260009765625,78.5306167602539,26.53380584716797,15.350000381469727,33.349998474121094,79.58000183105469,74.70999908447266
2025-09-11,652.0988159179688,581.9192504882812,238.89141845703125,88.40364074707031,334.760009765625,78.72489929199219,26.44677734375,14.710000038146973,33.959999084472656,75.06999969482422,73.0
2025-09-12,651.880615234375,584.4896240234375,236.45091247558594,88.0219955444336,335.4200134277344,78.64718627929688,26.485454559326172,14.760000228881836,31.770000457763672,73.37000274658203,73.30999755859375
2025-09-15,655.3511352539062,589.4911499023438,237.4529266357422,88.22749328613281,338.9100036621094,78.87062072753906,26.398427963256836,15.6899995803833,30.979999542236328,76.87999725341797,74.2300033569336
2025-09-16,654.4488525390625,588.992919921875,237.06192016601562,88.4134292602539,339.5899963378906,78.81232452392578,26.234041213989258,16.360000610351562,33.16999816894531,77.08999633789062,75.66999816894531
2025-09-17,653.6357421875,587.8173217773438,237.66880798339844,88.18836212158203,336.9700012207031,78.734619140625,26.321069717407227,15.720000267028809,31.049999237060547,75.94999694824219,74.97000122070312
2025-09-18,656.6898193359375,593.11767578125,243.58837890625,87.2782974243164,335.6199951171875,78.90948486328125,26.44677734375,15.699999809265137,31.8799991607666,71.91000366210938,74.69000244140625
2025-09-19,659.9423217773438,597.1326904296875,241.73789978027344,87.11193084716797,339.17999267578125,78.93862915039062,26.52413558959961,15.449999809265137,30.530000686645508,72.51000213623047,73.5199966430664
2025-09-22,663.0645141601562,600.667724609375,243.14068603515625,86.79879760742188,345.04998779296875,78.99691009521484,26.42743682861328,16.100000381469727,30.8799991607666,75.80000305175781,73.44999694824219
2025-09-23,659.4551391601562,596.6779174804688,242.59349060058594,87.40550231933594,346.4599914550781,78.93862915039062,26.408098220825195,16.639999389648438,32.58000183105469,75.66000366210938,75.05000305175781
2025-09-24,657.3569946289062,594.583251953125,240.36495971679688,87.07279205322266,343.32000732421875,78.83175659179688,26.60149383544922,16.18000030517578,34.08000183105469,75.12999725341797,76.38999938964844
2025-09-25,654.3242797851562,592.0198364257812,238.06675720214844,87.07279205322266,344.75,78.60832977294922,26.785219192504883,16.739999771118164,36.849998474121094,75.44000244140625,76.98999786376953
2025-09-26,658.072998046875,594.4535522460938,240.1062774658203,86.99452209472656,346.739990234375,78.76376342773438,26.688520431518555,15.289999961853027,35.849998474121094,74.37999725341797,77.0199966430664
2025-09-29,659.9224243164062,597.20654296875,240.3848419189453,87.7088623046875,352.4599914550781,78.89976501464844,26.630502700805664,16.1200008392334,35.540000915527344,75.51000213623047,74.58999633789062
2025-09-30,662.4082641601562,598.8424072265625,240.72311401367188,87.45443725585938,355.4700012207031,78.87062072753906,26.60149383544922,16.280000686645508,35.58000183105469,77.93000030517578,73.75
2025-10-01,664.6654663085938,601.7150268554688,241.25039672851562,87.68029022216797,356.0299987792969,79.01799774169922,26.59182357788086,16.290000915527344,36.38999938964844,73.5,73.13999938964844
2025-10-02,665.4309692382812,604.188720703125,242.7725830078125,87.93560028076172,354.7900085449219,78.98870849609375,26.630502700805664,16.6299991607666,37.619998931884766,71.20999908447266,71.54000091552734
2025-10-03,665.421142578125,601.645263671875,244.57333374023438,87.76866149902344,357.6400146484375,78.90086364746094,26.5821533203125,16.649999618530273,36.5,69.52999877929688,71.70999908447266
2025-10-06,667.8074951171875,606.1636962890625,245.54830932617188,87.07147979736328,364.3800048828125,78.92039489746094,26.707860946655273,16.3700008392334,32.439998626708984,72.98999786376953,72.87000274658203
2025-10-07,665.3316040039062,602.9718627929688,242.911865234375,87.572265625,366.260009765625,78.83255004882812,26.862577438354492,17.239999771118164,31.81999969482422,75.43000030517578,73.19999694824219
2025-10-08,669.2990112304688,609.88427734375,245.4587860107422,87.6410140991211,372.29998779296875,78.7154312133789,26.920595169067383,16.299999237060547,31.530000686645508,74.87000274658203,73.52999877929688
2025-10-09,667.3600463867188,609.1461181640625,243.8769073486328,87.572265625,365.42999267578125,78.49093627929688,27.104320526123047,16.43000030517578,32.47999954223633,74.12000274658203,72.51000213623047
2025-10-10,649.32275390625,588.0000610351562,236.57443237304688,88.98631286621094,369.1199951171875,78.03221893310547,26.968942642211914,21.65999984741211,37.72999954223633,81.6500015258789,69.38999938964844
2025-10-13,659.2860107421875,600.4782104492188,243.1605987548828,88.93721008300781,378.0899963378906,78.52021789550781,27.065641403198242,19.030000686645508,35.91999816894531,,70.27999877929688
2025-10-14,658.4805908203125,596.4783935546875,246.6327362060547,89.22199249267578,380.7900085449219,78.60807037353516,26.988283157348633,20.809999465942383,37.900001525878906,79.94999694824219,69.0
2025-10-15,661.4039916992188,600.6876220703125,249.05032348632812,89.02559661865234,387.3900146484375,78.86183166503906,26.910924911499023,20.639999389648438,36.619998931884766,75.11000061035156,68.98999786376953
2025-10-16,656.899658203125,598.4633178710938,243.8072509765625,89.69332885742188,396.45001220703125,78.57878112792969,26.80455780029297,25.309999465942383,38.2599983215332,81.2300033569336,67.80999755859375
2025-10-17,660.62841796875,602.393310546875,242.16571044921875,89.55585479736328,388.989990234375,78.78375244140625,26.833566665649414,20.780000686645508,37.2400016784668,78.62000274658203,67.9800033569336
2025-10-20,667.499267578125,609.98388671875,246.89141845703125,89.89954376220703,403.1499938964844,78.93991088867188,26.901254653930664,18.229999542236328,36.77000045776367,77.22000122070312,67.83000183105469
2025-10-21,667.4892578125,609.8244018554688,245.7274169921875,90.3414306640625,377.239990234375,78.82279205322266,27.00762367248535,17.8700008392334,35.869998931884766,77.18000030517578,68.2699966430664
2025-10-22,664.0191040039062,603.9493408203125,242.09605407714844,90.40034484863281,377.2799987792969,78.74471282958984,26.978612899780273,18.600000381469727,38.09000015258789,75.48999786376953,70.62999725341797
2025-10-23,667.9566650390625,609.0264282226562,245.16030883789062,89.78170776367188,378.7900085449219,78.92039489746094,26.988283157348633,17.299999237060547,40.459999084472656,74.05000305175781,73.29000091552734
2025-10-24,673.4155883789062,615.52978515625,248.15492248535156,89.82099914550781,377.5199890136719,79.1351089477539,26.988283157348633,16.3700008392334,38.70000076293945,68.94000244140625,73.18000030517578
2025-10-27,681.3603515625,626.4918823242188,249.02047729492188,90.12539672851562,367.010009765625,79.33031463623047,26.959272384643555,15.789999961853027,38.959999084472656,66.87000274658203,73.12000274658203
2025-10-28,683.1700439453125,631.3095703125,247.6873321533203,90.36106872558594,364.3800048828125,79.25223541259766,26.9399356842041,16.420000076293945,37.18000030517578,67.30000305175781,71.38999938964844
2025-10-29,683.4981689453125,634.15234375,245.57815551757812,89.44783782958984,363.0,79.00823211669922,27.094650268554688,16.920000076293945,37.13999938964844,65.75,71.80000305175781
2025-10-30,675.98095703125,624.45703125,243.5983428955078,88.9273910522461,370.1300048828125,78.86183166503906,27.201017379760742,16.90999984741211,34.7400016784668,66.87999725341797,71.70999908447266
2025-10-31,678.1983642578125,627.4693603515625,244.97128295898438,88.6622543334961,368.1199951171875,78.86183166503906,27.27837562561035,17.440000534057617,36.20000076293945,66.61000061035156,72.55999755859375
2025-11-03,679.4711303710938,630.4716796875,244.18531799316406,88.44051361083984,368.7799987792969,78.61658477783203,27.297714233398438,17.170000076293945,34.310001373291016,67.2300033569336,72.73999786376953
2025-11-04,671.4169921875,617.6743774414062,239.9669952392578,88.63762664794922,362.32000732421875,78.62638854980469,27.384742736816406,19.0,34.27000045776367,68.0199966430664,71.93000030517578
2025-11-05,673.7437133789062,621.6941528320312,243.42918395996094,87.67181396484375,366.510009765625,78.70487976074219,27.394412994384766,18.010000228881836,33.689998626708984,72.41999816894531,71.02999877929688
2025-11-06,666.514892578125,610.1136474609375,239.12135314941406,88.46023559570312,366.07000732421875,78.73430633544922,27.249366760253906,19.5,33.7599983215332,72.44000244140625,70.87999725341797
2025-11-07,667.1710815429688,608.1885375976562,240.37490844726562,88.27298736572266,368.30999755859375,78.80297088623047,27.230026245117188,19.079999923706055,33.33000183105469,74.41000366210938,71.26000213623047
2025-11-10,677.5819091796875,621.6442260742188,242.78253173828125,88.2532730102539,378.3800048828125,79.06783294677734,27.249366760253906,17.600000381469727,32.119998931884766,78.86000061035156,71.68000030517578
2025-11-11,679.1329956054688,619.9884643554688,242.99147033691406,88.65734100341797,379.8699951171875,79.1561279296875,27.2106876373291,17.280000686645508,32.02000045776367,,72.72000122070312
2025-11-12,679.5108642578125,619.4996948242188,242.39451599121094,88.81502532958984,385.989990234375,78.9991683959961,27.220355987548828,17.510000228881836,33.0,81.12000274658203,69.79000091552734
2025-11-13,668.2350463867188,606.8519897460938,235.5795440673828,88.08573150634766,382.8699951171875,78.67544555664062,27.14299964904785,20.0,32.630001068115234,79.0999984741211,69.8499984741211
2025-11-14,668.125732421875,607.310791015625,236.26602172851562,87.58312225341797,375.9599914550781,78.695068359375,27.181678771972656,19.829999923706055,33.119998931884766,79.70999908447266,71.37999725341797
2025-11-17,661.901123046875,602.1240234375,231.57012939453125,87.79993438720703,371.6499938964844,78.5675277709961,27.249366760253906,22.3799991607666,32.380001068115234,82.58000183105469,71.30000305175781
2025-11-18,656.3428344726562,594.792724609375,232.27651977539062,87.77037048339844,374.3500061035156,78.587158203125,27.27837562561035,24.690000534057617,33.33000183105469,83.18000030517578,72.5
2025-11-19,658.87841796875,598.3436889648438,232.23670959472656,87.59297180175781,374.9599914550781,78.62638854980469,27.452430725097656,23.65999984741211,34.119998931884766,84.31999969482422,70.87999725341797
2025-11-20,648.8355712890625,584.1798095703125,227.9387969970703,87.93790435791016,374.8500061035156,78.57733917236328,27.471771240234375,26.420000076293945,36.380001068115234,77.80999755859375,70.1500015258789
2025-11-21,655.2987670898438,588.568603515625,234.3956298828125,88.2040023803711,374.2699890136719,78.84221649169922,27.452430725097656,23.43000030517578,35.970001220703125,78.80999755859375,69.30000305175781
2025-11-24,664.9437866210938,603.6201782226562,238.6736297607422,88.70661926269531,380.20001220703125,79.05802917480469,27.452430725097656,20.520000457763672,36.29999923706055,76.81999969482422,70.41999816894531
2025-11-25,671.1981811523438,607.3406982421875,243.8769073486328,88.93328094482422,380.0799865722656,79.33271789550781,27.375072479248047,18.559999465942383,37.56999969482422,72.81999969482422,69.25
2025-11-26,675.8318481445312,612.70703125,246.03582763671875,89.3274917602539,383.1199951171875,79.41118621826172,27.297714233398438,17.190000534057617,35.70000076293945,71.9000015258789,70.04000091552734
2025-11-28,679.5208129882812,617.6743774414062,247.4783935546875,88.9037094116211,387.8800048828125,79.45042419433594,27.27837562561035,16.350000381469727,35.95000076293945,68.94999694824219,71.06999969482422
2025-12-01,676.4185180664062,615.599609375,244.36439514160156,87.79698181152344,389.75,79.30752563476562,27.268707275390625,17.239999771118164,35.81999969482422,71.3499984741211,71.05999755859375
2025-12-02,677.67138671875,620.4173583984375,243.9167022705078,87.83653259277344,387.239990234375,79.45535278320312,27.259037017822266,16.59000015258789,35.88999938964844,69.91000366210938,70.19999694824219
2025-12-03,680.0180053710938,621.9335327148438,248.35389709472656,88.08380126953125,386.8800048828125,79.52434539794922,27.123659133911133,16.079999923706055,33.720001220703125,66.45999908447266,70.66000366210938
2025-12-04,680.51513671875,621.35498046875,250.53271484375,87.60906219482422,387.1300048828125,79.5834732055664,27.181678771972656,15.779999732971191,33.29999923706055,65.69000244140625,71.38999938964844
2025-12-05,681.8078002929688,623.8884887695312,249.4880828857422,87.20355224609375,386.44000244140625,79.5834732055664,27.152667999267578,15.40999984741211,32.060001373291016,67.27999877929688,71.91999816894531
2025-12-08,679.7594604492188,622.6915893554688,249.5875701904297,86.91673278808594,385.4200134277344,79.38636779785156,27.191349029541016,16.65999984741211,33.029998779296875,72.30000305175781,70.48999786376953
2025-12-09,679.1727294921875,623.4595947265625,250.1049041748047,87.00574493408203,387.3999938964844,79.29766845703125,27.230026245117188,16.93000030517578,30.81999969482422,75.37999725341797,69.86000061035156
2025-12-10,683.6771850585938,626.0130615234375,253.50743103027344,87.3420181274414,389.04998779296875,79.56376647949219,27.084980010986328,15.770000457763672,30.780000686645508,68.62000274658203,70.54000091552734
2025-12-11,685.26806640625,623.98828125,256.48211669921875,87.22333526611328,393.239990234375,79.55390167236328,26.988283157348633,14.850000381469727,31.8799991607666,69.23999786376953,69.25
2025-12-12,677.9000244140625,612.0587158203125,252.55233764648438,86.38264465332031,395.44000244140625,79.40606689453125,27.026962280273438,15.739999771118164,29.93000030517578,69.25,68.80999755859375
2025-12-15,676.8758544921875,608.9865112304688,250.6421356201172,86.4419937133789,395.79998779296875,79.44550323486328,27.00762367248535,16.5,32.849998474121094,73.30999755859375,67.88999938964844
2025-12-16,675.0264282226562,610.1934204101562,249.4562530517578,86.91673278808594,395.8900146484375,79.49478149414062,26.978612899780273,16.479999542236328,36.22999954223633,67.13999938964844,66.16999816894531
2025-12-17,667.5986938476562,598.8822631835938,246.8009796142578,86.83761596679688,399.2900085449219,79.3962173461914,27.036630630493164,17.6200008392334,36.7400016784668,62.7400016784668,67.9800033569336
2025-12-18,672.6399536132812,607.5601806640625,248.26837158203125,87.25300598144531,398.57000732421875,79.61304473876953,27.055971145629883,16.8700008392334,33.599998474121094,60.0099983215332,67.19000244140625
2025-12-19,678.7363891601562,615.4799194335938,250.34466552734375,86.9273452758789,399.0199890136719,79.57442474365234,27.14299964904785,14.90999984741211,33.619998931884766,59.40999984741211,68.02999877929688
2025-12-22,682.96484375,618.4302368164062,253.12973022460938,86.73869323730469,408.2300109863281,79.64373779296875,27.030000686645508,14.079999923706055,33.029998779296875,61.70000076293945,69.7300033569336
2025-12-23,686.0863037109375,621.3265380859375,251.63238525390625,86.87769317626953,413.6400146484375,79.70315551757812,26.940000534057617,14.0,33.02000045776367,61.16999816894531,70.30000305175781
2025-12-24,688.4996948242188,623.144287109375,252.2612762451172,87.4039306640625,411.92999267578125,79.85169219970703,26.950000762939453,13.470000267028809,31.709999084472656,59.47999954223633,70.19999694824219
2025-12-26,688.4298706054688,623.1043090820312,250.9735565185547,87.11598205566406,416.739990234375,79.81207275390625,26.969999313354492,13.600000381469727,32.220001220703125,58.5,68.4800033569336
2025-12-29,685.9765625,620.088134765625,249.43629455566406,87.44364929199219,398.6000061035156,79.84178161621094,26.979999542236328,14.199999809265137,32.15999984741211,59.209999084472656,69.61000061035156
2025-12-30,685.138916015625,618.64990234375,247.58956909179688,87.2351303100586,398.8900146484375,79.92100524902344,27.049999237060547,14.329999923706055,30.760000228881836,63.97999954223633,69.73999786376953
